VERSION 300
DELIMITER ","
 CoordSys Earth Projection 1, 1001                                                                                                                                                                      
COLUMNS 1
    ID decimal(11,0)
DATA
REGION 1
15
27.640072 53.848651
27.643662 53.846931
27.642847 53.8463
27.642234 53.845506
27.642035 53.845132
27.641758 53.844913
27.641658 53.844797
27.641303 53.844954
27.64111 53.844982
27.640837 53.845037
27.639076 53.845145
27.639558 53.847328
27.639873 53.847818
27.639946 53.848123
27.640072 53.848651
BRUSH(1,0)
REGION 1
14
27.64376 53.846874
27.64641 53.84562
27.646063 53.84533
27.645825 53.845073
27.645283 53.844413
27.644991 53.843928
27.644593 53.84357
27.644456 53.843492
27.643377 53.843995
27.641707 53.844772
27.642137 53.845109
27.642337 53.845471
27.642941 53.846261
27.64376 53.846874
BRUSH(1,0)
REGION 1
15
27.644558 53.843431
27.645089 53.843891
27.6454 53.844393
27.645919 53.845039
27.646178 53.845305
27.646524 53.845563
27.64816 53.844791
27.649238 53.844311
27.648926 53.84405
27.648072 53.843091
27.647635 53.842563
27.647313 53.842291
27.647178 53.842193
27.644686 53.843377
27.644558 53.843431
BRUSH(1,0)
REGION 1
13
27.647238 53.842168
27.647734 53.842538
27.649022 53.844018
27.649328 53.844257
27.652186 53.842797
27.651236 53.84209
27.650623 53.841745
27.649556 53.841248
27.64914 53.8411
27.648784 53.841427
27.647916 53.841852
27.647321 53.842129
27.647238 53.842168
BRUSH(1,0)
REGION 1
16
27.645745 53.841864
27.643752 53.841937
27.643168 53.841963
27.643198 53.842199
27.643281 53.842912
27.643289 53.842946
27.643344 53.843332
27.644176 53.843128
27.644078 53.842214
27.644705 53.842161
27.644815 53.842159
27.644963 53.842158
27.645043 53.842881
27.645652 53.84274
27.645816 53.842564
27.645745 53.841864
BRUSH(1,0)
REGION 1
9
27.644828 53.842237
27.644213 53.842258
27.644255 53.842761
27.644271 53.842838
27.64429 53.843089
27.644907 53.842931
27.64489 53.842796
27.644881 53.842744
27.644828 53.842237
BRUSH(1,0)
REGION 1
10
27.644676 53.843199
27.644594 53.84311
27.643237 53.843494
27.641709 53.843927
27.638878 53.844111
27.639106 53.845073
27.640806 53.84499
27.641191 53.84484
27.642224 53.84434
27.644676 53.843199
BRUSH(1,0)
REGION 1
7
27.638895 53.843944
27.641525 53.843802
27.641435 53.843675
27.641358 53.843556
27.641213 53.843287
27.638818 53.843406
27.638895 53.843944
BRUSH(1,0)
REGION 1
11
27.641578 53.843809
27.643106 53.843408
27.64301 53.842826
27.64301 53.842797
27.643009 53.842786
27.642034 53.842834
27.642036 53.842946
27.641277 53.843265
27.64148 53.843616
27.641504 53.843681
27.641578 53.843809
BRUSH(1,0)
REGION 1
5
27.64095 53.843239
27.64087 53.842696
27.638756 53.842777
27.638802 53.843347
27.64095 53.843239
BRUSH(1,0)
REGION 1
13
27.638732 53.84271
27.639198 53.842689
27.639282 53.842682
27.642053 53.842575
27.642082 53.842757
27.64302 53.842707
27.64291 53.841994
27.642515 53.842
27.642401 53.842003
27.641623 53.842027
27.641547 53.84203
27.638659 53.842165
27.638732 53.84271
BRUSH(1,0)
REGION 1
17
27.645862 53.840293
27.643841 53.840113
27.641814 53.840115
27.641873 53.840719
27.642918 53.840787
27.642992 53.841879
27.646347 53.841755
27.646416 53.841741
27.646676 53.841634
27.646883 53.841518
27.646983 53.841361
27.646956 53.841152
27.646771 53.840933
27.646491 53.840764
27.64614 53.84059
27.645899 53.840511
27.645862 53.840293
BRUSH(1,0)
REGION 1
19
27.641783 53.840827
27.641712 53.840124
27.641062 53.84013
27.638347 53.840136
27.638123 53.840135
27.638098 53.840784
27.638138 53.841148
27.638463 53.841274
27.638534 53.841415
27.641133 53.841296
27.641086 53.840925
27.641272 53.84092
27.641309 53.841353
27.638569 53.841491
27.638653 53.842057
27.642863 53.841875
27.642775 53.840851
27.642258 53.840831
27.641783 53.840827
BRUSH(1,0)
REGION 1
14
27.645327 53.839896
27.646013 53.840025
27.646428 53.840086
27.646992 53.840206
27.648637 53.839764
27.648625 53.839458
27.64859 53.83914
27.648466 53.83905
27.648462 53.83859
27.647113 53.838218
27.646401 53.838064
27.645891 53.837988
27.645346 53.837989
27.645327 53.839896
BRUSH(1,0)
REGION 1
22
27.64711 53.840235
27.647751 53.840388
27.648434 53.840609
27.649235 53.840866
27.649785 53.841074
27.650243 53.841276
27.650752 53.841524
27.6512 53.841756
27.651565 53.841972
27.652479 53.842631
27.65301 53.842357
27.653475 53.84199
27.653763 53.841706
27.653886 53.841559
27.653981 53.841307
27.654569 53.838781
27.652528 53.838754
27.652511 53.838644
27.650412 53.838649
27.648714 53.838676
27.648838 53.839799
27.64711 53.840235
BRUSH(1,0)
REGION 1
6
27.650048 53.840443
27.649825 53.840487
27.650084 53.840791
27.65039 53.840671
27.650259 53.84051
27.650048 53.840443
BRUSH(1,0)
REGION 1
6
27.649603 53.840646
27.649605 53.840473
27.649436 53.840312
27.649068 53.840404
27.649274 53.840681
27.649603 53.840646
BRUSH(1,0)
REGION 1
8
27.65056 53.840573
27.650783 53.840471
27.650614 53.838985
27.649696 53.839035
27.649826 53.840108
27.650264 53.840096
27.650269 53.840449
27.65056 53.840573
BRUSH(1,0)
REGION 1
9
27.652426 53.837077
27.652455 53.836922
27.651842 53.836829
27.651784 53.836824
27.650837 53.836663
27.650735 53.836999
27.650845 53.837191
27.651836 53.837188
27.652426 53.837077
BRUSH(1,0)
REGION 1
13
27.652664 53.836898
27.652994 53.836948
27.653278 53.836637
27.652828 53.836444
27.652544 53.836342
27.652144 53.836225
27.652167 53.836295
27.652444 53.836448
27.652626 53.83651
27.652813 53.836561
27.652788 53.836624
27.652736 53.836714
27.652664 53.836898
BRUSH(1,0)
REGION 1
8
27.652572 53.836894
27.652585 53.83656
27.652135 53.836346
27.652081 53.836273
27.652083 53.836192
27.651161 53.83599
27.65087 53.836598
27.652572 53.836894
BRUSH(1,0)
REGION 1
9
27.651062 53.835959
27.650307 53.835824
27.65023 53.835982
27.650048 53.83625
27.650365 53.83632
27.650265 53.836496
27.650756 53.836572
27.650936 53.836209
27.651062 53.835959
BRUSH(1,0)
REGION 1
8
27.64988 53.836231
27.650014 53.836046
27.650014 53.835736
27.648901 53.835533
27.648811 53.835747
27.648657 53.835977
27.649588 53.836181
27.64988 53.836231
BRUSH(1,0)
REGION 1
5
27.648559 53.835959
27.648767 53.835626
27.648355 53.835543
27.648132 53.835874
27.648559 53.835959
BRUSH(1,0)
REGION 1
8
27.647899 53.835821
27.648018 53.83558
27.648121 53.835598
27.648172 53.835449
27.647593 53.835347
27.647545 53.835529
27.647467 53.835763
27.647899 53.835821
BRUSH(1,0)
REGION 1
13
27.647314 53.835748
27.647387 53.835588
27.647398 53.835532
27.647424 53.835462
27.64732 53.835458
27.647353 53.835328
27.646919 53.83527
27.646942 53.835213
27.645358 53.835038
27.645352 53.835822
27.64613 53.835788
27.646154 53.835613
27.647314 53.835748
BRUSH(1,0)
REGION 1
7
27.645365 53.835896
27.645361 53.836167
27.646083 53.83617
27.646244 53.835866
27.645501 53.83589
27.645441 53.835891
27.645365 53.835896
BRUSH(1,0)
REGION 1
10
27.64683 53.836085
27.646588 53.836518
27.646692 53.836529
27.646603 53.836713
27.646804 53.836735
27.646906 53.836577
27.647423 53.836659
27.647707 53.836146
27.646859 53.836007
27.64683 53.836085
BRUSH(1,0)
REGION 1
6
27.648103 53.836211
27.647779 53.836343
27.647586 53.836701
27.650065 53.837097
27.65028 53.836572
27.648103 53.836211
BRUSH(1,0)
REGION 1
6
27.644993 53.835004
27.644013 53.834935
27.643938 53.834998
27.643981 53.835892
27.645015 53.835846
27.644993 53.835004
BRUSH(1,0)
REGION 1
9
27.642392 53.835959
27.643314 53.835904
27.643292 53.835749
27.643292 53.835678
27.64328 53.835381
27.643279 53.835343
27.643173 53.835348
27.642349 53.835379
27.642392 53.835959
BRUSH(1,0)
REGION 1
5
27.640148 53.835746
27.640184 53.836054
27.640552 53.83604
27.640517 53.835733
27.640148 53.835746
BRUSH(1,0)
REGION 1
7
27.640865 53.835686
27.640889 53.836023
27.642183 53.835964
27.642118 53.835403
27.641621 53.835422
27.641651 53.835662
27.640865 53.835686
BRUSH(1,0)
REGION 1
7
27.642181 53.836036
27.639452 53.836165
27.639385 53.836723
27.639772 53.836705
27.639874 53.836704
27.642258 53.836597
27.642181 53.836036
BRUSH(1,0)
REGION 1
5
27.642327 53.837176
27.641785 53.8372
27.641801 53.837559
27.642375 53.837545
27.642327 53.837176
BRUSH(1,0)
REGION 1
7
27.642423 53.83893
27.642525 53.83893
27.642462 53.83805
27.642011 53.838074
27.641528 53.838331
27.641625 53.838935
27.642423 53.83893
BRUSH(1,0)
REGION 1
10
27.6425 53.836558
27.643062 53.836532
27.643062 53.836315
27.643411 53.836308
27.64414 53.836295
27.644105 53.835956
27.643331 53.835983
27.642989 53.835998
27.642416 53.836035
27.6425 53.836558
BRUSH(1,0)
REGION 1
25
27.652429 53.836918
27.651784 53.836824
27.647707 53.836146
27.646859 53.836007
27.646527 53.835937
27.646244 53.835866
27.645365 53.835896
27.645361 53.836167
27.645377 53.83791
27.645912 53.837912
27.646437 53.83799
27.647169 53.838145
27.648554 53.838529
27.648641 53.838598
27.653051 53.838583
27.653082 53.838673
27.654586 53.838678
27.654612 53.838152
27.654523 53.837802
27.65432 53.837453
27.653938 53.837062
27.653546 53.836777
27.652934 53.837014
27.652463 53.836922
27.652429 53.836918
BRUSH(1,0)
REGION 1
17
27.658243 53.813959
27.658483 53.81452
27.658706 53.814972
27.658874 53.815277
27.660663 53.814845
27.660588 53.814699
27.660358 53.814276
27.660319 53.814238
27.660403 53.814226
27.66075 53.814824
27.661313 53.814697
27.66166 53.81454
27.661976 53.814366
27.662616 53.813998
27.662294 53.813805
27.658218 53.813827
27.658243 53.813959
BRUSH(1,0)
REGION 1
34
27.682233 53.819297
27.681497 53.819317
27.67965 53.819862
27.677953 53.82035
27.67773 53.820178
27.677349 53.819848
27.67735 53.819684
27.676922 53.819244
27.675076 53.818259
27.674859 53.818211
27.672324 53.81991
27.667304 53.822923
27.668839 53.823939
27.671069 53.824742
27.671089 53.824787
27.669891 53.82562
27.675516 53.82694
27.676951 53.82695
27.678742 53.826633
27.67925 53.826609
27.679503 53.827006
27.682585 53.826433
27.682698 53.826394
27.682841 53.82629
27.683577 53.826059
27.686734 53.825482
27.686944 53.825119
27.687237 53.824906
27.690628 53.824247
27.690918 53.824139
27.690559 53.82396
27.685455 53.821336
27.683481 53.820159
27.682233 53.819297
BRUSH(1,0)
REGION 1
5
27.713413 53.851899
27.71399 53.852664
27.7146 53.85253
27.714301 53.85197
27.713413 53.851899
BRUSH(1,0)
REGION 1
11
27.710485 53.850581
27.710477 53.850552
27.710386 53.850123
27.710261 53.84949
27.708349 53.850402
27.708668 53.85083
27.709134 53.851405
27.709991 53.851456
27.710069 53.851386
27.71014 53.851068
27.710485 53.850581
BRUSH(1,0)
REGION 1
6
27.708917 53.841357
27.708909 53.841363
27.709131 53.842329
27.709211 53.842344
27.709626 53.841469
27.708917 53.841357
BRUSH(1,0)
REGION 1
11
27.708883 53.841186
27.709321 53.841201
27.709295 53.841273
27.709699 53.841298
27.709826 53.841165
27.709971 53.841
27.710195 53.840549
27.710555 53.840043
27.710067 53.840199
27.708641 53.840585
27.708883 53.841186
BRUSH(1,0)
REGION 1
5
27.723178 53.816726
27.722586 53.816731
27.722736 53.817304
27.723078 53.817293
27.723178 53.816726
BRUSH(1,0)
REGION 1
12
27.712008 53.838592
27.711942 53.838505
27.711785 53.838247
27.711392 53.837912
27.710879 53.83792
27.710502 53.837263
27.710213 53.837029
27.709802 53.836804
27.70944 53.83695
27.709688 53.837637
27.711083 53.838703
27.712008 53.838592
BRUSH(1,0)
REGION 1
10
27.716978 53.835679
27.71699 53.835676
27.716744 53.835554
27.716039 53.835644
27.716109 53.835772
27.716448 53.836455
27.717164 53.836321
27.71701 53.835953
27.717063 53.835928
27.716978 53.835679
BRUSH(1,0)
REGION 1
5
27.723184 53.816418
27.723259 53.815934
27.722639 53.815902
27.722584 53.816432
27.723184 53.816418
BRUSH(1,0)
REGION 1
18
27.71861 53.825851
27.718633 53.825869
27.719453 53.82604
27.722304 53.826319
27.723084 53.826178
27.723532 53.825894
27.724048 53.825243
27.724833 53.824311
27.72589 53.823052
27.723524 53.822491
27.722447 53.822603
27.722352 53.822601
27.72118 53.822321
27.720473 53.823114
27.720208 53.823439
27.719208 53.824645
27.718883 53.825191
27.71861 53.825851
BRUSH(1,0)
REGION 1
27
27.712346 53.852833
27.712445 53.852844
27.712855 53.852821
27.713084 53.852833
27.713315 53.852778
27.713439 53.852712
27.71346 53.852595
27.713298 53.852502
27.713023 53.85242
27.7129 53.852317
27.712713 53.852105
27.712572 53.852083
27.712485 53.852073
27.712434 53.852024
27.712386 53.851889
27.712289 53.851764
27.710678 53.851614
27.709665 53.851525
27.709231 53.851507
27.70962 53.852004
27.709911 53.85234
27.71009 53.852579
27.71028 53.852782
27.710467 53.852786
27.711426 53.852823
27.712023 53.852833
27.712346 53.852833
BRUSH(1,0)
REGION 1
11
27.71694 53.852188
27.715638 53.852104
27.715606 53.852686
27.715633 53.852937
27.715857 53.852896
27.716127 53.852892
27.716575 53.852858
27.716531 53.852723
27.716983 53.852678
27.716998 53.852487
27.71694 53.852188
BRUSH(1,0)
REGION 1
26
27.714563 53.849581
27.714426 53.849589
27.714289 53.849596
27.714111 53.849624
27.714032 53.849677
27.714019 53.849787
27.713982 53.849866
27.713911 53.849907
27.713588 53.849958
27.713456 53.850006
27.713444 53.850163
27.713373 53.850247
27.713187 53.850275
27.713205 53.850675
27.713266 53.850861
27.713269 53.851688
27.713312 53.851773
27.715335 53.851977
27.715419 53.85197
27.715443 53.851848
27.71544 53.851444
27.715376 53.851064
27.715247 53.850631
27.714948 53.850069
27.714676 53.849749
27.714563 53.849581
BRUSH(1,0)
REGION 1
34
27.71056 53.850081
27.710712 53.85008
27.710799 53.85008
27.710987 53.850128
27.711165 53.850098
27.711302 53.850111
27.711351 53.850086
27.711319 53.84998
27.711227 53.849945
27.71109 53.849959
27.711051 53.849881
27.711086 53.849748
27.711119 53.849664
27.710899 53.849475
27.710783 53.84937
27.710816 53.849313
27.710949 53.849306
27.711227 53.849282
27.711363 53.849234
27.711337 53.849101
27.711249 53.849068
27.710884 53.849061
27.710778 53.849066
27.710738 53.848768
27.710928 53.848751
27.710944 53.848555
27.71108 53.848521
27.711217 53.848518
27.711269 53.848463
27.711296 53.848229
27.710111 53.848315
27.710296 53.849101
27.710331 53.849141
27.71056 53.850081
BRUSH(1,0)
REGION 1
11
27.70967 53.84531
27.709996 53.845268
27.71022 53.845215
27.710187 53.845098
27.710119 53.844894
27.70996 53.844706
27.70922 53.844814
27.709266 53.845023
27.709434 53.845289
27.709522 53.845325
27.70967 53.84531
BRUSH(1,0)
REGION 1
27
27.709105 53.844722
27.709883 53.844635
27.709962 53.843947
27.709953 53.84385
27.709991 53.843636
27.710046 53.843314
27.709982 53.843124
27.70989 53.843097
27.709662 53.843126
27.709344 53.843166
27.709344 53.84319
27.709416 53.843374
27.709503 53.843372
27.70978 53.843323
27.709793 53.84366
27.709563 53.843722
27.709426 53.843759
27.709498 53.843949
27.709587 53.844032
27.709555 53.844165
27.70951 53.844217
27.709423 53.844235
27.70915 53.844252
27.709063 53.844296
27.709093 53.844484
27.709076 53.84459
27.709105 53.844722
BRUSH(1,0)
REGION 1
52
27.714329 53.849263
27.714243 53.849107
27.714247 53.848945
27.714377 53.848515
27.714457 53.848323
27.714494 53.848274
27.714534 53.84819
27.714708 53.847922
27.715 53.847434
27.715367 53.846915
27.715413 53.846702
27.715367 53.846702
27.715283 53.846662
27.715146 53.84664
27.714968 53.846684
27.714889 53.84672
27.714852 53.846804
27.714749 53.846995
27.714693 53.84705
27.714679 53.847101
27.714616 53.847234
27.714435 53.847278
27.714207 53.847298
27.71417 53.847349
27.714199 53.847484
27.714169 53.847511
27.713941 53.847531
27.713885 53.847576
27.71389 53.847682
27.713916 53.847843
27.713867 53.847855
27.713689 53.847878
27.713551 53.847863
27.713386 53.84819
27.713492 53.848167
27.713765 53.848143
27.713815 53.848165
27.713833 53.848304
27.713803 53.848356
27.713667 53.848384
27.71353 53.848398
27.713504 53.848428
27.713499 53.848533
27.713532 53.848913
27.713575 53.848994
27.713667 53.849029
27.713742 53.849186
27.713745 53.849352
27.713784 53.849402
27.713879 53.849387
27.714015 53.849331
27.714329 53.849263
BRUSH(1,0)
REGION 1
17
27.71552 53.846287
27.715568 53.846006
27.715684 53.845711
27.715801 53.845414
27.715587 53.845386
27.715451 53.845389
27.715264 53.845396
27.71522 53.845448
27.715005 53.845553
27.714941 53.845596
27.715075 53.845652
27.715212 53.845664
27.715225 53.845723
27.715135 53.846038
27.715014 53.846045
27.714964 53.846248
27.71552 53.846287
BRUSH(1,0)
REGION 1
15
27.711244 53.839039
27.710819 53.839084
27.710825 53.839385
27.711254 53.839352
27.711422 53.839413
27.711854 53.839096
27.712015 53.83896
27.712051 53.838852
27.712049 53.83874
27.711776 53.838787
27.711453 53.838813
27.711275 53.838843
27.711249 53.838868
27.711254 53.838947
27.711244 53.839039
BRUSH(1,0)
REGION 1
18
27.715752 53.837707
27.715528 53.837503
27.715405 53.837434
27.715172 53.83735
27.715039 53.837356
27.714824 53.837458
27.714503 53.83757
27.714436 53.837678
27.714301 53.837785
27.714057 53.83793
27.713704 53.838168
27.713694 53.838249
27.714077 53.838858
27.714423 53.839513
27.717131 53.839146
27.716799 53.838642
27.715961 53.837887
27.715752 53.837707
BRUSH(1,0)
REGION 1
42
27.717913 53.839499
27.718072 53.839469
27.718147 53.83943
27.718137 53.839273
27.718224 53.839247
27.718588 53.839196
27.718599 53.839171
27.718571 53.839119
27.718434 53.839096
27.718337 53.839015
27.718159 53.839016
27.718023 53.839053
27.717746 53.839133
27.717659 53.83912
27.717554 53.839015
27.717565 53.838964
27.71863 53.83882
27.718524 53.838621
27.717731 53.838713
27.717456 53.838213
27.717369 53.837998
27.71713 53.837568
27.716999 53.837299
27.717969 53.837096
27.717939 53.836938
27.718812 53.83681
27.718588 53.836191
27.71772 53.836328
27.716981 53.836483
27.716879 53.836533
27.716671 53.836602
27.71554 53.83711
27.715553 53.837213
27.715791 53.837538
27.715984 53.837726
27.71617 53.837911
27.716378 53.838072
27.716738 53.838449
27.71703 53.838798
27.717362 53.83912
27.71764 53.839359
27.717913 53.839499
BRUSH(1,0)
REGION 1
29
27.71933 53.841387
27.719245 53.841334
27.719018 53.841146
27.718642 53.840744
27.718485 53.8405
27.718468 53.840394
27.718292 53.840085
27.718009 53.839797
27.717231 53.839215
27.715858 53.83941
27.714451 53.8396
27.714563 53.839889
27.715357 53.841824
27.715456 53.842035
27.716074 53.843657
27.716532 53.843535
27.717041 53.843287
27.716849 53.842787
27.716755 53.842585
27.71665 53.842475
27.716633 53.842397
27.716483 53.842074
27.716521 53.842049
27.716698 53.84199
27.717062 53.841913
27.71802 53.841703
27.718383 53.841613
27.71902 53.841472
27.71933 53.841387
BRUSH(1,0)
REGION 1
31
27.714562 53.83637
27.714765 53.837139
27.714831 53.83722
27.714926 53.837231
27.715639 53.836889
27.716034 53.836689
27.716083 53.836626
27.716063 53.836152
27.716047 53.836132
27.716003 53.835997
27.715895 53.835921
27.715717 53.835736
27.715653 53.835567
27.715607 53.835509
27.715585 53.835372
27.715624 53.83521
27.715658 53.834967
27.715557 53.834426
27.715503 53.834348
27.715228 53.834284
27.714634 53.834243
27.71441 53.834255
27.713951 53.834283
27.713681 53.834273
27.713544 53.834288
27.713589 53.834478
27.713694 53.834828
27.713812 53.835014
27.713812 53.835066
27.714133 53.835588
27.714562 53.83637
BRUSH(1,0)
REGION 1
38
27.714317 53.836299
27.714312 53.836254
27.714117 53.835961
27.713796 53.835421
27.713672 53.835291
27.713461 53.834724
27.713423 53.834538
27.713331 53.834514
27.712967 53.834516
27.712598 53.834518
27.712233 53.834511
27.712149 53.834507
27.711693 53.834492
27.71124 53.83447
27.710785 53.834504
27.710326 53.834599
27.71019 53.834631
27.710191 53.834656
27.710269 53.834792
27.710697 53.835138
27.710957 53.835463
27.711103 53.835756
27.711472 53.836215
27.711777 53.836451
27.712118 53.836654
27.712545 53.836903
27.712818 53.837083
27.712942 53.83722
27.713197 53.837652
27.713433 53.837916
27.713529 53.837931
27.71424 53.837565
27.714424 53.837429
27.714451 53.837186
27.714392 53.836892
27.714468 53.836674
27.714454 53.836541
27.714317 53.836299
BRUSH(1,0)
REGION 1
44
27.711412 53.833437
27.711226 53.833427
27.711089 53.833464
27.711006 53.833498
27.710824 53.833499
27.710733 53.833517
27.710765 53.833598
27.710818 53.834045
27.711994 53.834126
27.712915 53.834161
27.713283 53.83415
27.713161 53.833247
27.713175 53.833202
27.713125 53.83229
27.713048 53.831351
27.712981 53.829908
27.71227 53.829937
27.711893 53.830108
27.711481 53.830191
27.711303 53.830235
27.711257 53.830237
27.711225 53.830586
27.711224 53.830748
27.711228 53.830777
27.71132 53.83079
27.711681 53.830797
27.712183 53.830812
27.712271 53.83084
27.712273 53.830977
27.712279 53.831085
27.712297 53.831216
27.712307 53.831598
27.71231 53.831946
27.71234 53.832189
27.712365 53.832303
27.712168 53.832315
27.712063 53.832653
27.712162 53.832664
27.712109 53.832853
27.712002 53.833072
27.711872 53.833448
27.711645 53.833478
27.711466 53.833486
27.711412 53.833437
BRUSH(1,0)
REGION 1
30
27.710039 53.833841
27.710218 53.833826
27.710358 53.833812
27.710407 53.83376
27.710371 53.833679
27.710266 53.833513
27.710264 53.833439
27.710496 53.833424
27.71067 53.833378
27.710626 53.833055
27.710311 53.833046
27.710187 53.832956
27.710343 53.832938
27.710351 53.832558
27.710298 53.832533
27.710267 53.832313
27.710502 53.83228
27.710429 53.832018
27.710391 53.831769
27.710388 53.831607
27.710383 53.831308
27.710368 53.830908
27.710375 53.830847
27.710349 53.830476
27.709732 53.830595
27.709781 53.831437
27.709804 53.833015
27.709853 53.833608
27.709931 53.833733
27.710039 53.833841
BRUSH(1,0)
REGION 1
12
27.708565 53.832107
27.709076 53.832208
27.709346 53.832238
27.709483 53.832257
27.70957 53.832232
27.709592 53.832176
27.709571 53.831845
27.708722 53.831729
27.708688 53.831781
27.708601 53.831819
27.708563 53.832013
27.708565 53.832107
BRUSH(1,0)
REGION 1
49
27.714793 53.833963
27.71475 53.833892
27.714631 53.833623
27.714561 53.833326
27.714401 53.832896
27.714245 53.832436
27.714101 53.832223
27.714104 53.832171
27.713941 53.832011
27.713878 53.831874
27.713895 53.831768
27.713892 53.831582
27.713967 53.831311
27.71397 53.831244
27.714016 53.831086
27.713922 53.83095
27.713905 53.83084
27.713861 53.83068
27.713856 53.830438
27.71377 53.830276
27.713756 53.830139
27.713688 53.829926
27.713603 53.829846
27.713678 53.829816
27.713815 53.829784
27.713866 53.829464
27.713851 53.829271
27.713902 53.829141
27.714266 53.8291
27.71463 53.829042
27.715129 53.828884
27.715242 53.828813
27.715139 53.828576
27.715152 53.82849
27.715111 53.828495
27.714884 53.828553
27.714653 53.828597
27.714152 53.828665
27.713974 53.828673
27.71315 53.828718
27.713189 53.829444
27.713325 53.831322
27.713389 53.832356
27.713424 53.83287
27.713575 53.83386
27.713584 53.834186
27.714519 53.834169
27.714504 53.833983
27.714793 53.833963
BRUSH(1,0)
REGION 1
23
27.719459 53.822331
27.719817 53.822345
27.719846 53.822086
27.71896 53.822037
27.718874 53.822548
27.718762 53.823079
27.718535 53.823155
27.718476 53.823265
27.718482 53.823395
27.718621 53.823738
27.7188 53.823733
27.719259 53.823669
27.719346 53.823637
27.719397 53.823559
27.719421 53.823367
27.719387 53.823206
27.719415 53.823044
27.719424 53.822909
27.719509 53.822587
27.71947 53.822506
27.719416 53.82245
27.719418 53.822372
27.719459 53.822331
BRUSH(1,0)
REGION 1
23
27.722057 53.822232
27.722266 53.822258
27.722357 53.822226
27.722359 53.822145
27.722341 53.82201
27.722474 53.821967
27.722488 53.821944
27.722475 53.821807
27.722387 53.821792
27.722106 53.821787
27.721995 53.821561
27.722455 53.821589
27.722504 53.821567
27.722511 53.82151
27.722547 53.821404
27.722663 53.821107
27.722768 53.820972
27.72295 53.820953
27.722998 53.820923
27.723027 53.820631
27.722275 53.820608
27.721295 53.822127
27.722057 53.822232
BRUSH(1,0)
REGION 1
30
27.721678 53.821237
27.721688 53.821185
27.721792 53.821022
27.721961 53.82072
27.722326 53.820318
27.722378 53.820205
27.722481 53.820045
27.722621 53.819775
27.722755 53.819396
27.722872 53.818964
27.722907 53.818777
27.722969 53.818424
27.722881 53.818418
27.722697 53.818491
27.722564 53.818527
27.722362 53.818688
27.721837 53.819523
27.721706 53.819627
27.721542 53.81979
27.721284 53.820036
27.721046 53.82031
27.72102 53.82058
27.721067 53.82066
27.721112 53.82082
27.721177 53.820866
27.721153 53.820972
27.720996 53.821167
27.721035 53.821189
27.721358 53.821221
27.721678 53.821237
BRUSH(1,0)
REGION 1
31
27.723133 53.82018
27.723178 53.820113
27.723351 53.820031
27.723402 53.819923
27.723438 53.819601
27.723641 53.819006
27.723736 53.819015
27.724466 53.819037
27.72469 53.819045
27.724685 53.818984
27.724695 53.818903
27.724726 53.818744
27.724049 53.818714
27.724005 53.818579
27.724122 53.818514
27.724212 53.81843
27.724222 53.818349
27.724039 53.818345
27.723948 53.81833
27.723958 53.818279
27.723154 53.818375
27.723088 53.818693
27.722998 53.818963
27.722888 53.819395
27.722792 53.819773
27.722737 53.819906
27.722647 53.820168
27.722499 53.820418
27.723477 53.820509
27.723525 53.820223
27.723133 53.82018
BRUSH(1,0)
REGION 1
52
27.724069 53.818105
27.724045 53.818053
27.724046 53.817891
27.724086 53.817804
27.724121 53.817624
27.724082 53.81757
27.723946 53.817575
27.723805 53.817576
27.72374 53.817536
27.723711 53.817401
27.723736 53.81732
27.723823 53.817299
27.723918 53.817328
27.724055 53.817329
27.724191 53.817302
27.724182 53.817169
27.724173 53.816897
27.724225 53.81682
27.724407 53.816831
27.724639 53.816838
27.724817 53.816803
27.724846 53.816722
27.724814 53.816617
27.724726 53.816608
27.724452 53.816592
27.724083 53.81657
27.723859 53.81653
27.723913 53.816388
27.725149 53.816453
27.725197 53.816138
27.725162 53.816141
27.724889 53.816122
27.724246 53.816074
27.72424 53.815996
27.724295 53.815887
27.724374 53.815851
27.724599 53.815881
27.724735 53.815846
27.724746 53.815822
27.724658 53.815744
27.724566 53.815726
27.724489 53.815686
27.724469 53.815581
27.724381 53.815561
27.724126 53.815553
27.72419 53.815301
27.723722 53.815248
27.723608 53.815264
27.72352 53.815842
27.72331 53.816866
27.723133 53.818238
27.724069 53.818105
BRUSH(1,0)
REGION 1
13
27.722788 53.815098
27.722851 53.815019
27.722896 53.814992
27.723212 53.815001
27.723433 53.815036
27.723445 53.814636
27.723424 53.814528
27.723106 53.814384
27.722557 53.814273
27.722378 53.814269
27.722147 53.814309
27.721879 53.814396
27.722788 53.815098
BRUSH(1,0)
REGION 1
27
27.726329 53.814466
27.726422 53.814537
27.726928 53.814622
27.727016 53.814621
27.727172 53.814461
27.727182 53.814355
27.727231 53.81433
27.727504 53.814328
27.727592 53.814326
27.727614 53.814056
27.727828 53.813947
27.7281 53.813871
27.728362 53.813862
27.728338 53.81422
27.728718 53.814231
27.728808 53.813945
27.728694 53.813937
27.728686 53.813669
27.728476 53.813648
27.727663 53.813646
27.72739 53.813641
27.727117 53.813681
27.726894 53.813757
27.726729 53.813892
27.726628 53.814165
27.726453 53.81438
27.726329 53.814466
BRUSH(1,0)
REGION 1
55
27.716828 53.845443
27.716594 53.845346
27.716457 53.845306
27.71632 53.845291
27.716278 53.845314
27.716199 53.845553
27.716193 53.845665
27.71599 53.845777
27.715873 53.845818
27.715744 53.846063
27.715658 53.846385
27.715617 53.846819
27.715614 53.846898
27.715563 53.847004
27.715409 53.847342
27.715321 53.847527
27.715219 53.84777
27.71513 53.847879
27.7149 53.84804
27.714613 53.848527
27.714518 53.848775
27.714511 53.848997
27.714623 53.849318
27.7147 53.849421
27.714791 53.84958
27.715227 53.850146
27.715326 53.850388
27.715575 53.850924
27.715696 53.851325
27.71569 53.85142
27.715666 53.852002
27.71578 53.85199
27.71693 53.852087
27.718392 53.852184
27.718206 53.851574
27.717775 53.85016
27.717719 53.850059
27.717247 53.848505
27.717084 53.847894
27.717126 53.84788
27.717262 53.847857
27.717337 53.847773
27.717431 53.847532
27.717453 53.847231
27.717503 53.847047
27.717528 53.846747
27.717503 53.846451
27.717555 53.846367
27.717503 53.846233
27.717523 53.846048
27.71752 53.84586
27.717289 53.845483
27.717133 53.845296
27.717088 53.845296
27.716828 53.845443
BRUSH(1,0)
REGION 1
7
27.70622 53.85883
27.706205 53.85883
27.706563 53.85868
27.70624 53.858426
27.705537 53.858733
27.70593 53.858985
27.70622 53.85883
BRUSH(1,0)
REGION 1
33
27.701231 53.869584
27.70122 53.869584
27.701353 53.869558
27.701803 53.869423
27.702894 53.869156
27.703762 53.868944
27.705439 53.868456
27.705658 53.868373
27.706139 53.868222
27.706312 53.868131
27.706484 53.867935
27.706614 53.867765
27.706781 53.867501
27.70696 53.867307
27.707078 53.867066
27.70703 53.866956
27.706919 53.866885
27.706778 53.866877
27.705737 53.867159
27.705237 53.867301
27.704552 53.867496
27.703874 53.867671
27.703465 53.867779
27.70246 53.868014
27.701464 53.868252
27.700642 53.868483
27.700826 53.868806
27.700903 53.869048
27.700862 53.869348
27.700881 53.869536
27.700961 53.869578
27.701094 53.869596
27.701231 53.869584
BRUSH(1,0)
REGION 1
10
27.722029 53.859591
27.722018 53.859591
27.722268 53.860244
27.72339 53.860664
27.723296 53.860283
27.723217 53.85989
27.723185 53.859568
27.723134 53.859059
27.722063 53.859157
27.722029 53.859591
BRUSH(1,0)
REGION 1
9
27.718322 53.857473
27.71833 53.857475
27.718369 53.857304
27.718216 53.857267
27.718211 53.856982
27.71734 53.856958
27.717356 53.857254
27.71743 53.857364
27.718322 53.857473
BRUSH(1,0)
REGION 1
17
27.714601 53.857147
27.714616 53.857158
27.714269 53.857086
27.714289 53.857392
27.714259 53.857634
27.714272 53.857931
27.714338 53.858012
27.714521 53.858056
27.714612 53.85803
27.714637 53.857949
27.714593 53.85779
27.714594 53.857628
27.714675 53.857493
27.714833 53.857386
27.714964 53.85728
27.714967 53.857226
27.714601 53.857147
BRUSH(1,0)
REGION 1
18
27.70368 53.871543
27.705087 53.871265
27.705364 53.871201
27.705682 53.871138
27.705951 53.871074
27.706064 53.870999
27.706238 53.870728
27.706268 53.870485
27.706224 53.870348
27.705949 53.870044
27.704849 53.870244
27.703746 53.870461
27.702693 53.870744
27.702747 53.870798
27.703104 53.870989
27.703396 53.871169
27.703688 53.871536
27.70368 53.871543
BRUSH(1,0)
REGION 1
18
27.709462 53.868807
27.709674 53.868692
27.709876 53.868502
27.709962 53.868425
27.709935 53.868407
27.709155 53.868153
27.708554 53.867947
27.708232 53.867823
27.707222 53.867449
27.707134 53.867443
27.707066 53.867488
27.706916 53.867813
27.706936 53.867867
27.707533 53.868088
27.708268 53.868354
27.708544 53.86846
27.709091 53.868677
27.709462 53.868807
BRUSH(1,0)
REGION 1
28
27.708962 53.867992
27.709043 53.867857
27.709249 53.867694
27.709283 53.86764
27.70924 53.867584
27.708961 53.86752
27.708552 53.867394
27.707952 53.867214
27.707909 53.867158
27.707916 53.867104
27.708069 53.86697
27.708387 53.866847
27.708983 53.866789
27.70912 53.866759
27.709206 53.866678
27.709197 53.866626
27.709127 53.866546
27.708898 53.866459
27.707521 53.866686
27.707202 53.866768
27.707177 53.866823
27.707239 53.866928
27.70744 53.867088
27.707426 53.867145
27.707254 53.867362
27.707767 53.867565
27.708411 53.867798
27.708962 53.867992
BRUSH(1,0)
REGION 1
12
27.72091 53.859117
27.719912 53.858801
27.719382 53.858697
27.719037 53.859004
27.719301 53.859106
27.720495 53.859517
27.721001 53.85973
27.721985 53.860131
27.721598 53.859308
27.72141 53.859217
27.721132 53.859163
27.72091 53.859117
BRUSH(1,0)
REGION 1
44
27.715816 53.859734
27.716684 53.860005
27.717327 53.860217
27.717656 53.860325
27.717843 53.860371
27.718348 53.860553
27.719355 53.860904
27.720001 53.861121
27.72069 53.861326
27.721741 53.86165
27.7222 53.861798
27.723069 53.862076
27.724105 53.862413
27.72508 53.861583
27.725089 53.861475
27.724155 53.861111
27.721332 53.859989
27.721003 53.859863
27.720226 53.859561
27.718939 53.859081
27.718338 53.858815
27.717938 53.858552
27.717252 53.85828
27.716977 53.858201
27.716773 53.858078
27.716029 53.857516
27.715619 53.857325
27.715344 53.857255
27.715253 53.85726
27.715068 53.857342
27.714798 53.857559
27.714687 53.857774
27.714737 53.857989
27.714847 53.858218
27.714854 53.858406
27.714845 53.858759
27.714891 53.859029
27.715004 53.859163
27.715329 53.859287
27.715384 53.859338
27.715396 53.859422
27.71541 53.859527
27.715499 53.85961
27.715816 53.859734
BRUSH(1,0)
REGION 1
17
27.713064 53.860941
27.713233 53.860796
27.713479 53.860525
27.712764 53.860285
27.713006 53.860007
27.712421 53.859832
27.712485 53.85978
27.712755 53.859747
27.712879 53.859695
27.712938 53.859557
27.712939 53.859425
27.712248 53.859249
27.712202 53.859256
27.712135 53.859337
27.71201 53.859799
27.711929 53.86062
27.713064 53.860941
BRUSH(1,0)
REGION 1
20
27.709783 53.861927
27.710243 53.862134
27.710748 53.862281
27.710885 53.862296
27.711017 53.862253
27.7112 53.862038
27.711278 53.861927
27.711604 53.861629
27.711535 53.861589
27.7108 53.861353
27.710384 53.861258
27.710296 53.861234
27.710126 53.861314
27.709893 53.861463
27.70981 53.861511
27.709799 53.861541
27.709865 53.861583
27.71011 53.861685
27.70987 53.861873
27.709783 53.861927
BRUSH(1,0)
REGION 1
38
27.706836 53.859252
27.70661 53.85941
27.70668 53.859491
27.707092 53.859776
27.707179 53.859744
27.707535 53.859445
27.707888 53.859174
27.708331 53.858849
27.708662 53.858647
27.708923 53.858509
27.709084 53.85838
27.70928 53.858255
27.709688 53.857902
27.710176 53.857528
27.709714 53.857396
27.709305 53.857306
27.709168 53.857262
27.709122 53.857265
27.708979 53.857373
27.70898 53.857427
27.70911 53.857478
27.709294 53.857538
27.709379 53.857616
27.70938 53.857672
27.709253 53.857806
27.708774 53.85808
27.708203 53.858486
27.70797 53.858642
27.70782 53.858776
27.707567 53.858638
27.707252 53.858483
27.70721 53.858472
27.706896 53.858766
27.707225 53.858917
27.707349 53.859024
27.707316 53.85908
27.707002 53.85919
27.706836 53.859252
BRUSH(1,0)
REGION 1
34
27.711129 53.857851
27.711791 53.858103
27.713046 53.858541
27.713382 53.85839
27.713642 53.858241
27.713961 53.857969
27.714093 53.857728
27.714065 53.85762
27.714017 53.85724
27.714091 53.8567
27.714138 53.856322
27.714231 53.855998
27.71434 53.855485
27.714376 53.855107
27.714329 53.855042
27.713328 53.85501
27.71301 53.855538
27.71293 53.855518
27.713218 53.855008
27.711928 53.854973
27.71218 53.855242
27.712258 53.855401
27.712284 53.855805
27.712257 53.855994
27.71212 53.856184
27.712031 53.856319
27.711855 53.856275
27.711657 53.856515
27.711308 53.856766
27.711013 53.857067
27.710664 53.857386
27.710429 53.85763
27.710984 53.857822
27.711129 53.857851
BRUSH(1,0)
REGION 1
35
27.710891 53.861298
27.711633 53.861532
27.711738 53.860805
27.711817 53.859861
27.71184 53.859616
27.71193 53.859348
27.712049 53.859201
27.712162 53.859101
27.71247 53.858861
27.712684 53.858752
27.712941 53.858607
27.711288 53.858045
27.710465 53.857713
27.710324 53.857694
27.710237 53.857723
27.71006 53.857857
27.7097 53.858156
27.709366 53.858425
27.709111 53.858613
27.708916 53.858774
27.708558 53.85901
27.708431 53.859146
27.707542 53.85985
27.707442 53.86001
27.70747 53.86012
27.708014 53.860546
27.708591 53.860943
27.708964 53.86117
27.709367 53.86137
27.709646 53.86144
27.709823 53.861392
27.71005 53.861292
27.710261 53.861169
27.710348 53.861146
27.710891 53.861298
BRUSH(1,0)
REGION 1
11
27.693691 53.870489
27.693866 53.870953
27.694048 53.871173
27.69419 53.871257
27.694311 53.871009
27.694519 53.870496
27.694508 53.870484
27.694431 53.870438
27.694226 53.870448
27.693907 53.87047
27.693691 53.870489
BRUSH(1,0)
REGION 1
29
27.695195 53.872791
27.69531 53.872817
27.695488 53.872789
27.695691 53.872683
27.69603 53.872481
27.696447 53.872175
27.696649 53.871994
27.697286 53.87121
27.6974 53.871228
27.697816 53.870895
27.696814 53.870453
27.696518 53.870293
27.696422 53.869979
27.696303 53.869676
27.696039 53.869763
27.694824 53.870285
27.694761 53.870418
27.694991 53.87054
27.695149 53.870663
27.695021 53.87072
27.694813 53.870568
27.694687 53.870513
27.694575 53.870666
27.694308 53.871522
27.694436 53.871665
27.694519 53.871862
27.694646 53.871976
27.694779 53.872202
27.695195 53.872791
BRUSH(1,0)
REGION 1
26
27.648758 53.875092
27.649042 53.875091
27.64903 53.87525
27.648852 53.875251
27.648827 53.875353
27.64884 53.875456
27.648879 53.875541
27.64937 53.875584
27.649937 53.875652
27.650274 53.875637
27.650478 53.875578
27.650645 53.875503
27.650928 53.875371
27.650885 53.875299
27.651658 53.875106
27.650957 53.874818
27.650549 53.875155
27.650446 53.875113
27.650839 53.87476
27.649918 53.874387
27.649513 53.874767
27.64941 53.874738
27.649814 53.874329
27.648961 53.873999
27.648856 53.874015
27.648758 53.875092
BRUSH(1,0)
REGION 1
5
27.651788 53.874957
27.653213 53.874538
27.652924 53.874153
27.6515 53.874529
27.651788 53.874957
BRUSH(1,0)
REGION 1
31
27.649367 53.873677
27.649884 53.873688
27.649895 53.873747
27.64933 53.87372
27.649322 53.873925
27.649489 53.873996
27.650098 53.87424
27.6509 53.874512
27.651129 53.874309
27.65204 53.874084
27.652118 53.874245
27.652852 53.874037
27.652508 53.873645
27.65215 53.873735
27.652098 53.873676
27.652431 53.873587
27.652119 53.873225
27.651586 53.872996
27.650838 53.873699
27.650758 53.873654
27.651469 53.872951
27.650964 53.872781
27.651026 53.872547
27.650265 53.872522
27.650156 53.873062
27.650337 53.873061
27.650352 53.873191
27.650044 53.873193
27.650163 53.872522
27.649505 53.872483
27.649367 53.873677
BRUSH(1,0)
REGION 1
6
27.649519 53.872422
27.650998 53.872482
27.651045 53.8721
27.650326 53.871492
27.649621 53.87146
27.649519 53.872422
BRUSH(1,0)
REGION 1
16
27.649998 53.870741
27.650147 53.871014
27.650086 53.871062
27.650232 53.871144
27.650215 53.871194
27.650486 53.871298
27.650545 53.871262
27.651129 53.871438
27.651375 53.871271
27.651057 53.870868
27.651121 53.870854
27.651416 53.871235
27.653707 53.870579
27.653137 53.86982
27.652023 53.870173
27.649998 53.870741
BRUSH(1,0)
REGION 1
20
27.651993 53.87242
27.652023 53.871672
27.654069 53.871137
27.653728 53.87071
27.653111 53.870857
27.653301 53.871092
27.653238 53.871117
27.653071 53.870893
27.652409 53.871049
27.652683 53.871347
27.652621 53.87137
27.652366 53.871086
27.651788 53.871244
27.651959 53.871504
27.651877 53.87154
27.651685 53.87128
27.651399 53.871376
27.651317 53.871449
27.651298 53.871806
27.651993 53.87242
BRUSH(1,0)
REGION 1
9
27.652658 53.87297
27.654083 53.872558
27.653824 53.872265
27.653946 53.872239
27.654163 53.872541
27.654999 53.87229
27.654635 53.871853
27.652225 53.872491
27.652658 53.87297
BRUSH(1,0)
REGION 1
5
27.653048 53.873431
27.655409 53.872766
27.655145 53.872426
27.652793 53.873095
27.653048 53.873431
BRUSH(1,0)
REGION 1
5
27.653363 53.873894
27.655739 53.873189
27.655463 53.872815
27.653039 53.873492
27.653363 53.873894
BRUSH(1,0)
REGION 1
5
27.653751 53.874389
27.65615 53.873718
27.655806 53.87331
27.653427 53.874004
27.653751 53.874389
BRUSH(1,0)
REGION 1
19
27.656597 53.873655
27.658473 53.873107
27.659353 53.874208
27.660026 53.874045
27.659476 53.873369
27.659068 53.873491
27.659018 53.873441
27.659453 53.873327
27.659135 53.872901
27.65864 53.873025
27.658604 53.872974
27.659112 53.872854
27.658867 53.872521
27.65786 53.872764
27.658092 53.873049
27.658005 53.873069
27.657776 53.872787
27.656218 53.873182
27.656597 53.873655
BRUSH(1,0)
REGION 1
5
27.656128 53.87307
27.658772 53.872314
27.658487 53.871972
27.655823 53.872733
27.656128 53.87307
BRUSH(1,0)
REGION 1
5
27.655784 53.872679
27.658439 53.871912
27.65815 53.871596
27.65551 53.872323
27.655784 53.872679
BRUSH(1,0)
REGION 1
9
27.655382 53.872213
27.656562 53.871886
27.655992 53.871174
27.65557 53.8713
27.655905 53.871698
27.655854 53.871712
27.65552 53.871314
27.654843 53.871502
27.655382 53.872213
BRUSH(1,0)
REGION 1
5
27.657292 53.871684
27.658014 53.871471
27.657484 53.870777
27.656722 53.870966
27.657292 53.871684
BRUSH(1,0)
REGION 1
9
27.654756 53.871286
27.655429 53.871083
27.655172 53.870738
27.655242 53.870717
27.655481 53.871064
27.655818 53.870968
27.655306 53.870306
27.654146 53.870613
27.654756 53.871286
BRUSH(1,0)
REGION 1
7
27.656656 53.870766
27.657377 53.870571
27.656805 53.869862
27.656104 53.870043
27.656422 53.870398
27.656338 53.870421
27.656656 53.870766
BRUSH(1,0)
REGION 1
5
27.653728 53.87013
27.654029 53.87051
27.654844 53.870288
27.654534 53.869903
27.653728 53.87013
BRUSH(1,0)
REGION 1
6
27.659415 53.8743
27.65987 53.8749
27.660396 53.874771
27.66014 53.874494
27.659975 53.874178
27.659415 53.8743
BRUSH(1,0)
REGION 1
5
27.659927 53.874954
27.660337 53.875444
27.661143 53.875237
27.660751 53.874725
27.659927 53.874954
BRUSH(1,0)
REGION 1
9
27.660529 53.876034
27.66061 53.876135
27.661574 53.875828
27.661182 53.875293
27.66052 53.875454
27.660769 53.875844
27.660678 53.875867
27.660759 53.875976
27.660529 53.876034
BRUSH(1,0)
REGION 1
17
27.6608 53.876417
27.66124 53.876311
27.66134 53.876382
27.66145 53.87642
27.661603 53.876442
27.661698 53.876441
27.662042 53.87637
27.661887 53.876184
27.661573 53.876264
27.661531 53.876217
27.661834 53.876144
27.661636 53.875889
27.660921 53.87611
27.660645 53.876206
27.660661 53.876269
27.660704 53.876314
27.6608 53.876417
BRUSH(1,0)
REGION 1
14
27.661759 53.877488
27.661937 53.877422
27.662145 53.877327
27.662257 53.877218
27.662213 53.87711
27.662443 53.876974
27.662454 53.87692
27.662081 53.876446
27.662048 53.876459
27.661824 53.876499
27.661319 53.876544
27.661168 53.876604
27.661071 53.876712
27.661759 53.877488
BRUSH(1,0)
REGION 1
6
27.661971 53.877624
27.662829 53.87784
27.663597 53.878119
27.663938 53.877791
27.662297 53.877339
27.661971 53.877624
BRUSH(1,0)
REGION 1
8
27.663429 53.877306
27.662581 53.87703
27.66249 53.877044
27.662362 53.877116
27.662357 53.877278
27.663181 53.877487
27.663272 53.87748
27.663429 53.877306
BRUSH(1,0)
REGION 1
6
27.663986 53.877728
27.664234 53.877549
27.663524 53.877333
27.663367 53.877482
27.663391 53.877563
27.663986 53.877728
BRUSH(1,0)
REGION 1
7
27.664427 53.877463
27.664652 53.877277
27.663964 53.877016
27.663828 53.877059
27.663499 53.876908
27.663301 53.877132
27.664427 53.877463
BRUSH(1,0)
REGION 1
6
27.663132 53.877056
27.663491 53.87669
27.664586 53.875753
27.662244 53.876416
27.662631 53.876856
27.663132 53.877056
BRUSH(1,0)
REGION 1
19
27.661882 53.875824
27.662304 53.87633
27.663336 53.876019
27.66401 53.875822
27.664865 53.875574
27.66504 53.875394
27.665216 53.875197
27.664899 53.875104
27.664541 53.875327
27.664406 53.875413
27.663348 53.875762
27.663004 53.875888
27.662837 53.87592
27.662715 53.875921
27.662617 53.875915
27.662449 53.875884
27.662326 53.875806
27.662241 53.875737
27.661882 53.875824
BRUSH(1,0)
REGION 1
9
27.664789 53.875089
27.664399 53.874977
27.664076 53.87519
27.662328 53.875705
27.662379 53.875772
27.662578 53.875847
27.66276 53.875874
27.664299 53.875389
27.664789 53.875089
BRUSH(1,0)
REGION 1
10
27.661812 53.875719
27.663836 53.875146
27.664216 53.874922
27.663785 53.874802
27.663692 53.87492
27.662428 53.875295
27.66211 53.87534
27.661837 53.875148
27.661402 53.875249
27.661812 53.875719
BRUSH(1,0)
REGION 1
7
27.663418 53.874692
27.661958 53.875118
27.662066 53.875237
27.662196 53.875276
27.663517 53.87493
27.663693 53.874771
27.663418 53.874692
BRUSH(1,0)
REGION 1
11
27.663193 53.874648
27.662673 53.874424
27.662662 53.874447
27.662561 53.874528
27.662258 53.874617
27.661823 53.874721
27.66171 53.874793
27.6614 53.874912
27.661165 53.874967
27.661362 53.875166
27.663193 53.874648
BRUSH(1,0)
REGION 1
10
27.660952 53.874667
27.661139 53.874947
27.661521 53.874833
27.661708 53.874697
27.662171 53.874618
27.662432 53.874538
27.662612 53.874424
27.662299 53.874303
27.662238 53.874325
27.660952 53.874667
BRUSH(1,0)
REGION 1
15
27.660859 53.874585
27.662399 53.874156
27.662949 53.874342
27.662924 53.874207
27.662927 53.874108
27.66298 53.874126
27.663024 53.87426
27.662976 53.874369
27.664302 53.874811
27.664693 53.874299
27.662451 53.873558
27.660812 53.873991
27.661006 53.874233
27.660646 53.874316
27.660859 53.874585
BRUSH(1,0)
REGION 1
8
27.664432 53.874866
27.665275 53.875107
27.665611 53.874682
27.665701 53.874414
27.665017 53.874369
27.664952 53.874347
27.664834 53.874363
27.664432 53.874866
BRUSH(1,0)
REGION 1
22
27.660375 53.873998
27.662493 53.873366
27.662632 53.873253
27.662937 53.873342
27.662766 53.873547
27.663171 53.873698
27.66487 53.874226
27.66581 53.874088
27.66581 53.874059
27.665747 53.873951
27.665487 53.8738
27.665123 53.873602
27.664706 53.873429
27.662987 53.872901
27.661884 53.872585
27.661599 53.872803
27.661359 53.87297
27.661061 53.873127
27.660604 53.873347
27.660321 53.873443
27.66 53.87354
27.660375 53.873998
BRUSH(1,0)
REGION 1
9
27.66464 53.877228
27.664883 53.877019
27.66484 53.876937
27.665076 53.87672
27.66414 53.876381
27.663536 53.87687
27.663819 53.877023
27.663986 53.876975
27.66464 53.877228
BRUSH(1,0)
REGION 1
7
27.665813 53.876178
27.664814 53.87577
27.664189 53.876333
27.664922 53.876592
27.665155 53.876676
27.665292 53.876664
27.665813 53.876178
BRUSH(1,0)
REGION 1
7
27.66603 53.876
27.666469 53.875646
27.666069 53.875534
27.666113 53.875487
27.665342 53.875262
27.665047 53.875549
27.66603 53.876
BRUSH(1,0)
REGION 1
5
27.666508 53.875471
27.666803 53.875146
27.665641 53.8749
27.665447 53.875167
27.666508 53.875471
BRUSH(1,0)
REGION 1
11
27.665894 53.87456
27.666854 53.87475
27.666945 53.874756
27.66709 53.874515
27.666632 53.874416
27.666647 53.874364
27.667165 53.874481
27.667273 53.874343
27.667242 53.874298
27.66622 53.874056
27.665894 53.87456
BRUSH(1,0)
REGION 1
16
27.664111 53.87309
27.664174 53.87298
27.664165 53.872897
27.663814 53.871779
27.663539 53.871697
27.662991 53.871635
27.662672 53.87165
27.662668 53.871686
27.662586 53.871984
27.663525 53.872268
27.663427 53.872357
27.662496 53.872063
27.662366 53.872248
27.66219 53.872411
27.662092 53.872465
27.664111 53.87309
BRUSH(1,0)
REGION 1
6
27.66369 53.871643
27.663542 53.871162
27.663023 53.87128
27.662682 53.871331
27.662655 53.871547
27.66369 53.871643
BRUSH(1,0)
REGION 1
8
27.664291 53.873152
27.665059 53.873404
27.665251 53.873077
27.66528 53.87296
27.664962 53.871863
27.664037 53.871964
27.664386 53.872898
27.664291 53.873152
BRUSH(1,0)
REGION 1
5
27.664016 53.871872
27.664908 53.871769
27.664364 53.870045
27.663429 53.870246
27.664016 53.871872
BRUSH(1,0)
REGION 1
6
27.663371 53.87019
27.663673 53.870085
27.664329 53.869971
27.664048 53.869296
27.663323 53.86933
27.663371 53.87019
BRUSH(1,0)
REGION 1
11
27.665223 53.873468
27.665299 53.87347
27.66557 53.873568
27.665936 53.873613
27.666163 53.873576
27.666348 53.873478
27.666557 53.873257
27.666705 53.873018
27.666702 53.872797
27.665507 53.872941
27.665223 53.873468
BRUSH(1,0)
REGION 1
9
27.665491 53.872883
27.66669 53.872741
27.666347 53.871738
27.665163 53.87185
27.665346 53.872324
27.665649 53.872273
27.665677 53.872365
27.665313 53.872391
27.665491 53.872883
BRUSH(1,0)
REGION 1
7
27.665098 53.871765
27.666323 53.871635
27.665498 53.869214
27.664257 53.869279
27.664689 53.870446
27.664891 53.870973
27.665098 53.871765
BRUSH(1,0)
REGION 1
26
27.666302 53.873966
27.667675 53.87428
27.668056 53.873853
27.668228 53.873888
27.668417 53.873602
27.668311 53.872914
27.668232 53.872717
27.668023 53.872718
27.667724 53.871591
27.666544 53.87171
27.666958 53.872875
27.666906 53.872999
27.66736 53.873108
27.667397 53.873043
27.667664 53.8731
27.66761 53.873244
27.667305 53.873196
27.667338 53.873158
27.666858 53.873057
27.666599 53.873526
27.667069 53.873658
27.667186 53.873635
27.667362 53.873682
27.667291 53.873752
27.666578 53.873598
27.666302 53.873966
BRUSH(1,0)
REGION 1
15
27.666528 53.871611
27.667817 53.871472
27.667609 53.87081
27.667792 53.870807
27.667781 53.870654
27.667668 53.870666
27.667593 53.870286
27.667434 53.870289
27.667245 53.869645
27.666725 53.869666
27.66719 53.870954
27.667196 53.871089
27.667072 53.871197
27.666408 53.87127
27.666528 53.871611
BRUSH(1,0)
REGION 1
11
27.666415 53.871205
27.667018 53.871126
27.667119 53.871028
27.666877 53.8704
27.666672 53.870408
27.66666 53.870365
27.666853 53.870337
27.666596 53.869683
27.666481 53.869595
27.665881 53.869641
27.666415 53.871205
BRUSH(1,0)
REGION 1
8
27.665872 53.869572
27.666396 53.869513
27.666533 53.869541
27.666671 53.86963
27.667206 53.869589
27.66707 53.869138
27.665726 53.869211
27.665872 53.869572
BRUSH(1,0)
REGION 1
6
27.665728 53.869067
27.666552 53.869035
27.666977 53.86826
27.66626 53.868095
27.665705 53.868835
27.665728 53.869067
BRUSH(1,0)
REGION 1
7
27.667009 53.868129
27.667442 53.867455
27.668261 53.866351
27.667361 53.866143
27.666944 53.866914
27.666299 53.867962
27.667009 53.868129
BRUSH(1,0)
REGION 1
5
27.66601 53.867921
27.666492 53.86719
27.66533 53.866936
27.664877 53.867633
27.66601 53.867921
BRUSH(1,0)
REGION 1
5
27.665633 53.866442
27.665374 53.86683
27.666544 53.867096
27.666805 53.866746
27.665633 53.866442
BRUSH(1,0)
REGION 1
13
27.666833 53.866636
27.667162 53.866072
27.667135 53.866029
27.666764 53.865615
27.66658 53.865513
27.666512 53.865527
27.666407 53.865608
27.666174 53.865814
27.665857 53.865951
27.665552 53.866072
27.665531 53.866177
27.665635 53.866325
27.666833 53.866636
BRUSH(1,0)
REGION 1
8
27.665342 53.865996
27.665485 53.865962
27.665844 53.86585
27.666161 53.865673
27.666386 53.865471
27.666035 53.865408
27.665067 53.865692
27.665342 53.865996
BRUSH(1,0)
REGION 1
5
27.666122 53.885019
27.665475 53.884719
27.664849 53.885235
27.665442 53.885502
27.666122 53.885019
BRUSH(1,0)
REGION 1
7
27.666167 53.884965
27.667028 53.884387
27.666722 53.884249
27.666895 53.884116
27.666554 53.883956
27.665554 53.884681
27.666167 53.884965
BRUSH(1,0)
REGION 1
8
27.665587 53.885557
27.666234 53.885832
27.666779 53.88544
27.667279 53.885074
27.667928 53.884582
27.667319 53.884291
27.66682 53.884689
27.665587 53.885557
BRUSH(1,0)
REGION 1
9
27.666973 53.886177
27.667499 53.885778
27.668134 53.885341
27.668698 53.884935
27.668005 53.88462
27.66728 53.88519
27.666871 53.885487
27.666299 53.88587
27.666973 53.886177
BRUSH(1,0)
REGION 1
7
27.666663 53.883877
27.667306 53.884159
27.667745 53.883832
27.668978 53.882929
27.668564 53.882713
27.668154 53.882749
27.666663 53.883877
BRUSH(1,0)
REGION 1
6
27.668037 53.884507
27.669682 53.883262
27.669097 53.882996
27.668206 53.883646
27.667406 53.884237
27.668037 53.884507
BRUSH(1,0)
REGION 1
6
27.668167 53.884559
27.66878 53.884818
27.669768 53.884096
27.670463 53.883615
27.669794 53.883322
27.668167 53.884559
BRUSH(1,0)
REGION 1
9
27.667798 53.886204
27.668104 53.886348
27.667785 53.886581
27.668432 53.88685
27.668694 53.886646
27.668484 53.886539
27.668638 53.886437
27.667918 53.886102
27.667798 53.886204
BRUSH(1,0)
REGION 1
7
27.669199 53.886556
27.669241 53.886603
27.670386 53.887127
27.670723 53.886828
27.671107 53.886819
27.671101 53.886475
27.669199 53.886556
BRUSH(1,0)
REGION 1
9
27.668274 53.885504
27.667698 53.885876
27.668927 53.886456
27.66914 53.886477
27.66927 53.886477
27.671055 53.886413
27.670989 53.885865
27.669329 53.885937
27.668274 53.885504
BRUSH(1,0)
REGION 1
9
27.66839 53.885414
27.669297 53.885836
27.671011 53.885777
27.67098 53.885303
27.66992 53.885331
27.669651 53.885335
27.669418 53.885287
27.668939 53.88504
27.66839 53.885414
BRUSH(1,0)
REGION 1
8
27.668991 53.88497
27.669432 53.885194
27.669702 53.885247
27.670709 53.885226
27.670689 53.88468
27.669937 53.884699
27.669535 53.884544
27.668991 53.88497
BRUSH(1,0)
REGION 1
7
27.671045 53.887465
27.671642 53.887751
27.672645 53.887009
27.672247 53.88682
27.671548 53.887336
27.671318 53.887216
27.671045 53.887465
BRUSH(1,0)
REGION 1
6
27.672781 53.886911
27.673411 53.886416
27.672591 53.886436
27.672595 53.886694
27.672325 53.886702
27.672781 53.886911
BRUSH(1,0)
REGION 1
12
27.671384 53.886582
27.671486 53.88673
27.67163 53.886745
27.671629 53.886668
27.671743 53.886667
27.671744 53.886744
27.6719 53.886743
27.671901 53.886799
27.672015 53.886799
27.672021 53.886446
27.671398 53.886458
27.671384 53.886582
BRUSH(1,0)
REGION 1
9
27.671241 53.886412
27.6733 53.886331
27.673297 53.88618
27.673408 53.886179
27.673405 53.88604
27.673493 53.886024
27.673261 53.885791
27.671217 53.885857
27.671241 53.886412
BRUSH(1,0)
REGION 1
5
27.6742 53.885824
27.674622 53.885548
27.673948 53.885271
27.673527 53.885563
27.6742 53.885824
BRUSH(1,0)
REGION 1
9
27.671189 53.885771
27.673088 53.885682
27.673807 53.885209
27.673132 53.884877
27.672656 53.885255
27.671421 53.885307
27.671424 53.885503
27.671185 53.885504
27.671189 53.885771
BRUSH(1,0)
REGION 1
7
27.671082 53.885217
27.672586 53.885193
27.673048 53.884831
27.672431 53.884528
27.672148 53.884656
27.671058 53.884668
27.671082 53.885217
BRUSH(1,0)
REGION 1
10
27.674545 53.886699
27.675026 53.886357
27.674827 53.886264
27.67495 53.886155
27.675264 53.886295
27.675576 53.886053
27.674859 53.885677
27.673721 53.886515
27.673974 53.886637
27.674545 53.886699
BRUSH(1,0)
REGION 1
14
27.676649 53.887312
27.676021 53.887026
27.6759 53.887038
27.675689 53.88721
27.675456 53.88711
27.675772 53.88691
27.675213 53.88668
27.675094 53.886795
27.674918 53.886722
27.674729 53.886833
27.674901 53.88712
27.675775 53.887569
27.676303 53.88758
27.676649 53.887312
BRUSH(1,0)
REGION 1
7
27.677031 53.88818
27.677599 53.887763
27.67689 53.88743
27.676514 53.887689
27.676828 53.887831
27.676603 53.887976
27.677031 53.88818
BRUSH(1,0)
REGION 1
7
27.675135 53.886539
27.677218 53.887494
27.67753 53.887281
27.676572 53.8868
27.676851 53.886614
27.675733 53.886113
27.675135 53.886539
BRUSH(1,0)
REGION 1
5
27.676283 53.886065
27.676692 53.885707
27.67642 53.88559
27.675992 53.885898
27.676283 53.886065
BRUSH(1,0)
REGION 1
5
27.675884 53.885844
27.67679 53.885208
27.675917 53.884824
27.675057 53.885442
27.675884 53.885844
BRUSH(1,0)
REGION 1
7
27.676774 53.885129
27.677257 53.884702
27.677387 53.884768
27.677988 53.884322
27.677078 53.883952
27.675985 53.884765
27.676774 53.885129
BRUSH(1,0)
REGION 1
8
27.676947 53.885263
27.677379 53.885452
27.677687 53.885405
27.678659 53.884626
27.67805 53.884383
27.677408 53.884867
27.677409 53.884957
27.676947 53.885263
BRUSH(1,0)
REGION 1
5
27.679209 53.885329
27.679537 53.885114
27.679291 53.88498
27.678976 53.885207
27.679209 53.885329
BRUSH(1,0)
REGION 1
5
27.680252 53.885377
27.679892 53.885231
27.679565 53.885446
27.67989 53.885579
27.680252 53.885377
BRUSH(1,0)
REGION 1
12
27.670786 53.882613
27.670688 53.882684
27.670678 53.882789
27.670558 53.88288
27.670605 53.882684
27.669112 53.882027
27.66862 53.882398
27.669305 53.882727
27.670465 53.883258
27.671056 53.882848
27.671115 53.882764
27.670786 53.882613
BRUSH(1,0)
REGION 1
5
27.670615 53.88261
27.670446 53.881314
27.670262 53.881234
27.669233 53.881983
27.670615 53.88261
BRUSH(1,0)
REGION 1
5
27.671136 53.882166
27.671074 53.881596
27.670652 53.881618
27.670733 53.882171
27.671136 53.882166
BRUSH(1,0)
REGION 1
5
27.672729 53.884133
27.672928 53.883982
27.672572 53.883826
27.672362 53.883985
27.672729 53.884133
BRUSH(1,0)
REGION 1
10
27.673146 53.883823
27.674142 53.883098
27.674649 53.882749
27.67424 53.882558
27.673898 53.882837
27.673496 53.882666
27.672832 53.883202
27.6731 53.88332
27.67274 53.883619
27.673146 53.883823
BRUSH(1,0)
REGION 1
6
27.674002 53.883367
27.67286 53.884245
27.672947 53.884427
27.673314 53.884609
27.674633 53.88366
27.674002 53.883367
BRUSH(1,0)
REGION 1
9
27.674008 53.884248
27.673395 53.884653
27.674081 53.884991
27.674539 53.884649
27.674588 53.884663
27.674675 53.884595
27.674296 53.884437
27.674371 53.884403
27.674008 53.884248
BRUSH(1,0)
REGION 1
5
27.674499 53.884324
27.674736 53.884151
27.67438 53.883989
27.674132 53.884162
27.674499 53.884324
BRUSH(1,0)
REGION 1
6
27.671625 53.880192
27.672081 53.880388
27.672446 53.88041
27.673547 53.879609
27.672904 53.879311
27.671625 53.880192
BRUSH(1,0)
REGION 1
5
27.672397 53.880916
27.672359 53.880708
27.671452 53.880778
27.67147 53.880957
27.672397 53.880916
BRUSH(1,0)
REGION 1
9
27.672503 53.881846
27.67244 53.881258
27.672007 53.881271
27.672037 53.881456
27.671619 53.881465
27.671672 53.881709
27.672055 53.881669
27.672085 53.881869
27.672503 53.881846
BRUSH(1,0)
REGION 1
14
27.672519 53.8819
27.67209 53.881909
27.672134 53.882066
27.671697 53.882078
27.671727 53.882289
27.672168 53.882269
27.672224 53.882468
27.672505 53.882456
27.673117 53.882733
27.6737 53.882296
27.673068 53.882005
27.67273 53.882268
27.672529 53.882267
27.672519 53.8819
BRUSH(1,0)
REGION 1
19
27.673129 53.881807
27.672927 53.881725
27.673119 53.881398
27.673437 53.881556
27.67367 53.881366
27.673367 53.881226
27.673275 53.880714
27.673542 53.880523
27.673439 53.880463
27.673581 53.880364
27.67367 53.880422
27.674309 53.879969
27.673658 53.879689
27.672513 53.880547
27.672664 53.881947
27.672771 53.881951
27.672768 53.882002
27.672893 53.882008
27.673129 53.881807
BRUSH(1,0)
REGION 1
6
27.673797 53.881286
27.675071 53.880351
27.67447 53.880051
27.673436 53.880742
27.673507 53.881169
27.673797 53.881286
BRUSH(1,0)
REGION 1
7
27.673113 53.881958
27.673775 53.882233
27.674418 53.881802
27.675894 53.880738
27.675182 53.880407
27.673946 53.881324
27.673113 53.881958
BRUSH(1,0)
REGION 1
6
27.674689 53.882648
27.675459 53.882035
27.676744 53.881126
27.676063 53.880808
27.673962 53.88231
27.674689 53.882648
BRUSH(1,0)
REGION 1
7
27.674874 53.882753
27.675478 53.883024
27.677518 53.881526
27.67689 53.881206
27.67621 53.881731
27.67586 53.881951
27.674874 53.882753
BRUSH(1,0)
REGION 1
7
27.676275 53.883399
27.676685 53.883116
27.67833 53.881888
27.677633 53.881568
27.676071 53.882755
27.675609 53.883099
27.676275 53.883399
BRUSH(1,0)
REGION 1
8
27.677041 53.883748
27.677179 53.883623
27.678325 53.882814
27.679054 53.882248
27.678441 53.881939
27.6771 53.882936
27.676428 53.883461
27.677041 53.883748
BRUSH(1,0)
REGION 1
9
27.66438 53.8813
27.665939 53.880129
27.665449 53.879914
27.665303 53.880029
27.665085 53.879932
27.664627 53.880291
27.664202 53.880611
27.663668 53.880978
27.66438 53.8813
BRUSH(1,0)
REGION 1
15
27.664978 53.88158
27.665364 53.881229
27.665486 53.881303
27.665599 53.881219
27.665469 53.881172
27.665604 53.881073
27.665727 53.881131
27.666072 53.880868
27.665942 53.880812
27.666338 53.880574
27.665893 53.880359
27.665623 53.880571
27.665214 53.880882
27.66456 53.881371
27.664978 53.88158
BRUSH(1,0)
REGION 1
8
27.666599 53.87904
27.665391 53.87984
27.665996 53.880106
27.666639 53.879656
27.667352 53.879099
27.667011 53.878923
27.666801 53.879095
27.666599 53.87904
BRUSH(1,0)
REGION 1
7
27.666394 53.880549
27.667044 53.880051
27.667934 53.879397
27.667509 53.879188
27.666611 53.879842
27.665935 53.880325
27.666394 53.880549
BRUSH(1,0)
REGION 1
8
27.667094 53.878889
27.667408 53.879062
27.668754 53.878109
27.668003 53.877762
27.667455 53.878159
27.667474 53.878392
27.667627 53.878459
27.667094 53.878889
BRUSH(1,0)
REGION 1
10
27.667979 53.879354
27.668547 53.878948
27.668864 53.878854
27.669019 53.878568
27.669887 53.877927
27.669454 53.877712
27.669045 53.87804
27.668155 53.878683
27.667554 53.879147
27.667979 53.879354
BRUSH(1,0)
REGION 1
20
27.66731 53.883206
27.672701 53.879213
27.671361 53.878587
27.671184 53.8787
27.671004 53.878622
27.671147 53.878509
27.670894 53.878385
27.67068 53.878543
27.670554 53.878497
27.670783 53.878338
27.670151 53.878027
27.669158 53.878664
27.667968 53.879585
27.66689 53.880414
27.665861 53.881177
27.665274 53.881576
27.665098 53.881766
27.665102 53.881986
27.66505 53.882096
27.66731 53.883206
BRUSH(1,0)
REGION 1
8
27.668847 53.877256
27.669463 53.877545
27.670366 53.876983
27.670959 53.87651
27.670229 53.876206
27.669628 53.876663
27.669488 53.876702
27.668847 53.877256
BRUSH(1,0)
REGION 1
9
27.670091 53.877811
27.670887 53.877247
27.670905 53.877198
27.67151 53.876745
27.671127 53.87654
27.670879 53.876748
27.670294 53.877201
27.669639 53.877607
27.670091 53.877811
BRUSH(1,0)
REGION 1
11
27.66991 53.875981
27.670169 53.87606
27.670773 53.875083
27.670362 53.875012
27.67018 53.875278
27.669864 53.87523
27.669764 53.875422
27.670019 53.875461
27.669848 53.875666
27.670088 53.875739
27.66991 53.875981
BRUSH(1,0)
REGION 1
6
27.670364 53.876124
27.670987 53.876366
27.671566 53.875232
27.670968 53.875114
27.670804 53.875378
27.670364 53.876124
BRUSH(1,0)
REGION 1
7
27.671637 53.876607
27.671916 53.876203
27.672022 53.876223
27.672526 53.875384
27.671756 53.875247
27.671178 53.87643
27.671637 53.876607
BRUSH(1,0)
REGION 1
9
27.670345 53.874922
27.670833 53.875004
27.671502 53.873821
27.670808 53.873669
27.670723 53.873861
27.670793 53.873932
27.670646 53.874228
27.670534 53.874644
27.670345 53.874922
BRUSH(1,0)
REGION 1
5
27.670997 53.875037
27.671644 53.875146
27.672344 53.873951
27.671715 53.873826
27.670997 53.875037
BRUSH(1,0)
REGION 1
11
27.671865 53.875176
27.672581 53.875294
27.672778 53.87498
27.672564 53.874921
27.672675 53.874749
27.672801 53.874778
27.672894 53.874615
27.672772 53.874576
27.67306 53.874091
27.672595 53.873983
27.671865 53.875176
BRUSH(1,0)
REGION 1
7
27.670913 53.873597
27.671565 53.873742
27.67168 53.873521
27.671671 53.873429
27.671018 53.872524
27.670462 53.872662
27.670913 53.873597
BRUSH(1,0)
REGION 1
10
27.671782 53.873745
27.672403 53.873854
27.672571 53.873642
27.672681 53.873448
27.671861 53.872245
27.671142 53.872461
27.671309 53.8727
27.671813 53.873313
27.671842 53.873493
27.671782 53.873745
BRUSH(1,0)
REGION 1
5
27.673105 53.87401
27.673272 53.873768
27.672787 53.87365
27.672632 53.873913
27.673105 53.87401
BRUSH(1,0)
REGION 1
7
27.67333 53.873626
27.673366 53.873455
27.673329 53.873294
27.673056 53.873327
27.672818 53.873418
27.672824 53.8736
27.67333 53.873626
BRUSH(1,0)
REGION 1
11
27.672696 53.873187
27.673253 53.873042
27.67293 53.87257
27.672793 53.872602
27.672722 53.872441
27.673022 53.872378
27.672904 53.872168
27.672636 53.872261
27.672515 53.872069
27.671997 53.872193
27.672696 53.873187
BRUSH(1,0)
REGION 1
12
27.670956 53.872439
27.67071 53.872036
27.670178 53.871311
27.66986 53.871364
27.66985 53.871463
27.670293 53.87187
27.670325 53.872198
27.67017 53.872248
27.670199 53.872383
27.670306 53.87247
27.670445 53.87257
27.670956 53.872439
BRUSH(1,0)
REGION 1
6
27.670321 53.871231
27.671005 53.871007
27.670286 53.869952
27.67011 53.869899
27.66949 53.870085
27.670321 53.871231
BRUSH(1,0)
REGION 1
6
27.671103 53.872375
27.671818 53.872174
27.671442 53.871697
27.671056 53.871085
27.670387 53.871296
27.671103 53.872375
BRUSH(1,0)
REGION 1
11
27.671567 53.870941
27.671184 53.871022
27.671452 53.871407
27.671984 53.872137
27.672454 53.872031
27.672081 53.871536
27.672165 53.87152
27.672033 53.871347
27.671892 53.871128
27.671684 53.871145
27.671567 53.870941
BRUSH(1,0)
REGION 1
10
27.671176 53.870981
27.671573 53.870878
27.671239 53.870415
27.671296 53.870405
27.671293 53.870239
27.671144 53.869941
27.671015 53.869966
27.670913 53.869744
27.670448 53.869866
27.671176 53.870981
BRUSH(1,0)
REGION 1
9
27.670394 53.869826
27.670837 53.869713
27.670763 53.869399
27.670662 53.869217
27.670567 53.869218
27.670607 53.86891
27.670079 53.868913
27.670207 53.869559
27.670394 53.869826
BRUSH(1,0)
REGION 1
7
27.670094 53.86887
27.670591 53.86886
27.670668 53.868422
27.670831 53.868185
27.670348 53.868104
27.670105 53.868634
27.670094 53.86887
BRUSH(1,0)
REGION 1
7
27.670377 53.868052
27.670861 53.868133
27.671081 53.867864
27.671572 53.867414
27.671189 53.867216
27.670731 53.867599
27.670377 53.868052
BRUSH(1,0)
REGION 1
12
27.671256 53.867178
27.671678 53.867387
27.672047 53.867198
27.671986 53.867167
27.672637 53.866788
27.67269 53.866817
27.67289 53.866685
27.672828 53.866648
27.673276 53.866344
27.672911 53.866144
27.672438 53.866477
27.671256 53.867178
BRUSH(1,0)
REGION 1
8
27.671856 53.878465
27.672315 53.878642
27.672976 53.87813
27.673539 53.877678
27.67316 53.8775
27.672826 53.877756
27.672642 53.877683
27.671856 53.878465
BRUSH(1,0)
REGION 1
9
27.672718 53.878844
27.673046 53.878966
27.67435 53.878051
27.673642 53.877727
27.672734 53.878451
27.672826 53.8785
27.672736 53.878559
27.67295 53.878648
27.672718 53.878844
BRUSH(1,0)
REGION 1
7
27.673682 53.879511
27.674095 53.879221
27.675151 53.878456
27.674512 53.878147
27.673613 53.878759
27.673016 53.879211
27.673682 53.879511
BRUSH(1,0)
REGION 1
10
27.674516 53.879833
27.675023 53.879461
27.675345 53.879199
27.67547 53.879148
27.675561 53.879148
27.677039 53.879837
27.677441 53.879547
27.675289 53.878502
27.673842 53.879551
27.674516 53.879833
BRUSH(1,0)
REGION 1
5
27.674612 53.879911
27.67609 53.88062
27.676473 53.880303
27.674979 53.879596
27.674612 53.879911
BRUSH(1,0)
REGION 1
6
27.675081 53.87956
27.675525 53.879771
27.676566 53.880214
27.67696 53.879909
27.675494 53.879247
27.675081 53.87956
BRUSH(1,0)
REGION 1
6
27.676323 53.880717
27.677165 53.881081
27.677679 53.881373
27.678119 53.88108
27.676698 53.880405
27.676323 53.880717
BRUSH(1,0)
REGION 1
5
27.67672 53.880328
27.678224 53.880985
27.678618 53.880698
27.677148 53.879993
27.67672 53.880328
BRUSH(1,0)
REGION 1
9
27.677828 53.881435
27.678533 53.881768
27.679378 53.881109
27.679965 53.880749
27.677656 53.879667
27.677257 53.879934
27.678693 53.880614
27.678752 53.880742
27.677828 53.881435
BRUSH(1,0)
REGION 1
7
27.678644 53.881833
27.679276 53.882112
27.680058 53.881607
27.680742 53.881093
27.680117 53.880795
27.679354 53.881298
27.678644 53.881833
BRUSH(1,0)
REGION 1
6
27.678984 53.883134
27.679372 53.883359
27.679669 53.883194
27.679244 53.882953
27.679126 53.882958
27.678984 53.883134
BRUSH(1,0)
REGION 1
7
27.681231 53.884091
27.680835 53.883859
27.680598 53.884009
27.68089 53.884185
27.680935 53.884151
27.681046 53.884218
27.681231 53.884091
BRUSH(1,0)
REGION 1
7
27.679552 53.882976
27.67995 53.883163
27.680394 53.882879
27.680141 53.882741
27.679882 53.882929
27.679736 53.882858
27.679552 53.882976
BRUSH(1,0)
REGION 1
9
27.680015 53.883203
27.680782 53.883639
27.68103 53.883465
27.681084 53.883498
27.68125 53.883392
27.680701 53.883075
27.680649 53.883118
27.680342 53.882979
27.680015 53.883203
BRUSH(1,0)
REGION 1
11
27.681236 53.88394
27.681963 53.88426
27.682384 53.88394
27.68215 53.883831
27.682308 53.883759
27.682074 53.883616
27.681875 53.883775
27.6816 53.883644
27.681295 53.883825
27.681341 53.883868
27.681236 53.88394
BRUSH(1,0)
REGION 1
5
27.673008 53.877285
27.673617 53.877549
27.674194 53.876593
27.673447 53.876456
27.673008 53.877285
BRUSH(1,0)
REGION 1
8
27.673766 53.877636
27.674428 53.877931
27.674591 53.877632
27.675403 53.87615
27.674855 53.876054
27.674638 53.876089
27.674152 53.877054
27.673766 53.877636
BRUSH(1,0)
REGION 1
10
27.673496 53.876386
27.67425 53.876514
27.674482 53.876072
27.67452 53.876056
27.674925 53.875953
27.675451 53.876026
27.675716 53.875526
27.674793 53.875315
27.673939 53.875619
27.673496 53.876386
BRUSH(1,0)
REGION 1
9
27.673759 53.875521
27.674814 53.875183
27.675741 53.875393
27.676019 53.874985
27.674521 53.874687
27.674024 53.874971
27.673675 53.875463
27.6737 53.875596
27.673759 53.875521
BRUSH(1,0)
REGION 1
5
27.675217 53.878323
27.675672 53.877545
27.67491 53.877401
27.674578 53.878016
27.675217 53.878323
BRUSH(1,0)
REGION 1
6
27.675712 53.877434
27.676386 53.876327
27.675609 53.876183
27.675294 53.876715
27.674981 53.877306
27.675712 53.877434
BRUSH(1,0)
REGION 1
5
27.67568 53.876108
27.676423 53.876244
27.677025 53.875164
27.676343 53.875017
27.67568 53.876108
BRUSH(1,0)
REGION 1
7
27.677564 53.879416
27.677742 53.879145
27.678099 53.87861
27.675499 53.87811
27.675355 53.878365
27.676545 53.878888
27.677564 53.879416
BRUSH(1,0)
REGION 1
6
27.678109 53.878534
27.678376 53.87811
27.677967 53.878011
27.67581 53.877566
27.675517 53.878024
27.678109 53.878534
BRUSH(1,0)
REGION 1
6
27.675869 53.877467
27.676612 53.877596
27.677191 53.876505
27.676508 53.876351
27.676146 53.876994
27.675869 53.877467
BRUSH(1,0)
REGION 1
5
27.677212 53.876406
27.677902 53.875316
27.67717 53.87517
27.676541 53.876261
27.677212 53.876406
BRUSH(1,0)
REGION 1
6
27.676795 53.877653
27.6775 53.877775
27.677663 53.8775
27.678163 53.876683
27.677389 53.876533
27.676795 53.877653
BRUSH(1,0)
REGION 1
7
27.67763 53.877797
27.678419 53.877968
27.679025 53.876901
27.678293 53.876723
27.67813 53.876989
27.677923 53.877373
27.67763 53.877797
BRUSH(1,0)
REGION 1
9
27.677448 53.876431
27.678996 53.876753
27.679192 53.876397
27.679032 53.876353
27.679273 53.875992
27.679422 53.876034
27.679621 53.875689
27.678127 53.87536
27.677448 53.876431
BRUSH(1,0)
REGION 1
14
27.677775 53.879538
27.679433 53.880324
27.679643 53.880099
27.679723 53.88015
27.679592 53.880236
27.679502 53.880362
27.680069 53.880622
27.68038 53.880083
27.679255 53.879871
27.679296 53.879797
27.680402 53.880029
27.68056 53.879736
27.677967 53.879189
27.677775 53.879538
BRUSH(1,0)
REGION 1
5
27.678042 53.879103
27.680597 53.879655
27.680845 53.879238
27.678301 53.878674
27.678042 53.879103
BRUSH(1,0)
REGION 1
5
27.678376 53.878597
27.680908 53.87912
27.681133 53.87869
27.678612 53.878178
27.678376 53.878597
BRUSH(1,0)
REGION 1
7
27.678671 53.878036
27.67946 53.878209
27.679774 53.877614
27.680108 53.877124
27.679292 53.876956
27.678974 53.877522
27.678671 53.878036
BRUSH(1,0)
REGION 1
6
27.679545 53.878251
27.680257 53.87838
27.680848 53.877271
27.680203 53.877133
27.679852 53.877719
27.679545 53.878251
BRUSH(1,0)
REGION 1
6
27.680429 53.878442
27.681192 53.878606
27.681543 53.877975
27.681843 53.87747
27.681027 53.877315
27.680429 53.878442
BRUSH(1,0)
REGION 1
5
27.680196 53.880691
27.680873 53.881
27.681411 53.879913
27.68069 53.879751
27.680196 53.880691
BRUSH(1,0)
REGION 1
5
27.681281 53.878712
27.680757 53.879697
27.68147 53.879825
27.682017 53.878858
27.681281 53.878712
BRUSH(1,0)
REGION 1
6
27.681329 53.878639
27.682076 53.878777
27.682708 53.877643
27.681995 53.877496
27.681663 53.878098
27.681329 53.878639
BRUSH(1,0)
REGION 1
5
27.681109 53.877227
27.681925 53.877388
27.682515 53.876282
27.681734 53.876126
27.681109 53.877227
BRUSH(1,0)
REGION 1
5
27.682062 53.877415
27.682775 53.877561
27.683392 53.876479
27.68266 53.876296
27.682062 53.877415
BRUSH(1,0)
REGION 1
16
27.675587 53.874075
27.676509 53.874234
27.676787 53.873827
27.676854 53.873721
27.677164 53.873162
27.67749 53.872619
27.677641 53.872339
27.677306 53.872289
27.677266 53.872379
27.677165 53.872486
27.6771 53.872486
27.67699 53.872448
27.676834 53.872436
27.676723 53.872443
27.676603 53.872482
27.675587 53.874075
BRUSH(1,0)
REGION 1
6
27.676472 53.874769
27.677192 53.874909
27.677518 53.874372
27.677873 53.873783
27.677107 53.87363
27.676472 53.874769
BRUSH(1,0)
REGION 1
6
27.677318 53.874921
27.678114 53.875068
27.678719 53.873945
27.677995 53.873798
27.677639 53.874364
27.677318 53.874921
BRUSH(1,0)
REGION 1
5
27.677171 53.873553
27.677906 53.873709
27.678575 53.872507
27.677839 53.872361
27.677171 53.873553
BRUSH(1,0)
REGION 1
7
27.678006 53.873738
27.678794 53.873875
27.679064 53.873363
27.679463 53.872707
27.678697 53.872538
27.678502 53.872921
27.678006 53.873738
BRUSH(1,0)
REGION 1
12
27.679826 53.875404
27.680074 53.875034
27.679808 53.874998
27.679841 53.874946
27.67951 53.874896
27.679417 53.87482
27.679351 53.874724
27.679327 53.874625
27.679642 53.87412
27.678929 53.873973
27.678271 53.875098
27.679826 53.875404
BRUSH(1,0)
REGION 1
10
27.678974 53.873912
27.679683 53.874052
27.679909 53.873734
27.680084 53.873524
27.680327 53.873462
27.680906 53.873587
27.681164 53.873102
27.679632 53.872802
27.679469 53.87306
27.678974 53.873912
BRUSH(1,0)
REGION 1
8
27.680156 53.874908
27.680835 53.873668
27.680343 53.873554
27.680207 53.873586
27.679608 53.874412
27.679491 53.874637
27.679584 53.874803
27.680156 53.874908
BRUSH(1,0)
REGION 1
8
27.680165 53.87547
27.681698 53.875796
27.682383 53.874704
27.681636 53.874524
27.681291 53.875075
27.681003 53.875146
27.680405 53.875017
27.680165 53.87547
BRUSH(1,0)
REGION 1
7
27.68048 53.87496
27.681124 53.875078
27.681484 53.874545
27.681813 53.87395
27.681754 53.873836
27.681163 53.873697
27.68048 53.87496
BRUSH(1,0)
REGION 1
10
27.681707 53.874452
27.682446 53.874616
27.682768 53.874021
27.683037 53.873534
27.681507 53.873154
27.681234 53.873632
27.681707 53.873735
27.681945 53.873902
27.681969 53.873983
27.681707 53.874452
BRUSH(1,0)
REGION 1
5
27.681889 53.875867
27.68264 53.876031
27.683306 53.874895
27.682578 53.874739
27.681889 53.875867
BRUSH(1,0)
REGION 1
5
27.682759 53.876064
27.683475 53.876211
27.684194 53.875067
27.683489 53.874912
27.682759 53.876064
BRUSH(1,0)
REGION 1
5
27.682652 53.87466
27.683346 53.874814
27.684035 53.873713
27.683296 53.873569
27.682652 53.87466
BRUSH(1,0)
REGION 1
6
27.683507 53.874849
27.684288 53.874995
27.684497 53.874517
27.684882 53.873895
27.684142 53.873739
27.683507 53.874849
BRUSH(1,0)
REGION 1
8
27.679721 53.872629
27.680464 53.872753
27.680807 53.872128
27.680406 53.871528
27.679645 53.871694
27.679993 53.872101
27.679994 53.872164
27.679721 53.872629
BRUSH(1,0)
REGION 1
10
27.68059 53.87279
27.681352 53.872921
27.681728 53.872258
27.681753 53.872148
27.681739 53.87199
27.681242 53.871332
27.680527 53.871503
27.680923 53.872044
27.680899 53.872195
27.68059 53.87279
BRUSH(1,0)
REGION 1
5
27.681573 53.872985
27.682381 53.873115
27.682943 53.872168
27.682088 53.872173
27.681573 53.872985
BRUSH(1,0)
REGION 1
5
27.682086 53.872038
27.682861 53.872025
27.682549 53.871534
27.681788 53.871689
27.682086 53.872038
BRUSH(1,0)
REGION 1
6
27.682491 53.873155
27.683197 53.873311
27.683738 53.87249
27.683927 53.872154
27.683068 53.872158
27.682491 53.873155
BRUSH(1,0)
REGION 1
5
27.682982 53.872033
27.683841 53.872003
27.683077 53.870855
27.682347 53.871025
27.682982 53.872033
BRUSH(1,0)
REGION 1
5
27.683391 53.873359
27.684169 53.873505
27.684964 53.872139
27.68412 53.872134
27.683391 53.873359
BRUSH(1,0)
REGION 1
6
27.684076 53.872011
27.684878 53.871989
27.684396 53.871306
27.684013 53.870656
27.683229 53.870811
27.684076 53.872011
BRUSH(1,0)
REGION 1
5
27.68428 53.873547
27.685004 53.873669
27.685917 53.872118
27.685073 53.872104
27.68428 53.873547
BRUSH(1,0)
REGION 1
7
27.68503 53.871988
27.68593 53.871983
27.685278 53.87115
27.684838 53.870476
27.684122 53.870622
27.684622 53.871448
27.68503 53.871988
BRUSH(1,0)
REGION 1
7
27.67668 53.872075
27.67725 53.872105
27.677602 53.872007
27.677228 53.87146
27.676956 53.871033
27.676146 53.871242
27.67668 53.872075
BRUSH(1,0)
REGION 1
5
27.676103 53.871152
27.676901 53.870952
27.676286 53.870016
27.675446 53.870216
27.676103 53.871152
BRUSH(1,0)
REGION 1
5
27.675364 53.87012
27.676208 53.869904
27.675523 53.868894
27.674653 53.869128
27.675364 53.87012
BRUSH(1,0)
REGION 1
5
27.677773 53.871995
27.678556 53.871797
27.677886 53.870789
27.677099 53.870989
27.677773 53.871995
BRUSH(1,0)
REGION 1
6
27.678689 53.871785
27.679416 53.87161
27.679104 53.87116
27.678769 53.870602
27.678019 53.870779
27.678689 53.871785
BRUSH(1,0)
REGION 1
6
27.677064 53.870913
27.677836 53.87072
27.677525 53.870274
27.67716 53.869775
27.676418 53.869975
27.677064 53.870913
BRUSH(1,0)
REGION 1
5
27.677976 53.870688
27.678669 53.87052
27.678023 53.869575
27.67727 53.869752
27.677976 53.870688
BRUSH(1,0)
REGION 1
5
27.67639 53.869847
27.677892 53.869472
27.677551 53.869029
27.676036 53.86937
27.67639 53.869847
BRUSH(1,0)
REGION 1
5
27.676013 53.869312
27.677473 53.868937
27.67718 53.868444
27.675659 53.868837
27.676013 53.869312
BRUSH(1,0)
REGION 1
5
27.679612 53.871528
27.680312 53.871365
27.679639 53.870402
27.678912 53.870554
27.679612 53.871528
BRUSH(1,0)
REGION 1
6
27.680403 53.871346
27.681118 53.871138
27.680743 53.870517
27.68012 53.870293
27.679772 53.870372
27.680403 53.871346
BRUSH(1,0)
REGION 1
8
27.680284 53.869861
27.679794 53.869151
27.678416 53.869478
27.679654 53.869918
27.679952 53.86998
27.680092 53.869986
27.680217 53.869947
27.680284 53.869861
BRUSH(1,0)
REGION 1
5
27.678138 53.869441
27.679747 53.869066
27.679416 53.868528
27.677808 53.868953
27.678138 53.869441
BRUSH(1,0)
REGION 1
6
27.677765 53.868888
27.679377 53.868463
27.679271 53.868291
27.6786 53.868131
27.6774 53.868389
27.677765 53.868888
BRUSH(1,0)
REGION 1
5
27.681364 53.871073
27.682083 53.870885
27.681414 53.869965
27.680726 53.870137
27.681364 53.871073
BRUSH(1,0)
REGION 1
5
27.680656 53.870048
27.681382 53.869866
27.680733 53.868946
27.680033 53.869094
27.680656 53.870048
BRUSH(1,0)
REGION 1
5
27.682219 53.870853
27.682881 53.870676
27.682296 53.869737
27.681573 53.869928
27.682219 53.870853
BRUSH(1,0)
REGION 1
5
27.681522 53.869834
27.682249 53.869663
27.681771 53.868963
27.681013 53.86912
27.681522 53.869834
BRUSH(1,0)
REGION 1
6
27.68312 53.870632
27.683877 53.870457
27.683512 53.870018
27.683223 53.869525
27.682508 53.869689
27.68312 53.870632
BRUSH(1,0)
REGION 1
5
27.682476 53.869613
27.683146 53.869452
27.68266 53.86874
27.682002 53.868916
27.682476 53.869613
BRUSH(1,0)
REGION 1
5
27.683983 53.870452
27.684709 53.87027
27.684098 53.869318
27.683326 53.869507
27.683983 53.870452
BRUSH(1,0)
REGION 1
5
27.683267 53.869422
27.684051 53.869247
27.683575 53.868507
27.682785 53.868705
27.683267 53.869422
BRUSH(1,0)
REGION 1
5
27.676682 53.863655
27.677295 53.863272
27.676987 53.862977
27.67625 53.863208
27.676682 53.863655
BRUSH(1,0)
REGION 1
20
27.673024 53.865806
27.673887 53.865363
27.674433 53.865036
27.675248 53.864721
27.675403 53.864642
27.67539 53.864588
27.675332 53.86448
27.6756 53.864378
27.676618 53.863693
27.676097 53.863175
27.67691 53.862927
27.676356 53.862265
27.672797 53.863247
27.66982 53.864014
27.671104 53.864746
27.671172 53.86471
27.67147 53.864859
27.671418 53.864913
27.672 53.865205
27.673024 53.865806
BRUSH(1,0)
REGION 1
32
27.677388 53.863365
27.676414 53.863973
27.675628 53.864474
27.675466 53.864561
27.67552 53.864641
27.67554 53.864702
27.675405 53.864761
27.674589 53.86506
27.673889 53.865462
27.673135 53.865866
27.673702 53.866153
27.67496 53.866921
27.677322 53.868279
27.678507 53.868028
27.679446 53.868261
27.679894 53.869004
27.680492 53.868846
27.680778 53.868923
27.6813 53.868749
27.683263 53.868201
27.682429 53.867127
27.682629 53.867063
27.682244 53.866535
27.682127 53.866553
27.681507 53.865815
27.681501 53.865676
27.681488 53.865541
27.68132 53.865306
27.681039 53.865058
27.680767 53.864884
27.678628 53.863968
27.677388 53.863365
BRUSH(1,0)
REGION 1
32
27.676867 53.862355
27.677126 53.862634
27.677443 53.862981
27.677716 53.863195
27.678038 53.863357
27.67813 53.863438
27.680613 53.864559
27.681444 53.864961
27.682623 53.866447
27.683477 53.867555
27.685292 53.870103
27.685182 53.870121
27.68531 53.870258
27.6873 53.869729
27.689593 53.869182
27.689903 53.869076
27.690151 53.868936
27.690297 53.868773
27.690399 53.86853
27.690384 53.868314
27.690294 53.868153
27.688855 53.866558
27.685678 53.862971
27.685427 53.862723
27.68504 53.862518
27.684738 53.862385
27.682944 53.86206
27.680707 53.861632
27.680246 53.861571
27.679977 53.861575
27.679382 53.861659
27.676867 53.862355
BRUSH(1,0)
REGION 1
36
27.685336 53.873789
27.687013 53.874089
27.690185 53.87475
27.690565 53.874764
27.692082 53.875045
27.692014 53.874365
27.692023 53.874203
27.692211 53.873878
27.692362 53.87358
27.692534 53.873368
27.692727 53.873104
27.692869 53.872957
27.692984 53.872822
27.693 53.872633
27.693061 53.872365
27.693062 53.872201
27.693034 53.871877
27.692977 53.87168
27.692864 53.871528
27.692783 53.871393
27.692603 53.871127
27.692467 53.870898
27.692246 53.870668
27.69205 53.870521
27.691656 53.870348
27.691187 53.870216
27.690722 53.87013
27.690307 53.870097
27.689855 53.870084
27.688912 53.870289
27.686062 53.870973
27.686003 53.871056
27.686327 53.871607
27.686425 53.871834
27.685924 53.872781
27.685336 53.873789
BRUSH(1,0)
REGION 1
20
27.68085 53.881901
27.682993 53.882878
27.683743 53.883168
27.684318 53.883228
27.684785 53.883183
27.685314 53.883011
27.69224 53.878434
27.692322 53.878328
27.692361 53.878179
27.692359 53.878013
27.692057 53.875113
27.69065 53.874826
27.690159 53.874809
27.685421 53.873869
27.685359 53.873995
27.685168 53.873954
27.685002 53.874249
27.68515 53.874269
27.682792 53.878361
27.68085 53.881901
BRUSH(1,0)
REGION 1
13
27.64136 53.875633
27.642282 53.877042
27.642282 53.877044
27.64238 53.877196
27.643771 53.876755
27.644581 53.876515
27.645825 53.876144
27.6444 53.874592
27.643308 53.875004
27.644185 53.875984
27.644102 53.875998
27.64324 53.875018
27.64136 53.875633
BRUSH(1,0)
REGION 1
30
27.641279 53.875523
27.644367 53.874455
27.644965 53.875038
27.644961 53.87504
27.645243 53.875324
27.645383 53.875279
27.645491 53.875402
27.645397 53.875434
27.645976 53.876069
27.646434 53.875912
27.64643 53.875909
27.646569 53.875861
27.646574 53.875864
27.647318 53.875603
27.647504 53.875602
27.648481 53.875575
27.648859 53.872509
27.648791 53.872509
27.648876 53.871122
27.648286 53.871103
27.648285 53.870945
27.648195 53.870811
27.647394 53.870615
27.646303 53.871091
27.646266 53.871136
27.645545 53.871452
27.645436 53.871273
27.642122 53.872745
27.6399 53.873539
27.641279 53.875523
BRUSH(1,0)
REGION 1
24
27.647691 53.877667
27.647969 53.877257
27.648101 53.876604
27.648294 53.87578
27.647602 53.875784
27.647352 53.875821
27.646993 53.87594
27.645038 53.876593
27.643321 53.877155
27.642493 53.877405
27.642509 53.877432
27.643424 53.878647
27.643885 53.879225
27.644079 53.879496
27.644093 53.879415
27.644341 53.87924
27.64463 53.87952
27.644967 53.879165
27.64517 53.878993
27.645416 53.878711
27.646601 53.878161
27.646598 53.878017
27.647147 53.877832
27.647691 53.877667
BRUSH(1,0)
REGION 1
11
27.639722 53.867266
27.64112 53.868536
27.642246 53.868096
27.641248 53.867182
27.641309 53.867181
27.642329 53.868071
27.643699 53.867475
27.642322 53.866333
27.642114 53.866411
27.642053 53.866359
27.639722 53.867266
BRUSH(1,0)
REGION 1
18
27.643314 53.866863
27.643884 53.867372
27.645425 53.866775
27.645529 53.866878
27.644015 53.867473
27.644797 53.868184
27.645898 53.869176
27.646725 53.869861
27.64764 53.869549
27.647471 53.869397
27.647637 53.869344
27.647423 53.869015
27.648463 53.868701
27.64861 53.868624
27.64865 53.868496
27.648665 53.868291
27.64589 53.865854
27.643314 53.866863
BRUSH(1,0)
REGION 1
15
27.640604 53.864751
27.639274 53.865248
27.639168 53.865296
27.639226 53.865376
27.639499 53.865573
27.639637 53.865671
27.639683 53.865682
27.63982 53.865721
27.641901 53.866149
27.64209 53.866085
27.640973 53.865037
27.6407 53.865121
27.640597 53.865048
27.640869 53.864956
27.640604 53.864751
BRUSH(1,0)
REGION 1
15
27.649425 53.869818
27.649975 53.870527
27.652389 53.869824
27.65245 53.86986
27.65297 53.869749
27.652567 53.869289
27.651515 53.869544
27.651599 53.869626
27.651557 53.869627
27.651493 53.86958
27.651455 53.869591
27.651285 53.869414
27.650271 53.869658
27.650209 53.869598
27.649425 53.869818
BRUSH(1,0)
REGION 1
15
27.638541 53.862723
27.639954 53.863972
27.640028 53.863866
27.640065 53.863783
27.64057 53.863551
27.641375 53.863232
27.641804 53.862998
27.64186 53.862894
27.641859 53.862831
27.641838 53.862685
27.641741 53.86256
27.640863 53.861769
27.640338 53.861981
27.639662 53.862276
27.638541 53.862723
BRUSH(1,0)
REGION 1
19
27.643679 53.861878
27.643723 53.86152
27.644241 53.861594
27.644272 53.861373
27.644888 53.861429
27.645033 53.860756
27.643832 53.860686
27.644272 53.859132
27.64385 53.85911
27.64386 53.859033
27.643719 53.859025
27.643709 53.859111
27.643454 53.859087
27.643293 53.859717
27.642885 53.861619
27.643005 53.861762
27.643086 53.861831
27.643228 53.861932
27.643679 53.861878
BRUSH(1,0)
REGION 1
10
27.643267 53.862028
27.647917 53.866007
27.64814 53.865938
27.647862 53.864906
27.647321 53.863625
27.647252 53.863524
27.646625 53.862494
27.646278 53.861695
27.645375 53.861768
27.643267 53.862028
BRUSH(1,0)
REGION 1
25
27.649378 53.868636
27.649345 53.868735
27.649468 53.868817
27.649305 53.86938
27.65098 53.868908
27.650899 53.868821
27.651048 53.86878
27.650942 53.868659
27.651825 53.868414
27.652062 53.868322
27.652288 53.868202
27.652431 53.867866
27.653132 53.866256
27.653604 53.865021
27.654405 53.863363
27.653435 53.863249
27.653661 53.862807
27.65281 53.862805
27.652515 53.863395
27.651785 53.863316
27.651478 53.863877
27.651249 53.863843
27.650915 53.864867
27.649863 53.867588
27.649378 53.868636
BRUSH(1,0)
REGION 1
13
27.654016 53.864675
27.652564 53.868144
27.652535 53.868214
27.652632 53.868254
27.654488 53.867748
27.654424 53.867692
27.657771 53.866802
27.657105 53.865947
27.656705 53.865436
27.656539 53.86523
27.656409 53.865092
27.656308 53.865036
27.654016 53.864675
BRUSH(1,0)
REGION 1
6
27.656392 53.864833
27.656421 53.862992
27.654849 53.862989
27.654101 53.864565
27.655875 53.864827
27.656392 53.864833
BRUSH(1,0)
REGION 1
7
27.662102 53.8656
27.661668 53.865048
27.658679 53.865064
27.656616 53.865075
27.657972 53.866742
27.660566 53.866007
27.662102 53.8656
BRUSH(1,0)
REGION 1
5
27.656732 53.864865
27.66029 53.864855
27.660273 53.86374
27.656714 53.863759
27.656732 53.864865
BRUSH(1,0)
REGION 1
5
27.656773 53.863685
27.661651 53.86367
27.661639 53.862946
27.656762 53.862972
27.656773 53.863685
BRUSH(1,0)
REGION 1
9
27.660442 53.864854
27.661016 53.864867
27.661013 53.864707
27.66156 53.864704
27.661551 53.864104
27.661619 53.864104
27.661614 53.863733
27.660425 53.863739
27.660442 53.864854
BRUSH(1,0)
REGION 1
10
27.662334 53.865563
27.667751 53.864118
27.66775 53.864048
27.667645 53.863896
27.667423 53.863807
27.667039 53.863766
27.661872 53.863709
27.661855 53.864347
27.661896 53.865026
27.662334 53.865563
BRUSH(1,0)
REGION 1
6
27.661885 53.863572
27.664548 53.863582
27.664572 53.862968
27.664166 53.862964
27.661875 53.862972
27.661885 53.863572
BRUSH(1,0)
REGION 1
12
27.664726 53.863586
27.666531 53.863596
27.667455 53.863643
27.667741 53.863726
27.667838 53.863829
27.668008 53.864049
27.668576 53.863888
27.668381 53.863566
27.668092 53.863347
27.667159 53.862963
27.664789 53.862956
27.664726 53.863586
BRUSH(1,0)
REGION 1
8
27.652912 53.869172
27.653306 53.869629
27.655531 53.86903
27.657849 53.868381
27.657418 53.86781
27.653192 53.868971
27.653297 53.869078
27.652912 53.869172
BRUSH(1,0)
REGION 1
5
27.656759 53.869387
27.658363 53.868985
27.657991 53.868502
27.656377 53.868926
27.656759 53.869387
BRUSH(1,0)
REGION 1
8
27.657593 53.870507
27.658607 53.870211
27.659185 53.870033
27.658417 53.869035
27.658043 53.86912
27.656813 53.869425
27.657123 53.869849
27.657593 53.870507
BRUSH(1,0)
REGION 1
6
27.658596 53.871753
27.660106 53.871365
27.660039 53.871199
27.659341 53.8703
27.657753 53.870688
27.658596 53.871753
BRUSH(1,0)
REGION 1
7
27.659041 53.872264
27.659454 53.872153
27.659721 53.871986
27.659924 53.871854
27.659404 53.871666
27.658723 53.871861
27.659041 53.872264
BRUSH(1,0)
REGION 1
12
27.659172 53.872391
27.659941 53.87343
27.660613 53.87319
27.661036 53.87301
27.66124 53.872897
27.661453 53.872698
27.661644 53.872512
27.660086 53.871984
27.659965 53.872065
27.659861 53.872129
27.659597 53.872265
27.659172 53.872391
BRUSH(1,0)
REGION 1
12
27.660228 53.871848
27.661859 53.872397
27.662255 53.871961
27.662358 53.871742
27.66238 53.871443
27.662358 53.871041
27.662063 53.870638
27.660255 53.871133
27.660404 53.871362
27.66037 53.871454
27.660346 53.87162
27.660228 53.871848
BRUSH(1,0)
REGION 1
11
27.661864 53.870562
27.66077 53.869085
27.659895 53.868038
27.659744 53.868077
27.658356 53.868446
27.658638 53.868788
27.658767 53.86877
27.658856 53.868877
27.658576 53.868969
27.660067 53.871024
27.661864 53.870562
BRUSH(1,0)
REGION 1
9
27.661404 53.869553
27.662778 53.869231
27.663993 53.869148
27.663985 53.868661
27.664647 53.867713
27.663629 53.8675
27.663257 53.867069
27.660095 53.867965
27.661404 53.869553
BRUSH(1,0)
REGION 1
5
27.659899 53.867806
27.663152 53.866896
27.662718 53.866328
27.659446 53.867251
27.659899 53.867806
BRUSH(1,0)
REGION 1
5
27.663341 53.866855
27.665361 53.866264
27.664843 53.865716
27.662857 53.866273
27.663341 53.866855
BRUSH(1,0)
REGION 1
11
27.6634 53.866967
27.663752 53.867369
27.663817 53.867394
27.664641 53.867578
27.664689 53.867506
27.664758 53.86753
27.665316 53.866552
27.665315 53.866504
27.66525 53.866469
27.665132 53.86647
27.6634 53.866967
BRUSH(1,0)
REGION 1
22
27.671035 53.864938
27.669736 53.864221
27.668968 53.864448
27.666645 53.86507
27.666595 53.865259
27.666571 53.865394
27.666568 53.865441
27.666796 53.865476
27.667342 53.865441
27.667479 53.865443
27.667682 53.865523
27.66781 53.865684
27.668023 53.865926
27.668265 53.866122
27.668443 53.866114
27.668565 53.866111
27.668833 53.866488
27.669002 53.866608
27.669139 53.866648
27.669405 53.866381
27.670099 53.865831
27.671035 53.864938
BRUSH(1,0)
REGION 1
5
27.66728 53.866078
27.66784 53.866133
27.667385 53.865495
27.666912 53.865581
27.66728 53.866078
BRUSH(1,0)
REGION 1
12
27.651409 53.888607
27.652365 53.889056
27.653289 53.889103
27.653324 53.888676
27.6525 53.888608
27.652462 53.888375
27.652645 53.887913
27.652848 53.887622
27.653681 53.887831
27.653986 53.887387
27.652688 53.886987
27.651409 53.888607
BRUSH(1,0)
REGION 1
7
27.653465 53.88912
27.655701 53.889211
27.656017 53.887944
27.654107 53.887413
27.653784 53.887884
27.653431 53.88863
27.653465 53.88912
BRUSH(1,0)
REGION 1
6
27.655851 53.889251
27.656732 53.889316
27.657081 53.888004
27.656176 53.887923
27.656077 53.888418
27.655851 53.889251
BRUSH(1,0)
REGION 1
5
27.656873 53.889338
27.6577 53.889403
27.658033 53.888098
27.657206 53.888003
27.656873 53.889338
BRUSH(1,0)
REGION 1
9
27.6528 53.886862
27.653304 53.887004
27.654629 53.887397
27.656048 53.887803
27.656222 53.887251
27.656069 53.887231
27.654344 53.886762
27.653141 53.886409
27.6528 53.886862
BRUSH(1,0)
REGION 1
10
27.656158 53.887818
27.657998 53.88799
27.658134 53.887935
27.658237 53.88782
27.658276 53.887631
27.658172 53.887497
27.656562 53.887321
27.656504 53.887537
27.656218 53.887509
27.656158 53.887818
BRUSH(1,0)
REGION 1
9
27.653217 53.8863
27.654908 53.886779
27.656205 53.887125
27.656408 53.886544
27.656119 53.886489
27.655309 53.886229
27.654561 53.886019
27.653646 53.885765
27.653217 53.8863
BRUSH(1,0)
REGION 1
14
27.656304 53.887158
27.656928 53.887213
27.657777 53.887272
27.657804 53.886988
27.65788 53.886995
27.657855 53.887121
27.65793 53.887125
27.657903 53.887278
27.658344 53.887332
27.658498 53.886753
27.656702 53.886585
27.656668 53.886869
27.656386 53.886845
27.656304 53.887158
BRUSH(1,0)
REGION 1
5
27.653766 53.885695
27.655112 53.886043
27.655268 53.885265
27.654166 53.885257
27.653766 53.885695
BRUSH(1,0)
REGION 1
5
27.655236 53.886092
27.65645 53.886449
27.656621 53.885806
27.655297 53.885705
27.655236 53.886092
BRUSH(1,0)
REGION 1
5
27.655327 53.885644
27.656642 53.885689
27.656746 53.885254
27.65542 53.885248
27.655327 53.885644
BRUSH(1,0)
REGION 1
9
27.656559 53.886458
27.656829 53.886483
27.657709 53.886555
27.658542 53.886636
27.658658 53.886033
27.658087 53.885962
27.657257 53.885863
27.656709 53.885807
27.656559 53.886458
BRUSH(1,0)
REGION 1
5
27.658683 53.885911
27.658804 53.885403
27.656833 53.885265
27.656715 53.885702
27.658683 53.885911
BRUSH(1,0)
REGION 1
5
27.655175 53.884366
27.65493 53.884592
27.655374 53.884713
27.655591 53.884478
27.655175 53.884366
BRUSH(1,0)
REGION 1
18
27.655832 53.885133
27.656622 53.885134
27.656777 53.884476
27.656901 53.884233
27.65714 53.883935
27.65738 53.883666
27.657649 53.883474
27.658508 53.882988
27.657847 53.882524
27.656804 53.883294
27.656442 53.883521
27.656216 53.883706
27.656139 53.883815
27.656046 53.884238
27.655821 53.88423
27.655717 53.884621
27.655938 53.884634
27.655832 53.885133
BRUSH(1,0)
REGION 1
21
27.656858 53.885119
27.658836 53.885277
27.65904 53.884455
27.658504 53.884402
27.658428 53.884652
27.657834 53.884594
27.657939 53.884286
27.658134 53.884089
27.658775 53.883715
27.658609 53.884347
27.659081 53.884392
27.65921 53.883782
27.659209 53.883593
27.659131 53.883432
27.658677 53.883075
27.657931 53.883495
27.657581 53.883712
27.657359 53.8839
27.657136 53.8842
27.656985 53.88452
27.656858 53.885119
BRUSH(1,0)
REGION 1
10
27.659263 53.882334
27.658963 53.882165
27.658664 53.882003
27.65834 53.882211
27.657945 53.882452
27.658305 53.882652
27.658727 53.882859
27.658798 53.8828
27.658959 53.882644
27.659263 53.882334
BRUSH(1,0)
REGION 1
13
27.659609 53.883625
27.660025 53.883234
27.659787 53.883098
27.659197 53.882775
27.658831 53.88298
27.659101 53.883122
27.659214 53.88318
27.659144 53.883223
27.659217 53.883324
27.659279 53.883398
27.659414 53.883525
27.659506 53.883572
27.659609 53.883625
BRUSH(1,0)
REGION 1
7
27.659178 53.882548
27.660216 53.883069
27.660864 53.882443
27.660031 53.882081
27.659896 53.882043
27.659646 53.882119
27.659178 53.882548
BRUSH(1,0)
REGION 1
5
27.659711 53.881887
27.659981 53.881641
27.659519 53.881483
27.65923 53.881705
27.659711 53.881887
BRUSH(1,0)
REGION 1
7
27.660303 53.882041
27.660601 53.882138
27.660774 53.882023
27.661129 53.882158
27.661292 53.881908
27.660766 53.881701
27.660303 53.882041
BRUSH(1,0)
REGION 1
7
27.653727 53.870134
27.654533 53.869901
27.654859 53.870286
27.656685 53.869774
27.656062 53.86902
27.653392 53.869756
27.653727 53.870134
BRUSH(1,0)
REGION 1
7
27.668436 53.877933
27.668772 53.878084
27.669328 53.877665
27.668666 53.877354
27.66829 53.877617
27.668638 53.877781
27.668436 53.877933
BRUSH(1,0)
REGION 1
15
27.674572 53.869018
27.675404 53.868793
27.675384 53.868713
27.675256 53.868563
27.675025 53.868377
27.674841 53.868257
27.674981 53.868243
27.675612 53.868734
27.676172 53.868585
27.674719 53.867741
27.674137 53.867735
27.67406 53.867904
27.674074 53.868041
27.674086 53.868338
27.674572 53.869018
BRUSH(1,0)
REGION 1
9
27.652769 53.874819
27.653057 53.875179
27.6534 53.875083
27.65346 53.875164
27.6531 53.875233
27.653332 53.875565
27.653873 53.875425
27.653296 53.874655
27.652769 53.874819
BRUSH(1,0)
REGION 1
5
27.654456 53.875273
27.656901 53.874604
27.656258 53.873841
27.653809 53.874499
27.654456 53.875273
BRUSH(1,0)
REGION 1
11
27.660929 53.883645
27.661085 53.883709
27.661126 53.883675
27.661241 53.883744
27.661294 53.883686
27.66142 53.883759
27.661627 53.88361
27.661569 53.883583
27.661682 53.883504
27.661319 53.883339
27.660929 53.883645
BRUSH(1,0)
REGION 1
15
27.661029 53.885265
27.661107 53.885125
27.661149 53.885134
27.661212 53.885017
27.661193 53.885012
27.661386 53.884719
27.660847 53.884531
27.660785 53.884632
27.660841 53.884664
27.66065 53.884804
27.660883 53.884893
27.66082 53.88501
27.660683 53.884977
27.660613 53.885146
27.661029 53.885265
BRUSH(1,0)
REGION 1
5
27.661545 53.884419
27.6619 53.88457
27.662155 53.884346
27.661849 53.8842
27.661545 53.884419
BRUSH(1,0)
REGION 1
7
27.66422 53.869122
27.665485 53.869071
27.665529 53.868758
27.665951 53.868034
27.664819 53.867782
27.664235 53.868587
27.66422 53.869122
BRUSH(1,0)
REGION 1
8
27.66914 53.890105
27.671033 53.888906
27.670125 53.888421
27.668725 53.889291
27.668493 53.889551
27.668845 53.889716
27.668677 53.889885
27.66914 53.890105
BRUSH(1,0)
REGION 1
8
27.666411 53.889392
27.666835 53.889513
27.667064 53.889536
27.667109 53.889538
27.667246 53.8895
27.667906 53.888714
27.667394 53.888577
27.666411 53.889392
BRUSH(1,0)
REGION 1
5
27.668134 53.88969
27.668773 53.88895
27.66796 53.888738
27.66746 53.889373
27.668134 53.88969
BRUSH(1,0)
REGION 1
7
27.57707 53.825999
27.57707 53.826008
27.577079 53.82643
27.57716 53.826497
27.577581 53.826461
27.57749 53.825943
27.57707 53.825999
BRUSH(1,0)
REGION 1
15
27.602142 53.847854
27.602134 53.847852
27.602179 53.847546
27.602103 53.847544
27.602085 53.847607
27.601949 53.847601
27.601948 53.847545
27.602001 53.847527
27.602019 53.84721
27.602152 53.847187
27.601975 53.846487
27.601542 53.8465
27.601492 53.84675
27.601629 53.847884
27.602142 53.847854
BRUSH(1,0)
REGION 1
18
27.600894 53.846371
27.600894 53.846378
27.600895 53.846404
27.600866 53.846539
27.600897 53.846566
27.601076 53.846577
27.601353 53.846616
27.601421 53.846579
27.601502 53.84639
27.601608 53.846093
27.601589 53.846039
27.601459 53.845981
27.601322 53.845996
27.601239 53.846041
27.601172 53.846147
27.601136 53.846309
27.601072 53.846356
27.600894 53.846371
BRUSH(1,0)
REGION 1
7
27.600925 53.845831
27.600913 53.845845
27.601754 53.845933
27.601804 53.845656
27.602367 53.844361
27.601457 53.844228
27.600925 53.845831
BRUSH(1,0)
REGION 1
11
27.593089 53.8496
27.593089 53.849606
27.593308 53.849252
27.593738 53.849295
27.59398 53.848937
27.593614 53.848817
27.593139 53.848849
27.592869 53.848843
27.592216 53.84888
27.59187 53.849365
27.593089 53.8496
BRUSH(1,0)
REGION 1
19
27.581441 53.848114
27.581445 53.848114
27.58204 53.848005
27.583599 53.847492
27.584321 53.847198
27.586174 53.845764
27.588511 53.843829
27.588454 53.843789
27.588063 53.84357
27.587559 53.843375
27.587377 53.843363
27.587107 53.843407
27.586798 53.843572
27.584901 53.844905
27.583609 53.845694
27.583481 53.845814
27.581481 53.84708
27.581189 53.847131
27.581441 53.848114
BRUSH(1,0)
REGION 1
18
27.58104 53.847082
27.581051 53.847082
27.581241 53.84707
27.58148 53.847017
27.583371 53.845807
27.583532 53.845658
27.58484 53.844888
27.583254 53.843909
27.579549 53.846087
27.580331 53.846623
27.582574 53.845283
27.581992 53.844942
27.582097 53.844879
27.583246 53.845527
27.583151 53.845584
27.582746 53.845366
27.580477 53.846712
27.58104 53.847082
BRUSH(1,0)
REGION 1
12
27.579647 53.846352
27.579636 53.846361
27.57927 53.846551
27.580585 53.847464
27.579872 53.847811
27.580414 53.848281
27.580558 53.848271
27.581013 53.848186
27.581164 53.848079
27.581241 53.847917
27.581023 53.84723
27.579647 53.846352
BRUSH(1,0)
REGION 1
6
27.579191 53.846601
27.579191 53.846599
27.578617 53.846872
27.579772 53.847742
27.580464 53.847445
27.579191 53.846601
BRUSH(1,0)
REGION 1
11
27.578908 53.849909
27.578924 53.849908
27.579562 53.849667
27.579121 53.849299
27.578987 53.849263
27.578846 53.849264
27.578578 53.849351
27.578469 53.849428
27.578519 53.849481
27.578383 53.849547
27.578908 53.849909
BRUSH(1,0)
REGION 1
11
27.584196 53.843345
27.584196 53.843351
27.583295 53.843853
27.584893 53.844831
27.585916 53.8441
27.586989 53.843371
27.586629 53.843121
27.584878 53.844283
27.584303 53.84392
27.584747 53.843643
27.584196 53.843345
BRUSH(1,0)
REGION 1
10
27.630461 53.841669
27.630089 53.841689
27.63012 53.84197
27.630048 53.842009
27.629988 53.842054
27.630036 53.842215
27.630136 53.84232
27.63027 53.842371
27.630585 53.842356
27.630461 53.841669
BRUSH(1,0)
REGION 1
5
27.627333 53.842041
27.627344 53.842043
27.628196 53.842655
27.628027 53.841974
27.627333 53.842041
BRUSH(1,0)
REGION 1
10
27.632164 53.839619
27.632164 53.839613
27.632156 53.838307
27.631434 53.8383
27.631431 53.838356
27.630592 53.838378
27.630335 53.838236
27.629765 53.838183
27.629744 53.839614
27.632164 53.839619
BRUSH(1,0)
REGION 1
10
27.6032 53.837381
27.6032 53.837374
27.603099 53.836125
27.603028 53.835941
27.601287 53.836633
27.601316 53.836828
27.601598 53.836908
27.602148 53.837078
27.602926 53.837315
27.6032 53.837381
BRUSH(1,0)
REGION 1
7
27.604732 53.83771
27.604713 53.837723
27.604674 53.837928
27.605529 53.838205
27.605574 53.8376
27.605093 53.837681
27.604732 53.83771
BRUSH(1,0)
REGION 1
9
27.621656 53.852789
27.621599 53.852526
27.621607 53.852338
27.621854 53.852064
27.621876 53.852031
27.621579 53.851938
27.621405 53.851743
27.620387 53.852319
27.621656 53.852789
BRUSH(1,0)
REGION 1
21
27.616505 53.850034
27.61697 53.849288
27.617044 53.849182
27.616228 53.848968
27.616451 53.848364
27.615963 53.848216
27.615445 53.848145
27.615057 53.848145
27.614828 53.848582
27.614737 53.84885
27.614761 53.848933
27.614869 53.849038
27.61491 53.849047
27.615041 53.848884
27.615086 53.848868
27.615311 53.848917
27.615491 53.848979
27.615346 53.849204
27.615137 53.849459
27.614989 53.849732
27.616505 53.850034
BRUSH(1,0)
REGION 1
64
27.614345 53.849623
27.614533 53.849229
27.614532 53.849145
27.614348 53.849077
27.613826 53.848677
27.613814 53.848623
27.613947 53.848326
27.614043 53.848164
27.614206 53.847898
27.613772 53.847781
27.613372 53.847729
27.613215 53.847945
27.612975 53.848176
27.61269 53.848117
27.612822 53.847786
27.612547 53.847697
27.612621 53.847542
27.611842 53.847292
27.611335 53.847182
27.610375 53.847003
27.608551 53.846698
27.608277 53.84667
27.608141 53.8467
27.607934 53.84713
27.607816 53.847403
27.607724 53.847637
27.608623 53.847778
27.608562 53.848046
27.608897 53.848098
27.609165 53.847416
27.609269 53.84726
27.60965 53.84729
27.609566 53.847522
27.609873 53.847534
27.609944 53.847414
27.610317 53.847446
27.610257 53.847754
27.610637 53.84781
27.611045 53.847887
27.611266 53.847908
27.61141 53.847917
27.611527 53.847849
27.611598 53.847765
27.611735 53.847782
27.611823 53.847818
27.611799 53.84798
27.611421 53.848656
27.611398 53.848683
27.611486 53.848712
27.61151 53.848766
27.611511 53.848873
27.611408 53.849141
27.611378 53.849169
27.612258 53.849299
27.612323 53.849058
27.612343 53.84884
27.612466 53.848707
27.612515 53.848686
27.613292 53.848828
27.613658 53.848867
27.613663 53.848975
27.613554 53.849299
27.613412 53.849468
27.614345 53.849623
BRUSH(1,0)
REGION 1
42
27.60242 53.845974
27.602389 53.845943
27.60238 53.845837
27.602404 53.845648
27.602482 53.845565
27.602619 53.845582
27.603081 53.845701
27.603168 53.845685
27.603262 53.845579
27.603325 53.845475
27.603349 53.845342
27.603319 53.84534
27.602675 53.845227
27.60264 53.845175
27.602747 53.84493
27.602921 53.844605
27.602581 53.844438
27.602444 53.844412
27.602388 53.844496
27.602229 53.84482
27.602126 53.845088
27.601964 53.845439
27.601869 53.845685
27.601852 53.845847
27.60195 53.846316
27.602086 53.846317
27.602258 53.84715
27.602316 53.847523
27.603022 53.847457
27.603043 53.847371
27.602995 53.847209
27.602907 53.846886
27.602831 53.846563
27.602872 53.846509
27.603054 53.846481
27.603037 53.846346
27.603059 53.84629
27.603332 53.846246
27.603312 53.846192
27.60325 53.846087
27.603025 53.846065
27.60242 53.845974
BRUSH(1,0)
REGION 1
18
27.59963 53.84867
27.600861 53.848913
27.601686 53.848663
27.601956 53.848152
27.600525 53.848227
27.600456 53.84822
27.598952 53.848264
27.598166 53.848275
27.597775 53.848886
27.598228 53.848935
27.598414 53.848885
27.598777 53.848806
27.599002 53.848805
27.59923 53.848809
27.599293 53.848759
27.599345 53.848675
27.599482 53.848655
27.59963 53.84867
BRUSH(1,0)
REGION 1
25
27.594144 53.848976
27.594339 53.849031
27.595344 53.849202
27.595901 53.849343
27.595779 53.849638
27.596027 53.849681
27.596229 53.849732
27.596637 53.849793
27.596773 53.849763
27.596894 53.849693
27.597077 53.849474
27.597697 53.84952
27.597863 53.849216
27.597346 53.849178
27.597433 53.849114
27.597896 53.848571
27.597988 53.848354
27.597946 53.848303
27.597718 53.848324
27.59699 53.848407
27.595491 53.848542
27.594667 53.848627
27.594398 53.848685
27.594196 53.848866
27.594144 53.848976
BRUSH(1,0)
REGION 1
27
27.586189 53.846847
27.586465 53.846747
27.586651 53.846724
27.586738 53.846739
27.587122 53.846969
27.587263 53.847031
27.58735 53.84701
27.587622 53.846923
27.58764 53.846789
27.58754 53.846465
27.587483 53.846194
27.587393 53.846005
27.58748 53.845926
27.587575 53.845926
27.587662 53.845928
27.587839 53.845841
27.588069 53.84593
27.588246 53.845855
27.588385 53.845749
27.588425 53.845614
27.58845 53.845452
27.588584 53.845289
27.588426 53.845128
27.588121 53.84475
27.587887 53.844598
27.585572 53.846448
27.586189 53.846847
BRUSH(1,0)
REGION 1
24
27.587428 53.847691
27.587297 53.847557
27.587337 53.847478
27.587389 53.847394
27.587125 53.847214
27.586865 53.847073
27.586734 53.846968
27.586597 53.846955
27.58632 53.846984
27.585519 53.846482
27.584323 53.84741
27.583099 53.847867
27.583434 53.848214
27.583784 53.848523
27.583878 53.848488
27.584119 53.848332
27.584479 53.848202
27.584706 53.848167
27.58504 53.84817
27.585177 53.848116
27.585404 53.848078
27.586408 53.847864
27.587131 53.847706
27.587428 53.847691
BRUSH(1,0)
REGION 1
13
27.58122 53.848337
27.580083 53.848507
27.579947 53.848578
27.579303 53.848716
27.57935 53.848812
27.579511 53.848973
27.579645 53.849035
27.579824 53.849025
27.580647 53.849206
27.580826 53.849241
27.580471 53.848813
27.581358 53.848654
27.58122 53.848337
BRUSH(1,0)
REGION 1
10
27.579272 53.849233
27.578862 53.84874
27.578105 53.848971
27.578163 53.849034
27.577895 53.849143
27.578137 53.849346
27.578538 53.849216
27.578807 53.849172
27.57913 53.849184
27.579272 53.849233
BRUSH(1,0)
REGION 1
12
27.577369 53.847619
27.577385 53.848779
27.577551 53.84896
27.577887 53.848819
27.577636 53.848526
27.577519 53.848313
27.57754 53.848151
27.577526 53.847962
27.577562 53.847852
27.577572 53.847746
27.577476 53.847639
27.577369 53.847619
BRUSH(1,0)
REGION 1
23
27.580232 53.8483
27.579494 53.847658
27.579033 53.847879
27.578806 53.847945
27.578669 53.847939
27.57844 53.847834
27.578715 53.847671
27.578986 53.847796
27.579444 53.847602
27.578523 53.846919
27.577462 53.847486
27.577801 53.847822
27.577609 53.847957
27.57763 53.848063
27.577613 53.848225
27.577614 53.848331
27.577713 53.848328
27.578301 53.848264
27.578438 53.848277
27.578762 53.848386
27.579036 53.848371
27.57981 53.848297
27.580232 53.8483
BRUSH(1,0)
REGION 1
11
27.582282 53.843927
27.581749 53.844177
27.581305 53.843923
27.580792 53.844162
27.580542 53.844233
27.580206 53.844093
27.578341 53.845264
27.579399 53.845982
27.581292 53.844876
27.58263 53.844126
27.582282 53.843927
BRUSH(1,0)
REGION 1
9
27.578842 53.843281
27.578419 53.843472
27.578034 53.8436
27.577501 53.8438
27.578417 53.844448
27.577624 53.844759
27.57823 53.845192
27.580061 53.844039
27.578842 53.843281
BRUSH(1,0)
REGION 1
14
27.588721 53.843911
27.587902 53.84456
27.588005 53.844611
27.588293 53.844825
27.588656 53.845253
27.588894 53.845162
27.588973 53.845078
27.588952 53.844944
27.58897 53.844865
27.589293 53.844591
27.589428 53.844456
27.589404 53.844377
27.5892 53.844189
27.588721 53.843911
BRUSH(1,0)
REGION 1
116
27.588131 53.843543
27.588598 53.843786
27.589627 53.842906
27.592753 53.840349
27.591941 53.839892
27.592036 53.839851
27.592801 53.840292
27.593027 53.840087
27.592811 53.83987
27.593192 53.839693
27.594956 53.838971
27.598481 53.837571
27.598466 53.837546
27.598308 53.837385
27.598093 53.837263
27.597769 53.837139
27.597632 53.837121
27.597495 53.837149
27.597401 53.837221
27.597334 53.83728
27.597066 53.837412
27.596752 53.837519
27.596566 53.837534
27.596429 53.837492
27.596142 53.837318
27.596004 53.83726
27.595596 53.837437
27.595491 53.837514
27.59551 53.837539
27.595809 53.837711
27.59589 53.837793
27.595255 53.838037
27.59516 53.838028
27.594995 53.837933
27.594911 53.837893
27.59482 53.837904
27.594548 53.837984
27.594713 53.838143
27.59485 53.838165
27.594893 53.838221
27.59507 53.838382
27.595128 53.838462
27.594719 53.838593
27.594677 53.838579
27.594379 53.838399
27.594065 53.838245
27.59397 53.838246
27.593725 53.838402
27.593848 53.838471
27.593956 53.838576
27.593869 53.838626
27.593823 53.838626
27.593594 53.838547
27.593507 53.838578
27.593278 53.838474
27.593229 53.838481
27.593173 53.838537
27.593266 53.838699
27.593039 53.838801
27.592813 53.838876
27.592674 53.838769
27.592414 53.838633
27.592006 53.838804
27.591938 53.838849
27.592268 53.83909
27.592311 53.839142
27.59227 53.839196
27.591773 53.839515
27.591245 53.839808
27.591057 53.839944
27.591093 53.840103
27.591075 53.840157
27.590852 53.840271
27.590765 53.840271
27.590578 53.840205
27.590221 53.839973
27.590176 53.839975
27.589965 53.8401
27.589656 53.840263
27.589656 53.84029
27.589859 53.840424
27.590077 53.840544
27.590097 53.840598
27.589906 53.840788
27.590029 53.840893
27.590385 53.841073
27.590439 53.841129
27.590363 53.841179
27.590119 53.841367
27.589697 53.841625
27.589437 53.841478
27.589299 53.841427
27.589265 53.841454
27.588855 53.841748
27.588822 53.8418
27.588991 53.841961
27.588992 53.842015
27.58874 53.842205
27.588665 53.842286
27.588674 53.842367
27.588935 53.842609
27.588936 53.84266
27.588808 53.842771
27.588759 53.842771
27.588583 53.842687
27.588541 53.842694
27.588308 53.84285
27.588217 53.842868
27.587988 53.842793
27.587897 53.842796
27.587818 53.842841
27.587665 53.84306
27.587658 53.843139
27.587816 53.843241
27.588068 53.843388
27.588131 53.843543
BRUSH(1,0)
REGION 1
20
27.589089 53.843588
27.589542 53.843907
27.589637 53.843929
27.589774 53.843899
27.589883 53.843822
27.589893 53.843739
27.589861 53.843633
27.589902 53.843577
27.590267 53.843344
27.590724 53.843123
27.591709 53.843469
27.59179 53.84328
27.591932 53.843065
27.591956 53.842901
27.591848 53.842794
27.591206 53.842554
27.591153 53.842519
27.591671 53.842085
27.59122 53.841867
27.589089 53.843588
BRUSH(1,0)
REGION 1
40
27.628726 53.84489
27.628688 53.844863
27.628653 53.84478
27.628678 53.844702
27.628818 53.84466
27.628863 53.844604
27.628969 53.844307
27.629108 53.844203
27.629286 53.844159
27.629654 53.844137
27.629745 53.844156
27.629949 53.84405
27.629926 53.844036
27.629376 53.843862
27.629189 53.843795
27.628639 53.843866
27.628226 53.843931
27.628166 53.843969
27.628146 53.844131
27.628141 53.844592
27.628046 53.844593
27.628044 53.844458
27.628042 53.844348
27.628058 53.844132
27.628196 53.8437
27.628195 53.843376
27.628134 53.843372
27.627774 53.843387
27.627755 53.843416
27.627627 53.843754
27.627692 53.844006
27.627637 53.844168
27.627579 53.844384
27.627556 53.844573
27.627532 53.844807
27.627689 53.844869
27.628006 53.84497
27.628192 53.844994
27.628557 53.844983
27.628726 53.84489
BRUSH(1,0)
REGION 1
38
27.62953 53.843697
27.629897 53.843841
27.63017 53.843867
27.630353 53.843857
27.630584 53.843788
27.63062 53.843709
27.630567 53.84344
27.630562 53.843114
27.630587 53.842979
27.630655 53.842942
27.631585 53.842899
27.63195 53.842902
27.63209 53.842912
27.632116 53.842829
27.632074 53.842587
27.632085 53.842514
27.631609 53.842443
27.630959 53.842446
27.630229 53.842426
27.629951 53.842339
27.629676 53.842249
27.629589 53.842267
27.629472 53.842344
27.62938 53.842563
27.62926 53.842669
27.628897 53.84279
27.628715 53.8428
27.628437 53.84277
27.62835 53.842744
27.628289 53.842787
27.628295 53.842921
27.628506 53.843046
27.628781 53.843184
27.629461 53.84312
27.629484 53.843147
27.629395 53.843282
27.629427 53.843419
27.62953 53.843697
BRUSH(1,0)
REGION 1
5
27.632055 53.841814
27.631615 53.841845
27.631702 53.842364
27.632152 53.842442
27.632055 53.841814
BRUSH(1,0)
REGION 1
24
27.628965 53.841965
27.628976 53.841664
27.628486 53.841662
27.628421 53.841642
27.628416 53.8413
27.628082 53.841309
27.628067 53.841358
27.628074 53.841815
27.628149 53.842032
27.628275 53.842569
27.628314 53.842679
27.628456 53.842718
27.628684 53.842742
27.628908 53.842727
27.629225 53.842595
27.629319 53.842514
27.629388 53.8423
27.629436 53.842219
27.629614 53.842191
27.629693 53.842141
27.62973 53.84206
27.629672 53.841954
27.629478 53.841944
27.628965 53.841965
BRUSH(1,0)
REGION 1
21
27.626262 53.840519
27.625954 53.840516
27.625944 53.840639
27.625227 53.840643
27.625211 53.841131
27.625436 53.841208
27.625708 53.841346
27.626255 53.841593
27.627175 53.84193
27.627495 53.841959
27.628007 53.841896
27.628014 53.840815
27.627338 53.840818
27.627371 53.841535
27.627025 53.841539
27.627022 53.841308
27.626668 53.841307
27.626642 53.841054
27.626647 53.840591
27.626274 53.840586
27.626262 53.840519
BRUSH(1,0)
REGION 1
16
27.629474 53.83911
27.62947 53.838054
27.62946 53.837362
27.624348 53.837387
27.624386 53.839549
27.624357 53.839637
27.625147 53.839628
27.625383 53.839629
27.625937 53.839621
27.626124 53.839623
27.626746 53.839617
27.626978 53.83962
27.627069 53.83962
27.627088 53.839303
27.629485 53.839301
27.629474 53.83911
BRUSH(1,0)
REGION 1
34
27.622404 53.834592
27.620581 53.834573
27.618996 53.834543
27.618994 53.83464
27.618996 53.834788
27.618986 53.834914
27.618984 53.836044
27.618995 53.837653
27.618989 53.837761
27.618993 53.838031
27.618977 53.839038
27.618968 53.839171
27.618997 53.839658
27.619522 53.839655
27.619765 53.839654
27.620285 53.839654
27.620498 53.839657
27.621098 53.839647
27.62136 53.83965
27.621467 53.839652
27.621452 53.839441
27.623458 53.839434
27.623461 53.839641
27.624042 53.839636
27.624009 53.837377
27.623964 53.837364
27.623954 53.837259
27.623161 53.837258
27.623146 53.837045
27.623328 53.837026
27.623311 53.836658
27.623141 53.836658
27.623058 53.834605
27.622404 53.834592
BRUSH(1,0)
REGION 1
5
27.622251 53.840048
27.621161 53.840058
27.621192 53.840388
27.622275 53.840378
27.622251 53.840048
BRUSH(1,0)
REGION 1
6
27.618897 53.840632
27.6196 53.840617
27.619724 53.840502
27.619687 53.840084
27.618795 53.840095
27.618897 53.840632
BRUSH(1,0)
REGION 1
8
27.618251 53.840615
27.618415 53.841142
27.618878 53.841111
27.618666 53.840107
27.616955 53.840031
27.617071 53.840662
27.617777 53.840626
27.618251 53.840615
BRUSH(1,0)
REGION 1
48
27.61663 53.840707
27.616597 53.839994
27.615621 53.839966
27.615419 53.839967
27.61518 53.83997
27.614496 53.839949
27.610539 53.839228
27.608337 53.838815
27.608355 53.839282
27.608636 53.839263
27.608819 53.8393
27.608903 53.839347
27.608971 53.83956
27.608995 53.839668
27.609079 53.839703
27.609626 53.839694
27.610132 53.839741
27.610357 53.839789
27.610484 53.839891
27.610549 53.839938
27.610686 53.839944
27.610959 53.839956
27.611031 53.839918
27.611075 53.839781
27.611166 53.839773
27.61144 53.839815
27.611527 53.839821
27.611603 53.840038
27.61174 53.840065
27.612101 53.840061
27.612174 53.840168
27.612234 53.84033
27.612314 53.840374
27.612401 53.840378
27.612856 53.84032
27.61354 53.840285
27.613635 53.840291
27.613689 53.84034
27.61371 53.840502
27.613689 53.84061
27.613978 53.840658
27.614484 53.840682
27.615306 53.840801
27.61553 53.840805
27.615583 53.840793
27.615994 53.840816
27.616407 53.840789
27.61663 53.840707
BRUSH(1,0)
REGION 1
22
27.614325 53.839689
27.614553 53.839695
27.615138 53.839705
27.615397 53.839708
27.615963 53.839719
27.616248 53.839715
27.61852 53.839748
27.618523 53.83913
27.618548 53.838018
27.618546 53.837555
27.618154 53.837552
27.617885 53.837554
27.61368 53.837569
27.61366 53.838313
27.613922 53.838312
27.613892 53.839168
27.616278 53.839185
27.61628 53.839299
27.613924 53.839253
27.614011 53.83952
27.614196 53.839665
27.614325 53.839689
BRUSH(1,0)
REGION 1
47
27.610966 53.839046
27.610872 53.838307
27.610507 53.838311
27.61045 53.838305
27.610222 53.838335
27.61004 53.838325
27.609493 53.838317
27.609356 53.838302
27.609301 53.838167
27.609164 53.838161
27.609077 53.838191
27.609056 53.838299
27.609031 53.838461
27.608986 53.838472
27.608849 53.838468
27.608808 53.838487
27.608779 53.838624
27.608642 53.838613
27.608573 53.838578
27.608533 53.838418
27.608496 53.838203
27.608453 53.838122
27.608316 53.83813
27.607948 53.838131
27.607724 53.838142
27.607716 53.838112
27.607685 53.838061
27.607502 53.838064
27.607494 53.838037
27.607428 53.837903
27.607204 53.837904
27.607197 53.837985
27.607189 53.838203
27.607011 53.83821
27.606915 53.838191
27.606892 53.838137
27.6068 53.838117
27.606576 53.838132
27.606531 53.838112
27.606503 53.838002
27.60639 53.8376
27.60645 53.837519
27.606116 53.837527
27.605661 53.83759
27.605605 53.838218
27.610972 53.839219
27.610966 53.839046
BRUSH(1,0)
REGION 1
24
27.608263 53.839489
27.60825 53.838797
27.605386 53.838273
27.605207 53.838537
27.60557 53.838674
27.605487 53.838767
27.606018 53.838912
27.606269 53.838981
27.606513 53.838766
27.6067 53.838817
27.606704 53.838841
27.606682 53.838898
27.606492 53.839141
27.606526 53.839168
27.607122 53.839358
27.607204 53.83925
27.60732 53.839144
27.607362 53.839144
27.607541 53.839217
27.607467 53.83935
27.607479 53.839406
27.607575 53.839441
27.608032 53.839495
27.608263 53.839489
BRUSH(1,0)
REGION 1
39
27.602097 53.8378
27.602601 53.837741
27.602595 53.837296
27.601653 53.837009
27.6011 53.836886
27.600922 53.836875
27.599672 53.837387
27.598288 53.837911
27.598352 53.838084
27.598424 53.838405
27.59849 53.838447
27.598896 53.838436
27.598894 53.83832
27.598887 53.838102
27.598936 53.83805
27.599163 53.837981
27.599622 53.837943
27.599759 53.837958
27.599829 53.838036
27.59992 53.838045
27.599961 53.838022
27.599958 53.837752
27.600025 53.837671
27.600347 53.837584
27.600661 53.837555
27.600725 53.837517
27.600741 53.837299
27.601014 53.837266
27.601064 53.83729
27.601119 53.837423
27.601193 53.837532
27.601284 53.837559
27.601421 53.837556
27.601607 53.837501
27.601694 53.837512
27.601746 53.8377
27.601834 53.837707
27.60202 53.837724
27.602097 53.8378
BRUSH(1,0)
REGION 1
49
27.597074 53.839385
27.597141 53.839304
27.597264 53.83909
27.597326 53.838901
27.597206 53.838739
27.597029 53.838606
27.59685 53.838591
27.596713 53.838549
27.59635 53.838688
27.594915 53.839295
27.594606 53.839467
27.594017 53.839706
27.593519 53.839958
27.591731 53.841446
27.59222 53.84168
27.592385 53.84153
27.592664 53.841626
27.593555 53.840969
27.594281 53.840997
27.594344 53.840853
27.594152 53.840692
27.594082 53.840612
27.594109 53.840585
27.594274 53.840489
27.594365 53.840471
27.594485 53.840578
27.594557 53.84062
27.594719 53.840519
27.594976 53.840706
27.595056 53.840663
27.595723 53.84032
27.596358 53.840045
27.596565 53.839907
27.596349 53.839719
27.596266 53.839758
27.595946 53.839921
27.595854 53.839897
27.595632 53.839784
27.595421 53.839623
27.595382 53.839542
27.595469 53.839499
27.595691 53.839385
27.595828 53.83934
27.595965 53.839398
27.596127 53.839534
27.596263 53.839502
27.596722 53.839223
27.596814 53.839243
27.597074 53.839385
BRUSH(1,0)
REGION 1
39
27.615122 53.836651
27.61473 53.836658
27.614722 53.83659
27.614414 53.836581
27.614396 53.836648
27.614172 53.836647
27.614161 53.836692
27.614005 53.836682
27.614003 53.836513
27.613922 53.83646
27.613447 53.836161
27.613455 53.837282
27.616061 53.837287
27.616251 53.83729
27.616829 53.837287
27.61703 53.837288
27.617657 53.83729
27.617843 53.837293
27.618519 53.83729
27.618541 53.835932
27.618548 53.834829
27.618546 53.834671
27.618555 53.83453
27.616759 53.834521
27.616634 53.834538
27.614378 53.834549
27.612204 53.834525
27.612202 53.834615
27.612211 53.834736
27.612236 53.834859
27.61226 53.834942
27.612336 53.834953
27.612347 53.835205
27.61327 53.8352
27.613295 53.835094
27.61477 53.834909
27.614715 53.836127
27.615131 53.836249
27.615122 53.836651
BRUSH(1,0)
REGION 1
21
27.626002 53.837252
27.626184 53.837254
27.629481 53.837261
27.629456 53.836022
27.629482 53.834962
27.629468 53.834753
27.629466 53.83462
27.627563 53.834608
27.6255 53.834605
27.625397 53.834592
27.625166 53.834594
27.623346 53.834565
27.623167 53.834579
27.623189 53.835546
27.624477 53.835559
27.624479 53.836465
27.624442 53.836546
27.624431 53.836838
27.624429 53.837207
27.624437 53.837256
27.626002 53.837252
BRUSH(1,0)
REGION 1
8
27.524319 53.854852
27.524327 53.854852
27.525017 53.854608
27.522988 53.852318
27.522487 53.852405
27.522633 53.852587
27.522414 53.852736
27.524319 53.854852
BRUSH(1,0)
REGION 1
6
27.525794 53.854353
27.525801 53.854353
27.52385 53.852155
27.52311 53.852291
27.525138 53.854561
27.525794 53.854353
BRUSH(1,0)
REGION 1
6
27.52662 53.854116
27.526635 53.854111
27.524814 53.852018
27.524119 53.852122
27.526017 53.854289
27.52662 53.854116
BRUSH(1,0)
REGION 1
6
27.526904 53.854034
27.526912 53.854038
27.527488 53.853854
27.52568 53.85188
27.525008 53.851981
27.526904 53.854034
BRUSH(1,0)
REGION 1
9
27.527651 53.853763
27.527689 53.853783
27.528394 53.853562
27.527939 53.852982
27.527272 53.852188
27.52727 53.851979
27.526593 53.851629
27.525911 53.8518
27.527651 53.853763
BRUSH(1,0)
REGION 1
41
27.536383 53.846157
27.536383 53.84615
27.535634 53.846227
27.535555 53.84625
27.535418 53.846264
27.531612 53.845895
27.531723 53.845978
27.532024 53.846357
27.532149 53.84668
27.532085 53.846759
27.531998 53.8468
27.53177 53.846815
27.530993 53.84669
27.530902 53.846706
27.530808 53.846812
27.530783 53.846947
27.530754 53.847136
27.530761 53.847408
27.530828 53.847597
27.530912 53.847675
27.531142 53.847766
27.531875 53.848067
27.532066 53.848199
27.532239 53.84836
27.532609 53.84915
27.532667 53.849195
27.53294 53.849149
27.533354 53.8491
27.533943 53.849032
27.534079 53.848989
27.534127 53.848879
27.534061 53.848717
27.533971 53.848528
27.534085 53.848494
27.534108 53.848521
27.534213 53.848766
27.534306 53.848927
27.534402 53.848954
27.537302 53.848535
27.53693 53.847515
27.536383 53.846157
BRUSH(1,0)
REGION 1
12
27.536123 53.846079
27.53615 53.846075
27.536192 53.846074
27.536328 53.84606
27.536328 53.846036
27.535445 53.843871
27.532229 53.843909
27.532155 53.844825
27.532018 53.845858
27.535257 53.846148
27.535671 53.846137
27.536123 53.846079
BRUSH(1,0)
REGION 1
17
27.53147 53.845817
27.531485 53.845811
27.531885 53.845849
27.53214 53.844099
27.532138 53.84391
27.529754 53.843933
27.529759 53.844428
27.529777 53.844617
27.529797 53.844778
27.529868 53.84494
27.530079 53.845128
27.530628 53.84533
27.530755 53.845393
27.530824 53.845525
27.531024 53.84565
27.531348 53.845748
27.53147 53.845817
BRUSH(1,0)
REGION 1
6
27.524003 53.818711
27.524544 53.818097
27.525283 53.817286
27.523537 53.816747
27.522234 53.818196
27.524003 53.818711
BRUSH(1,0)
REGION 1
8
27.543554 53.822226
27.543569 53.822224
27.543576 53.822183
27.543572 53.821781
27.5436 53.821565
27.542449 53.82159
27.542461 53.821722
27.543554 53.822226
BRUSH(1,0)
REGION 1
18
27.574941 53.826208
27.574941 53.826214
27.574819 53.826233
27.574736 53.826265
27.574776 53.826402
27.574905 53.826448
27.57623 53.826933
27.57646 53.827094
27.576601 53.827116
27.576691 53.827084
27.57671 53.827027
27.5766 53.82676
27.576537 53.826544
27.57651 53.826218
27.576599 53.826031
27.576489 53.826041
27.575532 53.826117
27.574941 53.826208
BRUSH(1,0)
REGION 1
7
27.522537 53.816276
27.522526 53.816301
27.523463 53.816549
27.523659 53.816362
27.52498 53.814885
27.523825 53.814883
27.522537 53.816276
BRUSH(1,0)
REGION 1
6
27.523635 53.81665
27.523643 53.816645
27.525275 53.817226
27.527273 53.815067
27.525239 53.814896
27.523635 53.81665
BRUSH(1,0)
REGION 1
6
27.528387 53.821479
27.52841 53.821468
27.528781 53.821008
27.527124 53.820574
27.526767 53.820969
27.528387 53.821479
BRUSH(1,0)
REGION 1
8
27.529912 53.821905
27.529912 53.8219
27.530171 53.821605
27.529991 53.821457
27.529822 53.821361
27.528873 53.821057
27.528513 53.821508
27.529912 53.821905
BRUSH(1,0)
REGION 1
6
27.527157 53.820524
27.527165 53.820529
27.528799 53.820951
27.53045 53.818936
27.528997 53.818481
27.527157 53.820524
BRUSH(1,0)
REGION 1
13
27.530513 53.816667
27.53052 53.816685
27.530119 53.817159
27.528966 53.818373
27.52924 53.818455
27.529358 53.818468
27.530717 53.817955
27.531401 53.81765
27.53159 53.817519
27.53168 53.817411
27.531668 53.817355
27.531349 53.817059
27.530513 53.816667
BRUSH(1,0)
REGION 1
18
27.529643 53.815694
27.529605 53.815685
27.529571 53.815679
27.529454 53.815783
27.529346 53.815974
27.529078 53.816486
27.528813 53.816894
27.528483 53.817649
27.528385 53.817757
27.528073 53.818026
27.528229 53.818064
27.528775 53.818277
27.52887 53.818277
27.529129 53.818006
27.530612 53.816378
27.530627 53.816324
27.530488 53.816161
27.529643 53.815694
BRUSH(1,0)
REGION 1
37
27.548105 53.850599
27.548265 53.850549
27.548473 53.850467
27.548495 53.850415
27.548719 53.850342
27.54881 53.850371
27.548811 53.85045
27.548255 53.850677
27.548339 53.850728
27.54865 53.850997
27.549044 53.85122
27.549732 53.851476
27.550612 53.851621
27.550661 53.85131
27.550828 53.851262
27.550813 53.851635
27.553701 53.851403
27.553678 53.851104
27.551938 53.851235
27.551771 53.851269
27.551201 53.851301
27.551196 53.851218
27.551504 53.851214
27.55243 53.851041
27.550684 53.84963
27.549235 53.850257
27.549116 53.850185
27.549979 53.849804
27.550565 53.849538
27.549997 53.849066
27.549437 53.84861
27.548865 53.848149
27.548389 53.847721
27.548169 53.847774
27.546498 53.848298
27.545608 53.848297
27.548105 53.850599
BRUSH(1,0)
REGION 1
11
27.551244 53.849713
27.551317 53.849755
27.552907 53.849116
27.551148 53.847642
27.550993 53.847715
27.550781 53.84779
27.549695 53.848251
27.549529 53.848321
27.550062 53.848735
27.550753 53.849328
27.551244 53.849713
BRUSH(1,0)
REGION 1
19
27.553023 53.848961
27.553096 53.849023
27.554572 53.848423
27.554735 53.848369
27.555072 53.848237
27.553689 53.847064
27.553344 53.846733
27.55306 53.846849
27.552954 53.846908
27.552674 53.847003
27.552322 53.847149
27.552102 53.847242
27.551807 53.847376
27.551542 53.847469
27.551356 53.84754
27.552332 53.848384
27.552593 53.848598
27.552727 53.848717
27.553023 53.848961
BRUSH(1,0)
REGION 1
24
27.556512 53.850126
27.556408 53.850024
27.556069 53.849622
27.555638 53.848893
27.555572 53.848788
27.555541 53.848691
27.55564 53.848689
27.555445 53.848316
27.55529 53.848335
27.554404 53.848678
27.554286 53.848728
27.554002 53.84884
27.553802 53.848944
27.553514 53.849035
27.553222 53.849129
27.553629 53.849453
27.553878 53.849641
27.554044 53.849791
27.554289 53.850003
27.554489 53.850182
27.554697 53.850359
27.555165 53.850722
27.556554 53.850169
27.556512 53.850126
BRUSH(1,0)
REGION 1
7
27.553874 53.846926
27.554033 53.846858
27.55462 53.846615
27.554331 53.84634
27.554123 53.84643
27.553536 53.846647
27.553874 53.846926
BRUSH(1,0)
REGION 1
31
27.551954 53.845605
27.551917 53.845635
27.551895 53.84574
27.551942 53.845823
27.551954 53.845902
27.551901 53.845956
27.551678 53.846023
27.55154 53.846001
27.551404 53.84603
27.551247 53.845919
27.551052 53.8458
27.550956 53.845787
27.550641 53.84582
27.550376 53.845902
27.550057 53.845942
27.549756 53.845889
27.549619 53.845854
27.549482 53.845854
27.549395 53.845882
27.54933 53.845916
27.549679 53.846168
27.549979 53.846408
27.550205 53.846609
27.550417 53.846808
27.550547 53.84692
27.550762 53.847084
27.550931 53.847225
27.551149 53.847388
27.551211 53.84745
27.553213 53.846652
27.551954 53.845605
BRUSH(1,0)
REGION 1
24
27.545488 53.848102
27.546428 53.848157
27.546633 53.848102
27.548439 53.847489
27.548294 53.847386
27.548097 53.847104
27.548062 53.846686
27.548367 53.846477
27.54862 53.846328
27.549029 53.846131
27.548998 53.846104
27.549229 53.84604
27.547487 53.844597
27.547354 53.84464
27.546722 53.844849
27.546218 53.845018
27.546154 53.845097
27.545995 53.845194
27.545517 53.845572
27.545381 53.84571
27.545288 53.845899
27.545275 53.846061
27.545362 53.846686
27.545488 53.848102
BRUSH(1,0)
REGION 1
11
27.548857 53.847782
27.549375 53.848196
27.549402 53.848216
27.551049 53.847557
27.550964 53.847499
27.550692 53.847261
27.550565 53.847165
27.550315 53.846948
27.550111 53.846994
27.548631 53.847578
27.548857 53.847782
BRUSH(1,0)
REGION 1
99
27.53107 53.849613
27.531124 53.849638
27.531352 53.84967
27.531394 53.849655
27.531336 53.849572
27.53127 53.84941
27.531338 53.849367
27.532473 53.849223
27.532541 53.849187
27.53242 53.848892
27.532264 53.848569
27.532002 53.848246
27.531474 53.847956
27.531062 53.847816
27.530745 53.847671
27.53071 53.84762
27.530639 53.847375
27.530652 53.847186
27.530673 53.846997
27.530739 53.846756
27.530844 53.846645
27.530939 53.846636
27.531118 53.846642
27.531716 53.846761
27.531895 53.846758
27.532016 53.846695
27.532027 53.84664
27.531875 53.846371
27.531629 53.846051
27.531383 53.845833
27.530971 53.8457
27.53071 53.845485
27.530515 53.845358
27.530011 53.845151
27.529796 53.844997
27.529714 53.844835
27.529648 53.843947
27.528405 53.843961
27.528342 53.844146
27.528293 53.844209
27.52832 53.844229
27.528338 53.844447
27.528408 53.844609
27.528515 53.844678
27.528652 53.844704
27.528922 53.844696
27.529059 53.844718
27.52917 53.844797
27.529248 53.844934
27.529448 53.845524
27.529465 53.845686
27.529371 53.845797
27.529098 53.845879
27.528825 53.845936
27.528183 53.845932
27.528045 53.845903
27.52793 53.845834
27.527808 53.845765
27.527583 53.84573
27.527507 53.845703
27.5273 53.845884
27.527389 53.846039
27.527744 53.846156
27.52782 53.846122
27.528234 53.846125
27.528462 53.84614
27.528554 53.846216
27.52861 53.84643
27.528779 53.846562
27.528974 53.846723
27.529069 53.846736
27.529161 53.846756
27.529192 53.846834
27.529231 53.846944
27.529425 53.847294
27.529495 53.847429
27.529496 53.847535
27.529444 53.847591
27.529122 53.847698
27.528929 53.847823
27.528862 53.847931
27.528864 53.848093
27.529072 53.848414
27.528799 53.848471
27.528245 53.848527
27.528117 53.848685
27.52804 53.848982
27.527906 53.849172
27.527812 53.849334
27.527814 53.849469
27.527875 53.849552
27.52815 53.849636
27.528557 53.849653
27.529291 53.849602
27.529655 53.849587
27.530108 53.849586
27.5307 53.849518
27.530975 53.849557
27.53107 53.849613
BRUSH(1,0)
REGION 1
11
27.528545 53.841073
27.52858 53.841216
27.52863 53.84123
27.530081 53.841073
27.531899 53.840861
27.531797 53.840549
27.530984 53.838141
27.527711 53.838478
27.528088 53.839646
27.528422 53.840673
27.528545 53.841073
BRUSH(1,0)
REGION 1
14
27.533787 53.839627
27.533727 53.83936
27.533714 53.839248
27.533694 53.839149
27.531882 53.839298
27.531954 53.839624
27.53205 53.840028
27.532134 53.840403
27.532154 53.840513
27.532496 53.840503
27.533917 53.840389
27.533916 53.840351
27.533985 53.840339
27.533787 53.839627
BRUSH(1,0)
REGION 1
34
27.536192 53.84121
27.535998 53.841249
27.536046 53.841422
27.536394 53.842309
27.5366 53.84274
27.536812 53.843321
27.536815 53.843285
27.536795 53.84315
27.536808 53.842988
27.536901 53.842826
27.537048 53.84272
27.537276 53.842667
27.537455 53.842662
27.537637 53.842686
27.537779 53.842755
27.538005 53.842945
27.538072 53.843107
27.53813 53.843239
27.540273 53.843147
27.540275 53.842974
27.540241 53.841568
27.540266 53.840415
27.540288 53.837243
27.538785 53.837459
27.538884 53.837852
27.538656 53.837875
27.537865 53.838106
27.536808 53.839471
27.536761 53.839741
27.536763 53.839966
27.537158 53.839894
27.537513 53.841067
27.537293 53.84109
27.536192 53.84121
BRUSH(1,0)
REGION 1
64
27.544466 53.843096
27.544451 53.842698
27.543686 53.842678
27.543685 53.842584
27.544487 53.842587
27.5445 53.839951
27.544694 53.839951
27.544764 53.8398
27.544759 53.839343
27.544196 53.839321
27.544199 53.839208
27.544758 53.839226
27.544819 53.838958
27.544987 53.838955
27.545041 53.836333
27.54113 53.836698
27.540875 53.836737
27.540705 53.83683
27.540581 53.836963
27.540655 53.8371
27.540657 53.837624
27.540745 53.83763
27.540927 53.837605
27.541657 53.837627
27.541752 53.837653
27.541795 53.837734
27.541846 53.837884
27.541927 53.838356
27.541844 53.838375
27.541836 53.838663
27.541787 53.838683
27.541772 53.838744
27.541635 53.83874
27.541608 53.838675
27.541228 53.838672
27.541241 53.83851
27.541252 53.838429
27.541223 53.838292
27.540668 53.838299
27.540643 53.838726
27.542114 53.838767
27.542123 53.838844
27.540644 53.838875
27.540654 53.839743
27.541213 53.839749
27.541361 53.839751
27.542053 53.839717
27.542092 53.839822
27.541761 53.839839
27.541495 53.83984
27.540898 53.839854
27.540901 53.840722
27.541007 53.840717
27.541039 53.842933
27.541033 53.843076
27.541497 53.843095
27.541919 53.843111
27.542073 53.842953
27.542191 53.842959
27.542385 53.84297
27.543112 53.843023
27.543565 53.843041
27.544071 53.843064
27.544466 53.843096
BRUSH(1,0)
REGION 1
101
27.54776 53.844224
27.547979 53.844743
27.55238 53.845273
27.552347 53.845383
27.552686 53.845433
27.553139 53.845481
27.554049 53.845596
27.55437 53.84571
27.55442 53.845734
27.554988 53.845531
27.55632 53.845706
27.556755 53.845495
27.556838 53.845395
27.557663 53.844078
27.55833 53.842908
27.558993 53.841999
27.559104 53.841782
27.559166 53.841564
27.55924 53.841323
27.55928 53.841213
27.559288 53.841199
27.559268 53.841139
27.559184 53.841107
27.558821 53.840994
27.558791 53.840997
27.558802 53.840952
27.557877 53.84087
27.557725 53.840882
27.55763 53.840869
27.557618 53.84082
27.557568 53.840064
27.557638 53.839902
27.557727 53.839744
27.557909 53.839381
27.559566 53.839311
27.560175 53.839034
27.560817 53.838975
27.561471 53.837971
27.561647 53.837779
27.561845 53.837439
27.563042 53.835799
27.563089 53.835609
27.563098 53.835367
27.563055 53.835277
27.56147 53.835311
27.561487 53.835482
27.561486 53.835724
27.560445 53.835742
27.560429 53.835673
27.560159 53.835681
27.559988 53.835681
27.559505 53.835677
27.557537 53.835694
27.557572 53.835141
27.557263 53.835082
27.557195 53.835379
27.556066 53.835386
27.555859 53.835573
27.555776 53.835643
27.555816 53.837517
27.555832 53.837892
27.555833 53.837942
27.555886 53.837996
27.556073 53.837997
27.556255 53.837994
27.556278 53.838001
27.55705 53.838011
27.556865 53.838461
27.556238 53.838471
27.555629 53.838467
27.555318 53.83845
27.555313 53.83874
27.555312 53.838925
27.554262 53.839271
27.552409 53.839459
27.552117 53.839483
27.550906 53.839607
27.546437 53.84015
27.546428 53.840029
27.546288 53.840045
27.545505 53.84012
27.545433 53.840836
27.545419 53.840921
27.545424 53.840989
27.54532 53.843286
27.547179 53.843305
27.547351 53.843322
27.547488 53.843321
27.547548 53.843278
27.547408 53.842969
27.548002 53.843065
27.547929 53.843367
27.548478 53.843477
27.548418 53.843574
27.548356 53.843779
27.548135 53.843793
27.548123 53.843723
27.547963 53.843704
27.547904 53.843787
27.547839 53.843794
27.54776 53.844224
BRUSH(1,0)
REGION 1
33
27.545454 53.839623
27.545449 53.839878
27.546752 53.839762
27.546781 53.839649
27.547348 53.839633
27.547511 53.83964
27.547508 53.839325
27.547671 53.839362
27.547648 53.839632
27.548214 53.839571
27.548893 53.839483
27.548972 53.839447
27.549002 53.839321
27.549045 53.838081
27.549096 53.837946
27.549119 53.837606
27.549066 53.836621
27.549107 53.836569
27.549236 53.836515
27.54918 53.83589
27.545622 53.836254
27.545497 53.836279
27.545414 53.836356
27.545385 53.836466
27.545405 53.836574
27.545456 53.836704
27.545475 53.838085
27.545465 53.838193
27.545459 53.838654
27.545463 53.838744
27.545465 53.838866
27.545485 53.839025
27.545454 53.839623
BRUSH(1,0)
REGION 1
33
27.549441 53.837857
27.549425 53.838464
27.549406 53.839461
27.550575 53.8393
27.552044 53.839096
27.552599 53.839042
27.552551 53.838561
27.552741 53.838542
27.5528 53.83903
27.553343 53.839001
27.553765 53.838943
27.554011 53.838903
27.554383 53.838803
27.554697 53.838664
27.554802 53.838553
27.554857 53.838394
27.554897 53.838231
27.554874 53.838202
27.554897 53.837948
27.554901 53.837887
27.554926 53.837073
27.554921 53.837012
27.554938 53.83685
27.554961 53.836477
27.554978 53.835341
27.554188 53.835407
27.55153 53.83568
27.549533 53.835857
27.549449 53.835878
27.549425 53.836447
27.549445 53.836525
27.549439 53.837639
27.549441 53.837857
BRUSH(1,0)
REGION 1
27
27.516661 53.827579
27.516846 53.827981
27.517134 53.828223
27.517181 53.828238
27.519096 53.827931
27.520226 53.827751
27.520598 53.8277
27.520877 53.827128
27.521348 53.826683
27.521685 53.826612
27.52137 53.82626
27.521251 53.826153
27.520977 53.825828
27.520904 53.825693
27.520742 53.825507
27.519198 53.82577
27.51874 53.825875
27.518619 53.825981
27.518507 53.826197
27.518536 53.826359
27.518592 53.826627
27.518643 53.826811
27.517713 53.826925
27.516696 53.827014
27.516611 53.826945
27.516391 53.826991
27.516661 53.827579
BRUSH(1,0)
REGION 1
9
27.521375 53.820323
27.520677 53.820089
27.520587 53.820058
27.520379 53.820275
27.522126 53.820846
27.522355 53.820604
27.522241 53.820585
27.521798 53.820447
27.521375 53.820323
BRUSH(1,0)
REGION 1
15
27.533476 53.849178
27.531646 53.849411
27.531811 53.850269
27.530695 53.850431
27.530818 53.851211
27.529926 53.851372
27.530272 53.852479
27.531414 53.852569
27.531828 53.853888
27.5329 53.853843
27.535357 53.853597
27.535005 53.852329
27.534659 53.851233
27.534044 53.850008
27.533476 53.849178
BRUSH(1,0)
REGION 1
12
27.533743 53.849177
27.53372 53.849177
27.534198 53.849769
27.534541 53.850548
27.535022 53.851826
27.535534 53.853357
27.537272 53.853085
27.538118 53.852897
27.539075 53.85243
27.537448 53.848687
27.535485 53.848931
27.533743 53.849177
BRUSH(1,0)
REGION 1
7
27.551486 53.849892
27.552764 53.850986
27.553775 53.850946
27.553902 53.851393
27.555498 53.851271
27.553071 53.849221
27.551486 53.849892
BRUSH(1,0)
REGION 1
7
27.585214 53.889009
27.585214 53.889007
27.585945 53.889311
27.588469 53.888589
27.587657 53.887536
27.584117 53.888569
27.585214 53.889009
BRUSH(1,0)
REGION 1
7
27.600438 53.887148
27.600435 53.887159
27.600274 53.887708
27.601009 53.887756
27.601275 53.887438
27.601325 53.887195
27.600438 53.887148
BRUSH(1,0)
REGION 1
11
27.601438 53.887059
27.601449 53.887053
27.601511 53.886861
27.601565 53.886054
27.601628 53.885568
27.601562 53.885449
27.6014 53.885324
27.600896 53.885432
27.600486 53.887008
27.601281 53.887038
27.601438 53.887059
BRUSH(1,0)
REGION 1
9
27.606236 53.890094
27.606217 53.890092
27.606251 53.890359
27.607996 53.89031
27.609095 53.890282
27.608974 53.888882
27.607511 53.888945
27.606168 53.888981
27.606236 53.890094
BRUSH(1,0)
REGION 1
7
27.606146 53.888779
27.606146 53.888777
27.608923 53.88872
27.608952 53.888351
27.608936 53.8883
27.606015 53.887122
27.606146 53.888779
BRUSH(1,0)
REGION 1
7
27.599969 53.882857
27.599961 53.882848
27.599478 53.882248
27.595416 53.883493
27.596535 53.884725
27.599752 53.883749
27.599969 53.882857
BRUSH(1,0)
REGION 1
7
27.589061 53.878132
27.589073 53.878139
27.589056 53.878332
27.589591 53.878211
27.589693 53.878161
27.589425 53.878045
27.589061 53.878132
BRUSH(1,0)
REGION 1
8
27.621496 53.874156
27.621508 53.874156
27.624519 53.873529
27.623795 53.872257
27.623709 53.87215
27.619295 53.873036
27.620104 53.87443
27.621496 53.874156
BRUSH(1,0)
REGION 1
9
27.616945 53.875116
27.616964 53.87511
27.619434 53.874616
27.61862 53.873176
27.61708 53.873465
27.614478 53.873996
27.610339 53.874792
27.611161 53.876274
27.616945 53.875116
BRUSH(1,0)
REGION 1
8
27.612873 53.874013
27.612862 53.874024
27.613863 53.873812
27.613413 53.87311
27.612419 53.873298
27.611865 53.873716
27.612096 53.87416
27.612873 53.874013
BRUSH(1,0)
REGION 1
20
27.581621 53.874928
27.581609 53.874925
27.581665 53.875134
27.581365 53.87519
27.581373 53.875226
27.581524 53.875384
27.58191 53.875601
27.582323 53.875772
27.582643 53.875822
27.583012 53.875838
27.582921 53.875564
27.582725 53.875347
27.582301 53.874924
27.58229 53.874891
27.582238 53.8747
27.581976 53.873824
27.581165 53.873742
27.580906 53.874344
27.581525 53.874597
27.581621 53.874928
BRUSH(1,0)
REGION 1
10
27.581184 53.873412
27.582101 53.8735
27.58213 53.873394
27.582151 53.873232
27.582186 53.873014
27.582193 53.872611
27.582108 53.872207
27.581985 53.871803
27.581871 53.871785
27.581184 53.873412
BRUSH(1,0)
REGION 1
6
27.579718 53.873282
27.579733 53.873288
27.580913 53.873382
27.581654 53.87177
27.580207 53.871604
27.579718 53.873282
BRUSH(1,0)
REGION 1
21
27.583955 53.869974
27.583967 53.869974
27.583481 53.870107
27.583556 53.870628
27.583953 53.871062
27.584787 53.870802
27.586191 53.870314
27.587782 53.869819
27.589823 53.869127
27.589922 53.869113
27.589155 53.86833
27.588398 53.868534
27.58846 53.868644
27.588263 53.868687
27.587201 53.868917
27.587054 53.868765
27.586637 53.868862
27.58627 53.868976
27.585461 53.869393
27.585024 53.869719
27.583955 53.869974
BRUSH(1,0)
REGION 1
36
27.607787 53.870389
27.60778 53.870382
27.608726 53.870355
27.610834 53.870724
27.612183 53.869798
27.612383 53.869691
27.612519 53.869585
27.612434 53.869504
27.612254 53.869424
27.61224 53.869235
27.612261 53.869073
27.612289 53.868857
27.612322 53.868776
27.612535 53.868503
27.612643 53.868368
27.61292 53.867988
27.61358 53.867311
27.614229 53.866936
27.614334 53.866826
27.614729 53.866446
27.615166 53.865904
27.615394 53.865606
27.615453 53.865471
27.614223 53.865018
27.61381 53.864852
27.613077 53.864583
27.612103 53.864291
27.611695 53.864759
27.609365 53.867428
27.609313 53.867532
27.605211 53.866401
27.603403 53.868614
27.604643 53.868956
27.604176 53.869588
27.606966 53.870395
27.607787 53.870389
BRUSH(1,0)
REGION 1
5
27.620545 53.868384
27.621367 53.867591
27.620939 53.867433
27.620182 53.868217
27.620545 53.868384
BRUSH(1,0)
REGION 1
9
27.620767 53.868471
27.620771 53.868502
27.62089 53.86914
27.621667 53.868994
27.621537 53.868667
27.621601 53.868585
27.62228 53.867923
27.621596 53.867655
27.620767 53.868471
BRUSH(1,0)
REGION 1
8
27.622248 53.868886
27.62227 53.868888
27.623314 53.868698
27.623595 53.868447
27.622407 53.867972
27.621697 53.868619
27.621804 53.868969
27.622248 53.868886
BRUSH(1,0)
REGION 1
8
27.621826 53.869475
27.621845 53.869475
27.624249 53.86899
27.62402 53.868638
27.621073 53.8692
27.620956 53.869241
27.620991 53.869636
27.621826 53.869475
BRUSH(1,0)
REGION 1
8
27.620465 53.870633
27.620457 53.870631
27.61921 53.872105
27.619281 53.872878
27.623654 53.87202
27.622358 53.86974
27.620943 53.870028
27.620465 53.870633
BRUSH(1,0)
REGION 1
7
27.623972 53.868146
27.623972 53.868151
27.624193 53.868242
27.62461 53.867839
27.622321 53.86701
27.621946 53.867381
27.623972 53.868146
BRUSH(1,0)
REGION 1
8
27.624564 53.868105
27.624591 53.868112
27.624407 53.868301
27.624481 53.868449
27.626901 53.867956
27.626285 53.866862
27.625857 53.86694
27.624564 53.868105
BRUSH(1,0)
REGION 1
8
27.628106 53.868208
27.62811 53.868208
27.629099 53.86801
27.629224 53.867955
27.628378 53.866439
27.626547 53.866833
27.627434 53.868342
27.628106 53.868208
BRUSH(1,0)
REGION 1
8
27.629734 53.86831
27.629727 53.868312
27.628695 53.868509
27.630849 53.872277
27.63388 53.871731
27.631803 53.868011
27.631718 53.867913
27.629734 53.86831
BRUSH(1,0)
REGION 1
7
27.633183 53.869156
27.633172 53.869156
27.636119 53.868583
27.634702 53.867338
27.632036 53.867855
27.632766 53.869236
27.633183 53.869156
BRUSH(1,0)
REGION 1
9
27.632758 53.863838
27.632765 53.863822
27.633223 53.863419
27.633105 53.863382
27.633458 53.863058
27.632874 53.862859
27.631125 53.864577
27.631801 53.864805
27.632758 53.863838
BRUSH(1,0)
REGION 1
9
27.631675 53.863877
27.631682 53.863877
27.632685 53.862957
27.632767 53.862832
27.63219 53.862611
27.630361 53.864311
27.630991 53.864524
27.631619 53.863958
27.631675 53.863877
BRUSH(1,0)
REGION 1
8
27.630814 53.863762
27.630814 53.863758
27.632023 53.862645
27.632071 53.862571
27.631471 53.862338
27.629654 53.864047
27.630288 53.864278
27.630814 53.863762
BRUSH(1,0)
REGION 1
16
27.631913 53.865169
27.631894 53.865167
27.631796 53.86501
27.630971 53.864724
27.630536 53.865122
27.630857 53.865244
27.629082 53.865624
27.628402 53.864528
27.628939 53.86455
27.629363 53.864159
27.628908 53.863992
27.627505 53.864258
27.628581 53.866227
27.632066 53.865577
27.632123 53.865554
27.631913 53.865169
BRUSH(1,0)
REGION 1
7
27.630276 53.86448
27.630276 53.864478
27.629504 53.864185
27.629053 53.864597
27.630409 53.865071
27.630819 53.864684
27.630276 53.86448
BRUSH(1,0)
REGION 1
7
27.628975 53.865296
27.628971 53.865296
27.62913 53.865514
27.63056 53.865245
27.628795 53.864629
27.628582 53.864615
27.628975 53.865296
BRUSH(1,0)
REGION 1
7
27.627205 53.866526
27.627193 53.866515
27.628331 53.866278
27.628124 53.865856
27.62622 53.866241
27.62648 53.866661
27.627205 53.866526
BRUSH(1,0)
REGION 1
7
27.627057 53.865969
27.627041 53.865972
27.628062 53.865775
27.627843 53.865318
27.625935 53.865681
27.626196 53.866143
27.627057 53.865969
BRUSH(1,0)
REGION 1
5
27.62508 53.867398
27.622745 53.866551
27.622374 53.86692
27.624674 53.86776
27.62508 53.867398
BRUSH(1,0)
REGION 1
8
27.624039 53.866902
27.624031 53.866898
27.62418 53.86696
27.625155 53.867342
27.625594 53.866921
27.623279 53.866074
27.622828 53.866468
27.624039 53.866902
BRUSH(1,0)
REGION 1
7
27.624343 53.865745
27.624584 53.865566
27.624462 53.865279
27.624206 53.865193
27.623373 53.865991
27.623785 53.866123
27.624343 53.865745
BRUSH(1,0)
REGION 1
13
27.624904 53.865924
27.624892 53.86592
27.625013 53.866104
27.624915 53.866205
27.625119 53.866335
27.625275 53.86664
27.625676 53.866822
27.626226 53.8667
27.625097 53.864738
27.62457 53.864842
27.624278 53.865136
27.624552 53.865224
27.624904 53.865924
BRUSH(1,0)
REGION 1
7
27.626753 53.865422
27.62676 53.865418
27.627792 53.865219
27.62755 53.864804
27.625635 53.865147
27.625892 53.865586
27.626753 53.865422
BRUSH(1,0)
REGION 1
7
27.626639 53.864888
27.626628 53.864883
27.627492 53.864719
27.627281 53.864302
27.625351 53.864679
27.625607 53.86508
27.626639 53.864888
BRUSH(1,0)
REGION 1
8
27.628378 53.863613
27.628363 53.863606
27.628676 53.863715
27.630433 53.862042
27.63047 53.861979
27.629817 53.861748
27.628023 53.863462
27.628378 53.863613
BRUSH(1,0)
REGION 1
7
27.627626 53.863324
27.627637 53.863324
27.627924 53.863429
27.629718 53.861719
27.629072 53.861473
27.627293 53.863194
27.627626 53.863324
BRUSH(1,0)
REGION 1
11
27.627336 53.864113
27.62734 53.864113
27.628299 53.863928
27.628335 53.86377
27.626436 53.863079
27.626371 53.863068
27.626101 53.863357
27.627054 53.863761
27.625943 53.863994
27.62613 53.864337
27.627336 53.864113
BRUSH(1,0)
REGION 1
9
27.625036 53.864152
27.625047 53.864145
27.625284 53.864512
27.626035 53.864378
27.625623 53.863683
27.626291 53.863023
27.625665 53.862817
27.62479 53.863649
27.625036 53.864152
BRUSH(1,0)
REGION 1
7
27.62211 53.866278
27.622099 53.866278
27.621178 53.86711
27.621644 53.867279
27.622471 53.866501
27.622504 53.866429
27.62211 53.866278
BRUSH(1,0)
REGION 1
8
27.606515 53.866653
27.606515 53.866647
27.609282 53.867476
27.611993 53.864265
27.608192 53.863166
27.607831 53.863213
27.605274 53.866304
27.606515 53.866653
BRUSH(1,0)
REGION 1
8
27.621717 53.86241
27.621869 53.862454
27.622087 53.862231
27.622278 53.862284
27.622341 53.862196
27.621661 53.861977
27.621476 53.862317
27.621717 53.86241
BRUSH(1,0)
REGION 1
5
27.622366 53.862645
27.622748 53.862778
27.623082 53.862466
27.62267 53.862318
27.622366 53.862645
BRUSH(1,0)
REGION 1
6
27.622306 53.861802
27.622313 53.861796
27.622519 53.861574
27.622065 53.861444
27.621859 53.861676
27.622306 53.861802
BRUSH(1,0)
REGION 1
6
27.622847 53.861624
27.622847 53.861617
27.623185 53.861339
27.622433 53.861084
27.622129 53.861396
27.622847 53.861624
BRUSH(1,0)
REGION 1
8
27.623086 53.861029
27.623074 53.861025
27.623814 53.86032
27.623844 53.86025
27.623633 53.860163
27.62339 53.86016
27.622616 53.860874
27.623086 53.861029
BRUSH(1,0)
REGION 1
11
27.624436 53.859392
27.626646 53.857481
27.62613 53.857272
27.625697 53.857576
27.625313 53.857845
27.624673 53.858334
27.62431 53.858743
27.62407 53.858985
27.624158 53.859032
27.624013 53.859246
27.624436 53.859392
BRUSH(1,0)
REGION 1
9
27.624917 53.859799
27.625199 53.859526
27.625312 53.859455
27.625426 53.859479
27.625741 53.859156
27.625168 53.858939
27.625096 53.858939
27.624447 53.859622
27.624917 53.859799
BRUSH(1,0)
REGION 1
5
27.626495 53.859539
27.626973 53.859154
27.626224 53.858841
27.625765 53.859257
27.626495 53.859539
BRUSH(1,0)
REGION 1
9
27.623347 53.861757
27.624118 53.862032
27.624482 53.861654
27.624465 53.86156
27.625403 53.86062
27.625612 53.860607
27.625947 53.860315
27.625133 53.860012
27.623347 53.861757
BRUSH(1,0)
REGION 1
6
27.624586 53.863495
27.624583 53.863493
27.624958 53.863124
27.62359 53.862641
27.623192 53.862981
27.624586 53.863495
BRUSH(1,0)
REGION 1
6
27.623673 53.86256
27.623948 53.862655
27.625037 53.863057
27.625393 53.862711
27.624022 53.862205
27.623673 53.86256
BRUSH(1,0)
REGION 1
6
27.625822 53.862661
27.625822 53.86267
27.626407 53.862877
27.628201 53.861165
27.627586 53.860914
27.625822 53.862661
BRUSH(1,0)
REGION 1
7
27.627175 53.863151
27.627175 53.863147
27.628942 53.861438
27.628396 53.861211
27.628335 53.861203
27.626518 53.862921
27.627175 53.863151
BRUSH(1,0)
REGION 1
6
27.627301 53.856965
27.628103 53.85726
27.628231 53.857147
27.628415 53.856716
27.62788 53.856494
27.627301 53.856965
BRUSH(1,0)
REGION 1
6
27.628032 53.857901
27.628028 53.857899
27.627623 53.857719
27.626389 53.858703
27.626821 53.858924
27.628032 53.857901
BRUSH(1,0)
REGION 1
6
27.626541 53.858415
27.626552 53.858406
27.626163 53.858291
27.625685 53.858696
27.626075 53.858853
27.626541 53.858415
BRUSH(1,0)
REGION 1
8
27.626936 53.858123
27.626917 53.858116
27.627761 53.857513
27.627474 53.857402
27.627567 53.857269
27.627247 53.857177
27.626306 53.857908
27.626936 53.858123
BRUSH(1,0)
REGION 1
6
27.631357 53.862289
27.631345 53.862289
27.630734 53.86206
27.628913 53.863792
27.629547 53.864007
27.631357 53.862289
BRUSH(1,0)
REGION 1
17
27.589312 53.886873
27.589577 53.886793
27.590001 53.886672
27.590009 53.886659
27.589707 53.886287
27.589916 53.886223
27.589515 53.885782
27.589163 53.885354
27.587128 53.885969
27.585029 53.886604
27.584128 53.887263
27.583894 53.887754
27.583952 53.887832
27.58402 53.88841
27.5841 53.888367
27.589312 53.886885
27.589312 53.886873
BRUSH(1,0)
REGION 1
17
27.590618 53.887042
27.590402 53.887104
27.590129 53.886827
27.58972 53.886955
27.58928 53.887083
27.587824 53.887483
27.588675 53.888603
27.588725 53.888637
27.586075 53.889376
27.588347 53.89008
27.58903 53.889263
27.589906 53.888157
27.589984 53.888019
27.590243 53.887726
27.590618 53.887281
27.590696 53.887157
27.590618 53.887042
BRUSH(1,0)
REGION 1
17
27.590428 53.887914
27.590196 53.888243
27.590959 53.888403
27.592324 53.888685
27.592313 53.888685
27.592519 53.888733
27.593045 53.888836
27.593235 53.88853
27.59356 53.888006
27.593753 53.887673
27.594152 53.887032
27.593438 53.886192
27.593241 53.885935
27.592362 53.886195
27.591626 53.886426
27.590851 53.887383
27.590428 53.887914
BRUSH(1,0)
REGION 1
19
27.59378 53.886161
27.59412 53.886587
27.594503 53.887044
27.593389 53.888904
27.593854 53.889019
27.594861 53.889223
27.595456 53.88934
27.595521 53.889351
27.596303 53.888043
27.596444 53.887779
27.596817 53.887159
27.597029 53.8868
27.596728 53.886471
27.596626 53.886476
27.595777 53.88552
27.595541 53.885217
27.594567 53.885521
27.593525 53.885848
27.59378 53.886161
BRUSH(1,0)
REGION 1
16
27.597545 53.886993
27.598962 53.887148
27.59917 53.886434
27.599315 53.885883
27.598344 53.885802
27.598066 53.885743
27.597653 53.885576
27.597418 53.885372
27.597101 53.885001
27.596962 53.884817
27.595931 53.885099
27.596174 53.885397
27.596811 53.886122
27.596966 53.886308
27.59748 53.886989
27.597545 53.886993
BRUSH(1,0)
REGION 1
27
27.600186 53.887079
27.600223 53.886996
27.600278 53.886804
27.600302 53.886642
27.600364 53.886401
27.600455 53.88605
27.600494 53.885861
27.600518 53.885672
27.600634 53.885186
27.6007 53.88497
27.600723 53.884751
27.600831 53.884238
27.600867 53.884076
27.600891 53.883862
27.600956 53.88359
27.600955 53.88355
27.600536 53.883518
27.600235 53.883483
27.600094 53.884035
27.600088 53.884116
27.599942 53.884663
27.599925 53.884773
27.599791 53.885289
27.599747 53.885424
27.59962 53.885951
27.599328 53.88718
27.600186 53.887079
BRUSH(1,0)
REGION 1
23
27.613286 53.888417
27.613278 53.888109
27.612227 53.887716
27.612017 53.887637
27.61173 53.887521
27.611783 53.887478
27.611748 53.887444
27.610984 53.887167
27.610818 53.887305
27.610742 53.887288
27.610512 53.887484
27.610046 53.887889
27.609711 53.888176
27.609346 53.888475
27.609282 53.888581
27.609323 53.888756
27.60939 53.889543
27.60943 53.890253
27.612765 53.890187
27.613415 53.890161
27.613376 53.889768
27.613354 53.889507
27.613286 53.888417
BRUSH(1,0)
REGION 1
17
27.607215 53.886064
27.606218 53.886939
27.609296 53.888179
27.610301 53.887321
27.61047 53.887197
27.610436 53.887168
27.610632 53.887021
27.610142 53.886832
27.609886 53.886734
27.609584 53.886603
27.608647 53.886196
27.608333 53.886079
27.608115 53.885994
27.607607 53.885806
27.607449 53.885928
27.607388 53.885922
27.607215 53.886064
BRUSH(1,0)
REGION 1
35
27.609266 53.886112
27.609484 53.886217
27.609751 53.886321
27.609835 53.886294
27.610672 53.88664
27.610642 53.886677
27.610875 53.886761
27.611033 53.886625
27.611106 53.886661
27.611422 53.886376
27.611922 53.885946
27.612107 53.885799
27.611878 53.885721
27.61008 53.884957
27.610094 53.884898
27.610464 53.884645
27.609993 53.884463
27.609802 53.884389
27.609401 53.884229
27.609235 53.884372
27.609157 53.884456
27.608953 53.884623
27.608825 53.884732
27.608656 53.884861
27.608528 53.884983
27.608328 53.885114
27.608189 53.885261
27.608027 53.885381
27.608066 53.885417
27.607896 53.885557
27.608199 53.885677
27.608271 53.88565
27.609077 53.885983
27.609044 53.886014
27.609266 53.886112
BRUSH(1,0)
REGION 1
30
27.612329 53.885949
27.611674 53.886474
27.611351 53.886772
27.611413 53.886812
27.611258 53.886919
27.611923 53.887178
27.612986 53.8876
27.613583 53.887849
27.614514 53.887743
27.616295 53.887548
27.616588 53.887517
27.617492 53.887409
27.618753 53.887281
27.619287 53.886842
27.619234 53.886818
27.619298 53.88675
27.618849 53.886471
27.618132 53.886048
27.6174 53.885644
27.616913 53.88533
27.616867 53.885325
27.61559 53.884552
27.615314 53.884411
27.615242 53.884409
27.614515 53.884085
27.61415 53.884401
27.613356 53.885042
27.612992 53.885376
27.612751 53.8856
27.612329 53.885949
BRUSH(1,0)
REGION 1
9
27.617681 53.888771
27.618396 53.888158
27.618938 53.887714
27.618494 53.887534
27.615463 53.887867
27.615128 53.887918
27.614779 53.888216
27.617154 53.889207
27.617681 53.888771
BRUSH(1,0)
REGION 1
29
27.619797 53.890291
27.619852 53.890399
27.635342 53.890315
27.635205 53.890255
27.633927 53.889737
27.632171 53.889025
27.62921 53.887835
27.626479 53.886716
27.624674 53.885999
27.624357 53.885912
27.623988 53.885892
27.623439 53.885832
27.622182 53.885415
27.622046 53.885436
27.619948 53.887325
27.62025 53.887449
27.620909 53.887756
27.621127 53.887838
27.620512 53.88825
27.620918 53.888442
27.621714 53.888838
27.621625 53.888955
27.620887 53.889553
27.621208 53.889681
27.620802 53.890014
27.620733 53.889994
27.620609 53.890123
27.620246 53.889958
27.619797 53.890291
BRUSH(1,0)
REGION 1
38
27.619557 53.886531
27.619924 53.88663
27.620046 53.88667
27.621536 53.885153
27.620114 53.884603
27.619816 53.884514
27.619127 53.884203
27.618954 53.884071
27.618581 53.883749
27.617297 53.883313
27.616659 53.883076
27.616425 53.882987
27.615691 53.882691
27.614968 53.882378
27.614478 53.882122
27.613842 53.881804
27.613543 53.881591
27.612665 53.880784
27.612333 53.88041
27.612055 53.880113
27.611392 53.879385
27.610557 53.879263
27.608551 53.879692
27.609311 53.8811
27.609774 53.881649
27.61019 53.881995
27.610878 53.882277
27.611218 53.882428
27.61258 53.882975
27.613326 53.883297
27.613681 53.883428
27.613726 53.883392
27.614192 53.883553
27.614129 53.883621
27.614339 53.883701
27.614545 53.883768
27.615895 53.884323
27.619557 53.886531
BRUSH(1,0)
REGION 1
17
27.611651 53.882957
27.611162 53.882759
27.610827 53.883022
27.609916 53.883793
27.609735 53.88392
27.60957 53.884069
27.609987 53.884236
27.609994 53.884236
27.610132 53.884291
27.610625 53.884477
27.610941 53.884195
27.611009 53.884145
27.6131 53.884976
27.61427 53.88398
27.613135 53.883545
27.612519 53.883294
27.611651 53.882957
BRUSH(1,0)
REGION 1
23
27.609281 53.88381
27.609906 53.883271
27.610444 53.882819
27.610681 53.882633
27.610737 53.88255
27.610141 53.882357
27.609961 53.882266
27.609746 53.882141
27.609504 53.881929
27.609191 53.881526
27.60887 53.881147
27.608427 53.880448
27.608311 53.880262
27.608042 53.879795
27.607061 53.88005
27.605089 53.880541
27.603835 53.880911
27.602876 53.881175
27.602965 53.881323
27.602867 53.881368
27.605793 53.884697
27.607434 53.885359
27.609281 53.88381
BRUSH(1,0)
REGION 1
11
27.599726 53.884401
27.599791 53.884129
27.599618 53.884019
27.598876 53.884252
27.59711 53.884796
27.597539 53.885293
27.59772 53.885481
27.597927 53.885608
27.598251 53.88569
27.599363 53.885781
27.599726 53.884401
BRUSH(1,0)
REGION 1
29
27.589459 53.884665
27.599262 53.881692
27.599218 53.881579
27.599461 53.881511
27.598886 53.880884
27.599181 53.880732
27.598514 53.879998
27.597147 53.879042
27.595972 53.878749
27.596181 53.878986
27.595718 53.879076
27.595683 53.879008
27.595474 53.878722
27.595378 53.87865
27.595156 53.878559
27.595064 53.878485
27.594639 53.878598
27.594477 53.878418
27.592085 53.87903
27.592013 53.879062
27.592052 53.879109
27.588188 53.880106
27.586774 53.880466
27.586024 53.880658
27.586217 53.880943
27.588584 53.88408
27.588524 53.884102
27.589095 53.884781
27.589459 53.884665
BRUSH(1,0)
REGION 1
8
27.59179 53.884588
27.589626 53.885228
27.589885 53.885573
27.590691 53.886464
27.594709 53.885314
27.594811 53.885244
27.593665 53.884006
27.59179 53.884588
BRUSH(1,0)
REGION 1
47
27.587446 53.883125
27.587424 53.883125
27.587195 53.882796
27.586747 53.88226
27.585622 53.880755
27.585527 53.880766
27.584662 53.880977
27.58412 53.881124
27.58381 53.881276
27.583455 53.881458
27.582744 53.881841
27.582269 53.882163
27.581796 53.882633
27.581589 53.882883
27.582121 53.883087
27.582117 53.883085
27.582545 53.883243
27.582635 53.883186
27.583296 53.883401
27.583289 53.883435
27.583434 53.88349
27.583449 53.883493
27.58374 53.883601
27.583728 53.883599
27.584798 53.883979
27.584922 53.883877
27.584915 53.883866
27.585002 53.883843
27.585139 53.883889
27.585297 53.884023
27.585309 53.884044
27.585309 53.884041
27.58593 53.884787
27.585923 53.88479
27.58644 53.885423
27.586456 53.885426
27.586544 53.885524
27.587322 53.885307
27.587268 53.88526
27.588249 53.884972
27.588345 53.884987
27.588879 53.884843
27.588045 53.883828
27.58803 53.883835
27.587709 53.883472
27.587728 53.883472
27.587446 53.883125
BRUSH(1,0)
REGION 1
47
27.585346 53.885804
27.58549 53.885763
27.585571 53.885823
27.586329 53.885635
27.586225 53.88551
27.585584 53.884789
27.585156 53.884303
27.58498 53.88423
27.584522 53.884092
27.583464 53.88376
27.583136 53.883685
27.581814 53.883487
27.581375 53.883399
27.581369 53.88353
27.581263 53.884135
27.581238 53.884324
27.58124 53.884486
27.58122 53.884675
27.581225 53.884783
27.581222 53.884864
27.581262 53.88505
27.581428 53.885856
27.581437 53.885962
27.581476 53.886045
27.581568 53.886042
27.581947 53.885996
27.581991 53.886106
27.581847 53.886163
27.582025 53.886423
27.581683 53.88646
27.581592 53.886166
27.581466 53.886171
27.581727 53.886952
27.58174 53.887027
27.582013 53.887012
27.582427 53.88696
27.583257 53.886682
27.582933 53.886335
27.583111 53.886291
27.583073 53.886233
27.583732 53.886041
27.583782 53.886084
27.583956 53.886027
27.583929 53.885975
27.584979 53.885678
27.585137 53.885859
27.585346 53.885804
BRUSH(1,0)
REGION 1
33
27.591404 53.878382
27.591528 53.878581
27.591774 53.878526
27.591838 53.878456
27.592357 53.878559
27.594893 53.87791
27.594568 53.877175
27.594397 53.877202
27.59419 53.877082
27.594393 53.876852
27.594137 53.876203
27.593539 53.87608
27.5927 53.875904
27.592707 53.875846
27.589881 53.875275
27.589607 53.875265
27.589287 53.875194
27.589104 53.875139
27.588948 53.875117
27.588821 53.875323
27.588634 53.875569
27.588602 53.875731
27.588646 53.875922
27.588682 53.876054
27.588886 53.876242
27.589111 53.876358
27.589291 53.876391
27.589337 53.876444
27.589319 53.876501
27.588984 53.876815
27.58838 53.877497
27.588461 53.877541
27.591404 53.878382
BRUSH(1,0)
REGION 1
17
27.595309 53.877711
27.595582 53.877651
27.597814 53.87706
27.59755 53.876618
27.596481 53.876599
27.596207 53.876569
27.595842 53.87655
27.59543 53.876471
27.595159 53.876423
27.594789 53.876351
27.594656 53.87632
27.594929 53.876894
27.594984 53.877004
27.594989 53.877105
27.594826 53.877149
27.595108 53.877772
27.595309 53.877711
BRUSH(1,0)
REGION 1
43
27.602285 53.879554
27.601818 53.879957
27.601754 53.88002
27.602398 53.880646
27.602429 53.880702
27.60385 53.880273
27.605672 53.879733
27.606438 53.879554
27.607883 53.879247
27.610224 53.878791
27.610546 53.878378
27.610342 53.878203
27.609969 53.877935
27.60936 53.877585
27.608721 53.877256
27.608541 53.877218
27.607873 53.876997
27.607335 53.876853
27.607312 53.876831
27.606991 53.87672
27.606442 53.87661
27.605848 53.876589
27.605735 53.876672
27.60577 53.876701
27.605843 53.876746
27.605791 53.876852
27.60571 53.877041
27.605294 53.877558
27.605132 53.877692
27.604834 53.877907
27.604293 53.878096
27.604127 53.878196
27.603951 53.87841
27.603857 53.878485
27.603675 53.878531
27.603566 53.878642
27.603511 53.878831
27.603407 53.879018
27.603137 53.879289
27.602926 53.879414
27.602653 53.879503
27.602467 53.879535
27.602285 53.879554
BRUSH(1,0)
REGION 1
38
27.612736 53.878083
27.613025 53.87803
27.614971 53.877679
27.615278 53.877616
27.61741 53.877192
27.617767 53.877131
27.619907 53.876736
27.62021 53.876665
27.620513 53.876607
27.619539 53.874813
27.618833 53.874952
27.617919 53.875134
27.617422 53.87524
27.616558 53.875424
27.616285 53.875486
27.615829 53.875547
27.611145 53.876488
27.611009 53.876257
27.610848 53.875934
27.610727 53.875665
27.610494 53.875317
27.610199 53.874831
27.610013 53.874877
27.609654 53.875038
27.609122 53.875385
27.608658 53.875664
27.608232 53.875922
27.607957 53.876167
27.607456 53.876482
27.607486 53.876511
27.608406 53.876758
27.608953 53.876953
27.609546 53.877245
27.609952 53.87745
27.610366 53.877711
27.611033 53.878143
27.611848 53.878245
27.612736 53.878083
BRUSH(1,0)
REGION 1
18
27.622079 53.878479
27.621366 53.877241
27.621142 53.877279
27.620152 53.877484
27.61989 53.877523
27.619041 53.877689
27.619096 53.877808
27.619346 53.877764
27.620006 53.878798
27.619909 53.878904
27.619909 53.87896
27.619963 53.879011
27.620101 53.87904
27.62042 53.878989
27.620651 53.878925
27.620703 53.878868
27.62066 53.87877
27.622079 53.878479
BRUSH(1,0)
REGION 1
13
27.621952 53.878147
27.622198 53.878281
27.622881 53.878147
27.623131 53.8781
27.623575 53.87801
27.625536 53.877607
27.62494 53.87656
27.624837 53.876576
27.623919 53.876747
27.622531 53.877017
27.621632 53.877191
27.621442 53.87723
27.621952 53.878147
BRUSH(1,0)
REGION 1
22
27.626191 53.87772
27.62712 53.877525
27.628012 53.877322
27.628349 53.877248
27.628286 53.877109
27.628497 53.876944
27.628592 53.876928
27.628603 53.87691
27.628493 53.876668
27.628407 53.876506
27.628228 53.876183
27.628085 53.87602
27.627902 53.875992
27.627769 53.875999
27.627087 53.876162
27.626609 53.876252
27.626381 53.876292
27.625551 53.876453
27.625311 53.876493
27.625099 53.87653
27.625777 53.87777
27.626191 53.87772
BRUSH(1,0)
REGION 1
8
27.633251 53.874125
27.633808 53.874023
27.635003 53.873769
27.634054 53.87198
27.634004 53.871928
27.63097 53.872526
27.632041 53.874363
27.633251 53.874125
BRUSH(1,0)
REGION 1
9
27.63011 53.874714
27.631555 53.874435
27.631361 53.87411
27.630496 53.872617
27.627166 53.873245
27.628007 53.874739
27.628202 53.875073
27.629014 53.874927
27.63011 53.874714
BRUSH(1,0)
REGION 1
13
27.62442 53.873817
27.620214 53.874643
27.6212 53.876469
27.623521 53.876005
27.625657 53.875603
27.625119 53.874618
27.625426 53.874549
27.6258 53.875231
27.627242 53.874945
27.627481 53.874901
27.62672 53.873468
27.626635 53.873372
27.62442 53.873817
BRUSH(1,0)
REGION 1
71
27.605541 53.873982
27.605361 53.87392
27.605754 53.873434
27.606419 53.873094
27.606987 53.872322
27.607159 53.872355
27.60713 53.872445
27.607242 53.872336
27.607264 53.872228
27.607293 53.872122
27.607428 53.872014
27.607565 53.871977
27.607838 53.871971
27.608504 53.871999
27.608623 53.872096
27.60913 53.871857
27.609387 53.871442
27.609299 53.871125
27.609203 53.871045
27.609298 53.871031
27.609981 53.870935
27.610437 53.870931
27.610712 53.870999
27.610773 53.871048
27.610785 53.871064
27.610838 53.871019
27.610889 53.870857
27.610827 53.870805
27.610644 53.870757
27.60875 53.870418
27.607366 53.870467
27.607186 53.870666
27.606893 53.870618
27.60653 53.870503
27.606087 53.870375
27.606076 53.870372
27.605832 53.870299
27.60537 53.870162
27.605137 53.870096
27.604644 53.869941
27.604685 53.869867
27.602849 53.869334
27.601186 53.871264
27.599853 53.872933
27.600758 53.873209
27.600702 53.873273
27.600225 53.873142
27.60002 53.873157
27.599814 53.873115
27.599788 53.87314
27.599725 53.873277
27.599621 53.873521
27.599473 53.873845
27.599433 53.873978
27.599368 53.874223
27.599325 53.87441
27.599293 53.874599
27.59928 53.874791
27.599304 53.875784
27.600002 53.876204
27.602884 53.876165
27.603359 53.875872
27.604545 53.87519
27.605831 53.87439
27.605849 53.87432
27.60581 53.87421
27.605439 53.874072
27.605118 53.873939
27.605182 53.873882
27.605519 53.874029
27.605541 53.873982
BRUSH(1,0)
REGION 1
61
27.597114 53.868017
27.597133 53.868008
27.59642 53.867859
27.596404 53.867852
27.595696 53.867743
27.594985 53.869258
27.595112 53.869354
27.594908 53.869804
27.594703 53.869848
27.59418 53.870831
27.59418 53.870874
27.594368 53.870992
27.594135 53.871486
27.593892 53.871532
27.593291 53.872695
27.593269 53.872783
27.593198 53.872943
27.59317 53.873078
27.593217 53.873185
27.593241 53.873266
27.593443 53.873888
27.593552 53.87413
27.59367 53.874424
27.59383 53.87475
27.593975 53.875086
27.594014 53.875205
27.594085 53.875367
27.594198 53.875609
27.594346 53.875851
27.594434 53.875878
27.59549 53.876071
27.595805 53.876096
27.59608 53.876155
27.59672 53.876204
27.596948 53.876201
27.597545 53.8762
27.598474 53.87568
27.598514 53.875575
27.59851 53.875222
27.598534 53.875008
27.598532 53.874871
27.59853 53.874709
27.598609 53.874358
27.598629 53.874115
27.598698 53.873872
27.598805 53.87363
27.598934 53.873331
27.599186 53.872819
27.599238 53.872655
27.599574 53.872224
27.59972 53.872034
27.599997 53.871709
27.600285 53.8713
27.600694 53.870869
27.60212 53.869088
27.602024 53.869039
27.601704 53.868964
27.600834 53.868743
27.60056 53.868691
27.599732 53.868519
27.597114 53.868017
BRUSH(1,0)
REGION 1
54
27.592728 53.87543
27.593029 53.875491
27.592973 53.875566
27.593846 53.875743
27.59391 53.875662
27.593507 53.874783
27.593115 53.873815
27.592821 53.873192
27.592743 53.873006
27.59279 53.872848
27.59295 53.872816
27.593289 53.872279
27.593364 53.871872
27.593513 53.871603
27.591904 53.871296
27.591918 53.871168
27.591834 53.871148
27.590145 53.870857
27.589453 53.871162
27.587802 53.872006
27.587856 53.872091
27.587893 53.872253
27.587753 53.872362
27.587443 53.872512
27.587273 53.872614
27.587395 53.873236
27.587455 53.873492
27.587589 53.87386
27.587739 53.873958
27.587808 53.873999
27.587917 53.874241
27.588584 53.874361
27.589797 53.874601
27.589919 53.874607
27.590146 53.874522
27.590198 53.874466
27.590366 53.874503
27.590167 53.874704
27.590031 53.874755
27.589939 53.874744
27.589573 53.874669
27.58907 53.874586
27.588934 53.874611
27.588874 53.874668
27.588867 53.874722
27.590266 53.875023
27.59112 53.875192
27.591181 53.87517
27.59131 53.875173
27.591284 53.875212
27.591436 53.875243
27.591433 53.875272
27.592649 53.875529
27.592728 53.87543
BRUSH(1,0)
REGION 1
16
27.580735 53.877151
27.580117 53.876934
27.579849 53.876798
27.579672 53.876639
27.579574 53.876448
27.579495 53.876467
27.579352 53.8766
27.579216 53.8767
27.579193 53.876648
27.579065 53.876487
27.578808 53.876301
27.578671 53.876252
27.578 53.876773
27.580237 53.877464
27.580329 53.877524
27.580735 53.877151
BRUSH(1,0)
REGION 1
9
27.585387 53.876571
27.585263 53.876358
27.585227 53.876228
27.585219 53.876239
27.583676 53.876908
27.584081 53.877032
27.584244 53.877049
27.585395 53.876569
27.585387 53.876571
BRUSH(1,0)
REGION 1
29
27.58401 53.874439
27.583908 53.874422
27.583221 53.874239
27.582901 53.874184
27.582873 53.874128
27.582838 53.874076
27.582652 53.874077
27.582382 53.874063
27.582199 53.874059
27.5822 53.874093
27.582237 53.874335
27.58236 53.874737
27.582381 53.874928
27.582562 53.875089
27.582939 53.875438
27.583033 53.875681
27.583123 53.875842
27.583492 53.875874
27.583899 53.875859
27.584263 53.875776
27.584539 53.875674
27.584993 53.875485
27.585061 53.875428
27.58516 53.87516
27.585184 53.874942
27.585142 53.87489
27.585062 53.874621
27.584654 53.874517
27.58401 53.874439
BRUSH(1,0)
REGION 1
98
27.58292 53.873595
27.583105 53.873463
27.583203 53.873382
27.583195 53.873353
27.582931 53.873221
27.582819 53.873114
27.583038 53.872996
27.583087 53.87294
27.582915 53.872857
27.582765 53.872748
27.582833 53.872698
27.583066 53.872789
27.583337 53.872896
27.58357 53.872989
27.583616 53.873
27.583688 53.872955
27.583748 53.872873
27.583518 53.872713
27.583604 53.872607
27.58345 53.872502
27.583228 53.872395
27.582948 53.872185
27.582615 53.871982
27.582607 53.871955
27.582967 53.871841
27.583177 53.871963
27.583357 53.872025
27.583539 53.871968
27.583766 53.871868
27.583815 53.871868
27.583896 53.871949
27.583946 53.871966
27.584078 53.871934
27.58412 53.871905
27.584015 53.871743
27.584098 53.871698
27.584194 53.871729
27.584377 53.871796
27.58456 53.871813
27.584784 53.87178
27.585102 53.871662
27.585128 53.87161
27.585089 53.871529
27.585176 53.871499
27.585221 53.871448
27.585212 53.871337
27.585276 53.871294
27.585458 53.871298
27.585642 53.871353
27.585729 53.871389
27.585912 53.87139
27.586048 53.871351
27.586056 53.871324
27.585872 53.87119
27.585848 53.871139
27.585889 53.871058
27.586112 53.870951
27.586249 53.870943
27.586432 53.871006
27.586527 53.871012
27.586709 53.870948
27.586784 53.870898
27.586776 53.870847
27.586699 53.870737
27.586747 53.870685
27.586815 53.870635
27.586813 53.870473
27.586885 53.870434
27.587022 53.870405
27.587206 53.870566
27.587363 53.870671
27.587913 53.870537
27.587992 53.870429
27.588059 53.870323
27.588331 53.870241
27.588695 53.87014
27.589244 53.869917
27.58969 53.869704
27.58975 53.869661
27.589507 53.869385
27.589394 53.869442
27.589216 53.869488
27.587716 53.86997
27.586716 53.870298
27.586167 53.870451
27.58558 53.870697
27.584671 53.870953
27.583576 53.871307
27.582807 53.871553
27.582122 53.871802
27.582115 53.871831
27.582207 53.872206
27.582241 53.872532
27.582262 53.872694
27.582283 53.872856
27.582266 53.872988
27.582254 53.873519
27.58292 53.873595
BRUSH(1,0)
REGION 1
45
27.58216 53.868391
27.582604 53.868609
27.582566 53.868667
27.582727 53.868727
27.583512 53.868301
27.583248 53.868118
27.583388 53.868059
27.58366 53.86821
27.58559 53.867205
27.585839 53.867058
27.586765 53.866581
27.586408 53.866326
27.586298 53.866343
27.585893 53.866506
27.585798 53.866529
27.585661 53.866501
27.585298 53.866685
27.585306 53.866709
27.58536 53.86679
27.585422 53.866871
27.585381 53.866884
27.58526 53.866964
27.585119 53.866922
27.584838 53.86668
27.584289 53.86686
27.58424 53.866915
27.584169 53.866996
27.583991 53.867053
27.583939 53.867103
27.583974 53.867183
27.583914 53.867238
27.583326 53.867411
27.583282 53.867466
27.583463 53.867683
27.583421 53.867708
27.583145 53.867812
27.583012 53.867813
27.582501 53.867413
27.58232 53.867479
27.58221 53.867552
27.582384 53.867767
27.582313 53.867877
27.582487 53.86809
27.58248 53.868144
27.58216 53.868391
BRUSH(1,0)
REGION 1
15
27.591329 53.86999
27.59091 53.870584
27.592296 53.871015
27.592161 53.871203
27.593587 53.871452
27.594355 53.869962
27.594384 53.869868
27.592847 53.869452
27.592694 53.869431
27.592691 53.869446
27.592536 53.869557
27.592086 53.869755
27.591856 53.869911
27.591629 53.869969
27.591329 53.86999
BRUSH(1,0)
REGION 1
15
27.620056 53.870532
27.619236 53.870309
27.618716 53.870421
27.615657 53.871125
27.614523 53.872525
27.61512 53.873644
27.618731 53.872933
27.618675 53.872733
27.618618 53.872439
27.618631 53.872302
27.616955 53.871775
27.617015 53.871719
27.618607 53.872196
27.618641 53.872223
27.620056 53.870532
BRUSH(1,0)
REGION 1
11
27.625556 53.87145
27.625334 53.87108
27.625116 53.870695
27.623409 53.871036
27.623506 53.871139
27.62406 53.872195
27.623878 53.872239
27.624267 53.872873
27.626038 53.872541
27.626152 53.872484
27.625556 53.87145
BRUSH(1,0)
REGION 1
12
27.624769 53.870031
27.62486 53.869997
27.624692 53.869712
27.624582 53.869724
27.62454 53.869681
27.624604 53.869661
27.62455 53.869571
27.62441 53.869331
27.62364 53.869499
27.624071 53.87072
27.625038 53.870529
27.624769 53.870031
BRUSH(1,0)
REGION 1
14
27.628763 53.870732
27.626567 53.871164
27.62607 53.871252
27.626211 53.871539
27.627045 53.873066
27.628278 53.872821
27.627925 53.872052
27.628597 53.871914
27.629056 53.872689
27.630356 53.872406
27.629857 53.871498
27.629542 53.870942
27.629366 53.870617
27.628763 53.870732
BRUSH(1,0)
REGION 1
9
27.624587 53.868653
27.624711 53.868866
27.625405 53.868735
27.626422 53.86855
27.627158 53.868397
27.627026 53.868191
27.626943 53.868012
27.624505 53.868508
27.624587 53.868653
BRUSH(1,0)
REGION 1
10
27.638441 53.870713
27.638441 53.870709
27.636395 53.868795
27.636226 53.868632
27.632794 53.869308
27.633059 53.869793
27.63413 53.871656
27.635267 53.871411
27.635742 53.871323
27.638441 53.870713
BRUSH(1,0)
REGION 1
112
27.592762 53.869349
27.59441 53.869787
27.595439 53.8676
27.593285 53.867105
27.59261 53.865793
27.592732 53.865776
27.592786 53.865844
27.59341 53.867073
27.594256 53.867269
27.596608 53.867714
27.599033 53.868208
27.599715 53.868326
27.601087 53.868625
27.601362 53.868687
27.601686 53.868773
27.601915 53.868835
27.602266 53.868934
27.603753 53.867157
27.603405 53.86697
27.603363 53.866959
27.60319 53.866872
27.602975 53.866682
27.602973 53.866549
27.602945 53.866091
27.602806 53.865631
27.602716 53.865444
27.602449 53.865122
27.602065 53.864827
27.601928 53.864798
27.60197 53.864764
27.602033 53.864654
27.602051 53.864573
27.602071 53.864411
27.60207 53.864276
27.602034 53.864141
27.601845 53.86398
27.601486 53.863829
27.60115 53.863748
27.601169 53.86341
27.601083 53.863242
27.600964 53.863168
27.601009 53.863083
27.601005 53.862811
27.600875 53.862434
27.600667 53.862219
27.600299 53.861987
27.599287 53.86165
27.598932 53.861548
27.598883 53.861528
27.598707 53.861453
27.598983 53.861339
27.599202 53.861234
27.599311 53.861097
27.599581 53.860798
27.599576 53.860774
27.592857 53.858823
27.590035 53.862064
27.590006 53.86214
27.591468 53.862601
27.592401 53.861539
27.592523 53.861564
27.591522 53.862702
27.589942 53.862219
27.588327 53.864082
27.588308 53.864127
27.589793 53.864608
27.589741 53.864673
27.588222 53.864215
27.588154 53.864238
27.587616 53.864081
27.587428 53.864282
27.586423 53.865357
27.586073 53.865656
27.586055 53.865737
27.586116 53.86582
27.586349 53.865877
27.586511 53.86602
27.58639 53.866093
27.586928 53.866542
27.587242 53.866394
27.587514 53.866308
27.588015 53.866229
27.58838 53.866211
27.588836 53.866164
27.588862 53.866162
27.588998 53.866058
27.589085 53.866032
27.589638 53.86614
27.589866 53.866164
27.590139 53.86614
27.590169 53.86634
27.590401 53.866341
27.590629 53.866396
27.590703 53.866477
27.59072 53.866641
27.59064 53.866965
27.590722 53.867151
27.591097 53.867581
27.59145 53.867851
27.591516 53.867932
27.591659 53.868118
27.591983 53.868249
27.592161 53.868187
27.59234 53.868175
27.592435 53.868195
27.592664 53.868273
27.592818 53.868375
27.592869 53.868537
27.592992 53.868642
27.593013 53.868777
27.592949 53.869101
27.592762 53.869349
BRUSH(1,0)
REGION 1
19
27.605457 53.860985
27.605228 53.861236
27.605083 53.861216
27.604975 53.861354
27.605082 53.86141
27.605004 53.861543
27.605713 53.861715
27.605867 53.86155
27.606164 53.861625
27.606655 53.86106
27.606966 53.860692
27.602471 53.859379
27.602407 53.859447
27.601213 53.859104
27.600213 53.860269
27.604673 53.861556
27.605361 53.860678
27.605636 53.860778
27.605457 53.860985
BRUSH(1,0)
REGION 1
22
27.620929 53.8618
27.621543 53.861943
27.621759 53.861587
27.622457 53.860936
27.622854 53.860489
27.623305 53.860097
27.624105 53.85988
27.624292 53.859694
27.623498 53.859406
27.623253 53.85956
27.623257 53.859587
27.623418 53.859683
27.623693 53.859794
27.623671 53.859821
27.623546 53.859919
27.623409 53.859903
27.622856 53.859731
27.622814 53.859742
27.622608 53.859959
27.621107 53.861449
27.62098 53.861638
27.620929 53.8618
BRUSH(1,0)
REGION 1
12
27.626103 53.860881
27.626133 53.860886
27.626286 53.860982
27.626257 53.861063
27.625386 53.861843
27.625154 53.861896
27.624849 53.861814
27.624401 53.862147
27.625547 53.862575
27.627356 53.860823
27.626532 53.860551
27.626103 53.860881
BRUSH(1,0)
REGION 1
9
27.624599 53.863859
27.624505 53.86368
27.624223 53.863596
27.623019 53.863132
27.622756 53.863383
27.623972 53.864175
27.624435 53.864703
27.624977 53.86457
27.624599 53.863859
BRUSH(1,0)
REGION 1
36
27.627664 53.860765
27.627881 53.860861
27.628665 53.861163
27.630697 53.861892
27.634166 53.863151
27.634293 53.863214
27.634338 53.863204
27.634357 53.863179
27.634793 53.862799
27.635067 53.862555
27.635503 53.862146
27.635919 53.861712
27.63621 53.861335
27.636247 53.861243
27.636409 53.860904
27.636514 53.860499
27.636534 53.860285
27.636532 53.860121
27.636548 53.859957
27.636479 53.859038
27.635006 53.858346
27.634532 53.85818
27.634123 53.858009
27.633623 53.857874
27.633254 53.857845
27.632707 53.857821
27.632253 53.857738
27.631932 53.857616
27.631516 53.857463
27.631242 53.857453
27.631018 53.857497
27.629852 53.858143
27.62871 53.8589
27.628048 53.859403
27.626693 53.860433
27.627664 53.860765
BRUSH(1,0)
REGION 1
15
27.581354 53.87116
27.581237 53.871601
27.582302 53.871599
27.583866 53.871088
27.583439 53.870647
27.583392 53.87022
27.583296 53.870191
27.581996 53.870183
27.581957 53.870485
27.582224 53.870526
27.582225 53.870616
27.581883 53.870582
27.581266 53.870511
27.581182 53.871112
27.581354 53.87116
BRUSH(1,0)
REGION 1
7
27.629293 53.866295
27.628735 53.866381
27.628883 53.866662
27.6296 53.867908
27.634306 53.866969
27.632767 53.865632
27.629293 53.866295
BRUSH(1,0)
REGION 1
9
27.624892 53.869268
27.625327 53.869992
27.625946 53.871025
27.627164 53.870819
27.62807 53.870653
27.629303 53.870397
27.629264 53.870347
27.628289 53.868583
27.624892 53.869268
BRUSH(1,0)
REGION 1
11
27.518244 53.888425
27.518255 53.888434
27.521915 53.889778
27.521979 53.889749
27.522187 53.889615
27.522505 53.889459
27.522577 53.889407
27.522581 53.889353
27.522511 53.889299
27.518783 53.887951
27.518244 53.888425
BRUSH(1,0)
REGION 1
11
27.532615 53.887503
27.532592 53.887516
27.530926 53.887912
27.529712 53.88821
27.531202 53.88901
27.53335 53.890147
27.533407 53.890203
27.533612 53.890144
27.533573 53.890083
27.532747 53.887781
27.532615 53.887503
BRUSH(1,0)
REGION 1
21
27.532655 53.887386
27.532647 53.887365
27.532632 53.887361
27.532585 53.887226
27.532522 53.887092
27.532444 53.88693
27.532374 53.886742
27.532318 53.88658
27.532256 53.886473
27.532006 53.886231
27.531765 53.886073
27.531497 53.885923
27.530823 53.885589
27.52988 53.886618
27.528926 53.887694
27.529083 53.887794
27.529627 53.888086
27.529684 53.888091
27.530227 53.887967
27.530238 53.887953
27.532655 53.887386
BRUSH(1,0)
REGION 1
10
27.53067 53.885529
27.530647 53.885525
27.529073 53.884916
27.528847 53.885105
27.52869 53.885054
27.52788 53.885766
27.529337 53.88636
27.52948 53.88624
27.529847 53.886387
27.53067 53.885529
BRUSH(1,0)
REGION 1
8
27.529667 53.886619
27.529656 53.88661
27.527745 53.885879
27.52683 53.886743
27.528372 53.887523
27.528548 53.887595
27.529359 53.88693
27.529667 53.886619
BRUSH(1,0)
REGION 1
11
27.526738 53.886654
27.526749 53.88664
27.527773 53.885661
27.528767 53.884809
27.527991 53.884514
27.52751 53.884958
27.52687 53.885593
27.526144 53.88627
27.526232 53.886306
27.526175 53.886387
27.526738 53.886654
BRUSH(1,0)
REGION 1
8
27.527835 53.884469
27.527831 53.88446
27.525828 53.883655
27.525561 53.883949
27.524662 53.884757
27.524052 53.885337
27.525927 53.886242
27.527835 53.884469
BRUSH(1,0)
REGION 1
8
27.525599 53.883564
27.525564 53.883551
27.523536 53.882733
27.522565 53.883674
27.52183 53.884354
27.522419 53.884598
27.523818 53.885206
27.525599 53.883564
BRUSH(1,0)
REGION 1
6
27.521678 53.884284
27.521692 53.884271
27.522407 53.883621
27.52085 53.883047
27.520144 53.883662
27.521678 53.884284
BRUSH(1,0)
REGION 1
7
27.52091 53.88298
27.522433 53.883546
27.522471 53.883562
27.522648 53.883393
27.523429 53.882672
27.521861 53.882102
27.52091 53.88298
BRUSH(1,0)
REGION 1
6
27.520776 53.888019
27.520799 53.888005
27.521529 53.887344
27.519991 53.886802
27.519276 53.88749
27.520776 53.888019
BRUSH(1,0)
REGION 1
11
27.521779 53.887435
27.521044 53.88811
27.521847 53.888423
27.52269 53.888723
27.523 53.888879
27.523287 53.888921
27.523423 53.888918
27.523606 53.888847
27.523734 53.888775
27.524392 53.888363
27.521779 53.887435
BRUSH(1,0)
REGION 1
17
27.521921 53.887297
27.52194 53.887311
27.523766 53.88797
27.524024 53.887771
27.524126 53.887807
27.523874 53.888006
27.524539 53.888241
27.525559 53.887639
27.52671 53.886924
27.52611 53.886641
27.524892 53.885965
27.523924 53.885468
27.522939 53.886412
27.524673 53.887065
27.524488 53.88721
27.522799 53.886561
27.521921 53.887297
BRUSH(1,0)
REGION 1
7
27.523744 53.885377
27.523709 53.885361
27.522086 53.884669
27.520056 53.883842
27.518971 53.88491
27.522698 53.88631
27.523744 53.885377
BRUSH(1,0)
REGION 1
6
27.519575 53.886411
27.519591 53.886397
27.520408 53.885672
27.518815 53.885077
27.517985 53.88581
27.519575 53.886411
BRUSH(1,0)
REGION 1
16
27.531709 53.885837
27.531716 53.88583
27.531957 53.885645
27.531003 53.885044
27.531406 53.884649
27.531281 53.884389
27.530801 53.884704
27.530094 53.884394
27.530864 53.883903
27.530539 53.883709
27.529233 53.884603
27.529409 53.88468
27.529677 53.884502
27.529776 53.884546
27.529365 53.884831
27.531709 53.885837
BRUSH(1,0)
REGION 1
9
27.530257 53.883719
27.530234 53.883706
27.529462 53.883424
27.528346 53.884278
27.528545 53.884361
27.528421 53.88446
27.528952 53.884653
27.52928 53.884432
27.530257 53.883719
BRUSH(1,0)
REGION 1
10
27.527962 53.8843
27.527985 53.884293
27.528743 53.883721
27.528277 53.883517
27.528688 53.883212
27.528405 53.8831
27.528566 53.882931
27.527401 53.8825
27.525971 53.883493
27.527962 53.8843
BRUSH(1,0)
REGION 1
12
27.52508 53.883146
27.525092 53.883137
27.525787 53.882698
27.525879 53.882738
27.525164 53.883184
27.525822 53.88344
27.526252 53.883155
27.527263 53.882436
27.525884 53.881947
27.524929 53.882578
27.524477 53.882897
27.52508 53.883146
BRUSH(1,0)
REGION 1
7
27.52374 53.882644
27.523785 53.882657
27.524316 53.882873
27.524558 53.882708
27.525766 53.881894
27.525097 53.881634
27.52374 53.882644
BRUSH(1,0)
REGION 1
11
27.524979 53.881596
27.524937 53.881578
27.523553 53.881036
27.52337 53.881016
27.523097 53.881044
27.522916 53.881101
27.522749 53.881205
27.522613 53.881341
27.521997 53.881977
27.523544 53.882562
27.524979 53.881596
BRUSH(1,0)
REGION 1
16
27.521592 53.881811
27.521623 53.881788
27.521678 53.881736
27.521896 53.881492
27.522148 53.881249
27.522462 53.880977
27.522646 53.880815
27.52268 53.880734
27.522586 53.880626
27.522463 53.880551
27.522326 53.880508
27.520453 53.879716
27.519672 53.880183
27.518859 53.880739
27.520349 53.881306
27.521592 53.881811
BRUSH(1,0)
REGION 1
6
27.518756 53.880697
27.518786 53.880688
27.52032 53.879665
27.519093 53.879088
27.517438 53.880147
27.518756 53.880697
BRUSH(1,0)
REGION 1
11
27.51905 53.878466
27.519058 53.878468
27.519177 53.878542
27.519543 53.878686
27.520185 53.878938
27.520644 53.879107
27.520824 53.879196
27.521 53.879287
27.521301 53.879039
27.519342 53.878251
27.51905 53.878466
BRUSH(1,0)
REGION 1
12
27.521438 53.877276
27.521414 53.877285
27.520214 53.877737
27.520306 53.877802
27.52039 53.87791
27.520374 53.878045
27.520318 53.878099
27.520143 53.878196
27.519931 53.878321
27.520238 53.878456
27.521797 53.877481
27.521438 53.877276
BRUSH(1,0)
REGION 1
8
27.520478 53.87853
27.520493 53.878532
27.52106 53.878781
27.521758 53.878304
27.521827 53.878335
27.523 53.877591
27.522554 53.87713
27.520478 53.87853
BRUSH(1,0)
REGION 1
12
27.521158 53.878819
27.521166 53.878828
27.521469 53.878959
27.521841 53.878713
27.521934 53.878739
27.521476 53.87931
27.52207 53.879444
27.523354 53.877958
27.523012 53.877588
27.523 53.877591
27.521827 53.878335
27.521158 53.878819
BRUSH(1,0)
REGION 1
8
27.523646 53.87784
27.52367 53.877835
27.524738 53.877516
27.523534 53.876375
27.522814 53.876657
27.522759 53.876767
27.522776 53.876938
27.523646 53.87784
BRUSH(1,0)
REGION 1
57
27.531071 53.883044
27.531098 53.883042
27.531231 53.883034
27.531211 53.882935
27.531117 53.882716
27.531063 53.882705
27.530842 53.882301
27.530841 53.882198
27.53067 53.88192
27.530466 53.88173
27.530263 53.88158
27.530033 53.881498
27.530059 53.881421
27.529324 53.880984
27.529247 53.880937
27.529121 53.880852
27.528338 53.880318
27.527668 53.879888
27.527143 53.879553
27.527154 53.879528
27.526552 53.879167
27.526582 53.879137
27.526026 53.878762
27.525654 53.878496
27.525677 53.878469
27.525297 53.878217
27.525326 53.878107
27.5248 53.877608
27.523655 53.878004
27.523254 53.8785
27.523123 53.87861
27.522837 53.878935
27.522676 53.879152
27.522444 53.879422
27.522219 53.879666
27.521981 53.879883
27.521902 53.880045
27.52196 53.880099
27.522281 53.880225
27.522832 53.880421
27.523107 53.880545
27.523428 53.880665
27.523565 53.880703
27.523702 53.880761
27.524207 53.880959
27.524711 53.881161
27.525124 53.881312
27.525353 53.881403
27.525674 53.88153
27.526133 53.881703
27.526545 53.881854
27.52705 53.88205
27.527554 53.882257
27.527921 53.882386
27.529365 53.882919
27.530954 53.883132
27.531071 53.883044
BRUSH(1,0)
REGION 1
36
27.534428 53.889601
27.534454 53.889603
27.537039 53.889088
27.537094 53.889155
27.537359 53.889111
27.537355 53.889107
27.53775 53.88902
27.53813 53.888973
27.53787 53.88854
27.536399 53.886055
27.535549 53.884669
27.534794 53.884821
27.534515 53.884719
27.534286 53.884659
27.53396 53.884811
27.533735 53.884763
27.533928 53.884342
27.532304 53.88405
27.532082 53.884215
27.532411 53.884724
27.53235 53.885032
27.532648 53.885768
27.532718 53.885963
27.532821 53.886286
27.533005 53.88669
27.533098 53.886905
27.533208 53.887201
27.533303 53.887444
27.53342 53.88774
27.53351 53.887928
27.533596 53.888116
27.533736 53.888386
27.533876 53.888682
27.534036 53.889005
27.534152 53.889166
27.534428 53.889601
BRUSH(1,0)
REGION 1
18
27.537072 53.88667
27.537106 53.886665
27.53892 53.886309
27.538881 53.88621
27.538741 53.885914
27.53862 53.885726
27.538511 53.88551
27.538411 53.885403
27.53817 53.885244
27.537951 53.885122
27.537676 53.88504
27.536393 53.884574
27.536072 53.884467
27.535934 53.88445
27.535843 53.88447
27.535814 53.884524
27.535845 53.884605
27.537072 53.88667
BRUSH(1,0)
REGION 1
10
27.53896 53.886466
27.538938 53.886473
27.537172 53.886797
27.538787 53.889464
27.540616 53.88911
27.539897 53.887776
27.539594 53.887256
27.539505 53.887196
27.53938 53.887192
27.53896 53.886466
BRUSH(1,0)
REGION 1
33
27.531282 53.882223
27.531294 53.88225
27.531586 53.882835
27.531813 53.883384
27.532396 53.883472
27.533376 53.883679
27.53444 53.883879
27.535267 53.884017
27.535538 53.884081
27.535813 53.884122
27.53627 53.884212
27.536636 53.884283
27.537231 53.88439
27.537643 53.88446
27.537918 53.884529
27.538562 53.884652
27.538585 53.884622
27.538294 53.884525
27.535712 53.883635
27.535674 53.883657
27.535632 53.883642
27.535265 53.883504
27.534899 53.883391
27.534624 53.883312
27.533891 53.883106
27.533525 53.883022
27.533204 53.882936
27.532837 53.882807
27.532333 53.882632
27.53192 53.882474
27.531554 53.882352
27.531424 53.882281
27.531282 53.882223
BRUSH(1,0)
REGION 1
6
27.51748 53.86744
27.517466 53.867456
27.516874 53.867726
27.517386 53.868254
27.518042 53.868018
27.51748 53.86744
BRUSH(1,0)
REGION 1
7
27.518367 53.868261
27.51836 53.868246
27.518176 53.868103
27.517639 53.868314
27.517237 53.868529
27.517553 53.868755
27.518367 53.868261
BRUSH(1,0)
REGION 1
23
27.519773 53.87144
27.519875 53.871401
27.520088 53.87134
27.52019 53.871306
27.520793 53.871083
27.520745 53.871018
27.52065 53.87091
27.520341 53.870563
27.520092 53.87063
27.519982 53.870661
27.519742 53.87075
27.519564 53.870838
27.51907 53.871133
27.518791 53.871278
27.518726 53.87133
27.518802 53.871381
27.518891 53.871462
27.519049 53.871596
27.519232 53.871658
27.519369 53.871662
27.519506 53.871625
27.519614 53.871544
27.519773 53.87144
BRUSH(1,0)
REGION 1
6
27.518237 53.872536
27.5182 53.872541
27.517426 53.873005
27.518494 53.87358
27.519252 53.873105
27.518237 53.872536
BRUSH(1,0)
REGION 1
10
27.519082 53.872587
27.51906 53.872587
27.518956 53.872549
27.518841 53.872469
27.518711 53.8724
27.51862 53.872382
27.518483 53.872401
27.518301 53.872471
27.518823 53.872759
27.519082 53.872587
BRUSH(1,0)
REGION 1
6
27.519013 53.872072
27.518998 53.872086
27.51868 53.872272
27.519058 53.872479
27.51936 53.872289
27.519013 53.872072
BRUSH(1,0)
REGION 1
38
27.519427 53.871823
27.519439 53.871823
27.519787 53.872051
27.520071 53.871908
27.520069 53.872003
27.520032 53.872084
27.519892 53.872219
27.519582 53.872389
27.519457 53.872466
27.519795 53.872674
27.519848 53.872691
27.519985 53.87261
27.520018 53.872628
27.520707 53.872216
27.520863 53.87233
27.520619 53.872472
27.520698 53.872517
27.520535 53.872621
27.520555 53.872637
27.520826 53.872782
27.52109 53.872929
27.521355 53.873078
27.521565 53.873203
27.522017 53.873163
27.522012 53.873055
27.521999 53.872759
27.521961 53.87257
27.52186 53.872355
27.521771 53.87222
27.521516 53.871898
27.521443 53.871846
27.520899 53.871163
27.52001 53.871529
27.519648 53.87171
27.519623 53.871692
27.519443 53.871776
27.519473 53.871799
27.519427 53.871823
BRUSH(1,0)
REGION 1
9
27.522076 53.873325
27.522046 53.873323
27.521537 53.873257
27.521249 53.873362
27.52168 53.873614
27.521526 53.873734
27.52179 53.873856
27.522231 53.873744
27.522076 53.873325
BRUSH(1,0)
REGION 1
14
27.52104 53.873846
27.521041 53.873841
27.520871 53.87373
27.520921 53.873709
27.520818 53.873629
27.520758 53.873658
27.5206 53.873574
27.520868 53.873399
27.520388 53.873055
27.520464 53.873001
27.520145 53.872773
27.518646 53.873667
27.520029 53.874439
27.52104 53.873846
BRUSH(1,0)
REGION 1
17
27.520511 53.874711
27.520515 53.874693
27.520702 53.874573
27.521174 53.874845
27.521003 53.874956
27.522052 53.875518
27.522222 53.875446
27.522207 53.875407
27.522155 53.875219
27.522053 53.874977
27.522067 53.874842
27.522059 53.874707
27.52212 53.874347
27.522106 53.874286
27.521346 53.873872
27.520169 53.874528
27.520511 53.874711
BRUSH(1,0)
REGION 1
16
27.523295 53.876113
27.523277 53.876086
27.523152 53.875902
27.522935 53.875496
27.52284 53.875216
27.522686 53.874713
27.522728 53.874706
27.5227 53.874585
27.522651 53.874596
27.522546 53.874116
27.52222 53.87414
27.522426 53.875161
27.522547 53.875876
27.522619 53.876064
27.52277 53.876306
27.523295 53.876113
BRUSH(1,0)
REGION 1
8
27.521409 53.876822
27.521443 53.876815
27.522372 53.876483
27.52231 53.876007
27.522304 53.875829
27.522154 53.875763
27.520976 53.876568
27.521409 53.876822
BRUSH(1,0)
REGION 1
13
27.550697 53.888573
27.550697 53.888569
27.549938 53.888466
27.549652 53.889306
27.550425 53.889379
27.550436 53.889352
27.551632 53.889425
27.551738 53.88911
27.551658 53.889108
27.55173 53.888755
27.551763 53.888303
27.55089 53.888174
27.550697 53.888573
BRUSH(1,0)
REGION 1
17
27.55227 53.889667
27.552247 53.889672
27.552122 53.889695
27.552161 53.8898
27.554006 53.889446
27.553975 53.889383
27.554814 53.889222
27.554651 53.888933
27.555315 53.888804
27.555404 53.888954
27.555465 53.888951
27.55554 53.888524
27.555399 53.888518
27.553736 53.88849
27.552114 53.888376
27.551981 53.88905
27.55227 53.889667
BRUSH(1,0)
REGION 1
6
27.546159 53.890245
27.546166 53.890247
27.546828 53.889932
27.546212 53.889618
27.545684 53.889973
27.546159 53.890245
BRUSH(1,0)
REGION 1
10
27.547774 53.890364
27.547796 53.890362
27.54857 53.890156
27.547489 53.889215
27.547306 53.889112
27.546891 53.889132
27.546416 53.889478
27.547033 53.889835
27.54765 53.890239
27.547774 53.890364
BRUSH(1,0)
REGION 1
6
27.548321 53.889694
27.548325 53.889692
27.548761 53.889566
27.548349 53.889159
27.547824 53.889224
27.548321 53.889694
BRUSH(1,0)
REGION 1
7
27.547827 53.889092
27.547846 53.889087
27.548408 53.88901
27.54816 53.888656
27.547895 53.888745
27.547668 53.888895
27.547827 53.889092
BRUSH(1,0)
REGION 1
12
27.548921 53.888936
27.548947 53.888936
27.549551 53.888859
27.549683 53.888447
27.548805 53.888186
27.548763 53.888195
27.548727 53.888323
27.548634 53.888497
27.548661 53.888515
27.548677 53.888575
27.548764 53.888562
27.548921 53.888936
BRUSH(1,0)
REGION 1
8
27.549288 53.889422
27.549307 53.889418
27.54944 53.889395
27.5495 53.888994
27.548892 53.889076
27.548947 53.889246
27.549095 53.88923
27.549288 53.889422
BRUSH(1,0)
REGION 1
8
27.546578 53.890612
27.546601 53.890612
27.547577 53.890441
27.547488 53.89034
27.546963 53.89001
27.546293 53.890341
27.546523 53.890507
27.546578 53.890612
BRUSH(1,0)
REGION 1
28
27.544074 53.890628
27.544093 53.890623
27.544253 53.890598
27.545392 53.88975
27.545584 53.889619
27.545739 53.889483
27.545783 53.889402
27.545745 53.889348
27.545653 53.889308
27.545428 53.889255
27.544618 53.889009
27.543561 53.888717
27.543439 53.888696
27.543026 53.888576
27.542797 53.888528
27.542706 53.888535
27.542574 53.888596
27.541272 53.8892
27.541669 53.889908
27.541778 53.89015
27.541851 53.890258
27.542016 53.890358
27.542246 53.890431
27.542612 53.890506
27.543115 53.890616
27.543481 53.890655
27.543755 53.890647
27.544074 53.890628
BRUSH(1,0)
REGION 1
18
27.547467 53.887668
27.547444 53.887655
27.547417 53.887648
27.546913 53.887466
27.546592 53.887365
27.546363 53.887318
27.546318 53.887323
27.546227 53.887371
27.545989 53.887531
27.545888 53.88764
27.545892 53.887693
27.546357 53.888105
27.546831 53.888563
27.546911 53.88861
27.547003 53.888621
27.547094 53.888596
27.548021 53.887888
27.547467 53.887668
BRUSH(1,0)
REGION 1
65
27.54136 53.888943
27.541387 53.888936
27.542449 53.888372
27.542714 53.888225
27.543057 53.888014
27.543417 53.887828
27.543587 53.887731
27.543632 53.887677
27.54362 53.887623
27.543535 53.887578
27.543663 53.887404
27.54406 53.887522
27.544312 53.887301
27.544606 53.887398
27.544531 53.887439
27.544339 53.887602
27.544271 53.887649
27.543997 53.8877
27.543861 53.887741
27.543592 53.88789
27.543192 53.888117
27.542829 53.88828
27.542817 53.888307
27.54286 53.888361
27.543043 53.888414
27.545098 53.889012
27.545418 53.889111
27.545693 53.889214
27.545877 53.889262
27.545968 53.889255
27.5461 53.88918
27.546316 53.889053
27.546497 53.888918
27.546644 53.888814
27.546753 53.888737
27.546726 53.888656
27.546571 53.888468
27.546348 53.888253
27.546028 53.887958
27.545659 53.887636
27.545583 53.887587
27.545291 53.887404
27.544973 53.887235
27.544755 53.887074
27.54454 53.886944
27.543989 53.88667
27.543851 53.886626
27.543668 53.886589
27.542954 53.88639
27.54268 53.886314
27.542359 53.886224
27.541992 53.886129
27.541718 53.886076
27.541398 53.886048
27.541307 53.886051
27.541033 53.886097
27.540578 53.886202
27.540031 53.88631
27.53994 53.88634
27.539865 53.88639
27.539843 53.886444
27.539871 53.886552
27.540259 53.887224
27.541109 53.888919
27.54136 53.888943
BRUSH(1,0)
REGION 1
11
27.540365 53.884293
27.540331 53.884304
27.54015 53.88446
27.542198 53.885222
27.542527 53.885021
27.542427 53.884963
27.542015 53.884803
27.541464 53.884569
27.541143 53.884478
27.540777 53.88439
27.540365 53.884293
BRUSH(1,0)
REGION 1
8
27.543646 53.885679
27.54368 53.885676
27.543918 53.885538
27.542951 53.885169
27.542703 53.885391
27.543524 53.885695
27.543585 53.885656
27.543646 53.885679
BRUSH(1,0)
REGION 1
6
27.544953 53.88521
27.544922 53.885199
27.543532 53.884764
27.543002 53.885001
27.544278 53.885447
27.544953 53.88521
BRUSH(1,0)
REGION 1
11
27.546334 53.886195
27.546323 53.886195
27.546184 53.886061
27.545835 53.885476
27.545175 53.88529
27.544053 53.885661
27.543921 53.885763
27.545251 53.88626
27.545334 53.886195
27.545968 53.886401
27.546334 53.886195
BRUSH(1,0)
REGION 1
11
27.547985 53.886115
27.547935 53.886095
27.547649 53.88605
27.547237 53.885948
27.546916 53.885864
27.546531 53.886095
27.547359 53.886595
27.547961 53.88632
27.548032 53.886277
27.548043 53.886196
27.547985 53.886115
BRUSH(1,0)
REGION 1
12
27.549428 53.886244
27.549398 53.886251
27.548991 53.88623
27.548206 53.886128
27.548177 53.886249
27.548049 53.886369
27.547905 53.886446
27.548643 53.886769
27.54883 53.886829
27.549007 53.886605
27.549144 53.886623
27.549428 53.886244
BRUSH(1,0)
REGION 1
13
27.552936 53.887763
27.552917 53.887763
27.551361 53.887177
27.550657 53.886888
27.550385 53.887013
27.550557 53.887122
27.550358 53.887316
27.550699 53.887449
27.550876 53.887325
27.552114 53.887744
27.552024 53.887924
27.552714 53.887989
27.552936 53.887763
BRUSH(1,0)
REGION 1
6
27.553022 53.887688
27.553049 53.887666
27.553727 53.887121
27.551948 53.886316
27.551137 53.886924
27.553022 53.887688
BRUSH(1,0)
REGION 1
8
27.552295 53.886348
27.552298 53.886359
27.552891 53.886621
27.553086 53.886693
27.55366 53.886279
27.553411 53.886161
27.552491 53.886201
27.552295 53.886348
BRUSH(1,0)
REGION 1
10
27.553174 53.886737
27.55319 53.886744
27.553836 53.887019
27.554496 53.8865
27.555121 53.88596
27.554516 53.885996
27.554464 53.886084
27.554011 53.886111
27.553902 53.88621
27.553174 53.886737
BRUSH(1,0)
REGION 1
14
27.55804 53.887906
27.558043 53.887899
27.557903 53.887576
27.556513 53.887823
27.556266 53.887831
27.555931 53.887801
27.555092 53.887656
27.554591 53.887501
27.553926 53.887246
27.552995 53.887983
27.554038 53.888005
27.555538 53.888054
27.556452 53.888118
27.55804 53.887906
BRUSH(1,0)
REGION 1
6
27.559677 53.887712
27.559647 53.887721
27.559101 53.887834
27.559221 53.888049
27.559753 53.887963
27.559677 53.887712
BRUSH(1,0)
REGION 1
6
27.561174 53.887485
27.56114 53.887492
27.560429 53.887598
27.560543 53.887879
27.561284 53.887774
27.561174 53.887485
BRUSH(1,0)
REGION 1
9
27.561085 53.887362
27.561077 53.887348
27.560761 53.887055
27.559972 53.887218
27.558013 53.88756
27.558143 53.887901
27.559118 53.887685
27.560029 53.887553
27.561085 53.887362
BRUSH(1,0)
REGION 1
9
27.557324 53.887592
27.557347 53.88759
27.558877 53.887322
27.56035 53.887044
27.56033 53.886974
27.560258 53.88699
27.560216 53.886939
27.55723 53.887366
27.557324 53.887592
BRUSH(1,0)
REGION 1
19
27.559705 53.885649
27.559675 53.885649
27.558496 53.885728
27.558413 53.885753
27.558434 53.885942
27.558486 53.886158
27.558538 53.886373
27.55856 53.886589
27.558608 53.886804
27.558651 53.886885
27.558697 53.886894
27.558925 53.886875
27.559335 53.886808
27.5597 53.886766
27.559836 53.886736
27.559916 53.886686
27.55996 53.886605
27.559921 53.88647
27.559705 53.885649
BRUSH(1,0)
REGION 1
6
27.56273 53.886558
27.562718 53.886567
27.562066 53.88704
27.562606 53.887292
27.563361 53.886843
27.56273 53.886558
BRUSH(1,0)
REGION 1
52
27.551618 53.881128
27.551611 53.881135
27.551399 53.881194
27.550944 53.881338
27.550444 53.881542
27.549808 53.881804
27.549444 53.881933
27.549036 53.882097
27.548581 53.882288
27.548264 53.882435
27.54781 53.882655
27.547636 53.882753
27.547 53.883045
27.546777 53.883163
27.546615 53.883265
27.546297 53.883406
27.545888 53.883581
27.545768 53.88366
27.545594 53.883757
27.545329 53.8839
27.545057 53.884041
27.544603 53.884254
27.544334 53.88439
27.544016 53.884522
27.543975 53.884576
27.544018 53.88463
27.544338 53.884736
27.54498 53.884947
27.545393 53.885073
27.545897 53.885224
27.546171 53.885303
27.546492 53.885398
27.546859 53.885489
27.547317 53.885611
27.547591 53.88567
27.548003 53.885727
27.548551 53.88578
27.549009 53.885834
27.549329 53.885862
27.54942 53.885859
27.549831 53.88588
27.550333 53.8859
27.55079 53.88588
27.5512 53.885854
27.55152 53.885841
27.552113 53.885782
27.552478 53.885765
27.552614 53.885735
27.552659 53.885681
27.55248 53.884733
27.551934 53.882336
27.551618 53.881128
BRUSH(1,0)
REGION 1
69
27.542349 53.883527
27.542368 53.883531
27.542521 53.883578
27.542408 53.883679
27.542145 53.883896
27.542157 53.884004
27.542227 53.884085
27.54241 53.884163
27.542685 53.884247
27.543098 53.884378
27.54351 53.884493
27.543647 53.88451
27.544756 53.884017
27.545645 53.883571
27.548088 53.882382
27.550087 53.881553
27.551571 53.881014
27.551311 53.879907
27.550921 53.878223
27.550858 53.878008
27.550789 53.877961
27.550651 53.877943
27.548146 53.878056
27.545515 53.878144
27.545363 53.87814
27.545271 53.878143
27.545089 53.878166
27.545085 53.878193
27.54514 53.878328
27.545353 53.8789
27.545415 53.879039
27.54551 53.879335
27.545548 53.879658
27.545596 53.87982
27.545644 53.880009
27.545645 53.880116
27.545563 53.880225
27.545336 53.880327
27.544926 53.880459
27.544517 53.8806
27.544062 53.880746
27.543607 53.880878
27.543107 53.881049
27.542744 53.881179
27.542516 53.881259
27.542244 53.88137
27.542062 53.881409
27.541516 53.881571
27.541061 53.881688
27.540606 53.881827
27.540333 53.881889
27.539695 53.882013
27.539331 53.882116
27.539335 53.882142
27.539448 53.882385
27.539554 53.8826
27.539703 53.882977
27.539827 53.883165
27.539965 53.883299
27.540119 53.883404
27.540485 53.883544
27.540714 53.883604
27.541081 53.883744
27.54154 53.883901
27.541677 53.883925
27.541814 53.883914
27.541905 53.88388
27.542063 53.883744
27.542349 53.883527
BRUSH(1,0)
REGION 1
36
27.537442 53.880016
27.537454 53.880034
27.537814 53.880927
27.53792 53.881214
27.538226 53.881941
27.538298 53.881987
27.538527 53.882018
27.538755 53.882008
27.539211 53.881936
27.539621 53.881876
27.540304 53.881743
27.540896 53.881589
27.541214 53.881487
27.541624 53.881368
27.541942 53.881277
27.543609 53.880723
27.545 53.880261
27.545318 53.880147
27.54539 53.880102
27.545412 53.880021
27.545399 53.879886
27.545197 53.879253
27.545031 53.878692
27.544968 53.878531
27.544859 53.878315
27.54477 53.878235
27.544679 53.87821
27.544496 53.8782
27.54279 53.87836
27.537869 53.878803
27.537231 53.878864
27.53714 53.878887
27.537114 53.878968
27.537356 53.879814
27.537349 53.879854
27.537442 53.880016
BRUSH(1,0)
REGION 1
8
27.561057 53.878658
27.561049 53.878651
27.561015 53.878393
27.559304 53.878434
27.559336 53.879151
27.559382 53.879238
27.559432 53.879245
27.561057 53.878658
BRUSH(1,0)
REGION 1
17
27.55576 53.881354
27.555779 53.881354
27.557926 53.88054
27.557879 53.879452
27.557768 53.879455
27.557755 53.879318
27.556485 53.879378
27.553835 53.879473
27.553832 53.879542
27.554448 53.880115
27.554686 53.880015
27.554753 53.880147
27.554748 53.880388
27.55571 53.880381
27.55572 53.880518
27.554872 53.880547
27.55576 53.881354
BRUSH(1,0)
REGION 1
6
27.55232 53.879383
27.552335 53.879385
27.553164 53.879352
27.553039 53.878173
27.552237 53.878208
27.55232 53.879383
BRUSH(1,0)
REGION 1
8
27.555168 53.87928
27.55516 53.879278
27.555154 53.879076
27.555466 53.879052
27.555438 53.878616
27.553346 53.878684
27.553411 53.879356
27.555168 53.87928
BRUSH(1,0)
REGION 1
6
27.555688 53.879226
27.555711 53.879224
27.556715 53.879201
27.556636 53.87801
27.555632 53.87804
27.555688 53.879226
BRUSH(1,0)
REGION 1
20
27.562413 53.879114
27.562379 53.879123
27.561633 53.87943
27.558254 53.880581
27.55835 53.881257
27.558385 53.881335
27.558508 53.881407
27.558736 53.88146
27.559056 53.881476
27.559239 53.881504
27.559697 53.881633
27.560068 53.881768
27.560389 53.881865
27.560755 53.881929
27.561167 53.88201
27.561578 53.882071
27.562082 53.882163
27.562311 53.882218
27.562586 53.882341
27.562413 53.879114
BRUSH(1,0)
REGION 1
51
27.563723 53.884716
27.563738 53.884704
27.563805 53.884596
27.563966 53.88438
27.564119 53.88419
27.56413 53.884109
27.564052 53.884002
27.563902 53.883867
27.563691 53.883738
27.563477 53.883613
27.56327 53.883484
27.563004 53.883242
27.562781 53.883001
27.562711 53.882893
27.562659 53.882705
27.562646 53.882543
27.562603 53.882491
27.562473 53.882427
27.562061 53.882298
27.561648 53.882201
27.561191 53.8821
27.560871 53.882057
27.560413 53.881998
27.560001 53.881903
27.559635 53.881804
27.559451 53.881728
27.559172 53.881617
27.558943 53.881584
27.558578 53.881577
27.55835 53.881551
27.558317 53.881713
27.558311 53.881821
27.558298 53.881983
27.55822 53.882172
27.558159 53.882415
27.558072 53.882496
27.55807 53.882674
27.557964 53.882688
27.557954 53.882769
27.557992 53.882796
27.558222 53.882896
27.558993 53.883169
27.559747 53.883473
27.561119 53.883981
27.562021 53.884299
27.562616 53.884417
27.562844 53.884436
27.563255 53.884466
27.563484 53.884532
27.563603 53.884608
27.563723 53.884716
BRUSH(1,0)
REGION 1
75
27.563584 53.884916
27.563577 53.884896
27.563561 53.88486
27.56346 53.884726
27.563338 53.88465
27.563063 53.884593
27.562651 53.884545
27.562331 53.884513
27.562011 53.884467
27.561782 53.884396
27.561691 53.884404
27.560885 53.884131
27.559531 53.883609
27.559165 53.883469
27.558706 53.883269
27.558201 53.883082
27.557834 53.882951
27.557746 53.882871
27.557703 53.882763
27.557735 53.882628
27.557869 53.882358
27.55795 53.882115
27.558046 53.881926
27.558093 53.881764
27.558095 53.881548
27.55808 53.880692
27.556622 53.881211
27.556409 53.881227
27.556414 53.881295
27.555883 53.881468
27.555545 53.881173
27.554872 53.880554
27.554564 53.880564
27.554132 53.880069
27.553543 53.879499
27.553425 53.879515
27.553356 53.879506
27.553341 53.879504
27.55314 53.879523
27.552957 53.879522
27.552911 53.879522
27.552866 53.879522
27.552592 53.879539
27.552372 53.879558
27.552284 53.879561
27.552148 53.879618
27.552099 53.879672
27.552085 53.879753
27.552257 53.880496
27.553287 53.885031
27.553353 53.885206
27.553375 53.885394
27.553407 53.885529
27.55348 53.88561
27.553572 53.885627
27.554838 53.885574
27.556784 53.885451
27.557195 53.885433
27.557697 53.885408
27.558747 53.885356
27.559248 53.885323
27.55975 53.885293
27.560115 53.885267
27.560617 53.88522
27.561027 53.885202
27.561392 53.885187
27.561484 53.885189
27.561758 53.885215
27.562645 53.885271
27.562958 53.885299
27.563095 53.885294
27.563185 53.885264
27.563332 53.885158
27.563513 53.884968
27.563584 53.884916
BRUSH(1,0)
REGION 1
49
27.563911 53.878121
27.563899 53.878107
27.563895 53.878058
27.563869 53.877815
27.563828 53.8776
27.563769 53.877465
27.563724 53.877452
27.563586 53.877446
27.563541 53.877446
27.563176 53.877455
27.562902 53.877445
27.562765 53.877447
27.562674 53.877479
27.562641 53.87756
27.562635 53.877695
27.562642 53.878886
27.563725 53.878834
27.563738 53.878911
27.562674 53.879034
27.562832 53.881056
27.562849 53.881142
27.562852 53.881384
27.562847 53.881627
27.562871 53.881735
27.562889 53.881951
27.562892 53.882193
27.562903 53.882409
27.562898 53.882652
27.562919 53.882813
27.563012 53.882975
27.563167 53.883136
27.563366 53.883265
27.563512 53.883373
27.563807 53.883587
27.563984 53.883681
27.564167 53.883749
27.564259 53.883751
27.564349 53.883719
27.564406 53.883665
27.564585 53.883422
27.564685 53.883178
27.564728 53.882935
27.564733 53.88272
27.564714 53.882477
27.564666 53.882261
27.56463 53.8821
27.564457 53.881323
27.564297 53.880423
27.563911 53.878121
BRUSH(1,0)
REGION 1
14
27.558128 53.877428
27.558143 53.877426
27.561731 53.877241
27.563759 53.877211
27.563304 53.8746
27.563068 53.874601
27.562962 53.874673
27.562871 53.874701
27.562735 53.87471
27.562598 53.874691
27.56251 53.874651
27.561639 53.874706
27.557951 53.874827
27.558128 53.877428
BRUSH(1,0)
REGION 1
25
27.536581 53.877662
27.536589 53.877671
27.536575 53.877806
27.536604 53.878022
27.536676 53.878291
27.536732 53.878506
27.536801 53.878614
27.536878 53.878661
27.53697 53.878667
27.537103 53.878653
27.542327 53.878169
27.542346 53.87814
27.544721 53.877941
27.544603 53.8776
27.54453 53.877193
27.544496 53.876301
27.544212 53.873237
27.543008 53.873415
27.542636 53.873403
27.537845 53.873265
27.53705 53.873226
27.536985 53.87384
27.537133 53.873839
27.536879 53.875488
27.536581 53.877662
BRUSH(1,0)
REGION 1
11
27.544976 53.877937
27.544987 53.877928
27.545725 53.877889
27.546554 53.877876
27.546391 53.876376
27.54471 53.876408
27.544878 53.877396
27.545392 53.87738
27.5454 53.877448
27.544902 53.877481
27.544976 53.877937
BRUSH(1,0)
REGION 1
6
27.546685 53.877064
27.546696 53.87706
27.547871 53.877021
27.547798 53.876334
27.546581 53.876377
27.546685 53.877064
BRUSH(1,0)
REGION 1
6
27.548073 53.877006
27.548103 53.877011
27.549361 53.876958
27.549292 53.876291
27.548007 53.876333
27.548073 53.877006
BRUSH(1,0)
REGION 1
10
27.549585 53.876901
27.549585 53.87691
27.549614 53.877743
27.551128 53.877669
27.550753 53.876242
27.549528 53.876276
27.54958 53.876811
27.550664 53.876763
27.550676 53.876851
27.549585 53.876901
BRUSH(1,0)
REGION 1
11
27.544712 53.876237
27.544712 53.876233
27.546317 53.876194
27.546323 53.876064
27.546317 53.874637
27.544575 53.874671
27.544626 53.87544
27.545474 53.875427
27.545468 53.87549
27.544638 53.875491
27.544712 53.876237
BRUSH(1,0)
REGION 1
12
27.546583 53.874624
27.546583 53.874633
27.546596 53.874777
27.546558 53.874782
27.546563 53.874854
27.546601 53.874856
27.546621 53.876159
27.54775 53.876138
27.547595 53.874602
27.546705 53.874637
27.546693 53.874615
27.546583 53.874624
BRUSH(1,0)
REGION 1
10
27.544581 53.874487
27.544604 53.874485
27.546383 53.874414
27.546413 53.873112
27.544584 53.873494
27.544551 53.87388
27.545292 53.873877
27.545282 53.873947
27.544567 53.873963
27.544581 53.874487
BRUSH(1,0)
REGION 1
6
27.546615 53.874402
27.546622 53.874395
27.547592 53.874372
27.547399 53.872886
27.546652 53.873053
27.546615 53.874402
BRUSH(1,0)
REGION 1
22
27.547839 53.874376
27.547858 53.874391
27.548638 53.87435
27.5486 53.87377
27.548752 53.873765
27.548801 53.874331
27.549493 53.874303
27.549434 53.87382
27.549594 53.873813
27.54966 53.874298
27.550356 53.874275
27.550299 53.872722
27.549455 53.872753
27.549576 53.873328
27.549451 53.873337
27.54933 53.872753
27.548577 53.872786
27.54871 53.873408
27.548569 53.873426
27.548444 53.8728
27.547665 53.872866
27.547839 53.874376
BRUSH(1,0)
REGION 1
6
27.5482 53.87779
27.548204 53.877797
27.549421 53.877753
27.549336 53.877091
27.548131 53.877123
27.5482 53.87779
BRUSH(1,0)
REGION 1
7
27.548047 53.876119
27.548081 53.876123
27.550728 53.876066
27.550415 53.875079
27.5504 53.874495
27.547891 53.874594
27.548047 53.876119
BRUSH(1,0)
REGION 1
14
27.557725 53.877446
27.557732 53.877444
27.557675 53.876543
27.555759 53.876592
27.555708 53.876152
27.554591 53.875961
27.554378 53.875964
27.554277 53.874861
27.552216 53.874938
27.552321 53.875992
27.551097 53.87606
27.551524 53.877712
27.556668 53.87748
27.557725 53.877446
BRUSH(1,0)
REGION 1
6
27.5511 53.876056
27.551115 53.876056
27.552336 53.875987
27.552224 53.874936
27.550798 53.87499
27.5511 53.876056
BRUSH(1,0)
REGION 1
6
27.551709 53.874781
27.551709 53.874772
27.551633 53.873545
27.550697 53.873572
27.550743 53.874826
27.551709 53.874781
BRUSH(1,0)
REGION 1
6
27.551922 53.874782
27.551929 53.874782
27.552975 53.874748
27.552834 53.873472
27.551834 53.873513
27.551922 53.874782
BRUSH(1,0)
REGION 1
6
27.554241 53.874695
27.554244 53.874682
27.554096 53.873462
27.553081 53.873482
27.55323 53.874743
27.554241 53.874695
BRUSH(1,0)
REGION 1
6
27.555294 53.87465
27.55529 53.874637
27.555184 53.873417
27.554218 53.873455
27.554355 53.874693
27.555294 53.87465
BRUSH(1,0)
REGION 1
10
27.550715 53.873455
27.550742 53.873448
27.551312 53.873441
27.551294 53.873237
27.551933 53.873211
27.551958 53.873407
27.552791 53.873378
27.552725 53.87263
27.550721 53.872707
27.550715 53.873455
BRUSH(1,0)
REGION 1
10
27.553076 53.873359
27.553114 53.873354
27.553886 53.873337
27.553876 53.873173
27.554477 53.873141
27.554509 53.873316
27.555148 53.873291
27.555066 53.872532
27.553025 53.872617
27.553076 53.873359
BRUSH(1,0)
REGION 1
7
27.55945 53.872375
27.559435 53.872375
27.556808 53.872483
27.55685 53.872825
27.559028 53.872736
27.559488 53.8727
27.55945 53.872375
BRUSH(1,0)
REGION 1
10
27.559317 53.87362
27.55929 53.873618
27.5584 53.873618
27.558392 53.873589
27.558202 53.873594
27.558211 53.873684
27.558245 53.873686
27.558264 53.874295
27.559344 53.874267
27.559317 53.87362
BRUSH(1,0)
REGION 1
26
27.55962 53.87448
27.559639 53.874484
27.562689 53.874376
27.562686 53.874198
27.562727 53.874081
27.562723 53.873802
27.562567 53.873805
27.562535 53.873612
27.56236 53.87362
27.562344 53.873539
27.562373 53.873462
27.562209 53.873393
27.562025 53.873325
27.562036 53.873271
27.561899 53.873249
27.561441 53.873143
27.561258 53.87307
27.561023 53.872911
27.560931 53.872804
27.560864 53.872642
27.560847 53.872454
27.560777 53.872373
27.560686 53.872351
27.560503 53.872332
27.559446 53.872372
27.55962 53.87448
BRUSH(1,0)
REGION 1
6
27.546771 53.877869
27.546782 53.877871
27.547972 53.877818
27.547914 53.87714
27.546686 53.877186
27.546771 53.877869
BRUSH(1,0)
REGION 1
54
27.535799 53.882273
27.536064 53.882494
27.536215 53.882426
27.53651 53.882285
27.537502 53.882159
27.537231 53.881439
27.536366 53.879387
27.536357 53.879326
27.536322 53.879245
27.536042 53.879004
27.53595 53.878968
27.535859 53.878978
27.535959 53.879085
27.535975 53.879166
27.535938 53.879213
27.535913 53.879115
27.535157 53.879183
27.53522 53.879345
27.535687 53.879289
27.53573 53.879376
27.535583 53.879469
27.535089 53.879525
27.534991 53.879316
27.534906 53.879182
27.534909 53.879101
27.534973 53.879049
27.534985 53.879076
27.535186 53.879064
27.534847 53.878061
27.533078 53.876704
27.531738 53.877261
27.532258 53.877872
27.532896 53.878694
27.533407 53.878523
27.533427 53.878604
27.532965 53.878759
27.533147 53.879055
27.534452 53.879087
27.534438 53.879195
27.533228 53.879138
27.533538 53.879583
27.533912 53.880036
27.534198 53.880448
27.534793 53.880243
27.534893 53.880339
27.534325 53.880551
27.534402 53.880611
27.534318 53.880634
27.534839 53.881196
27.535885 53.880859
27.535927 53.880933
27.534908 53.881276
27.535151 53.881579
27.535799 53.882273
BRUSH(1,0)
REGION 1
9
27.531664 53.877102
27.531694 53.87709
27.532905 53.876581
27.53081 53.874968
27.530544 53.875068
27.53048 53.875066
27.529832 53.875316
27.530636 53.876079
27.531664 53.877102
BRUSH(1,0)
REGION 1
12
27.529626 53.875288
27.529653 53.875281
27.530671 53.87487
27.53003 53.874342
27.529881 53.874248
27.529705 53.874159
27.529613 53.874146
27.529522 53.87416
27.528617 53.874483
27.529017 53.874895
27.529146 53.874852
27.529626 53.875288
BRUSH(1,0)
REGION 1
9
27.535072 53.877723
27.535075 53.877716
27.535836 53.877665
27.536555 53.873197
27.53549 53.873159
27.533051 53.874077
27.531343 53.874748
27.534188 53.877012
27.535072 53.877723
BRUSH(1,0)
REGION 1
15
27.535317 53.873052
27.53529 53.873049
27.535252 53.873041
27.534887 53.872988
27.534475 53.872936
27.534019 53.872916
27.533562 53.872879
27.533334 53.872894
27.533178 53.872964
27.532016 53.873367
27.532688 53.873987
27.534661 53.873241
27.534771 53.873184
27.534998 53.873096
27.535317 53.873052
BRUSH(1,0)
REGION 1
8
27.531709 53.873519
27.531698 53.873526
27.531524 53.873619
27.53113 53.873713
27.530364 53.873983
27.531132 53.87458
27.532389 53.874107
27.531709 53.873519
BRUSH(1,0)
REGION 1
21
27.529306 53.873215
27.529317 53.873201
27.529318 53.87299
27.529242 53.872957
27.529115 53.872883
27.529069 53.872802
27.529087 53.872721
27.529177 53.872613
27.52926 53.872568
27.529442 53.872513
27.529503 53.87218
27.531684 53.872297
27.532338 53.872011
27.530812 53.871952
27.530836 53.871374
27.530258 53.87135
27.530267 53.87121
27.529069 53.871204
27.529012 53.871513
27.527794 53.872077
27.529306 53.873215
BRUSH(1,0)
REGION 1
26
27.53195 53.87232
27.531958 53.872327
27.532001 53.872414
27.532213 53.872393
27.53436 53.872494
27.534338 53.872609
27.532059 53.872538
27.531972 53.872862
27.533415 53.872664
27.534374 53.872716
27.536106 53.872846
27.536555 53.87286
27.536582 53.872599
27.536452 53.872543
27.536196 53.872389
27.536076 53.872282
27.536002 53.87212
27.535999 53.871851
27.536031 53.871648
27.535144 53.871603
27.534581 53.87225
27.534247 53.872254
27.533613 53.871753
27.533071 53.871942
27.533002 53.871886
27.53195 53.87232
BRUSH(1,0)
REGION 1
25
27.53121 53.873114
27.531202 53.873112
27.531045 53.873025
27.530353 53.872981
27.530348 53.872925
27.530432 53.872927
27.53049 53.872693
27.530418 53.872682
27.530454 53.872529
27.530698 53.872548
27.530669 53.872687
27.531027 53.872699
27.531595 53.872499
27.529809 53.872368
27.52978 53.872505
27.53001 53.872603
27.530064 53.872656
27.530091 53.872737
27.530066 53.872818
27.52999 53.8729
27.529866 53.872967
27.529684 53.873006
27.529666 53.873123
27.530888 53.873212
27.53121 53.873114
BRUSH(1,0)
REGION 1
29
27.542865 53.873171
27.542865 53.873153
27.54301 53.871642
27.543132 53.871644
27.543297 53.870785
27.541668 53.870724
27.5416 53.871392
27.540428 53.871346
27.54043 53.871215
27.540346 53.871216
27.540372 53.87109
27.54025 53.871079
27.540297 53.870895
27.539745 53.870872
27.539672 53.871425
27.539166 53.871419
27.539099 53.871859
27.539175 53.871879
27.539136 53.872098
27.537904 53.872098
27.537848 53.872218
27.537732 53.872353
27.537536 53.872487
27.537354 53.87255
27.537126 53.872601
27.537119 53.872929
27.538465 53.87297
27.540841 53.873101
27.542865 53.873171
BRUSH(1,0)
REGION 1
19
27.528457 53.874174
27.52848 53.874167
27.528522 53.874164
27.528794 53.874055
27.529022 53.873976
27.529123 53.873897
27.529172 53.873788
27.529152 53.873735
27.52904 53.8736
27.529078 53.873578
27.528514 53.873135
27.52841 53.873084
27.528038 53.872802
27.527436 53.87303
27.527494 53.873122
27.527668 53.873337
27.527819 53.873606
27.528219 53.874006
27.528457 53.874174
BRUSH(1,0)
REGION 1
17
27.562603 53.871738
27.562595 53.871733
27.562464 53.870394
27.56235 53.869802
27.5612 53.86931
27.559035 53.869259
27.554656 53.86912
27.554645 53.869205
27.554809 53.869223
27.554807 53.869333
27.554312 53.86933
27.554354 53.872095
27.556483 53.872022
27.556497 53.871916
27.559611 53.871879
27.559885 53.871878
27.562603 53.871738
BRUSH(1,0)
REGION 1
38
27.550344 53.868609
27.550356 53.868598
27.550676 53.868385
27.551148 53.868369
27.551344 53.868281
27.553116 53.868266
27.553503 53.868141
27.553822 53.868081
27.5541 53.866891
27.554122 53.86525
27.554048 53.864205
27.554022 53.863963
27.554003 53.863639
27.554019 53.863396
27.554066 53.863154
27.554132 53.862991
27.554243 53.862775
27.554292 53.862667
27.554268 53.862586
27.554313 53.862521
27.554217 53.862479
27.554179 53.862512
27.554107 53.862488
27.554129 53.862468
27.553965 53.862399
27.553935 53.862417
27.553881 53.86239
27.553744 53.862339
27.553561 53.862318
27.553379 53.862357
27.55153 53.863197
27.547966 53.864738
27.548339 53.865092
27.548001 53.865377
27.549278 53.866014
27.547648 53.867387
27.548574 53.867819
27.550344 53.868609
BRUSH(1,0)
REGION 1
33
27.550903 53.872312
27.550922 53.87231
27.552712 53.872205
27.55435 53.87209
27.554348 53.871948
27.554143 53.871943
27.554149 53.871877
27.554147 53.871689
27.554141 53.871473
27.554135 53.871311
27.554132 53.871069
27.554123 53.870637
27.554088 53.870314
27.554086 53.870125
27.554072 53.869909
27.55402 53.869694
27.553956 53.869424
27.553908 53.869236
27.553833 53.868993
27.553772 53.868724
27.553758 53.868508
27.553809 53.868292
27.55389 53.868076
27.55351 53.868127
27.553116 53.868271
27.551337 53.868276
27.55114 53.868383
27.551153 53.86879
27.55097 53.868811
27.551009 53.86977
27.55101 53.871462
27.550927 53.871508
27.550903 53.872312
BRUSH(1,0)
REGION 1
6
27.560822 53.869211
27.560822 53.869193
27.560828 53.868469
27.559489 53.868448
27.559536 53.869183
27.560822 53.869211
BRUSH(1,0)
REGION 1
6
27.560827 53.868415
27.560819 53.868402
27.560819 53.867761
27.559407 53.867698
27.559461 53.868386
27.560827 53.868415
BRUSH(1,0)
REGION 1
12
27.561092 53.869207
27.561103 53.869207
27.5617 53.86922
27.561912 53.869062
27.561886 53.868846
27.562152 53.868551
27.562426 53.868567
27.562436 53.867837
27.561607 53.867798
27.561571 53.867971
27.56105 53.867969
27.561092 53.869207
BRUSH(1,0)
REGION 1
14
27.561 53.867635
27.561023 53.867634
27.562363 53.867714
27.562357 53.86761
27.562294 53.867368
27.562192 53.867153
27.562059 53.866884
27.562002 53.86656
27.561992 53.866371
27.561956 53.86621
27.561787 53.865442
27.561042 53.865484
27.561 53.86607
27.561 53.867635
BRUSH(1,0)
REGION 1
16
27.559411 53.8677
27.559403 53.867694
27.559412 53.867179
27.559494 53.86705
27.559448 53.866334
27.560736 53.866292
27.560766 53.865627
27.55964 53.865634
27.559637 53.865697
27.556591 53.865695
27.554408 53.865678
27.554396 53.866543
27.554362 53.866858
27.554259 53.867495
27.555869 53.867573
27.559411 53.8677
BRUSH(1,0)
REGION 1
6
27.559611 53.867558
27.559634 53.86756
27.560696 53.86762
27.560736 53.866285
27.559649 53.866324
27.559611 53.867558
BRUSH(1,0)
REGION 1
10
27.555697 53.865328
27.555689 53.865315
27.555682 53.865056
27.554397 53.86508
27.554382 53.865678
27.555435 53.865685
27.555448 53.865494
27.555239 53.865488
27.555225 53.865324
27.555697 53.865328
BRUSH(1,0)
REGION 1
8
27.555858 53.865462
27.555885 53.865462
27.556668 53.865459
27.556667 53.865043
27.556173 53.865057
27.556183 53.865259
27.555856 53.865267
27.555858 53.865462
BRUSH(1,0)
REGION 1
6
27.555718 53.86491
27.555722 53.864903
27.555648 53.8638
27.554895 53.863822
27.554954 53.864911
27.555718 53.86491
BRUSH(1,0)
REGION 1
6
27.555867 53.86491
27.555882 53.864909
27.556623 53.864904
27.55653 53.863783
27.555792 53.863802
27.555867 53.86491
BRUSH(1,0)
REGION 1
9
27.55576 53.863341
27.555787 53.863339
27.55649 53.863329
27.556415 53.862185
27.556153 53.862211
27.555926 53.862257
27.555744 53.862328
27.5557 53.862436
27.55576 53.863341
BRUSH(1,0)
REGION 1
23
27.555311 53.862379
27.555273 53.862377
27.554904 53.862399
27.554849 53.862253
27.554758 53.862285
27.554687 53.862337
27.55456 53.862554
27.554464 53.862797
27.554391 53.86304
27.554342 53.863337
27.554325 53.863552
27.554793 53.863548
27.555474 53.863554
27.555485 53.863538
27.555498 53.86339
27.55546 53.863397
27.555455 53.863242
27.555523 53.863244
27.555513 53.863062
27.555449 53.863057
27.555442 53.862839
27.555332 53.862842
27.555311 53.862379
BRUSH(1,0)
REGION 1
11
27.55633 53.862046
27.556326 53.862035
27.556269 53.861406
27.555679 53.861389
27.55563 53.861432
27.555484 53.861594
27.555349 53.861757
27.555168 53.861919
27.554875 53.86219
27.554895 53.862226
27.55633 53.862046
BRUSH(1,0)
REGION 1
7
27.561446 53.864684
27.561431 53.864684
27.561094 53.864748
27.561093 53.865317
27.56161 53.865306
27.561572 53.86498
27.561446 53.864684
BRUSH(1,0)
REGION 1
11
27.560771 53.865429
27.560767 53.865413
27.560781 53.864968
27.558264 53.865006
27.558247 53.864874
27.557475 53.864884
27.557446 53.864673
27.556917 53.864676
27.55698 53.865433
27.55914 53.865418
27.560771 53.865429
BRUSH(1,0)
REGION 1
6
27.55691 53.864676
27.55694 53.864678
27.557431 53.864669
27.557239 53.863002
27.556764 53.863006
27.55691 53.864676
BRUSH(1,0)
REGION 1
8
27.556717 53.862645
27.55674 53.862647
27.557025 53.862637
27.557166 53.862629
27.557142 53.862243
27.557086 53.861996
27.556653 53.862025
27.556717 53.862645
BRUSH(1,0)
REGION 1
11
27.556643 53.861872
27.556658 53.861867
27.557042 53.861848
27.556993 53.861538
27.557312 53.861532
27.557395 53.861505
27.557429 53.86145
27.557432 53.86137
27.557377 53.861262
27.556583 53.861302
27.556643 53.861872
BRUSH(1,0)
REGION 1
53
27.557475 53.864886
27.55749 53.864893
27.559676 53.864834
27.560132 53.864807
27.560661 53.864811
27.560671 53.86473
27.561415 53.864585
27.56087 53.863271
27.560603 53.862622
27.56101 53.862609
27.560522 53.860641
27.560593 53.860532
27.560442 53.860059
27.56032 53.859967
27.560104 53.859135
27.559835 53.858943
27.559204 53.858939
27.559101 53.859164
27.558952 53.859461
27.558844 53.859677
27.558745 53.859894
27.558675 53.860083
27.558583 53.860088
27.55853 53.860115
27.558386 53.860107
27.558353 53.860221
27.558273 53.860228
27.558266 53.860253
27.557966 53.860284
27.557969 53.860243
27.55779 53.860219
27.557608 53.860252
27.557335 53.860329
27.557158 53.860427
27.55684 53.860579
27.556667 53.860676
27.556584 53.860758
27.556532 53.860866
27.556541 53.860951
27.556602 53.861259
27.557305 53.861264
27.557377 53.861262
27.557432 53.86137
27.557429 53.86145
27.557395 53.861505
27.557312 53.861532
27.556993 53.861538
27.557042 53.861848
27.557142 53.862243
27.557174 53.86271
27.557239 53.863002
27.557431 53.864669
27.557475 53.864886
BRUSH(1,0)
REGION 1
6
27.560878 53.863286
27.5609 53.863277
27.561022 53.863266
27.560809 53.862673
27.560619 53.862676
27.560878 53.863286
BRUSH(1,0)
REGION 1
10
27.559261 53.8577
27.559219 53.857716
27.558592 53.857975
27.55873 53.858098
27.55893 53.858286
27.559119 53.858474
27.55921 53.858478
27.559301 53.858444
27.559482 53.858041
27.559261 53.8577
BRUSH(1,0)
REGION 1
24
27.526996 53.867541
27.526996 53.867552
27.526725 53.867749
27.526411 53.867964
27.526283 53.868036
27.526117 53.868138
27.525943 53.868234
27.525773 53.868331
27.525467 53.868505
27.525429 53.868559
27.525479 53.868613
27.525662 53.86863
27.526119 53.868655
27.52621 53.868612
27.526451 53.868452
27.526659 53.86832
27.526825 53.868221
27.526984 53.868121
27.527161 53.868024
27.527248 53.867942
27.527277 53.867834
27.527246 53.867754
27.527111 53.867619
27.526996 53.867541
BRUSH(1,0)
REGION 1
6
27.525596 53.866192
27.525586 53.866176
27.524996 53.865595
27.523417 53.866123
27.523968 53.866707
27.525596 53.866192
BRUSH(1,0)
REGION 1
7
27.522922 53.865835
27.524665 53.865245
27.523434 53.864051
27.521805 53.864613
27.522025 53.86485
27.52196 53.864868
27.522922 53.865835
BRUSH(1,0)
REGION 1
33
27.52937 53.863989
27.529362 53.863976
27.527534 53.862804
27.528215 53.862459
27.527788 53.862014
27.526853 53.861108
27.526614 53.860839
27.526491 53.860732
27.526355 53.860739
27.522343 53.862039
27.523359 53.863118
27.524247 53.863962
27.526516 53.866197
27.526429 53.866227
27.526692 53.866554
27.526948 53.866703
27.527101 53.866727
27.527441 53.866928
27.527496 53.867042
27.527636 53.867284
27.527735 53.867363
27.527873 53.867391
27.528009 53.867366
27.528191 53.867287
27.528452 53.867135
27.528724 53.866997
27.528867 53.866888
27.529817 53.866196
27.530761 53.865567
27.530866 53.865491
27.530877 53.86541
27.53025 53.864781
27.52937 53.863989
BRUSH(1,0)
REGION 1
7
27.529369 53.863976
27.529388 53.86398
27.529661 53.863882
27.529438 53.863654
27.528226 53.862457
27.527538 53.862804
27.529369 53.863976
BRUSH(1,0)
REGION 1
20
27.524444 53.858594
27.52444 53.858599
27.521875 53.859401
27.521349 53.858942
27.520749 53.85825
27.519694 53.857107
27.518009 53.857712
27.518812 53.858517
27.519275 53.85907
27.51934 53.859151
27.519432 53.859182
27.519615 53.859201
27.519741 53.859309
27.519616 53.859365
27.520724 53.860442
27.522151 53.861872
27.524113 53.861263
27.526284 53.860539
27.525302 53.85953
27.524444 53.858594
BRUSH(1,0)
REGION 1
10
27.523963 53.858068
27.523951 53.858079
27.522614 53.858526
27.522622 53.858535
27.522858 53.858853
27.522675 53.858901
27.522768 53.859004
27.523224 53.858876
27.52437 53.858498
27.523963 53.858068
BRUSH(1,0)
REGION 1
10
27.523978 53.85807
27.523966 53.858061
27.523459 53.857504
27.523365 53.85737
27.523284 53.857262
27.523196 53.857226
27.523105 53.857242
27.521822 53.857632
27.522686 53.858501
27.523978 53.85807
BRUSH(1,0)
REGION 1
8
27.522693 53.856772
27.522678 53.856779
27.520727 53.857347
27.52105 53.857737
27.522039 53.857434
27.522918 53.857156
27.522925 53.857102
27.522693 53.856772
BRUSH(1,0)
REGION 1
11
27.522324 53.85912
27.522351 53.859113
27.522768 53.858988
27.522679 53.858903
27.522861 53.85885
27.522614 53.858537
27.522678 53.858503
27.521813 53.857646
27.521464 53.857733
27.521146 53.857846
27.522324 53.85912
BRUSH(1,0)
REGION 1
7
27.521886 53.859394
27.521887 53.859389
27.522212 53.859285
27.520376 53.857259
27.519955 53.857382
27.521322 53.858909
27.521886 53.859394
BRUSH(1,0)
REGION 1
6
27.529981 53.863921
27.529988 53.863883
27.530215 53.863143
27.528591 53.861446
27.527716 53.861717
27.529981 53.863921
BRUSH(1,0)
REGION 1
33
27.531468 53.863901
27.531487 53.863892
27.531588 53.863487
27.53192 53.861928
27.531376 53.861902
27.530811 53.862025
27.530798 53.861945
27.530939 53.861953
27.53098 53.86187
27.531154 53.861824
27.531195 53.861734
27.531351 53.861738
27.53142 53.8618
27.531957 53.861829
27.532074 53.861418
27.531058 53.861382
27.529589 53.861309
27.529178 53.861286
27.529087 53.861289
27.528951 53.861314
27.528875 53.86136
27.528865 53.861441
27.529007 53.861575
27.529908 53.862548
27.530427 53.863056
27.530394 53.863169
27.530364 53.863493
27.530298 53.863709
27.530273 53.863844
27.530312 53.863924
27.530403 53.863951
27.53054 53.863959
27.531468 53.863901
BRUSH(1,0)
REGION 1
9
27.532535 53.863497
27.532516 53.863479
27.532268 53.863376
27.531811 53.863325
27.531715 53.863882
27.531753 53.863896
27.531798 53.863889
27.532029 53.863796
27.532535 53.863497
BRUSH(1,0)
REGION 1
7
27.531817 53.863208
27.531832 53.863212
27.532125 53.863238
27.532682 53.862739
27.533496 53.862065
27.532133 53.861961
27.531817 53.863208
BRUSH(1,0)
REGION 1
7
27.534098 53.861528
27.534071 53.861521
27.532249 53.861426
27.532173 53.861822
27.533665 53.861905
27.534065 53.861643
27.534098 53.861528
BRUSH(1,0)
REGION 1
10
27.534728 53.861727
27.534728 53.861723
27.534365 53.861567
27.533189 53.862514
27.532324 53.863298
27.532718 53.86348
27.533468 53.862919
27.53443 53.86225
27.534238 53.862147
27.534728 53.861727
BRUSH(1,0)
REGION 1
15
27.535389 53.862019
27.535374 53.862017
27.534739 53.861723
27.534238 53.862143
27.53441 53.862232
27.53443 53.86225
27.533468 53.862919
27.532721 53.863473
27.532535 53.863501
27.532063 53.863775
27.532186 53.863855
27.532606 53.86406
27.533392 53.863592
27.534328 53.863001
27.535389 53.862019
BRUSH(1,0)
REGION 1
6
27.534222 53.861431
27.53423 53.861417
27.534304 53.860963
27.532356 53.860828
27.532278 53.861304
27.534222 53.861431
BRUSH(1,0)
REGION 1
27
27.5324 53.860681
27.532419 53.860686
27.534375 53.860805
27.534467 53.860234
27.534607 53.860238
27.53452 53.860854
27.534592 53.860863
27.534683 53.860849
27.534819 53.860788
27.534913 53.860706
27.53498 53.860571
27.535057 53.860328
27.535686 53.860458
27.535603 53.860528
27.53592 53.860643
27.536146 53.860438
27.536162 53.860159
27.536576 53.860178
27.536934 53.860185
27.536927 53.860221
27.537147 53.860227
27.537232 53.859642
27.53676 53.859626
27.536228 53.859633
27.535585 53.85964
27.532557 53.859829
27.5324 53.860681
BRUSH(1,0)
REGION 1
26
27.535486 53.860937
27.535269 53.860853
27.535167 53.860925
27.535133 53.860957
27.534997 53.861068
27.534507 53.861074
27.534493 53.861187
27.534472 53.861317
27.534451 53.861463
27.5351 53.861744
27.535263 53.861628
27.535614 53.861784
27.53627 53.861276
27.537102 53.860582
27.537151 53.860222
27.537147 53.86022
27.537147 53.860227
27.536927 53.860221
27.536934 53.860185
27.536576 53.860178
27.536162 53.860159
27.536146 53.860438
27.53592 53.860648
27.536092 53.860721
27.5357 53.861011
27.535486 53.860937
BRUSH(1,0)
REGION 1
8
27.537172 53.859458
27.537184 53.859453
27.537354 53.858129
27.532966 53.858429
27.532518 53.859721
27.535558 53.85955
27.53653 53.859508
27.537172 53.859458
BRUSH(1,0)
REGION 1
17
27.538316 53.8597
27.538343 53.859702
27.538373 53.859718
27.538381 53.859716
27.538437 53.859659
27.538478 53.859551
27.538454 53.859443
27.538295 53.859174
27.538139 53.858905
27.538107 53.858717
27.538006 53.858528
27.537886 53.858367
27.537674 53.858179
27.537586 53.858137
27.537491 53.858122
27.537336 53.859466
27.538316 53.8597
BRUSH(1,0)
REGION 1
51
27.537278 53.856801
27.537278 53.856797
27.537254 53.857026
27.537195 53.857188
27.537127 53.85724
27.537037 53.857321
27.536946 53.857351
27.536779 53.857361
27.536596 53.857321
27.536473 53.85725
27.536412 53.857169
27.535719 53.85708
27.535654 53.857062
27.535517 53.857056
27.535426 53.857079
27.535301 53.857158
27.535086 53.857271
27.534813 53.857336
27.534631 53.857352
27.534311 53.857315
27.534127 53.857249
27.533997 53.857141
27.532852 53.857079
27.532788 53.857167
27.532655 53.857464
27.532559 53.857761
27.532452 53.858031
27.532351 53.858167
27.532348 53.858221
27.53241 53.858274
27.532536 53.858341
27.532712 53.858475
27.532758 53.858455
27.532753 53.858347
27.532798 53.858293
27.532934 53.858256
27.533208 53.858246
27.535738 53.858098
27.536122 53.858071
27.536168 53.858071
27.536213 53.858071
27.536578 53.858054
27.536943 53.858021
27.537307 53.85799
27.537717 53.857954
27.537945 53.857908
27.538172 53.857822
27.538217 53.857768
27.538239 53.85766
27.538057 53.856755
27.537278 53.856801
BRUSH(1,0)
REGION 1
37
27.540398 53.856351
27.540379 53.856349
27.538419 53.856531
27.538282 53.856549
27.53826 53.856603
27.538349 53.85701
27.538387 53.857012
27.538615 53.85704
27.538798 53.857096
27.538898 53.857174
27.538949 53.857281
27.538943 53.857389
27.538839 53.857633
27.538834 53.857848
27.538878 53.85801
27.538999 53.858279
27.539057 53.85836
27.539123 53.858467
27.539219 53.858548
27.539401 53.858574
27.539493 53.858571
27.539675 53.858521
27.53975 53.85848
27.539844 53.858345
27.539906 53.858156
27.539938 53.857967
27.539985 53.857778
27.540033 53.857616
27.5401 53.857481
27.54014 53.857346
27.540157 53.857211
27.540165 53.856914
27.540201 53.856725
27.540279 53.856617
27.54043 53.856513
27.540434 53.856486
27.540398 53.856351
BRUSH(1,0)
REGION 1
16
27.54028 53.855725
27.54028 53.85572
27.540094 53.855741
27.539729 53.855736
27.539455 53.855717
27.539043 53.855629
27.538861 53.855605
27.538678 53.855561
27.538583 53.855939
27.538334 53.856417
27.538843 53.856392
27.539831 53.856302
27.540332 53.856233
27.540326 53.8561
27.540327 53.85583
27.54028 53.855725
BRUSH(1,0)
REGION 1
13
27.532291 53.859524
27.532249 53.859522
27.531739 53.859491
27.531707 53.859614
27.530413 53.859539
27.530224 53.860309
27.530073 53.861033
27.530063 53.861168
27.530151 53.861208
27.530425 53.861234
27.531152 53.861273
27.531909 53.861299
27.532291 53.859524
BRUSH(1,0)
REGION 1
24
27.531756 53.858309
27.531737 53.858304
27.531649 53.858271
27.531481 53.858173
27.531224 53.857985
27.530952 53.85784
27.530539 53.857667
27.530448 53.857649
27.530357 53.85767
27.530084 53.857738
27.529947 53.857755
27.529391 53.858935
27.529346 53.859049
27.529238 53.859239
27.52919 53.859347
27.529275 53.859427
27.529451 53.859516
27.529588 53.859538
27.529725 53.859526
27.530088 53.859424
27.530452 53.85929
27.530679 53.859199
27.530788 53.859122
27.531756 53.858309
BRUSH(1,0)
REGION 1
7
27.529944 53.860436
27.529925 53.860431
27.529054 53.860372
27.528591 53.860493
27.52915 53.861163
27.529793 53.861192
27.529944 53.860436
BRUSH(1,0)
REGION 1
10
27.528892 53.861173
27.528884 53.861166
27.528391 53.860564
27.527724 53.860774
27.528027 53.861022
27.527925 53.861058
27.527644 53.860814
27.527046 53.86103
27.527615 53.861597
27.528892 53.861173
BRUSH(1,0)
REGION 1
8
27.528313 53.860474
27.528302 53.860468
27.527855 53.859991
27.527696 53.859994
27.526453 53.860392
27.526912 53.860934
27.527249 53.860809
27.528313 53.860474
BRUSH(1,0)
REGION 1
8
27.529977 53.860308
27.529977 53.860294
27.530085 53.859761
27.528901 53.85966
27.528064 53.859909
27.528522 53.860413
27.529121 53.860244
27.529977 53.860308
BRUSH(1,0)
REGION 1
14
27.52698 53.858644
27.526965 53.85866
27.527929 53.859775
27.528228 53.859688
27.528592 53.859597
27.528774 53.859537
27.528895 53.859463
27.529022 53.859246
27.529542 53.858181
27.52818 53.858513
27.528103 53.85841
27.52736 53.858611
27.527287 53.858537
27.52698 53.858644
BRUSH(1,0)
REGION 1
10
27.52769 53.859819
27.527686 53.859805
27.527328 53.859393
27.526635 53.859643
27.526404 53.859413
27.527116 53.859178
27.526727 53.85873
27.525245 53.859195
27.526288 53.860263
27.52769 53.859819
BRUSH(1,0)
REGION 1
10
27.526623 53.858609
27.526619 53.858589
27.526264 53.858155
27.525422 53.858397
27.525365 53.858332
27.526176 53.858088
27.525779 53.857642
27.524252 53.858094
27.525157 53.859079
27.526623 53.858609
BRUSH(1,0)
REGION 1
6
27.52685 53.858516
27.526869 53.858516
27.527164 53.858425
27.526445 53.857428
27.526025 53.857563
27.52685 53.858516
BRUSH(1,0)
REGION 1
13
27.527328 53.858456
27.527359 53.858456
27.528139 53.858252
27.527449 53.857397
27.528957 53.856986
27.530169 53.857239
27.530669 53.856715
27.53104 53.856251
27.530867 53.856103
27.529469 53.856541
27.527631 53.857066
27.526582 53.857389
27.527328 53.858456
BRUSH(1,0)
REGION 1
11
27.524151 53.857964
27.524166 53.857957
27.525675 53.857517
27.524943 53.856668
27.525132 53.856602
27.525864 53.857437
27.526766 53.857184
27.525258 53.855689
27.523107 53.85642
27.523732 53.85751
27.524151 53.857964
BRUSH(1,0)
REGION 1
6
27.524965 53.855655
27.524961 53.855634
27.524372 53.855012
27.522675 53.855572
27.523041 53.856283
27.524965 53.855655
BRUSH(1,0)
REGION 1
6
27.532361 53.855418
27.532357 53.8554
27.531907 53.854946
27.530934 53.855276
27.531338 53.855735
27.532361 53.855418
BRUSH(1,0)
REGION 1
16
27.56933 53.889775
27.569314 53.889771
27.568273 53.889587
27.567819 53.889486
27.567751 53.889542
27.567473 53.889786
27.567432 53.889867
27.567471 53.889921
27.567608 53.889963
27.568066 53.890037
27.568386 53.890103
27.568707 53.890221
27.568799 53.890202
27.569162 53.890046
27.569241 53.889964
27.56933 53.889775
BRUSH(1,0)
REGION 1
15
27.569877 53.889152
27.569847 53.889141
27.569843 53.889139
27.569611 53.88912
27.569104 53.889075
27.568677 53.889039
27.568567 53.889024
27.568448 53.889251
27.567979 53.889186
27.567879 53.889422
27.56871 53.88956
27.569595 53.889684
27.569647 53.88956
27.569772 53.889569
27.569877 53.889152
BRUSH(1,0)
REGION 1
9
27.568593 53.888972
27.568574 53.888972
27.566451 53.888687
27.566368 53.888724
27.566346 53.888832
27.56637 53.88894
27.567099 53.889066
27.568444 53.889254
27.568593 53.888972
BRUSH(1,0)
REGION 1
10
27.570362 53.888624
27.570354 53.88864
27.569125 53.888612
27.568698 53.88854
27.568574 53.889024
27.56987 53.889143
27.570045 53.889172
27.57027 53.88918
27.57031 53.889067
27.570362 53.888624
BRUSH(1,0)
REGION 1
30
27.572675 53.886816
27.572659 53.886804
27.570738 53.886481
27.570639 53.886492
27.569956 53.886361
27.569927 53.886426
27.569866 53.886413
27.569545 53.886347
27.569362 53.88633
27.569271 53.886333
27.569135 53.88636
27.569051 53.886401
27.568208 53.887423
27.568265 53.887441
27.568235 53.887769
27.568182 53.887796
27.568336 53.887942
27.568511 53.887921
27.568373 53.887809
27.568881 53.887696
27.569076 53.887749
27.569233 53.887558
27.569389 53.88755
27.56939 53.887653
27.569748 53.887668
27.56977 53.887555
27.569831 53.887555
27.569933 53.887516
27.572557 53.887416
27.572675 53.886816
BRUSH(1,0)
REGION 1
17
27.575731 53.885109
27.575727 53.885104
27.57508 53.885074
27.574848 53.885073
27.574665 53.885076
27.574163 53.885089
27.574027 53.885119
27.573963 53.885173
27.573781 53.885201
27.573713 53.885249
27.573673 53.885384
27.573687 53.886193
27.573788 53.88668
27.574398 53.886751
27.575203 53.885729
27.575657 53.885224
27.575731 53.885109
BRUSH(1,0)
REGION 1
20
27.576453 53.885937
27.57636 53.8858
27.576189 53.885534
27.575999 53.885227
27.57595 53.885227
27.575406 53.885881
27.574912 53.886495
27.574621 53.886973
27.574743 53.886999
27.575159 53.887078
27.575708 53.887156
27.575936 53.887171
27.576302 53.887183
27.576439 53.88718
27.576758 53.887185
27.576987 53.887179
27.577412 53.887157
27.577173 53.886918
27.576138 53.8869
27.576453 53.885937
BRUSH(1,0)
REGION 1
37
27.576395 53.878705
27.57638 53.878701
27.576344 53.878609
27.57627 53.878393
27.576222 53.878232
27.576176 53.877908
27.576208 53.877773
27.576298 53.877665
27.57649 53.877475
27.577049 53.876909
27.577529 53.876351
27.577396 53.876312
27.577258 53.876287
27.577076 53.876318
27.57694 53.876365
27.576712 53.876414
27.576625 53.876464
27.57652 53.876572
27.576474 53.87657
27.576337 53.876546
27.576307 53.876573
27.576149 53.876709
27.576058 53.876713
27.576012 53.876714
27.575967 53.876714
27.57583 53.876762
27.575781 53.876793
27.575721 53.876839
27.575586 53.877037
27.575416 53.877402
27.57541 53.87751
27.575416 53.877726
27.575476 53.877941
27.57559 53.87821
27.575684 53.878425
27.575745 53.878722
27.576395 53.878705
BRUSH(1,0)
REGION 1
12
27.56907 53.885151
27.569058 53.885147
27.567398 53.88502
27.566141 53.884907
27.565924 53.885496
27.566146 53.885641
27.5666 53.885689
27.566774 53.885623
27.567216 53.885645
27.567378 53.885575
27.568692 53.885666
27.56907 53.885151
BRUSH(1,0)
REGION 1
11
27.570357 53.886193
27.570353 53.886177
27.570726 53.885512
27.570835 53.885404
27.571012 53.885311
27.571072 53.88523
27.571086 53.885149
27.57101 53.885109
27.569836 53.884991
27.569072 53.885918
27.570357 53.886193
BRUSH(1,0)
REGION 1
10
27.570464 53.886203
27.570472 53.88621
27.571513 53.886399
27.571652 53.886229
27.572144 53.88633
27.572696 53.885465
27.572606 53.885315
27.571215 53.885101
27.570632 53.885913
27.570464 53.886203
BRUSH(1,0)
REGION 1
7
27.571236 53.884991
27.57124 53.884986
27.571284 53.884208
27.570652 53.884211
27.56997 53.884743
27.56996 53.88488
27.571236 53.884991
BRUSH(1,0)
REGION 1
7
27.571298 53.883842
27.571309 53.883833
27.571371 53.882426
27.570036 53.882439
27.569961 53.8837
27.570058 53.883837
27.571298 53.883842
BRUSH(1,0)
REGION 1
6
27.571591 53.883843
27.571602 53.883845
27.572934 53.883846
27.573 53.882418
27.571634 53.882411
27.571591 53.883843
BRUSH(1,0)
REGION 1
6
27.571362 53.882291
27.571366 53.88228
27.571412 53.880843
27.570141 53.880829
27.570076 53.882297
27.571362 53.882291
BRUSH(1,0)
REGION 1
11
27.571628 53.882276
27.571643 53.882276
27.572998 53.88231
27.573057 53.881256
27.572805 53.880909
27.572672 53.880909
27.572659 53.880786
27.571914 53.880787
27.571907 53.880852
27.571675 53.880849
27.571628 53.882276
BRUSH(1,0)
REGION 1
11
27.571388 53.880718
27.571407 53.880709
27.571468 53.879239
27.571604 53.878521
27.570344 53.878484
27.570264 53.87937
27.570937 53.879387
27.570899 53.879978
27.570207 53.879975
27.570151 53.880701
27.571388 53.880718
BRUSH(1,0)
REGION 1
6
27.570264 53.879363
27.570264 53.879368
27.570207 53.879975
27.570895 53.879978
27.570918 53.879399
27.570264 53.879363
BRUSH(1,0)
REGION 1
7
27.57131 53.878507
27.571318 53.8785
27.571382 53.87812
27.571532 53.877672
27.570431 53.877513
27.570344 53.878473
27.57131 53.878507
BRUSH(1,0)
REGION 1
5
27.57045 53.877504
27.571524 53.877665
27.57168 53.877363
27.570463 53.877066
27.57045 53.877504
BRUSH(1,0)
REGION 1
22
27.570521 53.876856
27.570521 53.876868
27.570895 53.876938
27.57109 53.876991
27.571045 53.877054
27.571698 53.877228
27.57184 53.877043
27.572034 53.877096
27.572148 53.877076
27.573151 53.876646
27.573469 53.876197
27.573396 53.876184
27.57303 53.876119
27.572664 53.87606
27.57239 53.876043
27.572162 53.876046
27.571934 53.876115
27.571798 53.876127
27.571478 53.876108
27.571113 53.876096
27.570656 53.87608
27.570521 53.876856
BRUSH(1,0)
REGION 1
32
27.577231 53.874443
27.577493 53.874439
27.577537 53.874302
27.57767 53.874303
27.577702 53.874085
27.577576 53.874079
27.577593 53.873618
27.577591 53.873488
27.577302 53.873449
27.576384 53.873368
27.573095 53.87312
27.571176 53.872961
27.571023 53.87384
27.5708 53.874868
27.57252 53.874872
27.574083 53.874891
27.574266 53.874883
27.574357 53.874856
27.574404 53.874667
27.574442 53.87464
27.574533 53.874646
27.574761 53.874634
27.576382 53.874121
27.576431 53.873797
27.576835 53.873826
27.576786 53.874125
27.576716 53.874342
27.576721 53.874422
27.576775 53.874476
27.576912 53.874507
27.577209 53.874526
27.577231 53.874443
BRUSH(1,0)
REGION 1
7
27.564658 53.87458
27.565384 53.874588
27.565425 53.873873
27.565181 53.873867
27.565002 53.872641
27.564481 53.872632
27.564658 53.87458
BRUSH(1,0)
REGION 1
12
27.565425 53.873873
27.565387 53.874507
27.56538 53.874588
27.565628 53.874596
27.569095 53.874753
27.570302 53.874821
27.570382 53.874266
27.570609 53.872925
27.565435 53.872531
27.565002 53.872641
27.565181 53.873867
27.565425 53.873873
BRUSH(1,0)
REGION 1
6
27.565439 53.87472
27.565416 53.874718
27.564644 53.874717
27.564719 53.87525
27.565534 53.875309
27.565439 53.87472
BRUSH(1,0)
REGION 1
7
27.56573 53.88151
27.565741 53.881504
27.566577 53.881471
27.565863 53.877276
27.565007 53.877289
27.565252 53.87858
27.56573 53.88151
BRUSH(1,0)
REGION 1
6
27.566642 53.881738
27.566641 53.881724
27.565755 53.881771
27.56587 53.882411
27.56676 53.882398
27.566642 53.881738
BRUSH(1,0)
REGION 1
13
27.566788 53.882458
27.566742 53.882465
27.565928 53.882487
27.565958 53.882777
27.566086 53.88328
27.566122 53.883394
27.566092 53.883397
27.566101 53.883502
27.56618 53.883495
27.566261 53.883841
27.566276 53.88387
27.566954 53.883894
27.566788 53.882458
BRUSH(1,0)
REGION 1
14
27.567331 53.883914
27.567346 53.883919
27.569314 53.883984
27.569599 53.880645
27.569912 53.877718
27.570251 53.875048
27.566088 53.874881
27.565706 53.875382
27.565929 53.876507
27.566101 53.876875
27.56658 53.879581
27.566767 53.880813
27.567064 53.882363
27.567331 53.883914
BRUSH(1,0)
REGION 1
6
27.5659 53.88453
27.565919 53.884532
27.566452 53.884555
27.566554 53.884147
27.565967 53.884121
27.5659 53.88453
BRUSH(1,0)
REGION 1
12
27.570709 53.87246
27.570717 53.872448
27.571094 53.870669
27.568143 53.870444
27.567957 53.870439
27.567911 53.870461
27.567614 53.871887
27.567566 53.87205
27.56756 53.872157
27.567637 53.8722
27.567846 53.872219
27.570709 53.87246
BRUSH(1,0)
REGION 1
12
27.567233 53.872163
27.567237 53.87215
27.567626 53.870411
27.564192 53.870166
27.564273 53.870844
27.564327 53.871577
27.564372 53.871792
27.564422 53.871873
27.564507 53.871918
27.564644 53.871946
27.564781 53.871957
27.567233 53.872163
BRUSH(1,0)
REGION 1
9
27.571095 53.870514
27.57108 53.870503
27.571268 53.869729
27.571766 53.867931
27.57209 53.86648
27.568923 53.866234
27.567939 53.870261
27.569211 53.870379
27.571095 53.870514
BRUSH(1,0)
REGION 1
7
27.572115 53.866351
27.572108 53.866342
27.572371 53.865184
27.572628 53.864216
27.569462 53.864009
27.568925 53.866092
27.572115 53.866351
BRUSH(1,0)
REGION 1
9
27.568108 53.868278
27.568097 53.868283
27.563278 53.867914
27.56353 53.868652
27.563678 53.869858
27.563732 53.869912
27.563824 53.869936
27.567654 53.870233
27.568108 53.868278
BRUSH(1,0)
REGION 1
6
27.568382 53.867065
27.568397 53.867052
27.568603 53.866213
27.565292 53.865945
27.565112 53.866811
27.568382 53.867065
BRUSH(1,0)
REGION 1
14
27.564833 53.867896
27.564856 53.867898
27.565865 53.867978
27.56597 53.867598
27.566111 53.867613
27.566001 53.867978
27.567106 53.868065
27.567212 53.867756
27.567345 53.867769
27.567261 53.868066
27.568126 53.868143
27.568365 53.867191
27.565095 53.86693
27.564833 53.867896
BRUSH(1,0)
REGION 1
6
27.563363 53.866806
27.563374 53.866824
27.563474 53.867798
27.564604 53.867874
27.56484 53.866922
27.563363 53.866806
BRUSH(1,0)
REGION 1
8
27.564853 53.866794
27.564857 53.866785
27.565082 53.865935
27.563103 53.865784
27.563057 53.86578
27.563085 53.865852
27.563308 53.866676
27.564853 53.866794
BRUSH(1,0)
REGION 1
6
27.565073 53.865789
27.565069 53.865777
27.565282 53.864898
27.562812 53.864716
27.563059 53.865629
27.565073 53.865789
BRUSH(1,0)
REGION 1
11
27.565541 53.864923
27.56532 53.865808
27.568388 53.866032
27.568458 53.865829
27.568709 53.865839
27.568779 53.86563
27.567754 53.865527
27.567773 53.865468
27.568778 53.865547
27.568872 53.865207
27.565541 53.864923
BRUSH(1,0)
REGION 1
7
27.565292 53.864781
27.565285 53.864772
27.565536 53.863876
27.563994 53.863753
27.562483 53.863652
27.562765 53.864592
27.565292 53.864781
BRUSH(1,0)
REGION 1
10
27.56557 53.864804
27.565601 53.864806
27.566491 53.864876
27.566615 53.864435
27.566775 53.864444
27.566636 53.864887
27.568882 53.86507
27.569079 53.864098
27.565787 53.863871
27.56557 53.864804
BRUSH(1,0)
REGION 1
8
27.562204 53.863235
27.562223 53.863242
27.563135 53.863182
27.563058 53.862778
27.562546 53.860732
27.561457 53.860643
27.561675 53.861361
27.562204 53.863235
BRUSH(1,0)
REGION 1
9
27.565628 53.863314
27.565647 53.863314
27.565791 53.862686
27.56468 53.862606
27.563275 53.862527
27.563375 53.863214
27.56529 53.863343
27.565312 53.863279
27.565628 53.863314
BRUSH(1,0)
REGION 1
6
27.565876 53.863387
27.565879 53.863387
27.566751 53.863428
27.566906 53.862755
27.566034 53.862692
27.565876 53.863387
BRUSH(1,0)
REGION 1
6
27.565093 53.862514
27.565081 53.862507
27.565244 53.861792
27.563093 53.861656
27.563221 53.862401
27.565093 53.862514
BRUSH(1,0)
REGION 1
6
27.566904 53.862643
27.566908 53.862627
27.567055 53.8619
27.565483 53.861807
27.565321 53.862526
27.566904 53.862643
BRUSH(1,0)
REGION 1
6
27.565257 53.861648
27.565253 53.861646
27.565396 53.860944
27.562877 53.860771
27.56305 53.861521
27.565257 53.861648
BRUSH(1,0)
REGION 1
6
27.565528 53.860191
27.565505 53.860188
27.56264 53.860033
27.56276 53.86057
27.565444 53.860766
27.565528 53.860191
BRUSH(1,0)
REGION 1
6
27.565659 53.859464
27.565656 53.859462
27.56241 53.859261
27.562558 53.859881
27.565537 53.860056
27.565659 53.859464
BRUSH(1,0)
REGION 1
9
27.569574 53.86357
27.569597 53.863563
27.572725 53.863762
27.573384 53.860869
27.573316 53.860862
27.573495 53.85998
27.570367 53.859763
27.570047 53.861266
27.569574 53.86357
BRUSH(1,0)
REGION 1
11
27.562142 53.85917
27.562139 53.859166
27.561363 53.859142
27.561192 53.859154
27.561055 53.859195
27.561003 53.85925
27.560977 53.859331
27.56099 53.859438
27.561341 53.860502
27.562517 53.860553
27.562142 53.85917
BRUSH(1,0)
REGION 1
8
27.5655 53.861651
27.565516 53.861665
27.567084 53.861772
27.567227 53.861073
27.565941 53.860993
27.565842 53.861333
27.565568 53.861321
27.5655 53.861651
BRUSH(1,0)
REGION 1
10
27.565649 53.860777
27.565661 53.860781
27.567278 53.860888
27.567532 53.859588
27.565892 53.859481
27.565762 53.860059
27.566709 53.860124
27.566684 53.860237
27.565737 53.860174
27.565649 53.860777
BRUSH(1,0)
REGION 1
6
27.567124 53.863444
27.567139 53.863444
27.569179 53.863558
27.569334 53.862919
27.567256 53.862785
27.567124 53.863444
BRUSH(1,0)
REGION 1
8
27.567267 53.862718
27.567282 53.862729
27.567857 53.862771
27.567894 53.862701
27.569348 53.862793
27.569525 53.86206
27.567432 53.861926
27.567267 53.862718
BRUSH(1,0)
REGION 1
7
27.569534 53.861918
27.56953 53.861907
27.569663 53.861248
27.567562 53.861098
27.567434 53.861784
27.568975 53.861892
27.569534 53.861918
BRUSH(1,0)
REGION 1
7
27.569699 53.861072
27.569691 53.861061
27.569816 53.860427
27.56999 53.859759
27.567874 53.859602
27.567605 53.86092
27.569699 53.861072
BRUSH(1,0)
REGION 1
44
27.57256 53.859751
27.572556 53.859737
27.5726 53.859557
27.573483 53.859632
27.573594 53.859065
27.573845 53.859086
27.574228 53.8575
27.573799 53.855509
27.570306 53.855291
27.570134 53.856396
27.570116 53.856434
27.569796 53.856424
27.569476 53.85639
27.56944 53.856534
27.568961 53.856516
27.568596 53.856495
27.568231 53.856504
27.56782 53.856476
27.567546 53.856486
27.567045 53.856534
27.566589 53.85657
27.56627 53.856605
27.566042 53.856604
27.56535 53.856602
27.564357 53.856531
27.56414 53.856523
27.563866 53.85651
27.563455 53.856501
27.563318 53.856504
27.563045 53.856516
27.562726 53.856565
27.562362 53.856627
27.56218 53.856669
27.561771 53.856826
27.561318 53.857048
27.561061 53.857204
27.560831 53.857365
27.560569 53.857656
27.560491 53.857841
27.560631 53.858687
27.560847 53.858686
27.560885 53.858953
27.567289 53.859371
27.57256 53.859751
BRUSH(1,0)
REGION 1
17
27.562451 53.855566
27.56244 53.85556
27.56209 53.855539
27.561154 53.855464
27.560971 53.855474
27.560789 53.855522
27.560616 53.855615
27.560564 53.855723
27.560558 53.855912
27.560594 53.85602
27.560667 53.856073
27.560804 53.856118
27.560987 53.856128
27.561033 53.856128
27.56232 53.855985
27.562438 53.855699
27.562451 53.855566
BRUSH(1,0)
REGION 1
31
27.566931 53.855946
27.566908 53.855928
27.564769 53.85574
27.562577 53.855577
27.562569 53.855586
27.562519 53.855802
27.562506 53.855964
27.562548 53.856017
27.562731 53.856075
27.562858 53.856144
27.562973 53.856278
27.563019 53.856276
27.563201 53.856277
27.563521 53.856294
27.563749 53.856306
27.564069 53.85635
27.564344 53.856387
27.56448 53.856382
27.564528 53.856265
27.564791 53.856275
27.565064 53.856266
27.565156 53.856268
27.565613 53.856329
27.565978 53.856379
27.566298 53.856402
27.566344 53.856402
27.566389 53.856402
27.566617 53.856372
27.56689 53.856299
27.566908 53.856271
27.566931 53.855946
BRUSH(1,0)
REGION 1
7
27.563789 53.855526
27.563816 53.855526
27.566966 53.85575
27.567195 53.8552
27.566625 53.855187
27.563915 53.854975
27.563789 53.855526
BRUSH(1,0)
REGION 1
18
27.570181 53.855288
27.570151 53.855288
27.569024 53.855232
27.56887 53.855341
27.56878 53.855449
27.568733 53.855665
27.568744 53.855881
27.56873 53.856016
27.568739 53.856124
27.568789 53.856177
27.568923 53.85624
27.569289 53.85631
27.569563 53.856349
27.569883 53.856383
27.569905 53.856332
27.570027 53.856342
27.570087 53.855946
27.570181 53.855288
BRUSH(1,0)
REGION 1
24
27.568645 53.856194
27.568637 53.856176
27.568606 53.85614
27.568574 53.856005
27.568576 53.855843
27.568566 53.855628
27.568616 53.855439
27.568702 53.855277
27.568663 53.855223
27.568526 53.855201
27.568161 53.855232
27.567752 53.855299
27.567388 53.855375
27.567331 53.855429
27.567306 53.855537
27.567268 53.856139
27.567219 53.856144
27.567201 53.856286
27.567567 53.856307
27.567596 53.856192
27.567873 53.856199
27.568101 53.856196
27.568421 53.856208
27.568645 53.856194
BRUSH(1,0)
REGION 1
6
27.575457 53.862349
27.575456 53.86234
27.575756 53.86108
27.573868 53.860918
27.57358 53.862212
27.575457 53.862349
BRUSH(1,0)
REGION 1
6
27.575647 53.862359
27.57567 53.862359
27.576568 53.862422
27.576879 53.861171
27.575935 53.861092
27.575647 53.862359
BRUSH(1,0)
REGION 1
8
27.571683 53.870639
27.571698 53.870641
27.575156 53.870971
27.575247 53.870652
27.575132 53.870643
27.575566 53.868854
27.572151 53.868572
27.571683 53.870639
BRUSH(1,0)
REGION 1
11
27.572181 53.8685
27.572192 53.868504
27.57236 53.868517
27.572436 53.868274
27.572604 53.86828
27.572699 53.868007
27.573593 53.867749
27.573985 53.865662
27.572866 53.86559
27.572486 53.867129
27.572181 53.8685
BRUSH(1,0)
REGION 1
24
27.527151 53.890167
27.528325 53.889346
27.528503 53.889224
27.528884 53.888977
27.529062 53.888871
27.529269 53.88874
27.529696 53.88843
27.529366 53.888205
27.529067 53.888066
27.526905 53.886979
27.526758 53.887076
27.526493 53.887228
27.526286 53.887368
27.525904 53.887597
27.525421 53.887907
27.525301 53.887986
27.524141 53.888699
27.524035 53.888769
27.524677 53.889065
27.526015 53.889601
27.526405 53.889759
27.526586 53.889949
27.527061 53.890237
27.527151 53.890167
BRUSH(1,0)
REGION 1
32
27.472187 53.851644
27.473451 53.850817
27.474337 53.850197
27.475021 53.849545
27.474713 53.849454
27.472394 53.849294
27.47238 53.849743
27.472176 53.84993
27.472108 53.849897
27.472277 53.849728
27.472284 53.849301
27.471409 53.849268
27.467763 53.849351
27.467857 53.849605
27.467853 53.849901
27.467731 53.849899
27.467721 53.849605
27.467562 53.849361
27.465975 53.849414
27.464692 53.849576
27.464693 53.84965
27.465677 53.849669
27.465695 53.849864
27.465775 53.849956
27.466297 53.850376
27.466341 53.85206
27.466478 53.852094
27.467207 53.852399
27.467667 53.852772
27.468275 53.853455
27.469152 53.853427
27.472187 53.851644
BRUSH(1,0)
REGION 1
26
27.458173 53.842652
27.458176 53.842648
27.458218 53.842641
27.458538 53.842689
27.45899 53.84273
27.459176 53.842709
27.459236 53.84266
27.459361 53.842199
27.459357 53.841824
27.459444 53.841473
27.459465 53.841311
27.459537 53.840932
27.459557 53.840664
27.459574 53.840503
27.459554 53.840339
27.459435 53.840234
27.459161 53.840178
27.457622 53.840121
27.45744 53.840117
27.457441 53.840198
27.45761 53.840415
27.457788 53.840738
27.457789 53.84087
27.457545 53.841433
27.456971 53.842555
27.458173 53.842652
BRUSH(1,0)
REGION 1
8
27.457587 53.841145
27.457658 53.840983
27.457671 53.840837
27.457597 53.840588
27.457238 53.840104
27.456987 53.840087
27.456792 53.840973
27.457587 53.841145
BRUSH(1,0)
REGION 1
11
27.455802 53.841877
27.455802 53.841879
27.455788 53.842328
27.456078 53.84246
27.456868 53.842524
27.457546 53.841213
27.456758 53.841067
27.456648 53.841034
27.456869 53.840074
27.456387 53.840058
27.455802 53.841877
BRUSH(1,0)
REGION 1
7
27.46015 53.839939
27.460157 53.839944
27.460141 53.840182
27.461004 53.840255
27.46099 53.839992
27.46021 53.839925
27.46015 53.839939
BRUSH(1,0)
REGION 1
10
27.469621 53.834189
27.46961 53.834178
27.469945 53.833952
27.469602 53.833797
27.468836 53.834305
27.468974 53.83443
27.469112 53.834486
27.469206 53.834476
27.469327 53.834404
27.469621 53.834189
BRUSH(1,0)
REGION 1
7
27.470765 53.833249
27.470769 53.833244
27.471048 53.833061
27.47057 53.832776
27.470027 53.833135
27.470482 53.833414
27.470765 53.833249
BRUSH(1,0)
REGION 1
6
27.457472 53.828728
27.457476 53.828717
27.457951 53.828435
27.457001 53.827933
27.456537 53.828208
27.457472 53.828728
BRUSH(1,0)
REGION 1
6
27.4984 53.827252
27.4984 53.827245
27.499281 53.826636
27.497342 53.826093
27.496685 53.826704
27.4984 53.827252
BRUSH(1,0)
REGION 1
10
27.511582 53.850753
27.510529 53.84907
27.50707 53.849877
27.507926 53.850974
27.508236 53.851186
27.508645 53.851366
27.508877 53.851415
27.509238 53.851398
27.509651 53.851279
27.511582 53.850753
BRUSH(1,0)
REGION 1
20
27.508035 53.851524
27.508061 53.851416
27.508048 53.851333
27.50794 53.851174
27.50693 53.84988
27.506073 53.85007
27.505947 53.849976
27.505519 53.849483
27.503807 53.84989
27.504054 53.850253
27.504225 53.850277
27.505831 53.850807
27.506144 53.850963
27.506279 53.851097
27.506513 53.851339
27.506682 53.851439
27.506956 53.851508
27.507409 53.851533
27.507731 53.851512
27.508035 53.851524
BRUSH(1,0)
REGION 1
11
27.51192 53.850082
27.513435 53.849683
27.51388 53.848449
27.513904 53.848314
27.513889 53.848208
27.513692 53.847991
27.513661 53.847913
27.513652 53.847225
27.513015 53.846262
27.509875 53.847052
27.51192 53.850082
BRUSH(1,0)
REGION 1
12
27.509817 53.846962
27.512976 53.846218
27.513467 53.845641
27.512966 53.844344
27.511434 53.844694
27.511567 53.84497
27.510718 53.845211
27.510337 53.844712
27.509956 53.844624
27.508589 53.844973
27.508521 53.845011
27.509817 53.846962
BRUSH(1,0)
REGION 1
12
27.502483 53.845792
27.499454 53.846666
27.499078 53.84669
27.498329 53.846906
27.499612 53.848538
27.501014 53.848182
27.50121 53.84804
27.502906 53.847558
27.503053 53.847472
27.503697 53.847289
27.502841 53.846161
27.502483 53.845792
BRUSH(1,0)
REGION 1
7
27.49717 53.846917
27.497278 53.847009
27.498262 53.84672
27.497346 53.845663
27.495956 53.846033
27.496902 53.846734
27.49717 53.846917
BRUSH(1,0)
REGION 1
28
27.490743 53.840889
27.49061 53.840881
27.487492 53.841254
27.487082 53.841298
27.486904 53.841362
27.486705 53.841488
27.486611 53.84165
27.486602 53.841812
27.486679 53.841949
27.487241 53.842279
27.48862 53.842959
27.490337 53.843619
27.490732 53.843326
27.491249 53.843025
27.491658 53.842862
27.492658 53.84262
27.492949 53.842536
27.49335 53.842386
27.493841 53.842135
27.494453 53.841796
27.494941 53.841334
27.494982 53.841253
27.494883 53.840903
27.494839 53.840707
27.494262 53.840737
27.494165 53.84051
27.492511 53.840692
27.490743 53.840889
BRUSH(1,0)
REGION 1
20
27.49346 53.842685
27.49295 53.842606
27.492628 53.842663
27.491677 53.842911
27.491447 53.842986
27.491347 53.843205
27.49125 53.843448
27.491286 53.843553
27.491671 53.844064
27.491786 53.844135
27.492656 53.844451
27.494855 53.845421
27.495894 53.845972
27.495986 53.845979
27.496235 53.845903
27.497269 53.845599
27.49603 53.844188
27.495384 53.844148
27.494073 53.842777
27.49346 53.842685
BRUSH(1,0)
REGION 1
14
27.500147 53.839863
27.495216 53.840394
27.495747 53.842346
27.496297 53.842294
27.496501 53.84223
27.49797 53.842128
27.498095 53.842101
27.50014 53.841904
27.499657 53.840161
27.499667 53.840109
27.499841 53.840023
27.500023 53.839975
27.500136 53.839903
27.500147 53.839863
BRUSH(1,0)
REGION 1
17
27.504913 53.841477
27.504241 53.840442
27.504445 53.840385
27.504238 53.840215
27.503982 53.840072
27.503474 53.839834
27.502985 53.83958
27.50292 53.839551
27.502666 53.839595
27.500359 53.839826
27.500183 53.839991
27.49996 53.840088
27.499781 53.840109
27.499751 53.840134
27.500224 53.841904
27.502678 53.84165
27.504913 53.841477
BRUSH(1,0)
REGION 1
12
27.506347 53.843921
27.50624 53.843803
27.50638 53.843773
27.505111 53.841817
27.501735 53.842823
27.500187 53.843314
27.501216 53.844609
27.502083 53.845656
27.506452 53.844422
27.506565 53.84437
27.506275 53.843944
27.506347 53.843921
BRUSH(1,0)
REGION 1
27
27.478993 53.840347
27.479893 53.840317
27.47994 53.840132
27.480065 53.840103
27.480118 53.840051
27.480125 53.840033
27.480307 53.840028
27.480271 53.839853
27.48001 53.839229
27.479986 53.839126
27.479981 53.83905
27.478307 53.839126
27.478224 53.839155
27.477651 53.839195
27.477614 53.839274
27.477273 53.839397
27.477469 53.839555
27.477768 53.839844
27.477621 53.839905
27.477866 53.840055
27.47818 53.840015
27.478298 53.840022
27.478557 53.840048
27.478585 53.840191
27.478737 53.840202
27.478738 53.840339
27.478993 53.840347
BRUSH(1,0)
REGION 1
37
27.49624 53.826674
27.496096 53.826704
27.495914 53.826682
27.495502 53.826538
27.495365 53.826527
27.494861 53.826615
27.49468 53.82668
27.494661 53.826737
27.494819 53.826871
27.494906 53.826904
27.495134 53.826896
27.495316 53.826893
27.495404 53.826934
27.495424 53.826987
27.495193 53.827087
27.495107 53.827161
27.495138 53.827242
27.495375 53.827399
27.495512 53.827421
27.495871 53.827278
27.496193 53.827173
27.49633 53.827226
27.496441 53.8273
27.496325 53.827411
27.49628 53.827492
27.496356 53.827532
27.49657 53.82765
27.496661 53.827627
27.496823 53.82753
27.496873 53.82753
27.49714 53.827666
27.497231 53.827672
27.497549 53.827574
27.497636 53.827567
27.497876 53.827643
27.498328 53.827313
27.49624 53.826674
BRUSH(1,0)
REGION 1
31
27.501821 53.845673
27.501743 53.845554
27.500572 53.844083
27.500651 53.844027
27.500261 53.843512
27.499322 53.842401
27.495908 53.842794
27.495665 53.842876
27.49477 53.84296
27.494695 53.8427
27.494572 53.842242
27.494509 53.842108
27.494231 53.842028
27.494054 53.842092
27.493876 53.842184
27.49357 53.842347
27.493249 53.842463
27.493079 53.842544
27.493109 53.842574
27.494019 53.8427
27.494251 53.842762
27.495436 53.844065
27.495523 53.844085
27.495979 53.84409
27.496116 53.844103
27.496227 53.844181
27.497374 53.845481
27.498391 53.846719
27.500019 53.846241
27.501859 53.845736
27.501821 53.845673
BRUSH(1,0)
REGION 1
29
27.473976 53.852605
27.473444 53.852569
27.472805 53.852567
27.472668 53.852554
27.472561 53.852478
27.472337 53.852158
27.472123 53.851968
27.471996 53.851863
27.46919 53.853474
27.468351 53.853504
27.468448 53.853638
27.468858 53.854014
27.469202 53.854211
27.469596 53.854434
27.469912 53.854531
27.470415 53.854613
27.47078 53.854634
27.470875 53.854618
27.470877 53.854508
27.470926 53.854429
27.471063 53.854449
27.471049 53.854583
27.471065 53.85464
27.471293 53.854645
27.471745 53.854624
27.472018 53.854566
27.474573 53.854036
27.474217 53.853442
27.473976 53.852605
BRUSH(1,0)
REGION 1
32
27.466224 53.850677
27.466217 53.850397
27.465531 53.849831
27.4649 53.849797
27.46477 53.849735
27.464728 53.849735
27.464691 53.849791
27.464677 53.849897
27.464631 53.849901
27.464589 53.849848
27.464587 53.84963
27.464571 53.849583
27.463208 53.84972
27.460406 53.850235
27.45922 53.850498
27.459133 53.850543
27.459122 53.850581
27.459192 53.850682
27.45995 53.851248
27.460191 53.851393
27.460695 53.851618
27.461335 53.851788
27.461932 53.851885
27.462385 53.851991
27.462982 53.852001
27.463525 53.851969
27.465052 53.851924
27.46569 53.851944
27.466151 53.852016
27.466261 53.852045
27.466234 53.850931
27.466224 53.850677
BRUSH(1,0)
REGION 1
13
27.397501 53.850056
27.397513 53.850051
27.398034 53.850081
27.39865 53.850097
27.398996 53.849983
27.39909 53.849925
27.398622 53.848489
27.398595 53.848453
27.398074 53.848497
27.397985 53.848284
27.396975 53.848063
27.396861 53.848052
27.397501 53.850056
BRUSH(1,0)
REGION 1
6
27.453786 53.854926
27.45379 53.854926
27.454391 53.854928
27.454376 53.854551
27.453806 53.854555
27.453786 53.854926
BRUSH(1,0)
REGION 1
18
27.453385 53.85278
27.453385 53.852771
27.452994 53.852887
27.452464 53.853096
27.452446 53.853633
27.452313 53.853638
27.452273 53.854165
27.452801 53.854143
27.452816 53.85415
27.453113 53.854149
27.453157 53.853978
27.453062 53.853972
27.452722 53.853867
27.452787 53.853818
27.452863 53.853847
27.453433 53.853822
27.453375 53.852883
27.453385 53.85278
BRUSH(1,0)
REGION 1
29
27.447749 53.816275
27.447738 53.816266
27.447711 53.816282
27.447496 53.816443
27.447194 53.816664
27.447199 53.816702
27.447222 53.816771
27.447306 53.816854
27.448058 53.817209
27.448127 53.817242
27.448257 53.817302
27.448421 53.817394
27.449425 53.817796
27.45025 53.818182
27.451069 53.818453
27.451527 53.818572
27.451572 53.818563
27.451689 53.818455
27.451911 53.818268
27.451693 53.818147
27.451377 53.818005
27.451109 53.817869
27.450395 53.817481
27.450261 53.817445
27.450124 53.817383
27.449624 53.817153
27.448571 53.816715
27.448204 53.816561
27.447749 53.816275
BRUSH(1,0)
REGION 1
10
27.452999 53.81754
27.452995 53.817547
27.454418 53.818101
27.455084 53.817427
27.455393 53.817076
27.455403 53.816995
27.455271 53.816728
27.455007 53.816484
27.454577 53.816108
27.452999 53.81754
BRUSH(1,0)
REGION 1
10
27.452965 53.817603
27.45295 53.817603
27.452577 53.817908
27.450972 53.819372
27.452559 53.820044
27.452617 53.820093
27.452922 53.819771
27.454298 53.818234
27.454396 53.818159
27.452965 53.817603
BRUSH(1,0)
REGION 1
8
27.452618 53.820226
27.452618 53.820212
27.451939 53.819923
27.451186 53.820754
27.450483 53.821507
27.451128 53.821754
27.451816 53.821026
27.452618 53.820226
BRUSH(1,0)
REGION 1
11
27.454341 53.854479
27.455508 53.854405
27.45579 53.854406
27.455788 53.854188
27.455782 53.853627
27.453858 53.853724
27.453884 53.853971
27.45418 53.85397
27.454187 53.854237
27.454362 53.854241
27.454341 53.854479
BRUSH(1,0)
REGION 1
35
27.442022 53.847873
27.442041 53.847859
27.442103 53.847535
27.442207 53.847268
27.442195 53.847214
27.442153 53.847198
27.44188 53.847312
27.441328 53.847271
27.441054 53.847245
27.440917 53.847275
27.440812 53.847349
27.440687 53.847417
27.440599 53.847422
27.440485 53.84735
27.44021 53.847318
27.440031 53.847242
27.440142 53.846891
27.440123 53.846862
27.439898 53.846843
27.439833 53.8468
27.439767 53.846695
27.439718 53.846675
27.439402 53.846705
27.439315 53.846746
27.439252 53.846964
27.439144 53.847126
27.439026 53.847203
27.439023 53.847226
27.439027 53.847232
27.439141 53.847286
27.439366 53.847357
27.439828 53.847546
27.440286 53.84769
27.441663 53.848065
27.442022 53.847873
BRUSH(1,0)
REGION 1
27
27.438359 53.846981
27.438366 53.846972
27.438573 53.84627
27.43853 53.846161
27.438369 53.846062
27.438297 53.846096
27.438091 53.846393
27.438038 53.84645
27.437901 53.846464
27.437821 53.846421
27.43779 53.846338
27.437811 53.84615
27.437738 53.846098
27.437555 53.846045
27.437513 53.846052
27.437442 53.846162
27.437347 53.846176
27.436986 53.84618
27.436754 53.846145
27.436609 53.846152
27.436598 53.846138
27.436422 53.846512
27.436438 53.846566
27.436526 53.84659
27.437215 53.846684
27.437851 53.846821
27.438359 53.846981
BRUSH(1,0)
REGION 1
34
27.436847 53.847184
27.436847 53.847175
27.437569 53.847489
27.437874 53.847663
27.437874 53.847652
27.438302 53.847873
27.438314 53.847895
27.438486 53.847984
27.438948 53.848165
27.439424 53.848277
27.439425 53.848289
27.439489 53.848297
27.440084 53.848405
27.440107 53.848412
27.44056 53.848484
27.441051 53.848081
27.441073 53.848024
27.440935 53.847982
27.44034 53.847782
27.439745 53.847602
27.438138 53.846988
27.43773 53.846871
27.437224 53.846803
27.437247 53.846803
27.437205 53.846788
27.436473 53.846667
27.435882 53.8465
27.435787 53.846492
27.435599 53.84671
27.435569 53.846762
27.435618 53.846782
27.436168 53.846935
27.436576 53.8471
27.436847 53.847184
BRUSH(1,0)
REGION 1
35
27.398749 53.847785
27.398905 53.848254
27.398905 53.848263
27.399019 53.84824
27.399616 53.848169
27.400254 53.848097
27.401025 53.848016
27.402352 53.847863
27.402808 53.847808
27.403351 53.847761
27.404267 53.847655
27.405038 53.847567
27.405017 53.847295
27.404962 53.847134
27.404962 53.84714
27.404852 53.847134
27.404628 53.847162
27.403761 53.847221
27.403666 53.847187
27.403168 53.847209
27.402571 53.847276
27.402347 53.847315
27.40207 53.847348
27.401895 53.847411
27.401873 53.847458
27.401854 53.847461
27.401439 53.847503
27.400714 53.847588
27.400121 53.847633
27.399775 53.847683
27.399775 53.847679
27.399004 53.847749
27.398821 53.847769
27.39876 53.847776
27.398749 53.847785
BRUSH(1,0)
REGION 1
7
27.394794 53.822145
27.394794 53.822156
27.394796 53.822403
27.394804 53.823301
27.394951 53.823141
27.395319 53.822632
27.394794 53.822145
BRUSH(1,0)
REGION 1
37
27.451188 53.826059
27.45136 53.826155
27.451586 53.826307
27.451815 53.826378
27.45186 53.82638
27.451894 53.826323
27.451904 53.826189
27.452009 53.826056
27.452096 53.826026
27.452417 53.826171
27.452631 53.826296
27.452654 53.826321
27.452525 53.82637
27.452469 53.826422
27.452958 53.826681
27.453504 53.826951
27.453863 53.827118
27.454066 53.827252
27.454161 53.82722
27.454289 53.827114
27.454384 53.827091
27.454471 53.827102
27.454968 53.827363
27.455147 53.827427
27.455375 53.827384
27.455488 53.827314
27.455507 53.827233
27.455429 53.827071
27.455382 53.826986
27.452871 53.825518
27.452133 53.825112
27.452039 53.825191
27.452039 53.825193
27.451907 53.825331
27.451907 53.825322
27.45118 53.826059
27.451188 53.826059
BRUSH(1,0)
REGION 1
34
27.450559 53.814787
27.450536 53.814787
27.449704 53.81479
27.449692 53.81479
27.449682 53.814883
27.449267 53.81525
27.449335 53.815522
27.450071 53.815865
27.451025 53.816256
27.451957 53.816677
27.45204 53.816596
27.452051 53.816596
27.452172 53.816486
27.452179 53.816483
27.452813 53.816012
27.452794 53.816014
27.45253 53.815826
27.452484 53.815743
27.452468 53.81569
27.452208 53.815547
27.452075 53.815511
27.451934 53.815521
27.451847 53.815521
27.451793 53.815465
27.451751 53.815456
27.451623 53.815592
27.451507 53.815754
27.451462 53.815765
27.4514 53.815727
27.451448 53.815592
27.451598 53.815376
27.451738 53.815227
27.45173 53.815232
27.450559 53.814787
BRUSH(1,0)
REGION 1
11
27.454199 53.816245
27.454187 53.816249
27.453203 53.815842
27.453184 53.815842
27.452264 53.816564
27.450947 53.817649
27.45136 53.817904
27.451998 53.8182
27.453385 53.816998
27.454093 53.816319
27.454199 53.816245
BRUSH(1,0)
REGION 1
25
27.447863 53.819433
27.447874 53.819433
27.4481 53.819524
27.448107 53.819519
27.4494 53.820015
27.449396 53.82
27.449614 53.820084
27.4505 53.819331
27.450248 53.819235
27.449401 53.818892
27.44939 53.818897
27.448646 53.818599
27.44865 53.818612
27.447914 53.818345
27.447981 53.818246
27.446623 53.817719
27.446193 53.818107
27.445541 53.817894
27.445072 53.818468
27.446358 53.819005
27.446641 53.818811
27.44695 53.818937
27.446966 53.819074
27.447813 53.819397
27.447863 53.819433
BRUSH(1,0)
REGION 1
12
27.449256 53.822354
27.449244 53.822349
27.449173 53.82246
27.449056 53.822532
27.449079 53.822541
27.45009 53.822937
27.450647 53.822333
27.450593 53.822304
27.450702 53.822173
27.449962 53.821906
27.449434 53.82238
27.449256 53.822354
BRUSH(1,0)
REGION 1
23
27.450668 53.822564
27.45014 53.823035
27.449999 53.823007
27.448912 53.82258
27.448052 53.823281
27.449849 53.824022
27.449865 53.824029
27.450029 53.824107
27.450032 53.824094
27.451414 53.824632
27.451918 53.824861
27.452621 53.824066
27.452647 53.824066
27.454136 53.822295
27.455053 53.821243
27.454397 53.820971
27.454408 53.820971
27.453538 53.820611
27.453549 53.820617
27.452771 53.820299
27.451965 53.821138
27.451916 53.821169
27.450668 53.822564
BRUSH(1,0)
REGION 1
39
27.446499 53.823518
27.447054 53.823078
27.445837 53.822593
27.443906 53.82179
27.44233 53.821133
27.442258 53.821214
27.442058 53.821343
27.442028 53.821426
27.442059 53.821507
27.442327 53.821629
27.442464 53.821674
27.442651 53.821704
27.442803 53.821794
27.442747 53.821877
27.442729 53.821985
27.442718 53.82201
27.442783 53.822057
27.442878 53.822072
27.44309 53.821952
27.443227 53.821945
27.443455 53.822007
27.444192 53.822319
27.444215 53.822348
27.444148 53.822453
27.444171 53.82251
27.444362 53.822637
27.444565 53.822823
27.444794 53.822909
27.44499 53.822749
27.445173 53.822697
27.445306 53.82273
27.445669 53.822906
27.445722 53.822962
27.445651 53.823068
27.445648 53.823122
27.445767 53.8232
27.44645 53.823512
27.446488 53.823527
27.446499 53.823518
BRUSH(1,0)
REGION 1
28
27.439783 53.819943
27.440599 53.820245
27.441935 53.820786
27.443408 53.821419
27.445178 53.822111
27.446907 53.822812
27.447412 53.822383
27.447427 53.822367
27.447533 53.822241
27.448 53.821867
27.448071 53.821729
27.448036 53.821622
27.447189 53.821279
27.446797 53.821642
27.446145 53.821415
27.446439 53.821154
27.446427 53.821086
27.445889 53.820875
27.445748 53.820844
27.445547 53.820941
27.445223 53.820826
27.443377 53.82019
27.442436 53.819893
27.440919 53.819443
27.440711 53.819578
27.44015 53.81936
27.439615 53.819867
27.439783 53.819943
BRUSH(1,0)
REGION 1
30
27.447749 53.816275
27.447738 53.816266
27.447711 53.816282
27.447496 53.816443
27.447168 53.816686
27.447184 53.81674
27.44731 53.816874
27.447539 53.816963
27.447719 53.817097
27.447864 53.817117
27.448127 53.817242
27.448257 53.817302
27.448421 53.817394
27.449425 53.817796
27.45025 53.818182
27.451069 53.818453
27.451527 53.818572
27.451572 53.818563
27.451689 53.818455
27.451911 53.818268
27.451693 53.818147
27.451377 53.818005
27.451109 53.817869
27.450395 53.817481
27.450261 53.817445
27.450124 53.817383
27.449624 53.817153
27.448571 53.816715
27.448204 53.816561
27.447749 53.816275
BRUSH(1,0)
REGION 1
27
27.451459 53.82538
27.451459 53.825375
27.451508 53.825307
27.451779 53.825021
27.450275 53.824403
27.449199 53.823957
27.447592 53.823301
27.44718 53.823123
27.44669 53.823536
27.44701 53.823701
27.447144 53.823783
27.447191 53.823889
27.447191 53.823893
27.447351 53.823971
27.447355 53.823973
27.447714 53.824174
27.447894 53.824239
27.447901 53.824247
27.448321 53.824381
27.448325 53.824385
27.447921 53.82467
27.44789 53.824685
27.448127 53.824819
27.448071 53.824907
27.449366 53.825538
27.450703 53.826207
27.451459 53.82538
BRUSH(1,0)
REGION 1
19
27.440445 53.82037
27.440433 53.82037
27.44035 53.82039
27.440221 53.820451
27.440127 53.820528
27.440147 53.820584
27.440277 53.820716
27.440353 53.820758
27.44054 53.820767
27.440677 53.820834
27.441219 53.821072
27.441452 53.821147
27.441577 53.821084
27.441752 53.821151
27.441749 53.821202
27.441836 53.821222
27.44192 53.821179
27.442074 53.821022
27.440445 53.82037
BRUSH(1,0)
REGION 1
17
27.448605 53.81987
27.448601 53.819879
27.448356 53.820095
27.447945 53.82045
27.447681 53.82072
27.44774 53.820879
27.44778 53.821068
27.447845 53.821124
27.448032 53.821184
27.448211 53.821259
27.449131 53.821618
27.449308 53.821489
27.449519 53.82127
27.450058 53.820756
27.450128 53.820623
27.45007 53.820487
27.448605 53.81987
BRUSH(1,0)
REGION 1
42
27.448723 53.815124
27.448664 53.814996
27.448645 53.814902
27.448666 53.814794
27.447743 53.814798
27.447482 53.815001
27.447241 53.815202
27.447108 53.815198
27.446788 53.815127
27.446648 53.815143
27.446528 53.815305
27.446361 53.815391
27.446301 53.815448
27.446257 53.815583
27.446284 53.815634
27.446516 53.815698
27.446723 53.815821
27.446727 53.815839
27.447116 53.815997
27.447855 53.81621
27.448284 53.816507
27.448547 53.816609
27.448951 53.816792
27.44899 53.816792
27.449085 53.816836
27.449906 53.817204
27.450455 53.817413
27.45073 53.81754
27.450821 53.817571
27.450931 53.817461
27.451817 53.816786
27.451862 53.816732
27.451599 53.816598
27.451011 53.81631
27.450324 53.816052
27.449687 53.815774
27.449515 53.815687
27.44924 53.815571
27.44915 53.815329
27.449093 53.815287
27.448864 53.815227
27.448723 53.815124
BRUSH(1,0)
REGION 1
9
27.51241 53.889523
27.512418 53.889525
27.514013 53.88939
27.51344 53.88904
27.511584 53.889113
27.511324 53.888298
27.510704 53.888351
27.511076 53.889642
27.51241 53.889523
BRUSH(1,0)
REGION 1
9
27.50941 53.889748
27.509402 53.889748
27.510756 53.889677
27.510634 53.889234
27.509405 53.889296
27.509206 53.888456
27.5084 53.888514
27.508665 53.889805
27.50941 53.889748
BRUSH(1,0)
REGION 1
7
27.509895 53.889184
27.509891 53.889181
27.510606 53.889154
27.510407 53.888368
27.509419 53.888455
27.509526 53.889206
27.509895 53.889184
BRUSH(1,0)
REGION 1
11
27.512126 53.888985
27.512126 53.888989
27.512579 53.888954
27.512527 53.88872
27.512563 53.888567
27.513086 53.887575
27.512871 53.887475
27.511502 53.888223
27.511699 53.888868
27.511917 53.889006
27.512126 53.888985
BRUSH(1,0)
REGION 1
10
27.513142 53.888922
27.513374 53.888923
27.513602 53.888866
27.51373 53.888757
27.514084 53.888054
27.513214 53.887615
27.512904 53.888082
27.512779 53.88842
27.512735 53.88896
27.513142 53.888922
BRUSH(1,0)
REGION 1
10
27.513945 53.888631
27.513945 53.88864
27.5139 53.888718
27.513782 53.888991
27.513817 53.88907
27.513969 53.889168
27.514355 53.88924
27.514866 53.888366
27.514213 53.888112
27.513945 53.888631
BRUSH(1,0)
REGION 1
7
27.514245 53.887809
27.514252 53.887813
27.514974 53.888129
27.515551 53.887598
27.513626 53.88684
27.513132 53.887323
27.514245 53.887809
BRUSH(1,0)
REGION 1
7
27.514854 53.887131
27.514865 53.887138
27.515679 53.887469
27.516211 53.887011
27.51424 53.886271
27.513769 53.8867
27.514854 53.887131
BRUSH(1,0)
REGION 1
6
27.512215 53.886903
27.512929 53.88721
27.513389 53.886771
27.51154 53.886072
27.511148 53.88641
27.512215 53.886903
BRUSH(1,0)
REGION 1
14
27.512056 53.88769
27.512055 53.887686
27.512661 53.887353
27.510981 53.88653
27.510083 53.886838
27.510253 53.887102
27.5105 53.887038
27.511053 53.887191
27.511175 53.887539
27.510743 53.887725
27.510488 53.887747
27.510661 53.888223
27.511098 53.888182
27.512056 53.88769
BRUSH(1,0)
REGION 1
8
27.510784 53.887633
27.510795 53.887633
27.511064 53.887506
27.511005 53.88727
27.510608 53.887164
27.510334 53.887208
27.510461 53.887657
27.510784 53.887633
BRUSH(1,0)
REGION 1
10
27.51588 53.886284
27.516464 53.886486
27.516793 53.886239
27.516432 53.886083
27.515804 53.885967
27.515031 53.885642
27.514944 53.885629
27.514605 53.885923
27.515437 53.886256
27.51588 53.886284
BRUSH(1,0)
REGION 1
7
27.510337 53.886012
27.510348 53.886018
27.510972 53.886321
27.511349 53.885989
27.509534 53.885323
27.509368 53.885497
27.510337 53.886012
BRUSH(1,0)
REGION 1
7
27.513341 53.885459
27.513364 53.885474
27.514315 53.885821
27.514628 53.88555
27.512798 53.884872
27.512504 53.885139
27.513341 53.885459
BRUSH(1,0)
REGION 1
7
27.513679 53.885113
27.513702 53.885122
27.51473 53.885473
27.515257 53.885016
27.513431 53.884321
27.512881 53.884806
27.513679 53.885113
BRUSH(1,0)
REGION 1
7
27.51157 53.884288
27.511635 53.884315
27.512758 53.884737
27.513282 53.884252
27.510734 53.883292
27.510195 53.883766
27.51157 53.884288
BRUSH(1,0)
REGION 1
7
27.509725 53.883577
27.509706 53.883577
27.509965 53.883668
27.51052 53.883185
27.510245 53.883076
27.509408 53.883457
27.509725 53.883577
BRUSH(1,0)
REGION 1
8
27.516367 53.882016
27.516369 53.882012
27.516775 53.882165
27.516929 53.882014
27.516912 53.881866
27.516079 53.881525
27.515771 53.881788
27.516367 53.882016
BRUSH(1,0)
REGION 1
9
27.50997 53.882699
27.509993 53.882708
27.510623 53.88293
27.511152 53.882534
27.509891 53.882075
27.509627 53.882244
27.509514 53.882391
27.509527 53.882521
27.50997 53.882699
BRUSH(1,0)
REGION 1
8
27.510879 53.882284
27.510879 53.882286
27.511238 53.882415
27.512199 53.881529
27.511557 53.881244
27.510661 53.882136
27.510577 53.882168
27.510879 53.882284
BRUSH(1,0)
REGION 1
6
27.510237 53.882062
27.510405 53.882113
27.510869 53.881717
27.510575 53.881617
27.510089 53.882006
27.510237 53.882062
BRUSH(1,0)
REGION 1
9
27.504492 53.883106
27.504496 53.883106
27.504495 53.883056
27.503899 53.882764
27.503515 53.882809
27.504123 53.884924
27.504426 53.88484
27.5048 53.884211
27.504492 53.883106
BRUSH(1,0)
REGION 1
6
27.503881 53.885049
27.503513 53.883728
27.503318 53.882929
27.502432 53.882996
27.50308 53.88527
27.503881 53.885049
BRUSH(1,0)
REGION 1
7
27.502265 53.88341
27.502269 53.883415
27.50198 53.882366
27.501156 53.882439
27.501937 53.885496
27.502815 53.8854
27.502265 53.88341
BRUSH(1,0)
REGION 1
24
27.4829 53.884355
27.482892 53.884357
27.482952 53.884206
27.480708 53.883595
27.478343 53.882998
27.477943 53.882952
27.477591 53.883464
27.47738 53.883735
27.477299 53.883951
27.477282 53.88414
27.477422 53.884436
27.477629 53.884624
27.478028 53.884921
27.478257 53.885015
27.478573 53.885054
27.478805 53.88504
27.478949 53.884936
27.479223 53.884988
27.479863 53.885062
27.48027 53.885067
27.480681 53.885068
27.481462 53.885112
27.482491 53.885278
27.4829 53.884355
BRUSH(1,0)
REGION 1
9
27.480298 53.880968
27.480298 53.88098
27.481129 53.881154
27.481417 53.880582
27.480224 53.880418
27.480067 53.880749
27.479702 53.880744
27.479669 53.880814
27.480298 53.880968
BRUSH(1,0)
REGION 1
6
27.480493 53.878034
27.480505 53.878045
27.480635 53.877707
27.479186 53.877414
27.479088 53.877844
27.480493 53.878034
BRUSH(1,0)
REGION 1
8
27.494543 53.879864
27.493362 53.880794
27.49329 53.880825
27.494001 53.881184
27.496331 53.879443
27.496463 53.879382
27.495721 53.878985
27.494543 53.879864
BRUSH(1,0)
REGION 1
9
27.495838 53.878892
27.496622 53.87928
27.498706 53.877791
27.498732 53.87771
27.498512 53.877388
27.498343 53.877258
27.498248 53.877245
27.498111 53.87727
27.495838 53.878892
BRUSH(1,0)
REGION 1
5
27.496897 53.87938
27.497555 53.879701
27.499205 53.878533
27.498842 53.878022
27.496897 53.87938
BRUSH(1,0)
REGION 1
6
27.496749 53.879479
27.49516 53.880635
27.494295 53.881266
27.49501 53.881594
27.49743 53.879807
27.496749 53.879479
BRUSH(1,0)
REGION 1
6
27.49829 53.881292
27.498362 53.881278
27.499347 53.881179
27.498988 53.879958
27.497036 53.881421
27.49829 53.881292
BRUSH(1,0)
REGION 1
7
27.499385 53.880513
27.49959 53.881156
27.500392 53.881069
27.499986 53.879758
27.49929 53.878702
27.498901 53.878984
27.499385 53.880513
BRUSH(1,0)
REGION 1
16
27.502835 53.880451
27.50284 53.880485
27.502969 53.88084
27.504638 53.880688
27.504713 53.88065
27.504739 53.880569
27.504708 53.880488
27.504389 53.880165
27.503963 53.879817
27.503644 53.87955
27.50347 53.879306
27.503145 53.878384
27.5027 53.878419
27.502765 53.87881
27.502431 53.878931
27.502835 53.880451
BRUSH(1,0)
REGION 1
8
27.501583 53.880014
27.502453 53.879936
27.502102 53.878743
27.501783 53.878727
27.501698 53.878603
27.501655 53.87848
27.501168 53.878518
27.501583 53.880014
BRUSH(1,0)
REGION 1
15
27.505396 53.877935
27.507225 53.878552
27.508678 53.877793
27.509397 53.878201
27.510757 53.877221
27.510695 53.877183
27.508957 53.876836
27.507119 53.876426
27.506436 53.876233
27.506176 53.87609
27.505026 53.875318
27.50361 53.87446
27.501242 53.876101
27.504243 53.877511
27.505396 53.877935
BRUSH(1,0)
REGION 1
6
27.507389 53.878603
27.507389 53.878614
27.508321 53.878936
27.509269 53.8783
27.508588 53.877944
27.507389 53.878603
BRUSH(1,0)
REGION 1
5
27.514485 53.87789
27.513584 53.877656
27.512859 53.878291
27.513705 53.878613
27.514485 53.87789
BRUSH(1,0)
REGION 1
6
27.507639 53.880686
27.507598 53.881044
27.507693 53.881075
27.508692 53.880225
27.507741 53.879863
27.507639 53.880686
BRUSH(1,0)
REGION 1
6
27.507839 53.881205
27.507858 53.8812
27.508519 53.881422
27.509578 53.88054
27.508895 53.88028
27.507839 53.881205
BRUSH(1,0)
REGION 1
6
27.513918 53.87868
27.513922 53.87868
27.514748 53.879013
27.515606 53.87818
27.514717 53.877957
27.513918 53.87868
BRUSH(1,0)
REGION 1
7
27.513768 53.878838
27.513757 53.878838
27.512921 53.879646
27.513051 53.879695
27.513941 53.879372
27.514292 53.879047
27.513768 53.878838
BRUSH(1,0)
REGION 1
8
27.512904 53.875019
27.512894 53.875024
27.512807 53.874757
27.512233 53.875108
27.512782 53.875562
27.513149 53.875405
27.512951 53.87515
27.512904 53.875019
BRUSH(1,0)
REGION 1
7
27.477831 53.876932
27.477831 53.876936
27.478016 53.876394
27.477235 53.876359
27.477186 53.87637
27.477257 53.876977
27.477831 53.876932
BRUSH(1,0)
REGION 1
7
27.479601 53.875115
27.479601 53.875112
27.479856 53.875113
27.479867 53.874769
27.479274 53.874794
27.479441 53.875108
27.479601 53.875115
BRUSH(1,0)
REGION 1
16
27.472794 53.873454
27.472794 53.873475
27.472795 53.873556
27.472838 53.873612
27.472929 53.873616
27.473252 53.873599
27.473363 53.873248
27.473384 53.87314
27.473466 53.872872
27.473479 53.872734
27.473206 53.872767
27.47302 53.872835
27.472866 53.872998
27.472803 53.873187
27.472805 53.873349
27.472794 53.873454
BRUSH(1,0)
REGION 1
30
27.468601 53.873697
27.468601 53.873692
27.471644 53.872535
27.471613 53.872517
27.470785 53.872188
27.470437 53.871996
27.470221 53.871754
27.470071 53.871512
27.469782 53.871187
27.469001 53.870655
27.46794 53.869902
27.467817 53.869741
27.467742 53.869021
27.467632 53.868718
27.46742 53.868422
27.467414 53.867399
27.465759 53.868162
27.463772 53.869168
27.462793 53.869786
27.462615 53.869919
27.462461 53.870111
27.462409 53.870244
27.462429 53.870352
27.46256 53.870486
27.464107 53.871604
27.465186 53.8722
27.467967 53.873863
27.468055 53.873881
27.468241 53.873862
27.468601 53.873697
BRUSH(1,0)
REGION 1
12
27.462383 53.875903
27.46241 53.875909
27.462462 53.875759
27.462774 53.875807
27.462834 53.875699
27.463051 53.875718
27.463118 53.875599
27.461673 53.875238
27.461375 53.875531
27.461898 53.875655
27.461815 53.875817
27.462383 53.875903
BRUSH(1,0)
REGION 1
6
27.458494 53.876629
27.45865 53.876185
27.45809 53.876096
27.457805 53.876987
27.458365 53.877061
27.458494 53.876629
BRUSH(1,0)
REGION 1
8
27.492984 53.872881
27.492976 53.872884
27.493503 53.873075
27.493727 53.873031
27.49423 53.872676
27.493108 53.872377
27.49272 53.872779
27.492984 53.872881
BRUSH(1,0)
REGION 1
6
27.492197 53.870344
27.492208 53.870337
27.491773 53.870184
27.491344 53.870593
27.491787 53.870759
27.492197 53.870344
BRUSH(1,0)
REGION 1
5
27.491825 53.870047
27.492314 53.870245
27.492988 53.869596
27.49245 53.869423
27.491825 53.870047
BRUSH(1,0)
REGION 1
22
27.477082 53.865837
27.477094 53.865835
27.475335 53.865705
27.474559 53.865628
27.473885 53.865599
27.473871 53.865664
27.47432 53.865678
27.474284 53.865903
27.473869 53.865905
27.473828 53.866707
27.474273 53.866706
27.474276 53.866674
27.474391 53.86635
27.47453 53.866214
27.475134 53.866086
27.476187 53.86607
27.477748 53.866626
27.478893 53.866628
27.479079 53.866602
27.479131 53.866519
27.479126 53.866002
27.477082 53.865837
BRUSH(1,0)
REGION 1
11
27.474668 53.864793
27.476323 53.864784
27.476344 53.863109
27.475991 53.863094
27.475982 53.863005
27.474198 53.86299
27.474181 53.862834
27.471816 53.862838
27.471873 53.864027
27.473045 53.8648
27.474668 53.864793
BRUSH(1,0)
REGION 1
48
27.469022 53.862995
27.469187 53.863087
27.469553 53.863198
27.469781 53.863215
27.470192 53.863213
27.470329 53.863228
27.470387 53.863309
27.470661 53.863308
27.470889 53.863282
27.470883 53.863066
27.4709 53.862907
27.470897 53.862635
27.470916 53.862583
27.471098 53.862568
27.47111 53.862541
27.471105 53.862487
27.471104 53.862326
27.471203 53.861945
27.471348 53.861675
27.471467 53.861405
27.471543 53.861004
27.471574 53.861008
27.47176 53.860992
27.471763 53.860938
27.471815 53.860749
27.471896 53.860452
27.471999 53.860098
27.472118 53.859828
27.472195 53.85956
27.472245 53.85929
27.472244 53.859182
27.472136 53.858994
27.472071 53.858954
27.471798 53.859031
27.471346 53.85913
27.468503 53.859668
27.46567 53.860421
27.467073 53.861591
27.467643 53.861571
27.46763 53.861348
27.467656 53.861292
27.467793 53.861292
27.46788 53.861305
27.467894 53.861572
27.467928 53.861898
27.467984 53.862195
27.468058 53.862356
27.469022 53.862995
BRUSH(1,0)
REGION 1
10
27.478083 53.856581
27.478083 53.85659
27.478153 53.856777
27.478222 53.85686
27.47831 53.85687
27.478583 53.856822
27.478647 53.856772
27.47837 53.856007
27.477949 53.856141
27.478083 53.856581
BRUSH(1,0)
REGION 1
29
27.469754 53.858851
27.471413 53.858543
27.471052 53.857742
27.470928 53.857528
27.470651 53.85726
27.47017 53.857001
27.469891 53.856899
27.468525 53.856817
27.467978 53.856799
27.467429 53.856733
27.466896 53.856608
27.465046 53.855974
27.464268 53.855804
27.463541 53.855704
27.463039 53.855692
27.46272 53.855694
27.46174 53.855842
27.46166 53.855842
27.461122 53.855974
27.459931 53.856386
27.458169 53.857396
27.458764 53.857628
27.461404 53.858512
27.463127 53.859323
27.464402 53.8599
27.465136 53.85989
27.466593 53.859502
27.467318 53.85934
27.469754 53.858851
BRUSH(1,0)
REGION 1
9
27.502716 53.886862
27.502712 53.886862
27.502218 53.886877
27.502515 53.887966
27.502994 53.887249
27.503034 53.887087
27.50298 53.886979
27.502811 53.886881
27.502716 53.886862
BRUSH(1,0)
REGION 1
40
27.506516 53.889929
27.506535 53.889932
27.507014 53.889907
27.508425 53.889806
27.508112 53.888342
27.510261 53.888211
27.509786 53.886877
27.508099 53.88561
27.507881 53.885496
27.507561 53.885457
27.507287 53.885486
27.506491 53.885817
27.506687 53.885985
27.50666 53.885972
27.506856 53.886108
27.506856 53.886115
27.507347 53.886497
27.507359 53.886504
27.507474 53.886622
27.507474 53.886618
27.507669 53.886756
27.50798 53.886627
27.508218 53.886828
27.508241 53.886837
27.507896 53.886965
27.507766 53.886862
27.507598 53.886827
27.506578 53.886121
27.506567 53.886114
27.506199 53.885837
27.504807 53.885913
27.504207 53.886812
27.503573 53.888423
27.502938 53.889909
27.503454 53.890118
27.503458 53.890121
27.503641 53.890102
27.503648 53.890097
27.505146 53.889992
27.506516 53.889929
BRUSH(1,0)
REGION 1
24
27.513535 53.881935
27.513516 53.881942
27.513168 53.881817
27.513168 53.881792
27.512989 53.881733
27.512595 53.881579
27.512075 53.882015
27.511408 53.88263
27.511404 53.88263
27.510937 53.883084
27.511522 53.883299
27.512174 53.883566
27.512416 53.883651
27.512641 53.883744
27.512657 53.883755
27.512878 53.883844
27.51331 53.883997
27.514467 53.882942
27.514689 53.882737
27.514685 53.882737
27.514828 53.882624
27.514972 53.88249
27.51436 53.88225
27.513535 53.881935
BRUSH(1,0)
REGION 1
12
27.514482 53.881537
27.514463 53.881544
27.513886 53.881304
27.513755 53.881252
27.51376 53.881252
27.513144 53.881001
27.512711 53.881408
27.513609 53.88179
27.515102 53.882366
27.515541 53.881989
27.514543 53.881579
27.514482 53.881537
BRUSH(1,0)
REGION 1
23
27.501272 53.884114
27.500766 53.884102
27.500769 53.884377
27.500533 53.884373
27.500518 53.884106
27.500461 53.884111
27.499061 53.88413
27.498902 53.884147
27.498849 53.884207
27.498557 53.88433
27.498568 53.884661
27.498603 53.884667
27.498782 53.884671
27.499377 53.88479
27.499564 53.884859
27.499755 53.88499
27.500005 53.885257
27.500068 53.885418
27.500138 53.885947
27.500199 53.88596
27.500693 53.885917
27.50167 53.885785
27.501272 53.884114
BRUSH(1,0)
REGION 1
78
27.499603 53.881299
27.499603 53.881311
27.499635 53.881472
27.499766 53.881604
27.499714 53.88174
27.499768 53.881847
27.499776 53.881903
27.499705 53.881951
27.499568 53.881979
27.499504 53.882028
27.499513 53.882161
27.499457 53.882271
27.49934 53.882337
27.498926 53.882444
27.498379 53.882532
27.4982 53.88254
27.498177 53.882533
27.497705 53.882524
27.497028 53.882552
27.497042 53.882432
27.496905 53.882435
27.496854 53.882235
27.496652 53.882225
27.496632 53.882144
27.495848 53.882121
27.495734 53.882132
27.493065 53.880858
27.493149 53.880795
27.493011 53.880725
27.493022 53.880725
27.49357 53.880307
27.493321 53.880144
27.493513 53.88002
27.492682 53.879436
27.492192 53.879169
27.491984 53.879271
27.489913 53.880264
27.490089 53.880394
27.489219 53.880823
27.489196 53.880825
27.488283 53.88124
27.487871 53.881485
27.488228 53.881776
27.489759 53.882677
27.489554 53.882782
27.491709 53.884346
27.491961 53.884498
27.492469 53.884629
27.493295 53.884661
27.494292 53.884672
27.496384 53.884641
27.496464 53.884647
27.496563 53.884654
27.496536 53.884213
27.496452 53.884198
27.496457 53.883989
27.496587 53.883972
27.496587 53.884022
27.496785 53.884005
27.496808 53.884048
27.49831 53.884001
27.498714 53.883999
27.498697 53.883866
27.498636 53.883853
27.498647 53.883761
27.499248 53.883758
27.499255 53.883709
27.499445 53.883708
27.499438 53.883766
27.499735 53.883763
27.499706 53.883188
27.499958 53.882926
27.50097 53.882908
27.500911 53.882742
27.500911 53.882735
27.50084 53.882465
27.500435 53.881219
27.499603 53.881299
BRUSH(1,0)
REGION 1
88
27.490483 53.886957
27.490498 53.886944
27.491297 53.886511
27.49091 53.886225
27.491197 53.886095
27.49168 53.886017
27.491699 53.886021
27.492136 53.886348
27.49214 53.886352
27.491678 53.88655
27.49089 53.886913
27.490883 53.886924
27.490738 53.886979
27.491517 53.887184
27.492115 53.887245
27.492572 53.887263
27.49275 53.88722
27.494142 53.886782
27.494088 53.88673
27.4941 53.886724
27.494373 53.886646
27.494604 53.886566
27.494794 53.886566
27.494871 53.886588
27.49602 53.886223
27.496027 53.886147
27.496072 53.886113
27.496989 53.886102
27.497719 53.886027
27.497702 53.885843
27.497759 53.885829
27.498181 53.885827
27.498181 53.88582
27.499679 53.885757
27.499679 53.885744
27.499604 53.885421
27.499422 53.885125
27.499242 53.884988
27.499188 53.884979
27.499104 53.884946
27.498647 53.884878
27.497368 53.88487
27.497345 53.884862
27.49649 53.884894
27.494975 53.884908
27.494785 53.884909
27.494663 53.884893
27.491984 53.884907
27.491977 53.884898
27.491606 53.884698
27.491598 53.884698
27.491314 53.884474
27.491318 53.884467
27.490168 53.883636
27.4876 53.881835
27.487581 53.881826
27.486169 53.882479
27.486127 53.882479
27.485517 53.882776
27.485705 53.88294
27.485705 53.882944
27.485365 53.883112
27.485281 53.88307
27.48491 53.883271
27.484902 53.883283
27.484501 53.883462
27.484512 53.883473
27.484376 53.883568
27.484083 53.883949
27.483885 53.884254
27.483687 53.884709
27.483443 53.885357
27.485802 53.885721
27.48582 53.885662
27.485885 53.885684
27.486636 53.885784
27.48664 53.8858
27.487177 53.885895
27.487207 53.88584
27.487211 53.885847
27.487748 53.88591
27.487748 53.885915
27.487719 53.886029
27.487719 53.886034
27.487727 53.88607
27.487483 53.886024
27.487431 53.886143
27.490483 53.886957
BRUSH(1,0)
REGION 1
7
27.508367 53.881809
27.508711 53.881614
27.507645 53.881237
27.507645 53.881241
27.507443 53.881501
27.508332 53.881803
27.508367 53.881809
BRUSH(1,0)
REGION 1
29
27.47975 53.883244
27.481447 53.883655
27.482985 53.884073
27.483703 53.883227
27.484491 53.882493
27.484276 53.882276
27.484084 53.882189
27.483059 53.881982
27.482837 53.881826
27.482674 53.881527
27.482609 53.881476
27.482517 53.881458
27.482513 53.881458
27.481835 53.881331
27.481309 53.881238
27.481168 53.881232
27.47962 53.880922
27.479163 53.881573
27.479204 53.881585
27.479069 53.881761
27.47902 53.881767
27.478653 53.882324
27.47863 53.882306
27.478521 53.88248
27.478532 53.882493
27.478304 53.882899
27.479605 53.883226
27.479746 53.883251
27.47975 53.883244
BRUSH(1,0)
REGION 1
11
27.496005 53.881052
27.495156 53.881721
27.495836 53.882037
27.495912 53.882008
27.496909 53.881264
27.49701 53.881178
27.498918 53.879809
27.498671 53.879147
27.496375 53.880792
27.496016 53.881052
27.496005 53.881052
BRUSH(1,0)
REGION 1
9
27.502715 53.880953
27.503797 53.881405
27.503873 53.881391
27.503895 53.881359
27.504443 53.881357
27.504472 53.880846
27.503446 53.880975
27.503266 53.880906
27.502715 53.880953
BRUSH(1,0)
REGION 1
10
27.505984 53.881687
27.505065 53.880774
27.504723 53.880805
27.504603 53.881401
27.504724 53.881686
27.50472 53.881682
27.504637 53.881736
27.505138 53.881999
27.50598 53.881687
27.505984 53.881687
BRUSH(1,0)
REGION 1
9
27.505757 53.882165
27.506063 53.882375
27.506113 53.882429
27.506136 53.882462
27.506694 53.882289
27.506118 53.881781
27.505375 53.882025
27.505737 53.882158
27.505757 53.882165
BRUSH(1,0)
REGION 1
14
27.507475 53.879554
27.507605 53.879607
27.508114 53.879149
27.507193 53.878791
27.506544 53.878569
27.506559 53.878569
27.506307 53.878493
27.506014 53.878809
27.506004 53.87889
27.506016 53.878971
27.506027 53.878996
27.507143 53.879396
27.507082 53.879452
27.507475 53.879554
BRUSH(1,0)
REGION 1
14
27.508778 53.880065
27.508778 53.880058
27.509168 53.880225
27.509168 53.880223
27.509707 53.88043
27.509695 53.880448
27.509909 53.880496
27.510214 53.880232
27.510214 53.880234
27.510486 53.880008
27.509149 53.879531
27.508301 53.879217
27.507758 53.879676
27.508778 53.880065
BRUSH(1,0)
REGION 1
6
27.511772 53.881117
27.511734 53.881124
27.512388 53.881389
27.51293 53.880883
27.512598 53.880759
27.511772 53.881117
BRUSH(1,0)
REGION 1
18
27.513689 53.880401
27.513331 53.88078
27.513875 53.880978
27.514248 53.880634
27.514251 53.880632
27.514641 53.880781
27.515214 53.881003
27.515618 53.880734
27.516511 53.880006
27.515878 53.879721
27.515353 53.880153
27.515197 53.880097
27.514692 53.879861
27.514612 53.879857
27.51404 53.880078
27.51384 53.880243
27.513701 53.880394
27.513689 53.880401
BRUSH(1,0)
REGION 1
7
27.506918 53.872191
27.506907 53.872177
27.507839 53.871512
27.508817 53.870813
27.50848 53.870635
27.506551 53.871999
27.506918 53.872191
BRUSH(1,0)
REGION 1
21
27.502373 53.866401
27.503678 53.866782
27.503688 53.866701
27.503864 53.866433
27.505077 53.86533
27.505642 53.864757
27.505638 53.864746
27.504294 53.864264
27.504179 53.864235
27.504157 53.864246
27.504002 53.864305
27.503979 53.864321
27.503761 53.864556
27.503837 53.86458
27.503792 53.864641
27.503876 53.864675
27.503948 53.864627
27.504047 53.86464
27.504013 53.864676
27.504005 53.864683
27.502373 53.866401
BRUSH(1,0)
REGION 1
10
27.490208 53.872257
27.490258 53.872261
27.490722 53.872304
27.491134 53.871992
27.490748 53.871884
27.490674 53.872019
27.490496 53.872107
27.490041 53.872235
27.490041 53.87224
27.490208 53.872257
BRUSH(1,0)
REGION 1
16
27.511057 53.879742
27.511065 53.879754
27.510949 53.879873
27.511525 53.880084
27.511819 53.880121
27.512137 53.879992
27.51352 53.878738
27.512679 53.878418
27.512204 53.87878
27.512204 53.878782
27.511861 53.879073
27.511861 53.879076
27.511759 53.879155
27.511755 53.879157
27.511205 53.879616
27.511057 53.879742
BRUSH(1,0)
REGION 1
17
27.511238 53.879296
27.511224 53.879299
27.512408 53.878313
27.512397 53.878313
27.51248 53.87825
27.512725 53.878055
27.513195 53.877604
27.51156 53.877267
27.511446 53.877261
27.511159 53.877451
27.510906 53.877349
27.510687 53.877507
27.510257 53.877815
27.509079 53.87867
27.508611 53.879029
27.510658 53.879787
27.511238 53.879296
BRUSH(1,0)
REGION 1
141
27.512058 53.87507
27.512065 53.875059
27.512761 53.874631
27.512771 53.874525
27.512491 53.873041
27.512357 53.872868
27.512342 53.872868
27.51047 53.871752
27.510436 53.871744
27.508721 53.8729
27.50866 53.872921
27.507218 53.872491
27.506767 53.872268
27.50679 53.872261
27.506304 53.871982
27.505856 53.871759
27.505668 53.871596
27.505687 53.871558
27.506325 53.871861
27.508212 53.870467
27.507849 53.870271
27.507614 53.870369
27.507194 53.870204
27.506922 53.870361
27.506815 53.870325
27.506819 53.870325
27.506026 53.869866
27.506454 53.869688
27.506931 53.869792
27.506992 53.869792
27.507003 53.869785
27.507254 53.869732
27.507408 53.869913
27.507734 53.869856
27.507967 53.869927
27.507994 53.870012
27.508182 53.870085
27.508122 53.870182
27.508914 53.870597
27.509871 53.871179
27.511845 53.872295
27.514558 53.87065
27.515054 53.870327
27.512101 53.86882
27.512097 53.86882
27.512018 53.868865
27.512003 53.868859
27.511234 53.868475
27.511242 53.868482
27.511042 53.868375
27.511026 53.868348
27.510786 53.868194
27.510333 53.867872
27.51013 53.867709
27.509673 53.867282
27.509124 53.866796
27.508699 53.866508
27.508415 53.866294
27.508234 53.866052
27.507777 53.865647
27.507158 53.865337
27.506634 53.865128
27.505745 53.864806
27.505726 53.864801
27.504046 53.86641
27.503783 53.866692
27.503804 53.866827
27.503531 53.866927
27.503165 53.867218
27.502188 53.866915
27.502169 53.866924
27.501413 53.866664
27.501417 53.866646
27.500398 53.866288
27.499272 53.867024
27.499408 53.867723
27.499554 53.867852
27.499719 53.86798
27.500401 53.868458
27.500246 53.868852
27.500446 53.869114
27.500572 53.869154
27.502166 53.869896
27.501898 53.870475
27.50405 53.871806
27.503662 53.872176
27.504244 53.872508
27.504236 53.87252
27.503917 53.872548
27.503811 53.872623
27.503815 53.872623
27.503463 53.872836
27.503444 53.872824
27.50315 53.873021
27.503674 53.873365
27.503398 53.873524
27.503306 53.873475
27.503106 53.873595
27.503562 53.873892
27.503574 53.873905
27.503903 53.874122
27.503967 53.874101
27.504178 53.874215
27.504137 53.874269
27.504382 53.874432
27.504454 53.874394
27.505044 53.874789
27.505093 53.874823
27.505044 53.874859
27.505297 53.875026
27.506017 53.875468
27.507069 53.876068
27.507636 53.875668
27.506306 53.874754
27.505928 53.874956
27.505652 53.874809
27.50597 53.874594
27.50544 53.874169
27.50555 53.874108
27.506113 53.874467
27.507653 53.875531
27.507918 53.875352
27.507799 53.87529
27.50814 53.875122
27.50863 53.875401
27.507567 53.876035
27.507451 53.876143
27.507508 53.876197
27.509357 53.876526
27.511393 53.876937
27.513124 53.877334
27.513398 53.877365
27.513585 53.877332
27.513856 53.877212
27.51441 53.876643
27.51447 53.876505
27.514431 53.876454
27.513404 53.875734
27.51323 53.875506
27.512743 53.875607
27.512058 53.87507
BRUSH(1,0)
REGION 1
8
27.50315 53.874163
27.503066 53.874123
27.500918 53.875677
27.501384 53.875896
27.503545 53.874405
27.503342 53.87428
27.503143 53.874164
27.50315 53.874163
BRUSH(1,0)
REGION 1
15
27.499679 53.876533
27.499207 53.876901
27.500175 53.878502
27.503067 53.878253
27.503163 53.878264
27.504001 53.877638
27.500942 53.876215
27.501324 53.875943
27.501133 53.875863
27.50114 53.875859
27.500995 53.875783
27.500984 53.875785
27.500857 53.875716
27.499834 53.876417
27.499679 53.876533
BRUSH(1,0)
REGION 1
37
27.480027 53.875086
27.480038 53.875092
27.480168 53.875148
27.480351 53.875154
27.480487 53.875129
27.480529 53.875077
27.480505 53.875021
27.480348 53.874934
27.480375 53.87488
27.480557 53.874847
27.480831 53.874846
27.480968 53.874843
27.48102 53.874789
27.481038 53.874681
27.480935 53.874603
27.480816 53.8745
27.480754 53.874366
27.48075 53.873959
27.480766 53.873745
27.480812 53.873715
27.481044 53.873726
27.481127 53.873696
27.481125 53.873478
27.481079 53.873454
27.480851 53.873466
27.480756 53.873435
27.480702 53.873354
27.48072 53.872841
27.480638 53.872653
27.480576 53.872543
27.480574 53.872354
27.480691 53.872293
27.48072 53.872129
27.48073 53.872018
27.480262 53.872011
27.480274 53.872018
27.480027 53.875086
BRUSH(1,0)
REGION 1
29
27.477157 53.874985
27.477169 53.874967
27.477193 53.874781
27.477276 53.874704
27.477413 53.87469
27.477504 53.874685
27.47764 53.874579
27.477896 53.874308
27.477936 53.874146
27.477939 53.87366
27.477848 53.873636
27.477574 53.873628
27.477539 53.873574
27.477518 53.873412
27.477606 53.873392
27.47802 53.873372
27.478157 53.873365
27.478198 53.873284
27.478208 53.873176
27.478193 53.873146
27.477965 53.873147
27.477231 53.873162
27.477097 53.873142
27.477017 53.873061
27.476974 53.872951
27.476981 53.872931
27.476601 53.872922
27.476465 53.874981
27.477157 53.874985
BRUSH(1,0)
REGION 1
13
27.476163 53.874101
27.476178 53.874097
27.476206 53.873802
27.476191 53.873796
27.47623 53.873492
27.475457 53.873475
27.47549 53.872958
27.474646 53.873024
27.474598 53.87351
27.474478 53.875278
27.475984 53.875247
27.476147 53.874374
27.476163 53.874101
BRUSH(1,0)
REGION 1
10
27.457066 53.876405
27.457011 53.876662
27.457536 53.876709
27.458086 53.875264
27.458178 53.874951
27.457519 53.874893
27.457188 53.876036
27.457157 53.87603
27.457073 53.876405
27.457066 53.876405
BRUSH(1,0)
REGION 1
23
27.458567 53.874295
27.458937 53.874341
27.458919 53.8745
27.458924 53.874581
27.459046 53.874646
27.459458 53.874739
27.460056 53.874788
27.460189 53.874788
27.460264 53.874682
27.460355 53.874681
27.460496 53.874705
27.460633 53.874685
27.460685 53.874603
27.460725 53.87436
27.460671 53.874309
27.460308 53.874169
27.459939 53.874137
27.459391 53.874089
27.458934 53.873988
27.458705 53.873932
27.458641 53.87407
27.458571 53.874286
27.458567 53.874295
BRUSH(1,0)
REGION 1
34
27.472903 53.868197
27.472888 53.868202
27.4727 53.86803
27.47116 53.86659
27.470846 53.86632
27.470754 53.866286
27.470617 53.866278
27.470587 53.866303
27.468317 53.867139
27.468094 53.867325
27.467579 53.867498
27.467538 53.867617
27.467555 53.867777
27.467557 53.868019
27.46756 53.868316
27.467656 53.868451
27.467734 53.868588
27.467754 53.868747
27.467832 53.868884
27.467887 53.86907
27.467889 53.869286
27.467919 53.869639
27.467988 53.869771
27.468425 53.87012
27.46993 53.871155
27.470015 53.871242
27.470524 53.871964
27.471777 53.872496
27.472402 53.872289
27.473796 53.872016
27.476209 53.871743
27.476415 53.871429
27.474422 53.869551
27.472903 53.868197
BRUSH(1,0)
REGION 1
126
27.485087 53.871431
27.485086 53.871337
27.485353 53.871336
27.485362 53.871446
27.48543 53.871499
27.485424 53.871621
27.48541 53.871706
27.485703 53.871701
27.487194 53.871694
27.487466 53.871538
27.487477 53.871475
27.487333 53.87001
27.487207 53.869997
27.487186 53.869842
27.487045 53.869435
27.486849 53.869166
27.486553 53.868896
27.486043 53.868889
27.486036 53.868889
27.484811 53.868867
27.484806 53.868741
27.485019 53.868738
27.485026 53.868738
27.485021 53.868212
27.485066 53.868194
27.485055 53.868187
27.485096 53.868063
27.485476 53.868064
27.48543 53.86763
27.484954 53.867623
27.48493 53.86747
27.484846 53.867464
27.48494 53.867367
27.48495 53.867198
27.485056 53.867191
27.48515 53.867071
27.485162 53.867071
27.485043 53.86704
27.485171 53.866885
27.485064 53.866786
27.485177 53.866676
27.485165 53.866651
27.484877 53.866355
27.484623 53.866087
27.484301 53.865845
27.48421 53.865812
27.484073 53.865819
27.48353 53.865974
27.483162 53.866052
27.482479 53.866159
27.482068 53.866176
27.480713 53.866108
27.479362 53.866001
27.479309 53.866017
27.479289 53.866725
27.477658 53.86671
27.477612 53.866698
27.476741 53.86634
27.476375 53.866207
27.476188 53.866165
27.475914 53.866202
27.475413 53.866209
27.475275 53.866164
27.47491 53.866204
27.474732 53.866238
27.474581 53.86634
27.474449 53.866473
27.474428 53.866689
27.474395 53.86677
27.474304 53.866802
27.473981 53.866804
27.473893 53.866813
27.473895 53.866948
27.474022 53.867138
27.474171 53.867237
27.474308 53.867252
27.474445 53.867224
27.474487 53.867242
27.474552 53.867289
27.474416 53.867395
27.474321 53.867371
27.474007 53.867206
27.473816 53.867045
27.473723 53.866886
27.47371 53.865597
27.473623 53.865593
27.472707 53.865653
27.47216 53.865745
27.471754 53.865842
27.473742 53.867688
27.473769 53.86776
27.474625 53.867745
27.474716 53.867756
27.474789 53.867834
27.474755 53.868172
27.474409 53.868176
27.47401 53.867822
27.473854 53.867847
27.475415 53.869183
27.475474 53.869327
27.476501 53.869329
27.476543 53.869392
27.476504 53.869718
27.476101 53.869724
27.475752 53.869413
27.475672 53.869389
27.475596 53.869405
27.47717 53.870846
27.479585 53.870865
27.479643 53.870885
27.479639 53.870948
27.478186 53.870927
27.478122 53.870946
27.477908 53.871255
27.477756 53.871253
27.477346 53.870938
27.477277 53.870949
27.477933 53.871515
27.478182 53.871665
27.478319 53.871691
27.481389 53.87169
27.48506 53.871705
27.485067 53.871618
27.48434 53.871607
27.484327 53.871439
27.485087 53.871431
BRUSH(1,0)
REGION 1
29
27.488007 53.870886
27.488227 53.870768
27.488496 53.87069
27.488607 53.870766
27.488672 53.870847
27.488654 53.870953
27.488485 53.871172
27.488266 53.87133
27.488372 53.871633
27.488994 53.871388
27.489081 53.871376
27.489433 53.87161
27.489411 53.871662
27.489245 53.871762
27.488699 53.871971
27.489118 53.871994
27.489458 53.871806
27.489549 53.871797
27.489626 53.871841
27.489721 53.871827
27.490061 53.872015
27.490111 53.872015
27.490512 53.871813
27.489811 53.871393
27.489171 53.870912
27.488631 53.870541
27.488322 53.870385
27.48792 53.870524
27.488007 53.870886
BRUSH(1,0)
REGION 1
23
27.488709 53.869959
27.488886 53.869801
27.488344 53.86958
27.487853 53.869976
27.488656 53.870366
27.489552 53.870956
27.490518 53.871637
27.490701 53.871681
27.490838 53.871688
27.490974 53.871649
27.491144 53.871486
27.491226 53.871387
27.491223 53.871385
27.491139 53.871347
27.490769 53.871256
27.490643 53.871205
27.490694 53.87107
27.490652 53.871014
27.490323 53.870806
27.490024 53.870634
27.490035 53.870553
27.489767 53.870411
27.488709 53.869959
BRUSH(1,0)
REGION 1
17
27.513615 53.873038
27.513611 53.873029
27.513622 53.873029
27.514117 53.872746
27.515391 53.872061
27.515575 53.872121
27.516471 53.871586
27.516838 53.871371
27.516707 53.871286
27.515973 53.870871
27.515605 53.870655
27.515313 53.870481
27.512121 53.87246
27.512944 53.872931
27.51329 53.872965
27.513539 53.873079
27.513615 53.873038
BRUSH(1,0)
REGION 1
13
27.495835 53.869344
27.496561 53.867892
27.496897 53.867291
27.496318 53.867197
27.496282 53.867379
27.496147 53.867915
27.495571 53.868502
27.495511 53.868536
27.495168 53.869618
27.495596 53.869803
27.495655 53.86963
27.495666 53.869623
27.495835 53.869344
BRUSH(1,0)
REGION 1
20
27.494216 53.869184
27.494217 53.869191
27.494935 53.869503
27.49513 53.868904
27.495214 53.868584
27.495681 53.868045
27.495692 53.868036
27.495131 53.867822
27.495096 53.867831
27.494871 53.868129
27.494616 53.868427
27.494514 53.868499
27.494426 53.868506
27.494152 53.868461
27.494103 53.868476
27.493967 53.868614
27.493945 53.868668
27.494499 53.868886
27.49453 53.86894
27.494216 53.869184
BRUSH(1,0)
REGION 1
12
27.495797 53.867923
27.495857 53.867866
27.496086 53.867168
27.49528 53.866864
27.495111 53.867033
27.495452 53.867232
27.495471 53.867283
27.495359 53.8675
27.495183 53.867692
27.495255 53.867732
27.495786 53.867923
27.495797 53.867923
BRUSH(1,0)
REGION 1
16
27.497212 53.865738
27.497232 53.86579
27.497172 53.865871
27.496719 53.866226
27.496387 53.866434
27.49636 53.866461
27.49633 53.866484
27.496229 53.866621
27.496652 53.866739
27.49707 53.866278
27.497386 53.866335
27.497736 53.865601
27.496945 53.865301
27.496681 53.865518
27.497201 53.865738
27.497212 53.865738
BRUSH(1,0)
REGION 1
23
27.494296 53.865791
27.494036 53.866051
27.494532 53.866242
27.494439 53.866368
27.495011 53.866561
27.495282 53.866261
27.495053 53.866184
27.495051 53.866049
27.495039 53.865916
27.495086 53.865752
27.495243 53.865454
27.495422 53.865076
27.49544 53.865033
27.494849 53.864851
27.494857 53.86486
27.494439 53.865264
27.494367 53.865346
27.494585 53.865457
27.494662 53.865538
27.494621 53.865592
27.494368 53.865735
27.494307 53.865787
27.494296 53.865791
BRUSH(1,0)
REGION 1
14
27.497652 53.863364
27.497354 53.863244
27.495685 53.864416
27.496199 53.864814
27.496667 53.864524
27.497302 53.864092
27.497585 53.863909
27.497709 53.863771
27.497686 53.863717
27.497529 53.863585
27.497547 53.863531
27.497641 53.863452
27.497641 53.863371
27.497652 53.863364
BRUSH(1,0)
REGION 1
20
27.491568 53.864539
27.491896 53.864693
27.492662 53.865214
27.492845 53.865256
27.492982 53.86525
27.493168 53.865173
27.494147 53.86462
27.494166 53.864623
27.492852 53.86408
27.49265 53.864033
27.492642 53.864024
27.490852 53.86267
27.490871 53.862676
27.490642 53.862531
27.489598 53.863059
27.490452 53.863701
27.490218 53.863819
27.49126 53.864626
27.491378 53.864635
27.491568 53.864539
BRUSH(1,0)
REGION 1
62
27.478188 53.861856
27.477975 53.861852
27.477944 53.861454
27.4774 53.861441
27.476941 53.861564
27.47661 53.861552
27.476602 53.861464
27.476677 53.86136
27.478008 53.861341
27.478128 53.861197
27.478934 53.861169
27.477975 53.860314
27.475698 53.858428
27.474331 53.85865
27.473476 53.858734
27.472842 53.858879
27.472528 53.858997
27.472423 53.859213
27.472316 53.85951
27.472266 53.85978
27.472158 53.86005
27.471988 53.860564
27.47187 53.860915
27.471845 53.861131
27.471846 53.861239
27.471664 53.861244
27.471611 53.861352
27.471481 53.861598
27.471321 53.861949
27.471259 53.862273
27.471223 53.862462
27.471243 53.862568
27.471289 53.862581
27.471313 53.862714
27.471317 53.862756
27.473614 53.862749
27.474592 53.862786
27.47462 53.862923
27.474715 53.862915
27.476434 53.862955
27.476433 53.864779
27.477654 53.864796
27.477667 53.864924
27.478595 53.86492
27.478615 53.865067
27.479547 53.865101
27.479598 53.865215
27.48115 53.865263
27.481133 53.865094
27.482491 53.865095
27.482539 53.864926
27.48336 53.864925
27.481945 53.863724
27.479985 53.862118
27.479783 53.862442
27.478529 53.862481
27.47855 53.862369
27.478516 53.861987
27.478501 53.861987
27.478197 53.861984
27.478196 53.861855
27.478188 53.861856
BRUSH(1,0)
REGION 1
15
27.470231 53.86411
27.470041 53.864106
27.470048 53.863713
27.469208 53.86373
27.471218 53.865457
27.472223 53.86519
27.472926 53.865115
27.472912 53.864832
27.471752 53.864052
27.471706 53.86369
27.471566 53.863679
27.470269 53.863703
27.470266 53.86375
27.47022 53.864105
27.470231 53.86411
BRUSH(1,0)
REGION 1
45
27.51242 53.866622
27.51242 53.86662
27.512732 53.866328
27.5129 53.866373
27.514574 53.86467
27.513318 53.863839
27.513332 53.86383
27.513997 53.863658
27.512683 53.862079
27.512682 53.862088
27.512261 53.861672
27.512261 53.861667
27.51183 53.861204
27.511732 53.861083
27.511406 53.86074
27.511232 53.860788
27.511217 53.860789
27.510996 53.860733
27.510901 53.860738
27.509734 53.860923
27.50788 53.861752
27.50639 53.862552
27.505919 53.862964
27.506019 53.862986
27.506992 53.86333
27.507004 53.863346
27.506145 53.864168
27.506576 53.864303
27.506588 53.86431
27.50666 53.864348
27.506333 53.864698
27.507586 53.865196
27.508477 53.865691
27.508991 53.866066
27.509333 53.866361
27.510058 53.86663
27.510601 53.866138
27.510616 53.866133
27.511021 53.866291
27.511021 53.866289
27.511079 53.866392
27.511186 53.866468
27.512404 53.866903
27.512592 53.866707
27.51242 53.866622
BRUSH(1,0)
REGION 1
16
27.514225 53.857564
27.516394 53.856795
27.515364 53.855669
27.514106 53.85609
27.513449 53.855933
27.511711 53.856519
27.511673 53.856528
27.511484 53.856588
27.511271 53.856663
27.511298 53.856683
27.511689 53.857034
27.511955 53.8573
27.512471 53.857838
27.51264 53.858055
27.513864 53.857674
27.514225 53.857564
BRUSH(1,0)
REGION 1
7
27.49509 53.869839
27.494712 53.870371
27.495285 53.870616
27.495349 53.870575
27.495748 53.870122
27.495109 53.869826
27.49509 53.869839
BRUSH(1,0)
REGION 1
12
27.495767 53.864982
27.495426 53.86546
27.495332 53.865609
27.495295 53.865722
27.495259 53.86587
27.495317 53.865982
27.495338 53.866142
27.495799 53.866207
27.496103 53.865878
27.495893 53.865798
27.496461 53.865173
27.495767 53.864982
BRUSH(1,0)
REGION 1
41
27.479928 53.874706
27.480054 53.87288
27.479776 53.872874
27.479751 53.872976
27.479147 53.873039
27.479192 53.873358
27.479348 53.873427
27.479413 53.873458
27.47944 53.873481
27.47943 53.873582
27.479415 53.873636
27.479404 53.873699
27.479351 53.873722
27.47926 53.873738
27.479234 53.873785
27.479235 53.873931
27.47921 53.874026
27.479157 53.874118
27.479135 53.874172
27.47904 53.874204
27.478976 53.874213
27.478633 53.874237
27.478607 53.874244
27.478596 53.874291
27.478623 53.87437
27.478651 53.874424
27.478678 53.874478
27.478727 53.874493
27.47878 53.874484
27.478849 53.874477
27.478951 53.874461
27.479058 53.874454
27.479176 53.874453
27.47932 53.874459
27.479386 53.874522
27.479401 53.874538
27.47944 53.874607
27.47944 53.87463
27.479452 53.874661
27.479452 53.874708
27.479928 53.874706
BRUSH(1,0)
REGION 1
24
27.456123 53.874071
27.456129 53.874285
27.45627 53.874327
27.456361 53.874329
27.456417 53.874191
27.456465 53.874058
27.456541 53.87402
27.45677 53.874075
27.456877 53.874151
27.456901 53.874257
27.456902 53.874394
27.456945 53.874445
27.457268 53.874507
27.45731 53.874511
27.45742 53.874405
27.457647 53.874337
27.457708 53.874285
27.457696 53.874229
27.457584 53.874067
27.45757 53.873854
27.457563 53.873849
27.456101 53.87377
27.456103 53.873977
27.456123 53.874071
BRUSH(1,0)
REGION 1
30
27.457466 53.873724
27.457466 53.873728
27.459266 53.873777
27.459263 53.873422
27.459213 53.873373
27.458985 53.87338
27.458929 53.873462
27.458926 53.873567
27.458846 53.873613
27.458622 53.873611
27.458545 53.873569
27.45851 53.873488
27.458532 53.873326
27.458531 53.87327
27.458459 53.873234
27.458226 53.873208
27.457907 53.873205
27.457409 53.87325
27.457314 53.873275
27.457266 53.873412
27.457171 53.873431
27.457038 53.873431
27.456856 53.873506
27.456715 53.87352
27.456487 53.873516
27.456365 53.873465
27.456307 53.873411
27.456097 53.873356
27.4561 53.873669
27.457466 53.873724
BRUSH(1,0)
REGION 1
34
27.430743 53.887906
27.431236 53.887812
27.433871 53.887259
27.435341 53.886943
27.436567 53.886714
27.436689 53.886673
27.437281 53.886556
27.438009 53.886358
27.438324 53.886229
27.438784 53.88591
27.439096 53.885583
27.439536 53.884889
27.440659 53.882723
27.440751 53.882502
27.440739 53.882421
27.440696 53.882365
27.440509 53.882323
27.440422 53.882324
27.438325 53.88205
27.436282 53.881813
27.434262 53.881584
27.43408 53.881605
27.433902 53.88168
27.433736 53.881843
27.43359 53.882057
27.433073 53.88305
27.432032 53.885002
27.431565 53.88575
27.431219 53.886423
27.430727 53.887578
27.430728 53.887632
27.430639 53.887817
27.430655 53.887895
27.430743 53.887906
BRUSH(1,0)
REGION 1
45
27.439437 53.88575
27.439448 53.885746
27.439272 53.885944
27.439303 53.886023
27.439351 53.886241
27.439684 53.886669
27.43994 53.887046
27.440223 53.887424
27.440595 53.887654
27.440989 53.887862
27.44153 53.888148
27.441744 53.888268
27.442104 53.888433
27.442637 53.888721
27.443001 53.888895
27.443325 53.888964
27.443508 53.888965
27.443781 53.888908
27.44431 53.888562
27.445195 53.887833
27.445777 53.887431
27.447236 53.886317
27.448555 53.885292
27.449 53.884996
27.449121 53.884889
27.449139 53.884833
27.449065 53.884728
27.448521 53.884449
27.44797 53.884213
27.447717 53.884061
27.447587 53.884001
27.447415 53.883914
27.447047 53.883771
27.446034 53.883413
27.444626 53.883077
27.441786 53.882485
27.441375 53.882433
27.44128 53.882458
27.441114 53.882589
27.440649 53.883478
27.440475 53.883834
27.440144 53.884482
27.439884 53.884967
27.439553 53.885615
27.439437 53.88575
BRUSH(1,0)
REGION 1
53
27.444449 53.862655
27.44446 53.862637
27.444227 53.862537
27.443723 53.862372
27.442576 53.861979
27.441846 53.861674
27.440836 53.861212
27.440215 53.860873
27.439344 53.860229
27.438684 53.859806
27.437743 53.859084
27.437283 53.858735
27.436088 53.857793
27.435517 53.857469
27.435199 53.857311
27.434632 53.856987
27.433962 53.85663
27.433729 53.856552
27.433593 53.856579
27.433427 53.856674
27.432997 53.857272
27.432811 53.85765
27.432091 53.858837
27.431797 53.859351
27.431581 53.859729
27.431239 53.86038
27.431086 53.86065
27.429963 53.863055
27.429901 53.863271
27.42965 53.863593
27.429425 53.864187
27.429191 53.864595
27.429181 53.864703
27.429257 53.86475
27.429719 53.864845
27.430726 53.865059
27.431683 53.86524
27.433059 53.865466
27.433696 53.865579
27.434977 53.865805
27.435621 53.865904
27.436395 53.866025
27.437125 53.866007
27.437631 53.865955
27.438904 53.865526
27.440671 53.864757
27.441625 53.864392
27.442623 53.863923
27.443528 53.863526
27.444184 53.863108
27.444335 53.862977
27.444465 53.862736
27.444449 53.862655
BRUSH(1,0)
REGION 1
36
27.4409 53.891072
27.442873 53.889626
27.443062 53.8895
27.443103 53.889416
27.443067 53.889282
27.442904 53.889093
27.442609 53.888917
27.442012 53.88864
27.441514 53.888395
27.440962 53.888125
27.440663 53.887949
27.440077 53.887636
27.439734 53.887285
27.439419 53.886773
27.438928 53.886157
27.438882 53.886157
27.438788 53.8862
27.438622 53.886333
27.438168 53.886549
27.437895 53.886633
27.43698 53.886811
27.432739 53.887697
27.434986 53.890928
27.436888 53.890756
27.437556 53.890601
27.437764 53.890531
27.439007 53.890384
27.439338 53.890354
27.439373 53.890383
27.439404 53.890441
27.439767 53.890845
27.439978 53.890965
27.440161 53.891007
27.44034 53.891011
27.440667 53.890967
27.4409 53.891072
BRUSH(1,0)
REGION 1
12
27.447047 53.87833
27.446716 53.87834
27.446302 53.8784
27.445941 53.87843
27.444876 53.878491
27.444834 53.878745
27.445115 53.878741
27.445877 53.878757
27.445996 53.878844
27.446515 53.878698
27.446934 53.878678
27.447047 53.87833
BRUSH(1,0)
REGION 1
18
27.442702 53.878986
27.442706 53.878993
27.442832 53.87906
27.443015 53.879066
27.44333 53.879016
27.443359 53.878883
27.443381 53.878829
27.443518 53.87881
27.443838 53.878834
27.443892 53.878888
27.44392 53.87902
27.443967 53.879157
27.444062 53.87913
27.444492 53.879088
27.444602 53.87851
27.442705 53.878613
27.442691 53.878723
27.442702 53.878986
BRUSH(1,0)
REGION 1
17
27.44467 53.878145
27.44419 53.87812
27.444181 53.878012
27.444047 53.877952
27.443952 53.877946
27.443815 53.877971
27.443731 53.877926
27.443507 53.877916
27.443402 53.878078
27.443224 53.878155
27.44295 53.878154
27.442946 53.878143
27.442676 53.878488
27.442722 53.878483
27.443775 53.878423
27.444597 53.878379
27.44467 53.878145
BRUSH(1,0)
REGION 1
20
27.442135 53.879038
27.44229 53.878626
27.440015 53.878695
27.440027 53.878709
27.439998 53.878873
27.440019 53.878978
27.440076 53.879028
27.440214 53.879054
27.440446 53.879118
27.44059 53.879021
27.440711 53.878956
27.440848 53.878944
27.440939 53.878979
27.441049 53.879193
27.44111 53.879249
27.441335 53.87923
27.441608 53.879148
27.441827 53.879039
27.44191 53.879003
27.442135 53.879038
BRUSH(1,0)
REGION 1
28
27.442075 53.878519
27.442043 53.878389
27.441978 53.878346
27.441799 53.878347
27.441704 53.878336
27.441654 53.878253
27.441439 53.878151
27.441207 53.878138
27.441122 53.878057
27.441064 53.877974
27.440927 53.87795
27.440885 53.87795
27.440719 53.878083
27.440624 53.878102
27.44035 53.878089
27.440263 53.878117
27.440162 53.878254
27.440075 53.878293
27.439569 53.878299
27.439294 53.878269
27.439252 53.878215
27.439247 53.878136
27.43906 53.878108
27.438835 53.878102
27.438783 53.878154
27.438769 53.878587
27.438751 53.878646
27.442075 53.878519
BRUSH(1,0)
REGION 1
18
27.438402 53.878757
27.43835 53.878814
27.438232 53.878886
27.43821 53.87894
27.438257 53.878996
27.438581 53.879083
27.438627 53.879089
27.438564 53.879222
27.438557 53.879251
27.438881 53.879293
27.439018 53.879292
27.43907 53.879238
27.439158 53.879218
27.439527 53.879248
27.439614 53.879234
27.439754 53.878854
27.439718 53.87871
27.438402 53.878757
BRUSH(1,0)
REGION 1
32
27.435309 53.878852
27.435345 53.878663
27.43528 53.878616
27.435016 53.878509
27.434981 53.878455
27.435021 53.878347
27.434651 53.878265
27.434557 53.878338
27.434508 53.878354
27.434187 53.878301
27.434124 53.878382
27.434032 53.878389
27.433712 53.878359
27.433653 53.878469
27.433565 53.878483
27.433196 53.878455
27.433258 53.878266
27.433254 53.878214
27.43293 53.878148
27.432655 53.878113
27.43243 53.8781
27.432156 53.878063
27.431883 53.878141
27.4317 53.878155
27.431377 53.878122
27.431179 53.878159
27.431103 53.878456
27.431419 53.878479
27.431968 53.878527
27.433248 53.878673
27.434936 53.878835
27.435309 53.878852
BRUSH(1,0)
REGION 1
17
27.432415 53.878692
27.431104 53.87858
27.430952 53.879178
27.431005 53.8792
27.431189 53.879247
27.43128 53.879217
27.43148 53.879091
27.431567 53.879084
27.4318 53.879114
27.431873 53.879163
27.431916 53.8793
27.431947 53.879352
27.432035 53.879365
27.43213 53.879338
27.432246 53.879205
27.432408 53.87877
27.432415 53.878692
BRUSH(1,0)
REGION 1
12
27.429816 53.878427
27.431019 53.878443
27.431046 53.87818
27.430951 53.878176
27.430768 53.878134
27.430664 53.878057
27.430502 53.877844
27.430438 53.877627
27.430163 53.877565
27.430118 53.877585
27.430006 53.877804
27.429816 53.878427
BRUSH(1,0)
REGION 1
11
27.444272 53.874955
27.444287 53.875222
27.444235 53.875602
27.444094 53.875873
27.444144 53.875922
27.444376 53.875953
27.444692 53.875951
27.444738 53.875951
27.445007 53.875013
27.444999 53.874957
27.444272 53.874955
BRUSH(1,0)
REGION 1
23
27.442965 53.874796
27.445636 53.874793
27.445801 53.874261
27.445572 53.874231
27.445431 53.874231
27.445357 53.874394
27.445253 53.874556
27.44512 53.874594
27.445074 53.874588
27.445055 53.874559
27.445077 53.874507
27.445039 53.874478
27.444586 53.874509
27.443993 53.874493
27.443719 53.874501
27.443582 53.874537
27.443401 53.874675
27.443306 53.874678
27.443168 53.87462
27.443031 53.874602
27.44294 53.874634
27.442907 53.874715
27.442965 53.874796
BRUSH(1,0)
REGION 1
26
27.446291 53.874792
27.446349 53.874902
27.446426 53.874947
27.446434 53.875003
27.446522 53.875021
27.447303 53.875047
27.447851 53.875097
27.44808 53.875096
27.448139 53.874988
27.448279 53.874607
27.448347 53.874564
27.44848 53.874571
27.448618 53.874624
27.448741 53.874756
27.448754 53.874837
27.448626 53.874999
27.448718 53.875026
27.44908 53.875049
27.449266 53.875035
27.449497 53.874659
27.449573 53.874609
27.449751 53.874566
27.449855 53.874404
27.449873 53.874296
27.449782 53.874278
27.446291 53.874792
BRUSH(1,0)
REGION 1
43
27.446286 53.874134
27.446261 53.874228
27.445913 53.874679
27.445967 53.874728
27.446373 53.874677
27.449887 53.874163
27.450612 53.874349
27.450602 53.874151
27.450631 53.87407
27.450764 53.874038
27.451087 53.874012
27.451159 53.873972
27.451226 53.873861
27.451273 53.873618
27.4512 53.873578
27.450834 53.873555
27.450701 53.873582
27.450452 53.87377
27.450361 53.873739
27.450405 53.873657
27.450426 53.873496
27.450357 53.873415
27.450174 53.873391
27.450083 53.873407
27.449939 53.873511
27.449852 53.873536
27.449532 53.87353
27.449072 53.87355
27.448894 53.873562
27.448807 53.873643
27.448633 53.873732
27.448408 53.873721
27.448268 53.873728
27.448194 53.87392
27.448103 53.873952
27.44792 53.87393
27.447875 53.873948
27.447698 53.874081
27.447512 53.874156
27.447284 53.874157
27.446922 53.874134
27.446557 53.874133
27.446286 53.874134
BRUSH(1,0)
REGION 1
54
27.456106 53.87398
27.456103 53.873773
27.455909 53.87376
27.455114 53.873745
27.454197 53.87376
27.453472 53.873907
27.451947 53.874319
27.451128 53.87454
27.450995 53.874561
27.450763 53.874537
27.450664 53.874513
27.450681 53.874675
27.450666 53.874729
27.450572 53.874767
27.450347 53.874768
27.450252 53.874793
27.450204 53.874874
27.450124 53.875169
27.450124 53.875196
27.450212 53.875207
27.450444 53.875188
27.450577 53.875174
27.450665 53.875212
27.450743 53.875349
27.450831 53.875373
27.45152 53.875427
27.451653 53.875424
27.451698 53.87537
27.451708 53.875208
27.451775 53.875124
27.452048 53.875088
27.452081 53.87495
27.452114 53.874575
27.452171 53.87453
27.452947 53.874522
27.453445 53.874478
27.453859 53.874431
27.453992 53.874417
27.45429 53.874205
27.45438 53.874096
27.45452 53.874078
27.454608 53.874089
27.454643 53.87414
27.454655 53.874196
27.454789 53.874234
27.45493 53.874234
27.455045 53.874071
27.455133 53.874053
27.455365 53.87407
27.455639 53.874092
27.455818 53.874075
27.455946 53.873974
27.456018 53.873953
27.456106 53.87398
BRUSH(1,0)
REGION 1
19
27.456102 53.873669
27.456098 53.873355
27.455616 53.873181
27.455116 53.873078
27.454747 53.873061
27.454474 53.873112
27.454023 53.873262
27.453789 53.873449
27.453517 53.873551
27.452971 53.873722
27.452657 53.873874
27.452711 53.873903
27.452769 53.873968
27.453873 53.873732
27.45442 53.873654
27.455147 53.873651
27.455649 53.873651
27.4559 53.873661
27.456102 53.873669
BRUSH(1,0)
REGION 1
6
27.737394 53.955216
27.736957 53.95503
27.735743 53.955928
27.737206 53.956591
27.738404 53.955673
27.737394 53.955216
BRUSH(1,0)
REGION 1
7
27.700709 53.954662
27.700742 53.954572
27.700847 53.954039
27.70085 53.954025
27.700815 53.953972
27.700696 53.953927
27.700709 53.954662
BRUSH(1,0)
REGION 1
10
27.705358 53.955174
27.70535 53.955174
27.705117 53.955162
27.70524 53.956539
27.705284 53.956617
27.708048 53.956556
27.708116 53.956535
27.708013 53.955188
27.70797 53.955132
27.705358 53.955174
BRUSH(1,0)
REGION 1
9
27.708211 53.956067
27.708203 53.956074
27.708265 53.956523
27.70924 53.956515
27.709559 53.956495
27.709623 53.956452
27.709547 53.955547
27.708195 53.9556
27.708211 53.956067
BRUSH(1,0)
REGION 1
9
27.709624 53.955185
27.709616 53.955185
27.709663 53.955454
27.710771 53.955416
27.710681 53.954605
27.710644 53.954498
27.710556 53.95446
27.709563 53.954504
27.709624 53.955185
BRUSH(1,0)
REGION 1
7
27.708651 53.95551
27.708643 53.95551
27.709545 53.955459
27.709422 53.954523
27.708125 53.954607
27.70816 53.955524
27.708651 53.95551
BRUSH(1,0)
REGION 1
7
27.7036 53.952442
27.700656 53.951561
27.700671 53.95246
27.703012 53.953019
27.703459 53.952637
27.70362 53.952469
27.7036 53.952442
BRUSH(1,0)
REGION 1
6
27.701163 53.950517
27.700876 53.950425
27.700745 53.950549
27.701599 53.950818
27.701738 53.950698
27.701163 53.950517
BRUSH(1,0)
REGION 1
4
27.700967 53.949293
27.700615 53.949165
27.700624 53.949695
27.700967 53.949293
BRUSH(1,0)
REGION 1
9
27.710333 53.946024
27.710314 53.946035
27.709978 53.946222
27.710742 53.946761
27.71119 53.946035
27.711825 53.945734
27.712156 53.945501
27.711832 53.945278
27.710333 53.946024
BRUSH(1,0)
REGION 1
11
27.735314 53.94865
27.735349 53.94865
27.735658 53.948689
27.735749 53.948495
27.735066 53.948378
27.734699 53.948326
27.734516 53.948316
27.73438 53.94835
27.734245 53.948486
27.734235 53.948567
27.735314 53.94865
BRUSH(1,0)
REGION 1
7
27.739311 53.947679
27.739342 53.947679
27.739598 53.94775
27.739673 53.947475
27.739029 53.947447
27.739001 53.947618
27.739311 53.947679
BRUSH(1,0)
REGION 1
8
27.736982 53.94737
27.736986 53.947366
27.738778 53.94768
27.738875 53.947547
27.738943 53.947311
27.735961 53.94672
27.735702 53.947117
27.736982 53.94737
BRUSH(1,0)
REGION 1
9
27.731371 53.947313
27.731379 53.947308
27.732436 53.947254
27.732373 53.946677
27.730627 53.9468
27.73068 53.947202
27.73072 53.947308
27.730808 53.947339
27.731371 53.947313
BRUSH(1,0)
REGION 1
13
27.73049 53.94681
27.730482 53.94681
27.727595 53.946987
27.727646 53.947284
27.727517 53.947303
27.727498 53.947294
27.727342 53.94649
27.726814 53.94657
27.72733 53.947504
27.728764 53.94743
27.728792 53.947472
27.730584 53.947356
27.73049 53.94681
BRUSH(1,0)
REGION 1
7
27.725386 53.947228
27.725379 53.947226
27.7252 53.947245
27.725366 53.947579
27.72602 53.947496
27.725872 53.947144
27.725386 53.947228
BRUSH(1,0)
REGION 1
11
27.725496 53.946124
27.725485 53.946135
27.725792 53.946668
27.727322 53.946393
27.727151 53.94557
27.727071 53.945402
27.726995 53.945386
27.726172 53.945351
27.725208 53.945316
27.725078 53.945333
27.725496 53.946124
BRUSH(1,0)
REGION 1
15
27.726041 53.945282
27.72606 53.94528
27.726762 53.945322
27.726725 53.944329
27.725065 53.944339
27.725052 53.944265
27.725272 53.944248
27.725278 53.944147
27.724772 53.944139
27.724782 53.944701
27.725958 53.944685
27.725971 53.944783
27.72481 53.944806
27.724802 53.945215
27.726041 53.945282
BRUSH(1,0)
REGION 1
21
27.728594 53.945372
27.728613 53.945367
27.729494 53.945409
27.732901 53.945575
27.73318 53.945602
27.733546 53.945602
27.734091 53.945621
27.735201 53.945754
27.73547 53.945462
27.734483 53.94521
27.7343 53.945191
27.733562 53.945056
27.729853 53.944832
27.729533 53.944834
27.729395 53.944785
27.729332 53.94465
27.72943 53.943767
27.728755 53.943699
27.726922 53.943613
27.726939 53.945256
27.728594 53.945372
BRUSH(1,0)
REGION 1
25
27.735659 53.945382
27.735663 53.945389
27.73563 53.945443
27.735343 53.945823
27.73533 53.945904
27.735403 53.945946
27.736459 53.946227
27.737193 53.946375
27.737832 53.946538
27.738562 53.946697
27.739751 53.946937
27.739801 53.946766
27.73982 53.94655
27.739759 53.94636
27.739589 53.946199
27.739204 53.945967
27.738542 53.945571
27.73788 53.945229
27.737171 53.944755
27.737076 53.944735
27.736716 53.944839
27.736393 53.944926
27.735897 53.94506
27.735745 53.945276
27.735659 53.945382
BRUSH(1,0)
REGION 1
19
27.734975 53.945023
27.734975 53.945016
27.735682 53.944971
27.736452 53.944816
27.73682 53.944692
27.736845 53.944611
27.736798 53.94453
27.736298 53.944253
27.735517 53.943819
27.735115 53.943945
27.734929 53.943987
27.734431 53.944015
27.733924 53.943979
27.73259 53.943916
27.732424 53.944879
27.732913 53.944923
27.733419 53.944938
27.733919 53.944982
27.734975 53.945023
BRUSH(1,0)
REGION 1
11
27.731384 53.944822
27.731388 53.944827
27.73217 53.944896
27.732299 53.944879
27.732428 53.943998
27.732418 53.943892
27.729738 53.943742
27.729586 53.944581
27.729637 53.944687
27.729702 53.944725
27.731384 53.944822
BRUSH(1,0)
REGION 1
7
27.714573 53.938714
27.714561 53.938678
27.714553 53.938438
27.713503 53.938491
27.713653 53.939241
27.714651 53.939228
27.714573 53.938714
BRUSH(1,0)
REGION 1
12
27.714521 53.938146
27.714498 53.938128
27.714437 53.93745
27.71436 53.937398
27.711743 53.93754
27.711778 53.938052
27.71308 53.938049
27.713157 53.937837
27.713362 53.937809
27.713501 53.938395
27.714502 53.938357
27.714521 53.938146
BRUSH(1,0)
REGION 1
6
27.733497 53.942912
27.731259 53.942121
27.730041 53.941722
27.729978 53.942678
27.730283 53.942692
27.733497 53.942912
BRUSH(1,0)
REGION 1
9
27.731877 53.940488
27.731877 53.940477
27.731993 53.940371
27.731812 53.940264
27.731979 53.940013
27.731722 53.939918
27.731223 53.940533
27.73169 53.940678
27.731877 53.940488
BRUSH(1,0)
REGION 1
9
27.730097 53.940166
27.730086 53.940169
27.731089 53.940493
27.73147 53.940097
27.729374 53.939371
27.728952 53.939823
27.729683 53.940007
27.729863 53.940078
27.730097 53.940166
BRUSH(1,0)
REGION 1
9
27.72553 53.9354
27.725538 53.935407
27.723269 53.935012
27.722995 53.935198
27.723254 53.935241
27.723298 53.935317
27.727552 53.936053
27.727715 53.935809
27.72553 53.9354
BRUSH(1,0)
REGION 1
23
27.728413 53.938435
27.728406 53.938435
27.72825 53.938681
27.728255 53.938732
27.728363 53.938813
27.728688 53.938903
27.728765 53.938945
27.728755 53.938997
27.728691 53.939078
27.728419 53.939197
27.728368 53.939305
27.728321 53.939438
27.728301 53.939602
27.728343 53.939626
27.728755 53.939655
27.728843 53.939648
27.72908 53.939489
27.729455 53.939166
27.729995 53.938504
27.729111 53.938264
27.728698 53.93819
27.728604 53.938211
27.728413 53.938435
BRUSH(1,0)
REGION 1
40
27.726957 53.938311
27.726945 53.938309
27.726653 53.938594
27.726673 53.93865
27.727218 53.938858
27.727177 53.938914
27.72706 53.938985
27.726459 53.938779
27.7264 53.938724
27.726422 53.938642
27.726345 53.938596
27.725699 53.938438
27.725424 53.938413
27.725382 53.938429
27.72536 53.938485
27.72547 53.938673
27.725884 53.93879
27.725961 53.938827
27.72595 53.938854
27.725647 53.939153
27.725552 53.939183
27.725415 53.939184
27.725415 53.939211
27.725384 53.939373
27.725419 53.939399
27.726208 53.939691
27.726974 53.93994
27.72707 53.939951
27.727536 53.939631
27.727874 53.939333
27.728043 53.939006
27.728116 53.938628
27.728205 53.938492
27.728372 53.938251
27.728352 53.93817
27.728244 53.938096
27.727604 53.937903
27.727372 53.937879
27.727264 53.938013
27.726957 53.938311
BRUSH(1,0)
REGION 2
22
27.722153 53.937634
27.722239 53.937666
27.722926 53.937989
27.723206 53.938082
27.723293 53.938079
27.723508 53.937948
27.723815 53.937678
27.723799 53.937622
27.723576 53.937505
27.723119 53.937287
27.722868 53.937102
27.722851 53.936967
27.722736 53.936725
27.722587 53.936456
27.72241 53.936161
27.722318 53.936141
27.722269 53.936162
27.721879 53.936672
27.721599 53.937
27.721497 53.937272
27.721509 53.937324
27.722153 53.937634
4
27.722143 53.93763
27.722155 53.937635
27.722153 53.937634
27.722143 53.93763
BRUSH(1,0)
REGION 1
12
27.720129 53.936802
27.720118 53.936797
27.721126 53.9372
27.721594 53.936714
27.721675 53.936581
27.719687 53.935681
27.719596 53.935735
27.71941 53.935963
27.719544 53.936019
27.719572 53.936075
27.719227 53.936403
27.720129 53.936802
BRUSH(1,0)
REGION 1
7
27.728123 53.950355
27.728123 53.950315
27.728105 53.950178
27.727778 53.950212
27.727864 53.950735
27.728214 53.95071
27.728123 53.950355
BRUSH(1,0)
REGION 1
19
27.746152 53.939604
27.746152 53.939597
27.746133 53.938541
27.745965 53.938501
27.744638 53.938224
27.743855 53.938083
27.743629 53.938017
27.742303 53.93772
27.742303 53.937717
27.742168 53.93788
27.742211 53.937907
27.742528 53.937997
27.743314 53.938273
27.743954 53.938523
27.744603 53.938816
27.745131 53.939154
27.745536 53.939417
27.745996 53.939573
27.746152 53.939604
BRUSH(1,0)
REGION 1
25
27.731147 53.938007
27.731422 53.938059
27.731881 53.938153
27.731966 53.938011
27.73257 53.938155
27.732845 53.938192
27.733353 53.93827
27.734177 53.938375
27.734539 53.938388
27.734612 53.938392
27.734882 53.937991
27.734871 53.937979
27.734852 53.937968
27.734439 53.937912
27.733844 53.937835
27.733523 53.937772
27.73316 53.937711
27.732973 53.937679
27.731922 53.937492
27.731369 53.937414
27.731327 53.937437
27.731254 53.937572
27.730936 53.937923
27.731158 53.937993
27.731147 53.938007
BRUSH(1,0)
REGION 1
21
27.744053 53.96065
27.744042 53.96065
27.744167 53.960624
27.744431 53.960492
27.74483 53.960234
27.745268 53.959999
27.745339 53.959918
27.745295 53.959837
27.745103 53.959708
27.744827 53.959629
27.744602 53.959617
27.744465 53.959643
27.744103 53.95982
27.743739 53.960117
27.74331 53.960443
27.743285 53.960497
27.743374 53.960605
27.743608 53.960711
27.743746 53.960733
27.743928 53.960709
27.744053 53.96065
BRUSH(1,0)
REGION 1
17
27.742635 53.960623
27.742654 53.960623
27.742783 53.960559
27.742948 53.960425
27.742928 53.960371
27.742517 53.960174
27.742294 53.960068
27.741879 53.959884
27.74183 53.959895
27.74145 53.96016
27.741295 53.960431
27.741702 53.96062
27.74196 53.960769
27.742175 53.960886
27.742267 53.960874
27.742527 53.960734
27.742635 53.960623
BRUSH(1,0)
REGION 1
32
27.742871 53.959772
27.742936 53.959789
27.743106 53.95988
27.743194 53.959896
27.743424 53.959811
27.743685 53.959679
27.743867 53.959633
27.744054 53.959652
27.744191 53.959651
27.744645 53.959484
27.744893 53.959265
27.745091 53.95905
27.745135 53.958996
27.745188 53.958971
27.745395 53.958846
27.745384 53.958837
27.74473 53.958522
27.744023 53.958164
27.743741 53.958346
27.743144 53.958826
27.744408 53.959436
27.744325 53.959482
27.744321 53.959479
27.742915 53.958834
27.742181 53.95892
27.742339 53.959
27.743042 53.959294
27.743342 53.959461
27.743366 53.959542
27.743186 53.959702
27.743054 53.959768
27.742871 53.959772
BRUSH(1,0)
REGION 1
8
27.74296 53.958766
27.742979 53.95876
27.74373 53.958173
27.743722 53.958173
27.74388 53.958055
27.743473 53.957893
27.742165 53.958846
27.74296 53.958766
BRUSH(1,0)
REGION 1
12
27.740845 53.958735
27.740822 53.95876
27.742828 53.959689
27.742965 53.959677
27.743146 53.959601
27.74321 53.95952
27.742065 53.958983
27.741104 53.958526
27.74101 53.958579
27.741017 53.95859
27.74083 53.958742
27.740845 53.958735
BRUSH(1,0)
REGION 1
9
27.741555 53.958207
27.741555 53.958213
27.74149 53.95818
27.741167 53.958431
27.741947 53.958802
27.742289 53.958577
27.742055 53.95846
27.742055 53.958451
27.741555 53.958207
BRUSH(1,0)
REGION 1
14
27.740358 53.958801
27.740807 53.958521
27.740788 53.958524
27.740878 53.958447
27.73926 53.957697
27.739154 53.957747
27.738609 53.958126
27.738609 53.958119
27.738567 53.958149
27.739989 53.958785
27.740222 53.958855
27.740264 53.958844
27.740347 53.958807
27.740358 53.958801
BRUSH(1,0)
REGION 1
12
27.739761 53.957386
27.739684 53.957344
27.739384 53.957606
27.741059 53.958365
27.741394 53.95812
27.741328 53.958082
27.741328 53.958096
27.740814 53.957874
27.740284 53.957659
27.740242 53.957621
27.739769 53.957375
27.739761 53.957386
BRUSH(1,0)
REGION 1
18
27.742118 53.958369
27.742118 53.958372
27.742349 53.958476
27.742341 53.958476
27.742414 53.9585
27.743344 53.957881
27.743354 53.957847
27.743089 53.957721
27.743089 53.957716
27.741284 53.956891
27.741284 53.956896
27.741115 53.956823
27.741123 53.956834
27.740712 53.956674
27.740635 53.956626
27.739914 53.957181
27.73979 53.95728
27.742118 53.958369
BRUSH(1,0)
REGION 1
25
27.743697 53.957836
27.743758 53.95786
27.74384 53.957754
27.744102 53.957483
27.744102 53.957485
27.744256 53.957358
27.744256 53.957351
27.744456 53.957233
27.744467 53.957231
27.744557 53.957176
27.742836 53.95658
27.743344 53.956018
27.743255 53.955973
27.743271 53.955971
27.743282 53.955962
27.743404 53.955772
27.743626 53.955395
27.743679 53.955177
27.743642 53.955015
27.743634 53.955016
27.743292 53.954849
27.743119 53.954756
27.742262 53.955397
27.740812 53.956537
27.743697 53.957836
BRUSH(1,0)
REGION 1
11
27.739169 53.957471
27.739172 53.957471
27.739245 53.957508
27.740414 53.956613
27.73857 53.955742
27.737573 53.956476
27.737366 53.956621
27.737363 53.956626
27.737344 53.956671
27.738489 53.957176
27.739169 53.957471
BRUSH(1,0)
REGION 1
21
27.734795 53.959159
27.734735 53.959211
27.73608 53.959845
27.737678 53.958667
27.736644 53.958152
27.737966 53.957105
27.735608 53.95605
27.733258 53.957808
27.733739 53.958035
27.733667 53.958087
27.731886 53.957322
27.731397 53.957689
27.733344 53.958545
27.73346 53.958454
27.73346 53.95845
27.733641 53.958525
27.733758 53.958455
27.734046 53.958601
27.733975 53.958696
27.734008 53.958802
27.734795 53.959159
BRUSH(1,0)
REGION 1
113
27.738585 53.954076
27.737203 53.954114
27.736199 53.954181
27.735758 53.954222
27.73562 53.954222
27.735552 53.954221
27.73289 53.954464
27.732882 53.954469
27.7327 53.95449
27.732727 53.954497
27.732682 53.954553
27.732512 53.954635
27.732148 53.95475
27.732043 53.954824
27.732043 53.954851
27.732135 53.954873
27.732679 53.95482
27.732816 53.954795
27.732877 53.954839
27.732914 53.954974
27.733137 53.955085
27.733168 53.955112
27.733092 53.955148
27.732906 53.955138
27.73268 53.955095
27.732588 53.95507
27.73231 53.955074
27.732227 53.955111
27.732194 53.955192
27.732421 53.955283
27.732517 53.955363
27.732488 53.955442
27.732372 53.955515
27.732193 53.955518
27.732055 53.955485
27.73196 53.955513
27.731823 53.955705
27.731686 53.955757
27.731499 53.955747
27.731086 53.95561
27.730728 53.955437
27.730591 53.955406
27.730454 53.955448
27.730289 53.955584
27.730219 53.955692
27.730037 53.955781
27.730019 53.955805
27.73025 53.955961
27.73034 53.956096
27.730408 53.956284
27.730477 53.956526
27.73054 53.956607
27.730635 53.956627
27.730677 53.956624
27.730675 53.956518
27.730561 53.956115
27.730517 53.955978
27.730419 53.955816
27.73044 53.955735
27.730672 53.955689
27.730809 53.955681
27.730989 53.955732
27.731091 53.955922
27.731226 53.956023
27.731451 53.956044
27.731685 53.956126
27.731777 53.956139
27.731782 53.956192
27.731644 53.956355
27.73102 53.956811
27.730789 53.956893
27.730706 53.956948
27.730889 53.95716
27.730814 53.957268
27.730861 53.957293
27.731177 53.957277
27.731359 53.957283
27.731494 53.957349
27.731579 53.957412
27.731572 53.957423
27.731695 53.957317
27.731841 53.957186
27.731842 53.957192
27.732064 53.957261
27.733161 53.957703
27.73383 53.957167
27.733833 53.957167
27.734006 53.957022
27.734006 53.957028
27.73457 53.956593
27.735649 53.955827
27.735657 53.95582
27.736964 53.954825
27.737007 53.954881
27.738724 53.955615
27.73937 53.955152
27.739393 53.955159
27.739641 53.954933
27.741595 53.955797
27.743327 53.954467
27.743444 53.954392
27.743492 53.954311
27.743437 53.95423
27.74331 53.954168
27.743035 53.954113
27.740032 53.953647
27.73986 53.95361
27.739831 53.953648
27.739667 53.954083
27.740148 53.954149
27.740097 53.954289
27.7386 53.954074
27.738585 53.954076
BRUSH(1,0)
REGION 1
9
27.737613 53.953406
27.737605 53.953399
27.737987 53.953426
27.738188 53.952334
27.737776 53.952299
27.737784 53.952299
27.737456 53.952287
27.737277 53.953376
27.737613 53.953406
BRUSH(1,0)
REGION 1
29
27.737935 53.951841
27.737928 53.951837
27.73858 53.951887
27.7389 53.951905
27.738949 53.951678
27.735796 53.951275
27.732414 53.9509
27.730582 53.952986
27.731018 53.95312
27.731293 53.953155
27.73143 53.953136
27.732407 53.952206
27.73273 53.952337
27.732791 53.952347
27.731694 53.953222
27.733876 53.953388
27.734048 53.953414
27.734185 53.9534
27.734279 53.953325
27.734341 53.953201
27.734364 53.953199
27.734492 53.952263
27.734661 53.951738
27.73477 53.95163
27.734861 53.951611
27.73607 53.951698
27.736078 53.951691
27.737893 53.951848
27.737935 53.951841
BRUSH(1,0)
REGION 1
13
27.727748 53.952572
27.72774 53.952558
27.729749 53.952436
27.729576 53.951257
27.72889 53.951241
27.728425 53.951271
27.728528 53.95167
27.72873 53.951694
27.72875 53.951765
27.727343 53.951864
27.727381 53.952061
27.727466 53.952567
27.727748 53.952572
BRUSH(1,0)
REGION 1
46
27.721182 53.95717
27.721561 53.956817
27.721613 53.95676
27.719107 53.955921
27.718811 53.956208
27.718727 53.956198
27.718185 53.956783
27.71822 53.956808
27.718441 53.956829
27.718713 53.956904
27.718624 53.957066
27.718572 53.957147
27.71826 53.957356
27.717819 53.957601
27.717695 53.95771
27.717719 53.957815
27.717766 53.957858
27.717751 53.957865
27.718988 53.958257
27.719256 53.95833
27.719267 53.958294
27.71927 53.958238
27.719266 53.958229
27.719276 53.957968
27.719368 53.957778
27.719564 53.957454
27.719673 53.957343
27.719768 53.957309
27.71981 53.957308
27.720209 53.957506
27.720261 53.957613
27.720156 53.95772
27.72002 53.957766
27.719792 53.957814
27.719695 53.957952
27.720438 53.958192
27.720506 53.958142
27.720511 53.957981
27.720559 53.957872
27.720742 53.957709
27.721023 53.957413
27.721128 53.957348
27.721207 53.957298
27.721157 53.957251
27.721164 53.957226
27.721182 53.95717
BRUSH(1,0)
REGION 1
15
27.717355 53.954837
27.717354 53.954828
27.717125 53.954771
27.717026 53.954785
27.716652 53.955181
27.716514 53.955364
27.716534 53.955393
27.716607 53.955437
27.718565 53.956068
27.718744 53.956092
27.718835 53.956049
27.71933 53.955587
27.719355 53.955506
27.719301 53.955453
27.717355 53.954837
BRUSH(1,0)
REGION 1
35
27.711972 53.954191
27.710789 53.954497
27.710879 53.955472
27.710791 53.95549
27.71065 53.955487
27.710498 53.955523
27.709664 53.955533
27.709668 53.956607
27.708247 53.956625
27.708233 53.956679
27.708233 53.95691
27.708358 53.957946
27.708366 53.958413
27.710054 53.958866
27.711003 53.959099
27.71183 53.959132
27.712379 53.959147
27.712562 53.959145
27.712836 53.959157
27.712973 53.959136
27.713102 53.958866
27.713286 53.958541
27.713528 53.958216
27.71374 53.957889
27.713936 53.957564
27.71395 53.957512
27.713277 53.95735
27.713346 53.957356
27.713132 53.957324
27.711285 53.956917
27.710386 53.956697
27.711146 53.95554
27.711093 53.955538
27.711987 53.954179
27.711972 53.954191
BRUSH(1,0)
REGION 1
17
27.70819 53.957953
27.708084 53.956635
27.705266 53.956714
27.705339 53.957606
27.705198 53.957616
27.705133 53.956722
27.703354 53.956757
27.703438 53.957617
27.703442 53.95762
27.70427 53.957702
27.705414 53.957783
27.705868 53.957805
27.706649 53.957832
27.707881 53.957917
27.70816 53.957942
27.708175 53.957949
27.70819 53.957953
BRUSH(1,0)
REGION 1
16
27.700895 53.957279
27.701859 53.957303
27.702367 53.957343
27.702868 53.957466
27.703293 53.957602
27.703218 53.956771
27.702422 53.956801
27.702194 53.956816
27.701786 53.956798
27.701327 53.956688
27.701185 53.956626
27.700959 53.956996
27.700892 53.957104
27.700878 53.95721
27.700895 53.957291
27.700895 53.957279
BRUSH(1,0)
REGION 1
24
27.704741 53.953647
27.70476 53.953636
27.704861 53.953527
27.703751 53.953273
27.70359 53.953387
27.703575 53.953416
27.70309 53.954037
27.702875 53.954337
27.702671 53.95466
27.702373 53.955066
27.701956 53.955637
27.701517 53.956233
27.70124 53.956529
27.70131 53.956578
27.701628 53.956682
27.702089 53.956722
27.703209 53.956697
27.703198 53.955643
27.703213 53.955636
27.703377 53.95539
27.703679 53.955013
27.703984 53.954632
27.70423 53.954307
27.704741 53.953647
BRUSH(1,0)
REGION 1
5
27.700886 53.953886
27.701228 53.952735
27.700673 53.952592
27.700695 53.953828
27.700886 53.953886
BRUSH(1,0)
REGION 1
31
27.712121 53.953997
27.712683 53.953234
27.712874 53.953028
27.712698 53.952977
27.711162 53.952492
27.711093 53.952454
27.711085 53.952454
27.709879 53.952075
27.707431 53.951271
27.707108 53.95155
27.70652 53.952144
27.705669 53.952904
27.705197 53.953368
27.704842 53.953754
27.70331 53.955703
27.703368 53.956669
27.705002 53.956648
27.70512 53.956623
27.70512 53.956423
27.705024 53.955464
27.704998 53.955331
27.705019 53.955194
27.704999 53.955142
27.705036 53.955088
27.708014 53.955064
27.707959 53.954514
27.708637 53.954478
27.710399 53.954407
27.710479 53.954393
27.710787 53.954373
27.712121 53.953997
BRUSH(1,0)
REGION 1
25
27.70064 53.950633
27.700641 53.950702
27.700653 53.951399
27.70251 53.951968
27.702851 53.952099
27.703219 53.952213
27.703264 53.952202
27.703264 53.952184
27.703292 53.952051
27.703435 53.951913
27.703467 53.95205
27.703669 53.952042
27.703585 53.951586
27.703574 53.951593
27.703317 53.951502
27.70229 53.951108
27.70229 53.951115
27.701983 53.951029
27.701991 53.951029
27.701593 53.950906
27.701593 53.950913
27.701268 53.950815
27.700953 53.950712
27.700961 53.950716
27.70064 53.950633
BRUSH(1,0)
REGION 1
9
27.700863 53.949669
27.700628 53.949943
27.700633 53.950242
27.701425 53.950477
27.701425 53.950475
27.702022 53.949921
27.701118 53.949661
27.701001 53.9497
27.700863 53.949669
BRUSH(1,0)
REGION 1
8
27.708568 53.950091
27.708506 53.949561
27.707683 53.949591
27.707688 53.950283
27.708552 53.950291
27.708585 53.950177
27.70857 53.950179
27.708568 53.950091
BRUSH(1,0)
REGION 1
17
27.711313 53.951118
27.711439 53.950892
27.709516 53.95029
27.709478 53.950322
27.709471 53.950329
27.709362 53.950437
27.709137 53.950387
27.709077 53.950425
27.708901 53.950395
27.70888 53.950743
27.710848 53.951339
27.710882 53.9513
27.71102 53.951342
27.710979 53.951381
27.711048 53.9514
27.711309 53.951118
27.711313 53.951118
BRUSH(1,0)
REGION 1
22
27.709893 53.950295
27.709932 53.950319
27.709946 53.950238
27.709867 53.950102
27.709935 53.950058
27.710253 53.949949
27.710649 53.949735
27.710801 53.949698
27.710793 53.949671
27.710765 53.949622
27.711771 53.949218
27.711702 53.949162
27.711185 53.948822
27.711048 53.948791
27.711063 53.948789
27.71067 53.948519
27.710046 53.948114
27.708463 53.948195
27.708646 53.95019
27.70959 53.950159
27.709685 53.950172
27.709893 53.950295
BRUSH(1,0)
REGION 1
21
27.72716 53.952688
27.727159 53.952674
27.727081 53.952358
27.727023 53.952088
27.726942 53.951817
27.726817 53.951397
27.726764 53.951236
27.726528 53.951251
27.726484 53.951118
27.725852 53.95116
27.725905 53.951304
27.725972 53.951479
27.725973 53.951483
27.726018 53.951683
27.72621 53.952219
27.72633 53.952517
27.726416 53.952679
27.726441 53.952786
27.726438 53.952793
27.726518 53.952793
27.72716 53.952688
BRUSH(1,0)
REGION 1
14
27.727797 53.951724
27.727786 53.951706
27.727828 53.951749
27.728399 53.951707
27.728294 53.95117
27.727716 53.951199
27.727712 53.951201
27.727195 53.951233
27.727231 53.951381
27.72738 53.951383
27.727422 53.951589
27.727266 53.951615
27.727299 53.951756
27.727797 53.951724
BRUSH(1,0)
REGION 1
104
27.726679 53.950713
27.72669 53.950706
27.726244 53.949003
27.726613 53.948958
27.726648 53.949009
27.72688 53.948992
27.726916 53.949095
27.72646 53.949134
27.726571 53.949576
27.726723 53.949582
27.726686 53.949438
27.727482 53.949391
27.727723 53.950106
27.728537 53.950038
27.728737 53.949931
27.728718 53.949932
27.728823 53.949843
27.72883 53.949818
27.730141 53.948594
27.730336 53.948634
27.729096 53.949817
27.72938 53.949885
27.731972 53.950856
27.732107 53.95076
27.732118 53.950715
27.731734 53.950538
27.729828 53.94983
27.729836 53.94983
27.729548 53.94974
27.73002 53.949254
27.730765 53.948566
27.730769 53.948568
27.730882 53.948466
27.73087 53.948466
27.73144 53.947935
27.731762 53.947886
27.734442 53.948206
27.734442 53.948204
27.73441 53.94815
27.734313 53.948014
27.734287 53.947879
27.734309 53.947827
27.734351 53.947813
27.734447 53.947842
27.734616 53.947938
27.735017 53.947991
27.735139 53.948013
27.735184 53.947945
27.735321 53.947736
27.734652 53.94763
27.734722 53.947483
27.734787 53.947474
27.73485 53.947399
27.734934 53.947417
27.734937 53.947383
27.734966 53.947295
27.734531 53.947219
27.734013 53.947238
27.732499 53.947326
27.729744 53.947489
27.729608 53.947512
27.729628 53.947564
27.729744 53.947671
27.72978 53.947979
27.729754 53.948033
27.729637 53.948099
27.729542 53.948101
27.729476 53.948028
27.729397 53.947651
27.729467 53.94754
27.729436 53.947516
27.72914 53.947538
27.729153 53.947661
27.728963 53.947662
27.728278 53.947716
27.727768 53.94775
27.727756 53.947672
27.727596 53.947677
27.727545 53.947599
27.726697 53.94766
27.726674 53.947661
27.726317 53.947703
27.726353 53.947806
27.72646 53.948087
27.725556 53.94822
27.725064 53.947302
27.724148 53.947426
27.724195 53.9475
27.72418 53.947514
27.723991 53.947555
27.723979 53.947556
27.723937 53.947513
27.723857 53.947538
27.723993 53.947708
27.724191 53.947916
27.72462 53.948478
27.725037 53.948988
27.72578 53.950918
27.725987 53.951011
27.726428 53.950984
27.726426 53.950849
27.72673 53.950811
27.726703 53.950811
27.726679 53.950713
BRUSH(1,0)
REGION 1
13
27.727571 53.950768
27.72759 53.950763
27.727715 53.950756
27.727615 53.950237
27.727508 53.950231
27.727516 53.950233
27.726987 53.950261
27.727024 53.950409
27.727191 53.950402
27.727226 53.950642
27.727081 53.950661
27.727111 53.950816
27.727571 53.950768
BRUSH(1,0)
REGION 1
26
27.732052 53.95023
27.732052 53.950235
27.732179 53.950106
27.732183 53.950099
27.732479 53.949846
27.732618 53.949719
27.732629 53.949708
27.732951 53.949407
27.73297 53.949393
27.733105 53.949269
27.73312 53.949248
27.733307 53.949074
27.733334 53.949056
27.733502 53.948909
27.733513 53.948886
27.733731 53.948689
27.733738 53.948689
27.733854 53.948587
27.732769 53.948151
27.73275 53.948147
27.732619 53.94808
27.731657 53.947983
27.731083 53.948467
27.729731 53.949719
27.731786 53.950499
27.732052 53.95023
BRUSH(1,0)
REGION 1
28
27.737414 53.950615
27.737059 53.95057
27.737086 53.950381
27.738455 53.95046
27.738371 53.950665
27.73765 53.950621
27.737356 53.951384
27.737451 53.951395
27.738192 53.951496
27.738226 53.951491
27.738936 53.951581
27.739093 53.95098
27.739205 53.950218
27.739388 53.949167
27.738968 53.949133
27.736156 53.948838
27.735281 53.949572
27.735278 53.949579
27.735239 53.949568
27.734406 53.950238
27.734471 53.950272
27.734385 53.950328
27.732786 53.94977
27.732036 53.950417
27.731955 53.95055
27.732511 53.950783
27.737176 53.951345
27.737414 53.950615
BRUSH(1,0)
REGION 1
32
27.735957 53.948404
27.735951 53.948703
27.738776 53.949025
27.739401 53.949079
27.739429 53.948913
27.738937 53.948875
27.738958 53.94879
27.739446 53.948807
27.73956 53.948152
27.739547 53.9481
27.739413 53.948032
27.738457 53.947862
27.738446 53.947885
27.738414 53.947966
27.738312 53.948045
27.737885 53.947992
27.737896 53.947992
27.737888 53.947962
27.73775 53.94793
27.737705 53.94793
27.737652 53.94798
27.73756 53.948144
27.737458 53.948212
27.737235 53.948286
27.736866 53.948304
27.736688 53.948379
27.736593 53.948393
27.736456 53.948365
27.736318 53.94833
27.736181 53.948355
27.735969 53.948399
27.735957 53.948404
BRUSH(1,0)
REGION 1
32
27.740492 53.944557
27.740463 53.944595
27.740239 53.944655
27.740114 53.944728
27.740061 53.944937
27.740035 53.944944
27.740003 53.945066
27.740014 53.945057
27.739862 53.945525
27.739758 53.945661
27.739563 53.945837
27.739552 53.945846
27.739583 53.945889
27.739891 53.946062
27.74025 53.946298
27.740696 53.94654
27.742003 53.946993
27.744166 53.94764
27.744644 53.947743
27.744686 53.947727
27.744855 53.94718
27.744854 53.947121
27.745062 53.946441
27.744381 53.946227
27.743177 53.945817
27.741135 53.94516
27.740798 53.945045
27.740614 53.944981
27.740468 53.944878
27.740401 53.944771
27.740407 53.944688
27.740492 53.944557
BRUSH(1,0)
REGION 1
29
27.733577 53.945663
27.727281 53.945384
27.727352 53.94573
27.727419 53.945858
27.729522 53.945733
27.729524 53.94582
27.729936 53.945847
27.730349 53.945928
27.730422 53.94597
27.730446 53.946039
27.730594 53.946654
27.730682 53.946694
27.730774 53.946696
27.732371 53.946574
27.732253 53.945941
27.732519 53.94593
27.732546 53.945923
27.733927 53.945834
27.7339 53.945852
27.73413 53.946102
27.734203 53.946153
27.734225 53.946102
27.73421 53.945913
27.734185 53.945776
27.734183 53.945695
27.733897 53.945665
27.733889 53.945663
27.733592 53.945665
27.733577 53.945663
BRUSH(1,0)
REGION 1
10
27.726995 53.947119
27.726983 53.94709
27.726786 53.946718
27.726441 53.946763
27.726473 53.94685
27.725934 53.94695
27.726037 53.947181
27.726253 53.947569
27.727159 53.947527
27.726995 53.947119
BRUSH(1,0)
REGION 1
9
27.725977 53.948114
27.726292 53.948047
27.72604 53.947552
27.725724 53.947588
27.725743 53.947576
27.725344 53.947628
27.725628 53.948161
27.725966 53.948119
27.725977 53.948114
BRUSH(1,0)
REGION 1
15
27.72401 53.947115
27.72392 53.947201
27.723903 53.947334
27.723972 53.947371
27.724336 53.947286
27.724746 53.947198
27.72502 53.947163
27.724972 53.947028
27.724902 53.946948
27.724852 53.946932
27.724567 53.94699
27.724556 53.94699
27.724509 53.946961
27.723982 53.947066
27.72401 53.947115
BRUSH(1,0)
REGION 1
9
27.725351 53.946743
27.725666 53.946684
27.725368 53.946174
27.725076 53.946234
27.725076 53.946241
27.724752 53.946274
27.724997 53.946763
27.72534 53.946745
27.725351 53.946743
BRUSH(1,0)
REGION 1
14
27.724626 53.945992
27.724755 53.946218
27.725336 53.94608
27.724965 53.945372
27.724559 53.945224
27.724535 53.945206
27.724338 53.944784
27.724091 53.944833
27.724285 53.945277
27.724285 53.945281
27.724338 53.945434
27.724334 53.945443
27.724602 53.945963
27.724626 53.945992
BRUSH(1,0)
REGION 1
12
27.726098 53.943562
27.726106 53.943553
27.725831 53.943539
27.725855 53.943597
27.725896 53.944166
27.725919 53.94417
27.725926 53.944172
27.725927 53.944244
27.726731 53.944226
27.726721 53.943668
27.726681 53.943581
27.726098 53.943562
BRUSH(1,0)
REGION 1
22
27.724348 53.94471
27.724351 53.944712
27.724645 53.944713
27.724599 53.944091
27.724596 53.944091
27.72459 53.944019
27.724743 53.944011
27.725036 53.944
27.72504 53.943998
27.725256 53.943992
27.72526 53.943556
27.725005 53.943542
27.724997 53.943537
27.724704 53.943521
27.724696 53.943521
27.724246 53.943517
27.72423 53.943688
27.724234 53.943693
27.724188 53.943853
27.724188 53.943855
27.724157 53.944707
27.724348 53.94471
BRUSH(1,0)
REGION 1
11
27.724062 53.944687
27.724061 53.944676
27.723976 53.943712
27.72406 53.943718
27.724041 53.94351
27.72347 53.943531
27.723416 53.94352
27.72349 53.944691
27.723518 53.944767
27.724078 53.944754
27.724062 53.944687
BRUSH(1,0)
REGION 1
41
27.720803 53.947977
27.720898 53.947976
27.721167 53.947896
27.723343 53.94711
27.722554 53.946218
27.722165 53.945737
27.722079 53.945657
27.721789 53.9452
27.721754 53.945137
27.721743 53.945137
27.721609 53.945131
27.721334 53.945083
27.720511 53.945291
27.719561 53.945602
27.719289 53.945705
27.719203 53.945786
27.719227 53.945867
27.719447 53.946057
27.719712 53.946195
27.719642 53.946305
27.719658 53.94633
27.719739 53.94641
27.719876 53.946391
27.720108 53.946374
27.720337 53.946422
27.720565 53.946387
27.720653 53.946414
27.720624 53.946495
27.720399 53.946656
27.720384 53.94671
27.720482 53.946871
27.720454 53.946981
27.720333 53.947054
27.720197 53.947079
27.720189 53.94708
27.719915 53.94689
27.719696 53.946988
27.719613 53.947027
27.719519 53.947079
27.719765 53.947253
27.720803 53.947977
BRUSH(1,0)
REGION 1
22
27.714372 53.946559
27.713907 53.946798
27.714216 53.947028
27.714134 53.947109
27.713028 53.94766
27.713862 53.948138
27.715162 53.947528
27.714675 53.947099
27.715071 53.946881
27.715187 53.946815
27.715353 53.946727
27.715409 53.946645
27.71601 53.94637
27.715762 53.946158
27.715767 53.946178
27.715666 53.946098
27.715574 53.94628
27.714739 53.946625
27.714627 53.946576
27.714495 53.946626
27.714399 53.94657
27.714372 53.946559
BRUSH(1,0)
REGION 1
19
27.710008 53.946365
27.709884 53.946283
27.709492 53.946494
27.710987 53.947492
27.711667 53.947164
27.711693 53.947124
27.711623 53.947068
27.711535 53.947046
27.711305 53.947144
27.711217 53.947151
27.711148 53.947102
27.713028 53.946179
27.712854 53.945993
27.712348 53.94563
27.712191 53.945563
27.71126 53.946131
27.710824 53.946873
27.710694 53.946829
27.710008 53.946365
BRUSH(1,0)
REGION 1
25
27.714355 53.946458
27.714386 53.946474
27.714281 53.946403
27.714053 53.946217
27.714033 53.946137
27.714076 53.946002
27.714509 53.945711
27.715008 53.945499
27.715072 53.945445
27.714399 53.945069
27.714395 53.945062
27.713521 53.944497
27.713517 53.944497
27.713408 53.944369
27.713393 53.944376
27.711971 53.945165
27.712884 53.945761
27.712993 53.945705
27.713132 53.945789
27.712996 53.945878
27.713798 53.946396
27.714001 53.946508
27.714139 53.946561
27.714181 53.946547
27.714355 53.946458
BRUSH(1,0)
REGION 1
13
27.7123 53.94481
27.712824 53.944526
27.712824 53.944519
27.713311 53.94428
27.711047 53.942828
27.710056 53.943257
27.709577 53.943493
27.709517 53.943534
27.709544 53.943563
27.711628 53.94496
27.711744 53.945036
27.711836 53.945046
27.7123 53.94481
BRUSH(1,0)
REGION 1
9
27.710685 53.94457
27.710685 53.944561
27.709721 53.943895
27.709733 53.94391
27.709521 53.943806
27.707721 53.944754
27.709832 53.946139
27.711633 53.945198
27.710685 53.94457
BRUSH(1,0)
REGION 1
13
27.708887 53.943684
27.708898 53.943682
27.708758 53.943732
27.707423 53.944479
27.707404 53.944477
27.707316 53.944444
27.706818 53.944719
27.707084 53.944902
27.707172 53.944935
27.708467 53.944262
27.709478 53.943734
27.709224 53.943551
27.708887 53.943684
BRUSH(1,0)
REGION 1
11
27.708369 53.943224
27.70838 53.943226
27.706811 53.944069
27.707134 53.944288
27.707318 53.944343
27.707455 53.944333
27.709108 53.943471
27.708348 53.94293
27.708114 53.943037
27.708245 53.943115
27.708369 53.943224
BRUSH(1,0)
REGION 1
9
27.706699 53.943791
27.706507 53.94392
27.706688 53.944016
27.708129 53.943261
27.70796 53.943139
27.707805 53.94322
27.707729 53.943246
27.706726 53.94378
27.706699 53.943791
BRUSH(1,0)
REGION 1
8
27.706259 53.944081
27.70604 53.944211
27.706653 53.944641
27.706921 53.944514
27.707136 53.944411
27.706458 53.943968
27.706247 53.944091
27.706259 53.944081
BRUSH(1,0)
REGION 1
14
27.708082 53.94512
27.707627 53.944815
27.707325 53.944952
27.707291 53.945008
27.70733 53.945062
27.709369 53.946423
27.709739 53.946221
27.70965 53.946149
27.709642 53.94614
27.708899 53.945673
27.708591 53.945466
27.70859 53.945457
27.708074 53.945123
27.708082 53.94512
BRUSH(1,0)
REGION 1
9
27.707164 53.94556
27.707077 53.945594
27.708822 53.94673
27.709152 53.946465
27.707576 53.945393
27.707349 53.945486
27.707342 53.945493
27.707172 53.94556
27.707164 53.94556
BRUSH(1,0)
REGION 1
9
27.706409 53.94507
27.706405 53.945067
27.706315 53.945126
27.70698 53.945513
27.707499 53.945351
27.706745 53.944881
27.706564 53.944985
27.706567 53.944981
27.706409 53.94507
BRUSH(1,0)
REGION 1
36
27.705361 53.947218
27.705361 53.947236
27.705361 53.947249
27.705475 53.94741
27.70573 53.947652
27.705711 53.94764
27.706181 53.948193
27.70636 53.948183
27.707046 53.948188
27.707548 53.94816
27.707822 53.948149
27.709043 53.948063
27.709096 53.948052
27.709964 53.948008
27.709983 53.948004
27.710652 53.94795
27.710876 53.947875
27.710924 53.947821
27.710941 53.947715
27.710867 53.947578
27.709399 53.946609
27.708968 53.946819
27.708786 53.946844
27.708549 53.947001
27.708255 53.947185
27.70817 53.947116
27.708324 53.947009
27.70716 53.946223
27.706341 53.945951
27.704928 53.945559
27.704533 53.945625
27.704511 53.945636
27.7042 53.945732
27.704461 53.946086
27.704462 53.946095
27.705361 53.947218
BRUSH(1,0)
REGION 1
149
27.705395 53.941495
27.705799 53.941718
27.706234 53.942007
27.707889 53.942997
27.708327 53.942788
27.708369 53.942815
27.70849 53.942753
27.708405 53.942698
27.710057 53.941775
27.710312 53.941951
27.710263 53.941994
27.708625 53.942843
27.708552 53.942807
27.708435 53.942866
27.7085 53.942886
27.70929 53.94343
27.709397 53.943429
27.711044 53.942675
27.711456 53.942524
27.71217 53.942143
27.712536 53.941999
27.713654 53.941473
27.713268 53.941158
27.713427 53.94109
27.713805 53.941389
27.715853 53.940469
27.715659 53.94029
27.714321 53.940808
27.714212 53.940719
27.71552 53.940178
27.71464 53.939453
27.71456 53.939485
27.714541 53.939474
27.714543 53.939573
27.713865 53.93959
27.713864 53.939321
27.712502 53.939376
27.712553 53.94036
27.712412 53.940341
27.712353 53.939381
27.711573 53.939415
27.711572 53.939325
27.71236 53.93931
27.712289 53.938744
27.712624 53.938742
27.713244 53.938697
27.713147 53.938154
27.712576 53.938191
27.712416 53.938136
27.711845 53.9382
27.711708 53.938181
27.71163 53.9381
27.711533 53.937521
27.709857 53.937686
27.710071 53.939263
27.71011 53.939754
27.710162 53.939925
27.71173 53.939855
27.71169 53.939956
27.710164 53.940037
27.710173 53.940343
27.710245 53.940947
27.710382 53.940955
27.711862 53.940895
27.711837 53.940998
27.708012 53.941118
27.708018 53.941037
27.710027 53.940942
27.71005 53.940692
27.710029 53.940611
27.709934 53.940596
27.707894 53.940669
27.707209 53.940678
27.707226 53.940597
27.709784 53.940505
27.709917 53.940477
27.709984 53.940396
27.709924 53.940043
27.709836 53.940024
27.709654 53.940056
27.705701 53.940244
27.705749 53.940136
27.706741 53.940074
27.707111 53.940071
27.709162 53.939983
27.709896 53.939927
27.709922 53.939902
27.709892 53.939279
27.709768 53.938534
27.709692 53.938503
27.707622 53.938571
27.706655 53.938622
27.706647 53.938566
27.70673 53.938532
27.707 53.938492
27.709732 53.938397
27.709605 53.937256
27.709773 53.937259
27.709811 53.937495
27.709949 53.937515
27.710181 53.937491
27.710181 53.937273
27.710088 53.936977
27.710099 53.936756
27.709735 53.936601
27.709647 53.93659
27.709486 53.936715
27.709239 53.936986
27.709016 53.93708
27.70865 53.937071
27.708542 53.937206
27.708328 53.937365
27.707874 53.937532
27.707509 53.937592
27.707095 53.937615
27.706871 53.93769
27.70677 53.937799
27.706746 53.937934
27.706634 53.938045
27.706328 53.93821
27.705968 53.938309
27.705786 53.938315
27.7056 53.938347
27.705437 53.93844
27.705382 53.938549
27.705403 53.938629
27.705476 53.938672
27.705571 53.93866
27.705782 53.938537
27.706009 53.938453
27.706233 53.938438
27.706261 53.938519
27.706204 53.938733
27.706051 53.938922
27.705923 53.938986
27.705802 53.939016
27.705075 53.939919
27.705139 53.940099
27.705032 53.94034
27.704995 53.940585
27.704818 53.940712
27.705001 53.940727
27.705188 53.940773
27.705189 53.940802
27.705005 53.940931
27.704971 53.940987
27.705054 53.941147
27.704984 53.941255
27.705395 53.941495
BRUSH(1,0)
REGION 1
13
27.713579 53.94415
27.713704 53.944084
27.714361 53.943761
27.714357 53.943761
27.714512 53.943673
27.716223 53.942905
27.717805 53.942127
27.716008 53.940647
27.715913 53.940626
27.715826 53.940646
27.711201 53.942753
27.713394 53.944223
27.713579 53.94415
BRUSH(1,0)
REGION 1
43
27.721209 53.941023
27.721398 53.94095
27.72185 53.940857
27.722292 53.94065
27.722408 53.940362
27.722608 53.940228
27.721007 53.939037
27.720532 53.938719
27.720447 53.938611
27.72051 53.93853
27.720717 53.938365
27.718486 53.937544
27.718068 53.937374
27.717598 53.937302
27.716775 53.937008
27.716591 53.936935
27.714612 53.937001
27.714604 53.93721
27.714762 53.937313
27.717148 53.937251
27.717461 53.938998
27.717406 53.939131
27.717252 53.939233
27.716937 53.939291
27.715233 53.939436
27.715105 53.939493
27.715106 53.939574
27.715338 53.939786
27.715888 53.940268
27.716747 53.94107
27.717697 53.941822
27.718028 53.942045
27.718841 53.941676
27.71978 53.941196
27.719935 53.941094
27.720004 53.941129
27.720166 53.941265
27.720289 53.941336
27.720427 53.941351
27.720563 53.941312
27.72082 53.941185
27.721213 53.941023
27.721209 53.941023
BRUSH(1,0)
REGION 1
37
27.724342 53.942031
27.724312 53.942033
27.724366 53.941898
27.724482 53.94179
27.724837 53.941623
27.725044 53.941465
27.725181 53.941433
27.725455 53.941442
27.725637 53.941401
27.725851 53.94124
27.725929 53.941107
27.725945 53.940969
27.725921 53.940889
27.72579 53.940791
27.72556 53.94074
27.725465 53.940752
27.725101 53.941051
27.724871 53.941149
27.724642 53.941155
27.724463 53.941127
27.724328 53.941024
27.724191 53.941016
27.724053 53.940992
27.723964 53.940914
27.723945 53.940889
27.723977 53.940781
27.723937 53.940674
27.723853 53.940634
27.723803 53.940639
27.723751 53.940691
27.723749 53.940798
27.72367 53.94088
27.723289 53.941035
27.723001 53.941149
27.723307 53.941403
27.724126 53.942113
27.724342 53.942031
BRUSH(1,0)
REGION 1
29
27.722207 53.93976
27.722261 53.939787
27.722296 53.939623
27.7223 53.939618
27.722651 53.939432
27.722651 53.939457
27.722674 53.939456
27.72295 53.939536
27.723162 53.939689
27.723144 53.939746
27.722974 53.939848
27.722941 53.939904
27.722983 53.93992
27.72312 53.939894
27.723297 53.939794
27.723428 53.939897
27.723445 53.939978
27.723499 53.940034
27.723545 53.940033
27.724016 53.939954
27.724015 53.939914
27.724113 53.939882
27.724357 53.939646
27.72438 53.939646
27.72312 53.939233
27.722918 53.939271
27.722631 53.939156
27.721949 53.939562
27.722207 53.93976
BRUSH(1,0)
REGION 1
14
27.724037 53.943292
27.72401 53.943283
27.724013 53.942782
27.724014 53.942658
27.723961 53.942676
27.723874 53.942674
27.723596 53.942726
27.723393 53.942848
27.722946 53.943172
27.722879 53.943283
27.72326 53.943283
27.723262 53.94342
27.724013 53.943438
27.724037 53.943292
BRUSH(1,0)
REGION 1
8
27.724669 53.942631
27.72468 53.942629
27.724269 53.942625
27.724256 53.943389
27.725228 53.943439
27.725191 53.942653
27.72497 53.94263
27.724669 53.942631
BRUSH(1,0)
REGION 1
8
27.725803 53.942609
27.725796 53.942616
27.725411 53.942629
27.72546 53.943463
27.726603 53.943487
27.72663 53.942619
27.726112 53.942616
27.725803 53.942609
BRUSH(1,0)
REGION 1
33
27.727615 53.942551
27.727582 53.942645
27.726802 53.942668
27.726901 53.943535
27.728426 53.943609
27.729401 53.943627
27.729545 53.942296
27.729331 53.942243
27.729482 53.941743
27.72966 53.941733
27.729616 53.94157
27.729519 53.941494
27.728323 53.941052
27.728273 53.941041
27.728243 53.941666
27.728242 53.941661
27.72806 53.941667
27.727599 53.94169
27.727409 53.941686
27.727409 53.941707
27.727433 53.941949
27.727495 53.942003
27.727632 53.94204
27.72772 53.94204
27.727857 53.942019
27.72804 53.942056
27.728102 53.942136
27.728074 53.942247
27.727957 53.942315
27.727726 53.942397
27.727622 53.942508
27.727604 53.942564
27.727615 53.942551
BRUSH(1,0)
REGION 2
17
27.726318 53.941785
27.726181 53.941795
27.726105 53.941816
27.726109 53.941816
27.725884 53.941822
27.725852 53.942357
27.725871 53.942357
27.725871 53.942375
27.725829 53.942519
27.726426 53.942522
27.726445 53.942524
27.726478 53.942414
27.726601 53.942307
27.726622 53.942199
27.726552 53.941874
27.726497 53.94182
27.726318 53.941785
4
27.725829 53.942519
27.725828 53.942519
27.725828 53.942521
27.725829 53.942519
BRUSH(1,0)
REGION 1
24
27.731369 53.943768
27.731418 53.943754
27.731738 53.94377
27.732035 53.943782
27.732375 53.943814
27.732668 53.943828
27.732977 53.94385
27.733347 53.943871
27.733667 53.943884
27.734014 53.943905
27.734521 53.943922
27.734795 53.9439
27.7352 53.943812
27.735272 53.943762
27.735289 53.943681
27.734647 53.943332
27.734153 53.943144
27.733827 53.943032
27.730231 53.942788
27.730102 53.942789
27.729965 53.942801
27.729954 53.942831
27.729729 53.943643
27.731369 53.943768
BRUSH(1,0)
REGION 1
22
27.727568 53.937786
27.727889 53.937872
27.730046 53.93836
27.730095 53.938359
27.730287 53.938221
27.731131 53.93751
27.731179 53.937429
27.731147 53.937375
27.731021 53.937317
27.730838 53.937292
27.728039 53.936848
27.726912 53.93665
27.726821 53.936673
27.726435 53.937008
27.725812 53.937763
27.725805 53.937774
27.725417 53.938255
27.726455 53.938561
27.727365 53.937706
27.727502 53.937744
27.727564 53.937781
27.727568 53.937786
BRUSH(1,0)
REGION 1
59
27.735232 53.937961
27.735251 53.937975
27.735572 53.937382
27.735568 53.937382
27.734911 53.937262
27.734806 53.937337
27.734138 53.937258
27.734078 53.937312
27.733333 53.937177
27.733312 53.937076
27.733171 53.937053
27.733047 53.937161
27.732696 53.937116
27.73256 53.937151
27.732434 53.937149
27.731651 53.937017
27.731054 53.936848
27.73102 53.936825
27.730882 53.93679
27.730745 53.93678
27.72974 53.936577
27.729706 53.936631
27.729168 53.936527
27.728847 53.936479
27.728846 53.936427
27.728891 53.936409
27.72895 53.936278
27.728724 53.936226
27.728666 53.936374
27.728017 53.936275
27.727994 53.936259
27.728181 53.935863
27.728062 53.935814
27.728013 53.935862
27.727841 53.935827
27.727532 53.936206
27.727532 53.936197
27.727476 53.936236
27.727384 53.936254
27.72554 53.935973
27.725565 53.935852
27.725175 53.935775
27.725082 53.935882
27.724066 53.93569
27.723264 53.935585
27.723222 53.935556
27.723204 53.935421
27.723172 53.93534
27.722985 53.93529
27.722894 53.935299
27.72277 53.935408
27.722528 53.935704
27.722521 53.935758
27.724617 53.936091
27.727963 53.936649
27.728734 53.936792
27.732099 53.937372
27.734921 53.937819
27.735232 53.937961
BRUSH(1,0)
REGION 1
10
27.723866 53.937498
27.724249 53.937674
27.72455 53.937445
27.724143 53.937267
27.723667 53.937041
27.723628 53.936783
27.723353 53.936526
27.722759 53.936491
27.723083 53.937184
27.723866 53.937498
BRUSH(1,0)
REGION 1
26
27.724775 53.938129
27.724749 53.938129
27.724134 53.937838
27.723536 53.938247
27.723901 53.938413
27.723909 53.938422
27.723815 53.938494
27.722982 53.938151
27.721394 53.937448
27.721084 53.937846
27.722013 53.938233
27.723604 53.938857
27.723818 53.938699
27.724409 53.93892
27.724221 53.939094
27.72462 53.939267
27.724918 53.939065
27.724971 53.939096
27.725247 53.939171
27.725296 53.93916
27.725307 53.939135
27.725284 53.938919
27.725249 53.93865
27.725245 53.938434
27.725144 53.9383
27.724775 53.938129
BRUSH(1,0)
REGION 1
9
27.713064 53.93884
27.712489 53.938871
27.712508 53.939302
27.713346 53.939272
27.713349 53.939243
27.713345 53.939243
27.713269 53.938843
27.713269 53.938834
27.713064 53.93884
BRUSH(1,0)
REGION 1
23
27.746465 53.957776
27.746465 53.957769
27.746339 53.957756
27.745838 53.957618
27.745516 53.957544
27.745288 53.957532
27.744919 53.957579
27.744601 53.957689
27.744405 53.95782
27.744081 53.958027
27.744082 53.958036
27.745362 53.958702
27.745363 53.95872
27.745499 53.958692
27.745729 53.958749
27.745817 53.958746
27.745933 53.958674
27.746128 53.958515
27.74634 53.958401
27.746476 53.958351
27.746476 53.958344
27.746476 53.95834
27.746465 53.957776
BRUSH(1,0)
REGION 1
7
27.730157 53.939294
27.730218 53.939294
27.730445 53.938984
27.729935 53.938805
27.729882 53.938806
27.729621 53.939108
27.730157 53.939294
BRUSH(1,0)
REGION 1
9
27.721769 53.936495
27.721784 53.936506
27.722112 53.935886
27.721653 53.935761
27.721281 53.935592
27.720957 53.935396
27.719664 53.934818
27.718353 53.934965
27.721769 53.936495
BRUSH(1,0)
REGION 1
12
27.72271 53.936292
27.72271 53.936303
27.725043 53.936705
27.724765 53.937135
27.72546 53.937459
27.725248 53.937719
27.724619 53.937485
27.724303 53.937705
27.725306 53.938186
27.72664 53.936567
27.722517 53.935944
27.72271 53.936292
BRUSH(1,0)
REGION 1
23
27.639677 53.948396
27.639685 53.94843
27.63971 53.950475
27.639843 53.95044
27.640158 53.950347
27.640299 53.950328
27.640663 53.950189
27.641433 53.949953
27.641875 53.949701
27.642339 53.949351
27.642492 53.949159
27.642794 53.948674
27.642894 53.948242
27.642828 53.94789
27.642772 53.947703
27.642721 53.947593
27.642564 53.947495
27.642376 53.947472
27.642198 53.947488
27.642077 53.947554
27.641758 53.947682
27.641121 53.947894
27.639677 53.948396
BRUSH(1,0)
REGION 1
8
27.656468 53.972637
27.659353 53.973593
27.660062 53.97282
27.659066 53.972459
27.658698 53.972367
27.658056 53.972235
27.65717 53.971905
27.656468 53.972637
BRUSH(1,0)
REGION 1
10
27.659049 53.972342
27.660171 53.972745
27.661044 53.971958
27.659925 53.971591
27.658811 53.971458
27.657875 53.971119
27.657219 53.971831
27.657946 53.972117
27.658315 53.972198
27.659049 53.972342
BRUSH(1,0)
REGION 1
10
27.661823 53.97119
27.661826 53.97119
27.659074 53.9702
27.658898 53.970161
27.657932 53.971049
27.658709 53.971303
27.658802 53.971366
27.659855 53.971475
27.661089 53.971884
27.661823 53.97119
BRUSH(1,0)
REGION 1
6
27.665678 53.972378
27.666012 53.97252
27.666647 53.971861
27.666246 53.971732
27.666001 53.972046
27.665678 53.972378
BRUSH(1,0)
REGION 1
6
27.666742 53.971775
27.667168 53.971309
27.666942 53.971227
27.666851 53.971217
27.666453 53.971677
27.666742 53.971775
BRUSH(1,0)
REGION 1
23
27.675176 53.967881
27.675172 53.967874
27.675172 53.967879
27.673796 53.96765
27.673651 53.967896
27.673097 53.969063
27.673011 53.96914
27.672916 53.969156
27.672779 53.969211
27.672719 53.969256
27.672837 53.969494
27.673095 53.969926
27.673265 53.970328
27.673458 53.970518
27.673681 53.970626
27.673773 53.970635
27.675103 53.970392
27.674886 53.969876
27.674669 53.969365
27.674644 53.96923
27.674754 53.968962
27.674877 53.968514
27.675176 53.967881
BRUSH(1,0)
REGION 1
8
27.675593 53.967
27.675586 53.967
27.672857 53.966572
27.672762 53.966566
27.672441 53.967284
27.675269 53.967748
27.67559 53.967006
27.675593 53.967
BRUSH(1,0)
REGION 1
7
27.672791 53.966494
27.672849 53.9665
27.675645 53.966892
27.676022 53.966123
27.674722 53.965878
27.67319 53.965628
27.672791 53.966494
BRUSH(1,0)
REGION 1
7
27.669673 53.968232
27.669673 53.968235
27.669493 53.968467
27.669838 53.968569
27.669973 53.968408
27.670013 53.968316
27.669673 53.968232
BRUSH(1,0)
REGION 1
13
27.668866 53.968841
27.668806 53.968941
27.668827 53.968974
27.668287 53.969665
27.668216 53.969661
27.668057 53.969808
27.668364 53.969918
27.669157 53.969125
27.669234 53.968714
27.668942 53.968569
27.668724 53.96877
27.668859 53.968837
27.668866 53.968841
BRUSH(1,0)
REGION 1
8
27.669199 53.96921
27.669192 53.969217
27.668941 53.969513
27.669427 53.969647
27.669577 53.969469
27.670147 53.969625
27.670214 53.969515
27.669199 53.96921
BRUSH(1,0)
REGION 1
5
27.668049 53.970284
27.668282 53.970049
27.668061 53.969992
27.667861 53.970222
27.668049 53.970284
BRUSH(1,0)
REGION 1
5
27.66748 53.970955
27.667856 53.970551
27.66741 53.970398
27.667085 53.970829
27.66748 53.970955
BRUSH(1,0)
REGION 1
13
27.665289 53.971001
27.665304 53.97098
27.666028 53.970194
27.664384 53.969643
27.663902 53.96948
27.663096 53.970248
27.662273 53.971055
27.664271 53.971759
27.664335 53.971772
27.664493 53.971639
27.664717 53.971581
27.665186 53.971075
27.665289 53.971001
BRUSH(1,0)
REGION 1
14
27.667487 53.967147
27.667476 53.967134
27.667056 53.967285
27.665842 53.967748
27.665143 53.968376
27.663979 53.969385
27.664673 53.969628
27.664803 53.969655
27.666071 53.970093
27.666461 53.969641
27.667205 53.968907
27.667915 53.96824
27.667933 53.968145
27.667487 53.967147
BRUSH(1,0)
REGION 1
6
27.665756 53.967651
27.665764 53.967651
27.667444 53.967049
27.66707 53.96626
27.665251 53.966472
27.665756 53.967651
BRUSH(1,0)
REGION 1
12
27.663684 53.967921
27.663997 53.968043
27.664862 53.968414
27.665621 53.967735
27.665092 53.966509
27.664197 53.96657
27.662863 53.96664
27.662523 53.966745
27.661767 53.967482
27.662419 53.967696
27.663247 53.967798
27.663684 53.967921
BRUSH(1,0)
REGION 1
10
27.663823 53.969318
27.663814 53.969312
27.664762 53.968475
27.663615 53.967957
27.66224 53.967733
27.661688 53.967548
27.66082 53.968379
27.661682 53.968685
27.662523 53.968847
27.663823 53.969318
BRUSH(1,0)
REGION 1
11
27.662959 53.970166
27.662965 53.970166
27.663717 53.969389
27.66246 53.968939
27.661668 53.968739
27.66153 53.968724
27.660732 53.968456
27.659879 53.96927
27.660497 53.969518
27.661189 53.969578
27.662959 53.970166
BRUSH(1,0)
REGION 1
11
27.661909 53.971106
27.661905 53.971104
27.662891 53.970245
27.661243 53.969674
27.660743 53.969602
27.660644 53.96961
27.660265 53.969533
27.659797 53.969353
27.659101 53.969912
27.658966 53.970061
27.661909 53.971106
BRUSH(1,0)
REGION 1
21
27.654194 53.968871
27.654194 53.968878
27.6542 53.968997
27.654195 53.969698
27.654204 53.970345
27.654259 53.970696
27.654333 53.970803
27.654564 53.970957
27.654932 53.971101
27.655098 53.970968
27.655542 53.97059
27.655636 53.970479
27.6557 53.970212
27.655704 53.969967
27.655692 53.969614
27.655646 53.969376
27.655464 53.969159
27.655153 53.968992
27.654877 53.968917
27.654602 53.968889
27.654194 53.968871
BRUSH(1,0)
REGION 1
19
27.654076 53.968872
27.652654 53.968859
27.65267 53.970749
27.652719 53.970974
27.653072 53.971376
27.653349 53.971552
27.653993 53.971794
27.654131 53.971829
27.654222 53.971786
27.654304 53.97168
27.654651 53.971404
27.654816 53.971243
27.654815 53.971187
27.654719 53.971109
27.65435 53.970954
27.654192 53.970817
27.654097 53.970577
27.65406 53.969074
27.654076 53.968872
BRUSH(1,0)
REGION 1
23
27.651003 53.968832
27.651003 53.968839
27.650963 53.96903
27.65099 53.969571
27.650988 53.970189
27.651016 53.970785
27.651273 53.971184
27.651625 53.97175
27.652038 53.972126
27.652311 53.972252
27.652586 53.972314
27.65309 53.972345
27.653546 53.97223
27.653939 53.972012
27.654022 53.971929
27.653707 53.971802
27.653062 53.971511
27.65273 53.971219
27.652524 53.97095
27.652515 53.9703
27.652467 53.968853
27.651166 53.968817
27.651003 53.968832
BRUSH(1,0)
REGION 1
8
27.646993 53.965756
27.646989 53.965756
27.646801 53.965939
27.647272 53.966098
27.647351 53.966015
27.647282 53.965972
27.647315 53.96588
27.646993 53.965756
BRUSH(1,0)
REGION 1
9
27.646698 53.965924
27.646698 53.965919
27.64733 53.965338
27.647158 53.96527
27.646658 53.965544
27.64639 53.965435
27.646081 53.965662
27.646238 53.965771
27.646698 53.965924
BRUSH(1,0)
REGION 1
10
27.644905 53.964488
27.645881 53.965276
27.646927 53.964844
27.646822 53.964745
27.646123 53.964354
27.645811 53.964441
27.645388 53.964155
27.644948 53.964313
27.645037 53.964424
27.644905 53.964488
BRUSH(1,0)
REGION 1
7
27.671969 53.96381
27.671965 53.963794
27.6716 53.963808
27.671636 53.964234
27.672005 53.964154
27.671968 53.963952
27.671969 53.96381
BRUSH(1,0)
REGION 1
9
27.675894 53.960183
27.675875 53.960195
27.675132 53.960203
27.67506 53.960213
27.675084 53.960572
27.675221 53.960578
27.675241 53.960634
27.675889 53.960617
27.675894 53.960183
BRUSH(1,0)
REGION 1
13
27.672714 53.960142
27.672718 53.960142
27.672795 53.95965
27.672899 53.959474
27.671828 53.95948
27.671691 53.959494
27.671652 53.959712
27.672433 53.959708
27.672333 53.959909
27.671529 53.959913
27.671358 53.959932
27.671289 53.960146
27.672714 53.960142
BRUSH(1,0)
REGION 2
6
27.672526 53.958046
27.672484 53.958271
27.673246 53.958261
27.673302 53.958273
27.673354 53.958098
27.672526 53.958046
4
27.673302 53.958273
27.6733 53.95828
27.673303 53.958274
27.673302 53.958273
BRUSH(1,0)
REGION 1
6
27.673372 53.957981
27.673372 53.957986
27.673421 53.957743
27.672903 53.957714
27.672799 53.957946
27.673372 53.957981
BRUSH(1,0)
REGION 1
7
27.673569 53.956913
27.673565 53.956924
27.672679 53.956816
27.672534 53.957305
27.673382 53.957388
27.673493 53.957419
27.673569 53.956913
BRUSH(1,0)
REGION 1
45
27.685599 53.948892
27.685587 53.948889
27.685607 53.948939
27.685602 53.949098
27.685661 53.949476
27.685666 53.949799
27.685641 53.95042
27.685428 53.950882
27.685238 53.951177
27.684805 53.951773
27.684224 53.952394
27.684074 53.952588
27.68408 53.952694
27.684314 53.952785
27.685091 53.953008
27.685505 53.95316
27.686014 53.953295
27.686611 53.953453
27.6878 53.95373
27.688171 53.953795
27.688626 53.953911
27.689089 53.954017
27.690049 53.954241
27.690324 53.954264
27.690534 53.954049
27.691133 53.953398
27.691361 53.953123
27.691459 53.953046
27.691594 53.952883
27.69183 53.952612
27.69216 53.952311
27.692299 53.952124
27.692584 53.951853
27.69283 53.951501
27.692562 53.951399
27.692106 53.951271
27.691644 53.951177
27.691188 53.951031
27.690038 53.950633
27.689345 53.950381
27.689257 53.950379
27.688996 53.950232
27.688013 53.949775
27.687202 53.949325
27.685599 53.948892
BRUSH(1,0)
REGION 1
48
27.676963 53.950549
27.676974 53.950549
27.677657 53.950359
27.678703 53.949959
27.679154 53.949818
27.680385 53.949312
27.680762 53.949078
27.6812 53.948566
27.681634 53.948024
27.681708 53.947886
27.681653 53.947781
27.681515 53.947678
27.680867 53.947417
27.68051 53.947243
27.679691 53.946814
27.679114 53.946417
27.678986 53.946285
27.678394 53.94572
27.677964 53.945239
27.677536 53.944891
27.677268 53.94478
27.676717 53.944657
27.675847 53.944586
27.675299 53.944582
27.675021 53.944615
27.674611 53.944747
27.673569 53.94509
27.672929 53.945357
27.672337 53.94554
27.671655 53.945798
27.671023 53.946033
27.670799 53.94613
27.669844 53.946475
27.668749 53.946863
27.668572 53.946994
27.66854 53.947132
27.668564 53.947235
27.668609 53.947399
27.668844 53.947611
27.669295 53.947932
27.669668 53.948168
27.670539 53.948573
27.671178 53.94878
27.671593 53.948956
27.673063 53.949413
27.673522 53.949552
27.676959 53.950547
27.676963 53.950549
BRUSH(1,0)
REGION 1
7
27.675352 53.951598
27.675551 53.951438
27.674291 53.950988
27.674126 53.950958
27.674084 53.95119
27.674544 53.951331
27.675352 53.951598
BRUSH(1,0)
REGION 1
6
27.674738 53.952308
27.674734 53.952303
27.674164 53.952176
27.673984 53.952402
27.674666 53.952584
27.674738 53.952308
BRUSH(1,0)
REGION 1
42
27.692072 53.946608
27.691735 53.946497
27.690198 53.945953
27.688897 53.946309
27.687994 53.94655
27.687353 53.946756
27.686626 53.947047
27.686006 53.947375
27.685716 53.94759
27.685635 53.947752
27.685493 53.948458
27.685499 53.948564
27.685656 53.94866
27.686349 53.948865
27.686625 53.948951
27.686805 53.949027
27.687498 53.94925
27.687721 53.949352
27.688178 53.949569
27.688719 53.949847
27.688896 53.949927
27.689015 53.949987
27.689614 53.950272
27.690763 53.950647
27.691038 53.950724
27.691636 53.950928
27.691954 53.951027
27.692321 53.951099
27.692596 53.951174
27.693101 53.95129
27.693146 53.95127
27.69324 53.951164
27.693566 53.950838
27.693904 53.950459
27.694234 53.950133
27.694293 53.950027
27.694488 53.949808
27.694495 53.949792
27.696112 53.947927
27.695553 53.947727
27.693523 53.947047
27.692072 53.946608
BRUSH(1,0)
REGION 1
16
27.67318 53.960201
27.672948 53.960218
27.672166 53.960197
27.672075 53.96022
27.671847 53.960786
27.671788 53.960903
27.671817 53.961055
27.672053 53.961045
27.672328 53.961046
27.672463 53.960942
27.672443 53.960863
27.672736 53.960841
27.672735 53.960781
27.672672 53.960603
27.67316 53.960603
27.67318 53.960201
BRUSH(1,0)
REGION 1
10
27.730729 53.93406
27.730722 53.934055
27.729026 53.933755
27.728923 53.933989
27.729737 53.934144
27.729686 53.934264
27.730144 53.934369
27.730233 53.934231
27.730588 53.934285
27.730729 53.93406
BRUSH(1,0)
REGION 1
16
27.728927 53.933729
27.726182 53.933273
27.72606 53.933494
27.726312 53.933555
27.726172 53.933837
27.726584 53.933917
27.726747 53.93362
27.727121 53.933683
27.727148 53.933716
27.727458 53.933787
27.72751 53.93373
27.727831 53.933789
27.727798 53.933841
27.728095 53.933882
27.728835 53.933931
27.728927 53.933729
BRUSH(1,0)
REGION 1
18
27.713626 53.934314
27.713671 53.934242
27.713212 53.933654
27.712959 53.933757
27.712411 53.933339
27.711649 53.933757
27.711013 53.933958
27.711492 53.934149
27.712148 53.934267
27.712141 53.934267
27.71248 53.934287
27.712552 53.934242
27.712859 53.933944
27.712946 53.933918
27.713084 53.933958
27.713399 53.934118
27.713626 53.934306
27.713626 53.934314
BRUSH(1,0)
REGION 1
11
27.727991 53.93266
27.726389 53.932429
27.726133 53.933084
27.728966 53.933571
27.728998 53.933425
27.728994 53.933421
27.727989 53.933226
27.72807 53.933019
27.727867 53.932982
27.727976 53.93266
27.727991 53.93266
BRUSH(1,0)
REGION 1
34
27.715461 53.931031
27.715443 53.93104
27.715373 53.931189
27.716156 53.931341
27.715993 53.931625
27.716524 53.931741
27.716752 53.931507
27.717337 53.931631
27.717459 53.931401
27.718234 53.931577
27.718361 53.931632
27.718636 53.931673
27.718686 53.931696
27.718634 53.931806
27.718609 53.931885
27.71869 53.931967
27.718706 53.93199
27.719402 53.932168
27.719691 53.931717
27.719541 53.931612
27.719269 53.931497
27.719085 53.931469
27.718629 53.931471
27.718491 53.931449
27.718326 53.931365
27.718321 53.931262
27.717939 53.931228
27.717588 53.931176
27.717577 53.931174
27.716894 53.931106
27.716909 53.931106
27.716567 53.931094
27.716151 53.931056
27.715461 53.931031
BRUSH(1,0)
REGION 1
39
27.704711 53.93136
27.7047 53.931365
27.705314 53.931395
27.705333 53.931397
27.707596 53.931502
27.707774 53.930521
27.705838 53.930363
27.705951 53.929385
27.706508 53.929409
27.706525 53.929322
27.706548 53.929319
27.706567 53.928876
27.706592 53.928715
27.705831 53.928079
27.704398 53.927983
27.704398 53.928188
27.704569 53.9282
27.704558 53.928205
27.704553 53.928362
27.70426 53.92835
27.704133 53.929025
27.704164 53.929031
27.704012 53.929066
27.703944 53.92906
27.70394 53.928844
27.703144 53.928812
27.702998 53.929465
27.70341 53.929528
27.703407 53.929528
27.703365 53.929997
27.703628 53.93003
27.703636 53.93003
27.703611 53.930158
27.702927 53.930231
27.702914 53.930357
27.703477 53.931316
27.704444 53.931092
27.704609 53.931359
27.704711 53.93136
BRUSH(1,0)
REGION 1
18
27.722139 53.93242
27.722021 53.9326
27.722028 53.932595
27.721995 53.932659
27.722446 53.932762
27.722479 53.932725
27.722907 53.932806
27.722774 53.933027
27.723129 53.933115
27.723316 53.932916
27.723886 53.933041
27.723834 53.933133
27.724338 53.933241
27.724379 53.933164
27.72457 53.933205
27.724681 53.933
27.722927 53.93259
27.722139 53.93242
BRUSH(1,0)
REGION 1
15
27.725375 53.931911
27.725099 53.931814
27.724687 53.931747
27.724137 53.931642
27.723633 53.931539
27.723446 53.93154
27.723295 53.93164
27.723278 53.931719
27.723297 53.931759
27.723297 53.931752
27.72631 53.932263
27.726539 53.931837
27.725531 53.931675
27.725379 53.931911
27.725375 53.931911
BRUSH(1,0)
REGION 1
20
27.733847 53.934473
27.733847 53.93448
27.734045 53.934216
27.732243 53.933932
27.732393 53.93361
27.732397 53.933596
27.731527 53.93346
27.731515 53.933467
27.731289 53.933839
27.73061 53.933724
27.730585 53.933607
27.7301 53.933531
27.730059 53.933567
27.729654 53.933498
27.729653 53.933444
27.729145 53.933348
27.729145 53.93335
27.729062 53.9336
27.73183 53.934083
27.733847 53.934473
BRUSH(1,0)
REGION 1
43
27.673268 53.923728
27.673382 53.923705
27.674085 53.92362
27.6751 53.923587
27.675051 53.923105
27.675457 53.922566
27.675568 53.922158
27.675281 53.922081
27.675225 53.922111
27.675217 53.922111
27.674323 53.921853
27.674319 53.921853
27.674215 53.921807
27.674577 53.92136
27.674494 53.921151
27.674008 53.921013
27.673688 53.921203
27.673301 53.921515
27.672639 53.921762
27.672224 53.922236
27.671275 53.922607
27.670078 53.922937
27.670004 53.92303
27.669868 53.9231
27.669367 53.923202
27.668932 53.923361
27.668737 53.923564
27.668628 53.923644
27.668613 53.923662
27.668889 53.923784
27.668956 53.923932
27.670127 53.924336
27.670125 53.924231
27.670018 53.924195
27.6701 53.924087
27.670221 53.92399
27.67048 53.924051
27.670522 53.924046
27.670595 53.924091
27.670558 53.924125
27.670244 53.924239
27.670288 53.9244
27.673268 53.923728
BRUSH(1,0)
REGION 1
21
27.665765 53.924241
27.666424 53.924047
27.667828 53.923839
27.667847 53.923837
27.66777 53.923732
27.668604 53.923545
27.668855 53.923314
27.669328 53.923157
27.669689 53.923081
27.669787 53.923047
27.669908 53.923003
27.669933 53.922891
27.6701 53.922852
27.670289 53.922806
27.671229 53.922544
27.670956 53.921892
27.667808 53.92301
27.666875 53.923242
27.665157 53.923596
27.665504 53.924137
27.665765 53.924241
BRUSH(1,0)
REGION 1
13
27.671234 53.922174
27.671711 53.922023
27.671653 53.921929
27.672312 53.921777
27.672603 53.921638
27.673189 53.921426
27.673588 53.921136
27.673864 53.920984
27.673403 53.92072
27.671907 53.921393
27.670993 53.921867
27.671126 53.922071
27.671234 53.922174
BRUSH(1,0)
REGION 1
24
27.670551 53.918471
27.669916 53.918021
27.669553 53.917707
27.669251 53.91783
27.669227 53.917814
27.669112 53.917738
27.66905 53.917682
27.668927 53.91758
27.668915 53.917571
27.6687 53.917669
27.668652 53.917727
27.668698 53.917767
27.668737 53.917808
27.668848 53.917892
27.668918 53.917962
27.66879 53.918025
27.669175 53.918324
27.669252 53.918391
27.66969 53.918645
27.669561 53.918697
27.66975 53.918864
27.669827 53.918922
27.670404 53.918596
27.670551 53.918471
BRUSH(1,0)
REGION 1
10
27.668974 53.917407
27.6684 53.916979
27.667884 53.916847
27.667764 53.916946
27.667774 53.917128
27.667961 53.917392
27.668276 53.917581
27.668375 53.917533
27.668551 53.917607
27.668974 53.917407
BRUSH(1,0)
REGION 1
22
27.672366 53.918223
27.672286 53.918268
27.67314 53.919075
27.673804 53.919388
27.674029 53.91944
27.673973 53.919539
27.674123 53.919608
27.674539 53.919684
27.674594 53.919588
27.674999 53.919668
27.675267 53.919276
27.675277 53.919233
27.675261 53.91917
27.675184 53.919119
27.675016 53.919089
27.674947 53.919069
27.674748 53.918998
27.67387 53.918772
27.673366 53.918669
27.672791 53.918412
27.672741 53.918381
27.672366 53.918223
BRUSH(1,0)
REGION 1
10
27.675567 53.91927
27.675206 53.919782
27.675836 53.91992
27.676329 53.920018
27.676528 53.919613
27.676172 53.919473
27.67619 53.91943
27.675942 53.919367
27.675858 53.919347
27.675567 53.91927
BRUSH(1,0)
REGION 1
38
27.675799 53.919954
27.675482 53.920339
27.675684 53.920401
27.675765 53.920421
27.676401 53.920721
27.676914 53.920929
27.677445 53.921027
27.677792 53.920812
27.6779 53.920708
27.677856 53.920335
27.677938 53.920231
27.678097 53.920163
27.678108 53.920127
27.67825 53.919756
27.677728 53.919707
27.677691 53.919799
27.67747 53.919776
27.677318 53.919988
27.677292 53.920024
27.67721 53.920168
27.677199 53.920191
27.677147 53.920252
27.677053 53.920553
27.677 53.920553
27.677014 53.920481
27.677046 53.920369
27.677104 53.9202
27.67739 53.919767
27.67739 53.919725
27.67738 53.919628
27.67677 53.919542
27.676575 53.919713
27.676487 53.919909
27.676443 53.920026
27.676406 53.920087
27.676349 53.920067
27.676276 53.920056
27.675799 53.919954
BRUSH(1,0)
REGION 1
19
27.678364 53.919766
27.678158 53.920194
27.678007 53.920267
27.677944 53.920362
27.677968 53.920696
27.677939 53.920759
27.6776 53.920981
27.677511 53.92113
27.67815 53.92131
27.678969 53.921411
27.679182 53.920927
27.679215 53.920853
27.6793 53.920664
27.679348 53.920589
27.679499 53.920283
27.679508 53.919888
27.67947 53.919881
27.679409 53.919875
27.678364 53.919766
BRUSH(1,0)
REGION 1
18
27.679758 53.919826
27.67974 53.919909
27.679584 53.92039
27.679323 53.920911
27.679301 53.920954
27.679132 53.921332
27.679136 53.921368
27.679175 53.921404
27.679221 53.921426
27.679902 53.921462
27.679959 53.921451
27.680001 53.921417
27.680105 53.921275
27.680326 53.920847
27.680352 53.920799
27.680812 53.919847
27.679956 53.919831
27.679758 53.919826
BRUSH(1,0)
REGION 1
26
27.680104 53.921459
27.680793 53.921495
27.681098 53.921525
27.68122 53.921531
27.681876 53.921581
27.681959 53.921359
27.681977 53.921289
27.682324 53.920397
27.682343 53.920357
27.682595 53.919729
27.682893 53.919574
27.68294 53.919433
27.682951 53.919388
27.682947 53.919361
27.682543 53.919329
27.681027 53.919699
27.681023 53.919711
27.680975 53.919803
27.680876 53.920019
27.68085 53.920058
27.68071 53.920339
27.680684 53.920393
27.680526 53.920715
27.680504 53.920756
27.680234 53.921249
27.680104 53.921459
BRUSH(1,0)
REGION 1
11
27.682902 53.919666
27.682755 53.919746
27.682656 53.919987
27.682627 53.920036
27.68229 53.920858
27.682714 53.920972
27.682988 53.920479
27.683053 53.920036
27.683193 53.919777
27.682967 53.919675
27.682902 53.919666
BRUSH(1,0)
REGION 1
7
27.682795 53.920356
27.682781 53.920417
27.682892 53.920426
27.682873 53.920459
27.682961 53.920466
27.682978 53.920373
27.682795 53.920356
BRUSH(1,0)
REGION 1
13
27.682973 53.919122
27.683555 53.919121
27.683745 53.91864
27.683775 53.918588
27.684424 53.917093
27.683829 53.91702
27.683616 53.91749
27.683598 53.917531
27.68336 53.918107
27.683327 53.91817
27.68325 53.918393
27.683217 53.918447
27.682973 53.919122
BRUSH(1,0)
REGION 1
23
27.682746 53.919207
27.68343 53.917509
27.683456 53.917437
27.683529 53.917284
27.683555 53.917214
27.683861 53.916842
27.684116 53.9164
27.684127 53.91636
27.684126 53.91634
27.683894 53.916341
27.683954 53.916051
27.683961 53.916008
27.684126 53.915414
27.683119 53.915258
27.681943 53.91779
27.681914 53.917859
27.681899 53.917891
27.681873 53.917929
27.681583 53.9186
27.681561 53.918641
27.681139 53.919566
27.681242 53.919579
27.682746 53.919207
BRUSH(1,0)
REGION 1
40
27.682866 53.914633
27.68266 53.914618
27.682485 53.914615
27.681761 53.914556
27.681643 53.914552
27.681266 53.914545
27.681224 53.915244
27.681218 53.915307
27.681196 53.915624
27.681186 53.915678
27.681101 53.916296
27.681101 53.916332
27.681023 53.916665
27.680823 53.917255
27.680794 53.917315
27.680747 53.917446
27.680713 53.917511
27.680673 53.91761
27.680644 53.917664
27.680581 53.917808
27.680556 53.917872
27.680475 53.918049
27.681505 53.918223
27.681549 53.918149
27.681568 53.918108
27.681855 53.917498
27.681884 53.917424
27.682251 53.916622
27.682269 53.916568
27.682354 53.916397
27.682376 53.916345
27.682493 53.916052
27.682512 53.916023
27.682585 53.915854
27.682614 53.915771
27.682849 53.915253
27.682863 53.915201
27.682955 53.914976
27.682866 53.914635
27.682866 53.914633
BRUSH(1,0)
REGION 1
18
27.680396 53.918144
27.680374 53.918192
27.680356 53.91825
27.680107 53.91884
27.680072 53.918995
27.680057 53.91904
27.679919 53.919425
27.679875 53.919504
27.679819 53.919628
27.679813 53.919691
27.679897 53.919695
27.680433 53.919712
27.680616 53.919711
27.680814 53.919719
27.681193 53.918912
27.681229 53.918822
27.68145 53.918334
27.680396 53.918144
BRUSH(1,0)
REGION 1
17
27.679661 53.919698
27.679921 53.918841
27.679501 53.918749
27.679436 53.918736
27.678703 53.918601
27.678528 53.918564
27.678211 53.918525
27.6782 53.91855
27.678193 53.918604
27.678058 53.918966
27.67804 53.919016
27.677794 53.919563
27.678984 53.919727
27.679136 53.919737
27.679349 53.919736
27.67941 53.919736
27.679661 53.919698
BRUSH(1,0)
REGION 1
15
27.67992 53.918776
27.679997 53.918616
27.680012 53.918575
27.680069 53.918384
27.680092 53.918346
27.680205 53.918094
27.680175 53.918087
27.680095 53.918081
27.679858 53.918046
27.679801 53.918038
27.678695 53.917882
27.678608 53.917869
27.678505 53.917863
27.678256 53.918457
27.67992 53.918776
BRUSH(1,0)
REGION 1
11
27.680303 53.918028
27.680403 53.917854
27.680429 53.917796
27.680525 53.917616
27.68055 53.917537
27.680886 53.916666
27.680959 53.916261
27.680392 53.916242
27.680361 53.916914
27.680017 53.917982
27.680303 53.918028
BRUSH(1,0)
REGION 1
18
27.679869 53.917979
27.680235 53.916885
27.68024 53.916222
27.67963 53.916172
27.679554 53.916166
27.679276 53.916147
27.679233 53.916545
27.679063 53.916867
27.679033 53.916908
27.678786 53.917408
27.678746 53.917475
27.678731 53.917505
27.678716 53.917529
27.67869 53.91757
27.678657 53.917624
27.678561 53.917793
27.679167 53.917904
27.679869 53.917979
BRUSH(1,0)
REGION 1
17
27.680341 53.916148
27.680752 53.916168
27.680874 53.916178
27.680962 53.916182
27.681023 53.915003
27.681025 53.91494
27.681043 53.914405
27.680397 53.914427
27.680402 53.914744
27.680403 53.914786
27.680399 53.915283
27.680393 53.915328
27.680395 53.915469
27.680396 53.915537
27.680367 53.915858
27.680364 53.915925
27.680341 53.916148
BRUSH(1,0)
REGION 1
13
27.681302 53.914429
27.68152 53.914468
27.68165 53.914487
27.682792 53.914568
27.682693 53.914331
27.682639 53.914243
27.68248 53.913876
27.68247 53.913669
27.682469 53.913629
27.682469 53.913416
27.682477 53.912989
27.681305 53.912937
27.681302 53.914429
BRUSH(1,0)
REGION 1
22
27.68316 53.91517
27.684174 53.915306
27.684292 53.915045
27.685074 53.915204
27.685221 53.914912
27.684603 53.914798
27.6845 53.914774
27.684405 53.914761
27.684105 53.914772
27.684185 53.914599
27.684507 53.914473
27.685044 53.913394
27.684804 53.913371
27.683519 53.913666
27.683356 53.91344
27.683022 53.912995
27.682642 53.913078
27.682693 53.913387
27.682889 53.91395
27.683463 53.913924
27.683755 53.913873
27.68316 53.91517
BRUSH(1,0)
REGION 1
7
27.685188 53.914521
27.685336 53.91421
27.684828 53.914085
27.684689 53.91443
27.68467 53.914481
27.684869 53.9145
27.685188 53.914521
BRUSH(1,0)
REGION 1
26
27.681027 53.914343
27.681056 53.913053
27.681062 53.912961
27.681065 53.912925
27.680791 53.912911
27.68079 53.912877
27.682035 53.912913
27.682032 53.912706
27.682442 53.912695
27.682365 53.912367
27.682182 53.912384
27.681985 53.911979
27.680121 53.912445
27.680089 53.912567
27.680011 53.912679
27.680052 53.912872
27.679938 53.913333
27.679618 53.913288
27.679426 53.913649
27.679339 53.91395
27.679317 53.914438
27.680267 53.91441
27.680437 53.913367
27.680521 53.913377
27.680396 53.914351
27.681027 53.914343
BRUSH(1,0)
REGION 1
13
27.680257 53.914457
27.679359 53.9145
27.679132 53.914549
27.679133 53.91462
27.679142 53.914688
27.679144 53.914827
27.679145 53.914872
27.679121 53.91527
27.678998 53.915659
27.67873 53.915784
27.678643 53.916045
27.680204 53.916137
27.680257 53.914457
BRUSH(1,0)
REGION 1
22
27.679177 53.916166
27.678762 53.916134
27.678385 53.916581
27.678114 53.916522
27.677964 53.916667
27.67746 53.91726
27.677372 53.91724
27.676997 53.917831
27.676758 53.918324
27.676567 53.918507
27.676059 53.918829
27.675524 53.9187
27.675109 53.918949
27.675527 53.919115
27.676661 53.919403
27.677695 53.91955
27.677904 53.91905
27.67804 53.918564
27.678346 53.917918
27.678686 53.917316
27.679129 53.916498
27.679177 53.916166
BRUSH(1,0)
REGION 1
21
27.676831 53.916471
27.676651 53.916422
27.676376 53.916321
27.675568 53.916712
27.675027 53.916955
27.674526 53.917018
27.674527 53.917063
27.674998 53.917256
27.674575 53.917687
27.674362 53.917895
27.674177 53.918244
27.674769 53.918392
27.674405 53.918728
27.674987 53.918918
27.675311 53.918696
27.675427 53.918574
27.675412 53.918145
27.675324 53.918121
27.67547 53.917945
27.676129 53.917337
27.676831 53.916471
BRUSH(1,0)
REGION 1
20
27.67379 53.918577
27.673887 53.918441
27.674089 53.918223
27.674208 53.91806
27.674326 53.91781
27.674884 53.91727
27.674336 53.917031
27.673539 53.917109
27.673618 53.917583
27.673565 53.91759
27.67348 53.917269
27.67336 53.917119
27.672866 53.917178
27.672439 53.917365
27.671449 53.917541
27.671761 53.917753
27.67257 53.918164
27.673362 53.918451
27.673473 53.918486
27.67379 53.918577
BRUSH(1,0)
REGION 1
15
27.671274 53.91729
27.672103 53.917288
27.672525 53.91725
27.672858 53.917131
27.673066 53.917076
27.674985 53.916908
27.676363 53.916226
27.676295 53.916022
27.675595 53.91604
27.673826 53.916081
27.671392 53.916346
27.671104 53.916431
27.671003 53.916548
27.671044 53.916744
27.671274 53.91729
BRUSH(1,0)
REGION 1
9
27.676405 53.916049
27.67648 53.916201
27.67639 53.916269
27.676876 53.916417
27.677291 53.915997
27.677259 53.915862
27.676988 53.915841
27.676575 53.915922
27.676405 53.916049
BRUSH(1,0)
REGION 1
19
27.676241 53.915976
27.675503 53.913886
27.67517 53.91376
27.671499 53.913273
27.669826 53.914812
27.670471 53.915882
27.671136 53.916287
27.672747 53.916139
27.672792 53.915415
27.671505 53.915349
27.671706 53.913665
27.674638 53.913781
27.674577 53.914262
27.67361 53.914445
27.673481 53.915405
27.672948 53.915403
27.672906 53.916125
27.673791 53.916023
27.676241 53.915976
BRUSH(1,0)
REGION 1
9
27.673239 53.915312
27.673376 53.915311
27.673402 53.913797
27.673303 53.913802
27.671909 53.913742
27.671807 53.913743
27.671637 53.91526
27.672493 53.915285
27.673239 53.915312
BRUSH(1,0)
REGION 1
5
27.673631 53.914357
27.674493 53.914213
27.674539 53.913818
27.673619 53.913816
27.673631 53.914357
BRUSH(1,0)
REGION 1
7
27.669359 53.915594
27.669966 53.915474
27.669751 53.915084
27.669136 53.915209
27.669277 53.915437
27.669336 53.915572
27.669359 53.915594
BRUSH(1,0)
REGION 1
11
27.669219 53.914438
27.669275 53.913658
27.668493 53.913256
27.668272 53.913248
27.667656 53.913016
27.667065 53.913451
27.667805 53.913797
27.667966 53.91387
27.668457 53.914105
27.668553 53.91415
27.669219 53.914438
BRUSH(1,0)
REGION 1
6
27.661239 53.91063
27.661576 53.911055
27.661893 53.910914
27.661766 53.910573
27.661457 53.910562
27.661239 53.91063
BRUSH(1,0)
REGION 1
6
27.661025 53.910665
27.660359 53.911134
27.660547 53.911216
27.660853 53.911342
27.661461 53.911009
27.661025 53.910665
BRUSH(1,0)
REGION 1
12
27.660998 53.911344
27.6623 53.912118
27.663713 53.912701
27.664699 53.91301
27.665171 53.913239
27.66551 53.913295
27.665833 53.913017
27.661805 53.911166
27.661729 53.911137
27.661577 53.911134
27.661417 53.911148
27.660998 53.911344
BRUSH(1,0)
REGION 1
7
27.665508 53.912687
27.665833 53.912063
27.664944 53.911668
27.664805 53.911776
27.664097 53.911466
27.663612 53.911823
27.665508 53.912687
BRUSH(1,0)
REGION 1
9
27.664008 53.911421
27.663314 53.911054
27.663265 53.911093
27.663138 53.911015
27.663016 53.91096
27.662587 53.911285
27.662646 53.911415
27.663527 53.91179
27.664008 53.911421
BRUSH(1,0)
REGION 1
12
27.675705 53.91294
27.676743 53.913385
27.677207 53.913607
27.677471 53.913464
27.677405 53.913139
27.676882 53.912578
27.676625 53.912696
27.676437 53.912601
27.67666 53.912485
27.676575 53.912382
27.676042 53.912648
27.675705 53.91294
BRUSH(1,0)
REGION 1
12
27.67561 53.912985
27.675394 53.913224
27.675954 53.91378
27.677021 53.914561
27.676957 53.914884
27.677288 53.915082
27.677567 53.914953
27.677266 53.914707
27.677595 53.914546
27.676862 53.913933
27.676522 53.913373
27.67561 53.912985
BRUSH(1,0)
REGION 1
7
27.675257 53.91327
27.675115 53.913428
27.675417 53.913725
27.67688 53.914786
27.67688 53.914566
27.675886 53.913814
27.675257 53.91327
BRUSH(1,0)
REGION 1
12
27.673345 53.92067
27.672863 53.920312
27.672072 53.919581
27.670673 53.91852
27.670417 53.918663
27.670077 53.918851
27.670552 53.919262
27.671923 53.920299
27.672488 53.920617
27.672658 53.920569
27.673005 53.920832
27.673345 53.92067
BRUSH(1,0)
REGION 1
6
27.672015 53.920557
27.672279 53.921135
27.672914 53.920864
27.672308 53.920557
27.672151 53.92052
27.672015 53.920557
BRUSH(1,0)
REGION 1
8
27.648222 53.907314
27.649875 53.90788
27.650914 53.907908
27.650928 53.907861
27.650444 53.907538
27.648418 53.906938
27.648246 53.907105
27.648222 53.907314
BRUSH(1,0)
REGION 1
26
27.65261 53.908885
27.654874 53.909695
27.657507 53.910646
27.65777 53.91049
27.656961 53.90936
27.6557 53.908767
27.655713 53.908769
27.655128 53.908606
27.653476 53.908281
27.652068 53.908001
27.649848 53.907912
27.64944 53.907829
27.649343 53.907917
27.64954 53.907981
27.649621 53.907931
27.649994 53.908037
27.650844 53.908324
27.651043 53.908375
27.651608 53.908551
27.651399 53.908768
27.653082 53.909365
27.65313 53.909286
27.654628 53.909817
27.654719 53.909709
27.652561 53.908926
27.65261 53.908885
BRUSH(1,0)
REGION 1
6
27.656503 53.909025
27.656864 53.908752
27.65645 53.908581
27.655843 53.908607
27.65575 53.90872
27.656503 53.909025
BRUSH(1,0)
REGION 1
5
27.657082 53.909332
27.657401 53.909256
27.65723 53.908986
27.656767 53.909139
27.657082 53.909332
BRUSH(1,0)
REGION 1
7
27.63962 53.906235
27.639107 53.906736
27.639635 53.906918
27.640115 53.906468
27.640148 53.90643
27.639991 53.906365
27.63962 53.906235
BRUSH(1,0)
REGION 1
7
27.651967 53.898821
27.651722 53.898991
27.651821 53.899238
27.651746 53.899332
27.654831 53.900576
27.655297 53.900178
27.651967 53.898821
BRUSH(1,0)
REGION 1
8
27.654028 53.89954
27.6555 53.900098
27.655858 53.899827
27.656024 53.899729
27.65585 53.899566
27.656383 53.899092
27.655073 53.898551
27.654028 53.89954
BRUSH(1,0)
REGION 1
13
27.65196 53.898707
27.653951 53.8995
27.654341 53.899168
27.654295 53.899092
27.654966 53.898513
27.654287 53.898216
27.652256 53.897364
27.652156 53.897331
27.652069 53.897359
27.651758 53.897906
27.65129 53.898441
27.651835 53.898681
27.65196 53.898707
BRUSH(1,0)
REGION 1
11
27.651745 53.89874
27.651098 53.898539
27.650006 53.899919
27.654154 53.901092
27.654622 53.900626
27.651932 53.899511
27.651606 53.899383
27.651718 53.899223
27.651616 53.89899
27.651743 53.898888
27.651745 53.89874
BRUSH(1,0)
REGION 1
12
27.654889 53.901402
27.649965 53.899953
27.64913 53.90109
27.655157 53.902777
27.655165 53.902768
27.654522 53.902471
27.654454 53.902301
27.654387 53.902074
27.654481 53.901867
27.654606 53.901752
27.654889 53.901411
27.654889 53.901402
BRUSH(1,0)
REGION 1
33
27.655041 53.903274
27.655008 53.902944
27.653328 53.902475
27.653122 53.902757
27.653114 53.902744
27.652828 53.902689
27.652733 53.902822
27.652449 53.902974
27.651483 53.902714
27.651734 53.90243
27.651188 53.9023
27.651406 53.901978
27.650314 53.901645
27.65031 53.901634
27.648972 53.901259
27.647675 53.902921
27.647805 53.902963
27.647781 53.903087
27.647773 53.903087
27.646846 53.904168
27.646712 53.904308
27.646481 53.904628
27.646313 53.904609
27.646115 53.904868
27.646215 53.904908
27.646754 53.904865
27.648944 53.904772
27.651099 53.904662
27.6543 53.904545
27.655532 53.903602
27.655461 53.903425
27.655055 53.903268
27.655041 53.903274
BRUSH(1,0)
REGION 1
5
27.651055 53.896971
27.650692 53.897546
27.651485 53.89771
27.651835 53.897196
27.651055 53.896971
BRUSH(1,0)
REGION 1
16
27.652766 53.893808
27.654143 53.893075
27.65455 53.892882
27.654821 53.89262
27.655265 53.891167
27.653175 53.890938
27.653029 53.890927
27.651543 53.890495
27.650058 53.892233
27.650622 53.892423
27.651333 53.892785
27.65151 53.892739
27.652228 53.892389
27.652288 53.892427
27.651583 53.892786
27.652766 53.893808
BRUSH(1,0)
REGION 1
23
27.651689 53.894434
27.652653 53.893885
27.652057 53.893399
27.652132 53.893324
27.651515 53.892874
27.651242 53.892902
27.650575 53.892524
27.648474 53.891893
27.647463 53.89312
27.648784 53.893493
27.648773 53.893491
27.649071 53.89357
27.648869 53.894085
27.648783 53.894126
27.648218 53.894727
27.648253 53.894767
27.649471 53.895158
27.649638 53.895157
27.650252 53.895453
27.650384 53.895371
27.650793 53.89549
27.651684 53.89443
27.651689 53.894434
BRUSH(1,0)
REGION 1
5
27.650627 53.896077
27.650538 53.896253
27.651312 53.896451
27.651405 53.896237
27.650627 53.896077
BRUSH(1,0)
REGION 1
9
27.650607 53.896005
27.651446 53.896163
27.652271 53.89495
27.652459 53.894809
27.653326 53.894293
27.652802 53.893961
27.65177 53.894487
27.650922 53.895498
27.650607 53.896005
BRUSH(1,0)
REGION 1
10
27.653474 53.894359
27.652567 53.894867
27.652374 53.895001
27.651586 53.896196
27.652358 53.896364
27.652925 53.895492
27.653147 53.895266
27.653478 53.895035
27.654017 53.894718
27.653474 53.894359
BRUSH(1,0)
REGION 1
5
27.651531 53.896281
27.65133 53.896608
27.65205 53.896829
27.652306 53.896448
27.651531 53.896281
BRUSH(1,0)
REGION 1
11
27.662225 53.899929
27.663581 53.901224
27.663762 53.901158
27.664016 53.901078
27.664582 53.900843
27.664097 53.900462
27.664218 53.900396
27.663822 53.900147
27.6635 53.899955
27.662908 53.899599
27.662225 53.899929
BRUSH(1,0)
REGION 1
5
27.662793 53.901233
27.662851 53.901242
27.66288 53.901199
27.662823 53.901188
27.662793 53.901233
BRUSH(1,0)
REGION 1
36
27.654676 53.900866
27.654687 53.900864
27.654372 53.901129
27.655174 53.901409
27.65521 53.901483
27.655917 53.901745
27.656143 53.901799
27.656654 53.901835
27.657362 53.901869
27.657582 53.901697
27.657708 53.901717
27.657869 53.90179
27.658065 53.901865
27.659223 53.902256
27.660414 53.902704
27.660857 53.90236
27.660845 53.90236
27.661757 53.901582
27.66189 53.901593
27.66205 53.901585
27.662166 53.901513
27.659402 53.900362
27.658839 53.90083
27.658847 53.900821
27.658722 53.90086
27.658656 53.900822
27.65865 53.90082
27.659277 53.900311
27.656448 53.899134
27.655956 53.899563
27.65613 53.899735
27.655443 53.900301
27.657383 53.901083
27.657338 53.901126
27.655348 53.90031
27.654676 53.900866
BRUSH(1,0)
REGION 1
11
27.657223 53.894065
27.657777 53.894452
27.661104 53.892777
27.661831 53.892341
27.660832 53.891922
27.65924 53.892865
27.659194 53.892893
27.658788 53.893182
27.657913 53.893719
27.657857 53.893742
27.657223 53.894065
BRUSH(1,0)
REGION 1
21
27.658136 53.894345
27.658735 53.894712
27.659363 53.894244
27.660049 53.893876
27.660322 53.894072
27.661094 53.893776
27.661724 53.893245
27.662236 53.892941
27.661687 53.892621
27.661611 53.892581
27.661554 53.892615
27.661366 53.892712
27.661309 53.892742
27.661121 53.892853
27.661064 53.892878
27.660437 53.893169
27.659856 53.893435
27.659736 53.893494
27.658536 53.894147
27.658451 53.894197
27.658136 53.894345
BRUSH(1,0)
REGION 1
9
27.656213 53.891283
27.655403 53.891202
27.655204 53.892043
27.655196 53.892079
27.655153 53.892241
27.654932 53.892655
27.655736 53.89279
27.655902 53.892536
27.656213 53.891283
BRUSH(1,0)
REGION 1
11
27.655893 53.892823
27.656277 53.892902
27.656336 53.892823
27.656734 53.892881
27.656866 53.892654
27.656917 53.892472
27.657195 53.891334
27.656381 53.891273
27.656138 53.892209
27.65602 53.892539
27.655893 53.892823
BRUSH(1,0)
REGION 1
16
27.656621 53.893019
27.655816 53.892877
27.655615 53.893119
27.655395 53.893322
27.655187 53.893436
27.654867 53.893628
27.654622 53.893742
27.654447 53.893831
27.6536 53.8943
27.654182 53.894641
27.655666 53.893878
27.655868 53.89374
27.656098 53.893581
27.656334 53.893369
27.656507 53.893208
27.656621 53.893019
BRUSH(1,0)
REGION 1
16
27.65569 53.892853
27.654898 53.892705
27.654688 53.892906
27.654175 53.893199
27.65293 53.893848
27.653473 53.89422
27.654162 53.893868
27.654238 53.893834
27.655148 53.893364
27.655301 53.89326
27.655362 53.89321
27.655415 53.893154
27.655538 53.893029
27.65561 53.892973
27.655662 53.892878
27.65569 53.892853
BRUSH(1,0)
REGION 1
8
27.669121 53.890232
27.666837 53.891705
27.66587 53.892346
27.665069 53.893168
27.666143 53.893277
27.668266 53.89194
27.670065 53.890748
27.669121 53.890232
BRUSH(1,0)
REGION 1
6
27.670145 53.890777
27.668309 53.891975
27.666253 53.893276
27.667784 53.893409
27.671066 53.891302
27.670145 53.890777
BRUSH(1,0)
REGION 1
5
27.671154 53.891326
27.667838 53.893429
27.669074 53.893691
27.672075 53.891828
27.671154 53.891326
BRUSH(1,0)
REGION 1
5
27.672148 53.891886
27.669154 53.893729
27.670376 53.894008
27.673125 53.892371
27.672148 53.891886
BRUSH(1,0)
REGION 1
6
27.673187 53.892408
27.670487 53.894041
27.671639 53.894306
27.673083 53.893548
27.674134 53.892911
27.673187 53.892408
BRUSH(1,0)
REGION 1
9
27.676165 53.89172
27.674253 53.892948
27.673503 53.893375
27.671682 53.894337
27.672354 53.894515
27.673579 53.893846
27.67471 53.893253
27.676724 53.892009
27.676165 53.89172
BRUSH(1,0)
REGION 1
5
27.676208 53.891596
27.675265 53.891081
27.673278 53.892363
27.674213 53.892838
27.676208 53.891596
BRUSH(1,0)
REGION 1
5
27.675165 53.891036
27.674233 53.890527
27.672253 53.891816
27.673197 53.892307
27.675165 53.891036
BRUSH(1,0)
REGION 1
5
27.646574 53.921235
27.64674 53.921679
27.647158 53.921625
27.646991 53.921181
27.646574 53.921235
BRUSH(1,0)
REGION 1
5
27.647314 53.921117
27.6475 53.921576
27.649011 53.921364
27.648825 53.920904
27.647314 53.921117
BRUSH(1,0)
REGION 1
5
27.648924 53.920892
27.649109 53.921334
27.650339 53.921154
27.650154 53.920713
27.648924 53.920892
BRUSH(1,0)
REGION 1
7
27.65247 53.920896
27.65228 53.920412
27.650446 53.920662
27.650624 53.921115
27.651388 53.921009
27.651403 53.921043
27.65247 53.920896
BRUSH(1,0)
REGION 1
10
27.64874 53.920305
27.648914 53.920774
27.649871 53.920652
27.64985 53.920488
27.650303 53.920357
27.651045 53.920275
27.651139 53.920451
27.65229 53.920288
27.652096 53.919817
27.64874 53.920305
BRUSH(1,0)
REGION 1
6
27.649993 53.920637
27.65104 53.920465
27.650962 53.920327
27.650309 53.920398
27.649964 53.920494
27.649993 53.920637
BRUSH(1,0)
REGION 1
7
27.651995 53.919688
27.651835 53.919185
27.648284 53.919663
27.647336 53.919854
27.644816 53.920268
27.645082 53.920729
27.651995 53.919688
BRUSH(1,0)
REGION 1
7
27.651849 53.919102
27.651689 53.918616
27.644379 53.919576
27.644792 53.920212
27.647491 53.919764
27.64809 53.919617
27.651849 53.919102
BRUSH(1,0)
REGION 1
10
27.647597 53.918979
27.647255 53.918323
27.644941 53.918538
27.644583 53.918517
27.644467 53.918342
27.642748 53.918664
27.642757 53.919019
27.643018 53.919651
27.64435 53.919448
27.647597 53.918979
BRUSH(1,0)
REGION 1
6
27.644348 53.918291
27.64378 53.917953
27.643444 53.917928
27.642713 53.918129
27.642728 53.918592
27.644348 53.918291
BRUSH(1,0)
REGION 1
6
27.659286 53.922923
27.659539 53.923512
27.663291 53.922806
27.663077 53.922468
27.6609 53.922678
27.659286 53.922923
BRUSH(1,0)
REGION 1
18
27.644272 53.921742
27.644588 53.92203
27.64449 53.922066
27.644637 53.922247
27.644489 53.922295
27.644831 53.922471
27.644925 53.92241
27.645141 53.922602
27.645388 53.922603
27.645524 53.922526
27.645613 53.922588
27.646078 53.922431
27.646008 53.922294
27.645332 53.921649
27.644955 53.921619
27.644386 53.921496
27.64427 53.92165
27.644272 53.921742
BRUSH(1,0)
REGION 1
11
27.642574 53.929662
27.642807 53.929914
27.643076 53.929861
27.643262 53.929856
27.643316 53.929889
27.64342 53.929969
27.643515 53.929971
27.643577 53.930038
27.644547 53.929761
27.644128 53.929251
27.642574 53.929662
BRUSH(1,0)
REGION 1
8
27.642674 53.929955
27.642473 53.929723
27.64225 53.929616
27.641866 53.929656
27.641948 53.929737
27.6418 53.929785
27.642175 53.930165
27.642674 53.929955
BRUSH(1,0)
REGION 1
8
27.643094 53.930542
27.6434 53.930394
27.643357 53.930343
27.643535 53.930272
27.643173 53.929948
27.642941 53.929965
27.642513 53.930149
27.643094 53.930542
BRUSH(1,0)
REGION 1
5
27.64339 53.930506
27.643771 53.930758
27.644004 53.930528
27.643757 53.930325
27.64339 53.930506
BRUSH(1,0)
REGION 1
6
27.640521 53.923292
27.641348 53.923155
27.640762 53.921633
27.639925 53.921403
27.639776 53.92142
27.640521 53.923292
BRUSH(1,0)
REGION 1
6
27.646452 53.928861
27.646875 53.92941
27.647535 53.92928
27.647693 53.929127
27.647407 53.92863
27.646452 53.928861
BRUSH(1,0)
REGION 1
29
27.646082 53.92122
27.648793 53.920801
27.64863 53.920326
27.645129 53.920857
27.645149 53.920902
27.645027 53.920909
27.644565 53.920038
27.644208 53.920102
27.644108 53.920267
27.643224 53.920418
27.643415 53.920686
27.644151 53.920581
27.644147 53.920833
27.644309 53.921182
27.644309 53.921185
27.644538 53.921242
27.644625 53.921241
27.64472 53.921227
27.644872 53.921215
27.645089 53.921225
27.645177 53.921232
27.645337 53.921251
27.645478 53.921257
27.645588 53.921243
27.645706 53.921222
27.645835 53.921197
27.645956 53.921189
27.646075 53.92122
27.646082 53.92122
BRUSH(1,0)
REGION 1
5
27.640643 53.920097
27.639792 53.920198
27.640225 53.920634
27.640764 53.920554
27.640643 53.920097
BRUSH(1,0)
REGION 1
11
27.639475 53.920112
27.641249 53.919927
27.640894 53.919098
27.641015 53.919019
27.640833 53.91862
27.639945 53.918769
27.63943 53.918911
27.639438 53.918913
27.639448 53.919117
27.639473 53.919739
27.639475 53.920112
BRUSH(1,0)
REGION 1
7
27.641784 53.922043
27.641881 53.922402
27.642081 53.922569
27.642392 53.92248
27.642452 53.922187
27.642368 53.921927
27.641784 53.922043
BRUSH(1,0)
REGION 1
15
27.683835 53.921579
27.684672 53.921588
27.684713 53.921289
27.68472 53.921235
27.684801 53.920572
27.684975 53.920097
27.684982 53.920043
27.684981 53.920005
27.684997 53.919787
27.684944 53.919569
27.684416 53.919613
27.684401 53.919876
27.684341 53.919943
27.684273 53.919948
27.683835 53.921579
BRUSH(1,0)
REGION 1
20
27.685602 53.920255
27.685602 53.920464
27.68516 53.920469
27.685035 53.92047
27.684993 53.92047
27.684855 53.921573
27.685673 53.921571
27.685889 53.921076
27.685943 53.92108
27.685741 53.921559
27.686449 53.921582
27.686483 53.921283
27.687039 53.9213
27.687085 53.921105
27.687088 53.921062
27.687157 53.920646
27.687164 53.920599
27.687175 53.920345
27.686192 53.920256
27.685602 53.920255
BRUSH(1,0)
REGION 1
22
27.687196 53.921623
27.687544 53.921715
27.688025 53.921854
27.688799 53.921903
27.68883 53.921733
27.688879 53.921454
27.688944 53.921453
27.688872 53.92193
27.689184 53.921946
27.689393 53.921961
27.690018 53.921989
27.690059 53.921914
27.689779 53.921345
27.689725 53.921085
27.687212 53.920985
27.687173 53.921383
27.68755 53.921396
27.68766 53.9214
27.687999 53.921416
27.687973 53.921464
27.687231 53.921418
27.687196 53.921623
BRUSH(1,0)
REGION 1
31
27.687223 53.920951
27.689698 53.921049
27.689355 53.919843
27.689326 53.919468
27.689334 53.91929
27.689336 53.919198
27.689356 53.919025
27.689356 53.918978
27.689355 53.918931
27.687627 53.919116
27.687482 53.919128
27.687076 53.919155
27.687158 53.919561
27.687478 53.919562
27.687554 53.919561
27.687729 53.919562
27.687772 53.919877
27.687773 53.919942
27.687771 53.92005
27.688402 53.919976
27.688401 53.919938
27.688652 53.919939
27.688634 53.919971
27.687531 53.920213
27.687533 53.920356
27.688489 53.92043
27.688479 53.920486
27.688269 53.920476
27.688193 53.920476
27.68728 53.920461
27.687223 53.920951
BRUSH(1,0)
REGION 1
23
27.686996 53.919158
27.686794 53.919177
27.68524 53.919267
27.685153 53.920013
27.685288 53.920122
27.685384 53.92016
27.685536 53.920177
27.686275 53.920197
27.686355 53.920206
27.686865 53.920237
27.686873 53.920019
27.687432 53.920027
27.687434 53.920114
27.687605 53.920109
27.687684 53.920032
27.687713 53.91996
27.687711 53.919863
27.687638 53.919801
27.687497 53.919793
27.687483 53.919613
27.687064 53.919598
27.687024 53.919268
27.686996 53.919158
BRUSH(1,0)
REGION 1
8
27.685109 53.918964
27.685354 53.918583
27.685996 53.91665
27.685349 53.916631
27.685193 53.917115
27.684907 53.917757
27.684591 53.918913
27.685109 53.918964
BRUSH(1,0)
REGION 1
20
27.685351 53.919084
27.686221 53.919048
27.686469 53.919044
27.686571 53.919046
27.686979 53.919043
27.687134 53.918515
27.687144 53.918467
27.687349 53.917995
27.68736 53.917943
27.687513 53.917544
27.687532 53.917511
27.687671 53.917177
27.687248 53.917151
27.687056 53.916817
27.686245 53.916554
27.685564 53.918607
27.685388 53.918794
27.685362 53.918864
27.685342 53.919037
27.685351 53.919084
BRUSH(1,0)
REGION 1
28
27.68718 53.91902
27.687256 53.919022
27.687545 53.919036
27.687606 53.919035
27.689197 53.918824
27.689379 53.91881
27.689363 53.918702
27.689361 53.918592
27.689364 53.918551
27.689385 53.918439
27.689384 53.918401
27.689424 53.918039
27.689423 53.917998
27.689488 53.917526
27.689505 53.917448
27.689537 53.917302
27.689552 53.917243
27.689114 53.91723
27.689053 53.917228
27.688265 53.917208
27.688174 53.917204
27.687911 53.917205
27.687758 53.917615
27.68774 53.917673
27.687539 53.918202
27.687319 53.918675
27.687267 53.918765
27.68718 53.91902
BRUSH(1,0)
REGION 1
19
27.683187 53.925662
27.685161 53.926578
27.68551 53.926716
27.686126 53.926903
27.686252 53.926936
27.686757 53.927092
27.686936 53.927139
27.687585 53.927218
27.688518 53.927267
27.688914 53.924753
27.685338 53.924567
27.685132 53.924575
27.684946 53.924594
27.684817 53.92461
27.684597 53.924666
27.684325 53.924766
27.684095 53.924886
27.683824 53.92507
27.683187 53.925662
BRUSH(1,0)
REGION 1
17
27.689036 53.924773
27.688667 53.927281
27.688794 53.927373
27.691179 53.92753
27.692607 53.927609
27.693449 53.927652
27.693877 53.925668
27.693953 53.925676
27.693571 53.927673
27.693953 53.927772
27.694562 53.927987
27.695425 53.927481
27.695571 53.927347
27.695686 53.92714
27.695702 53.926976
27.695988 53.925189
27.689036 53.924773
BRUSH(1,0)
REGION 1
18
27.690626 53.925604
27.690511 53.926278
27.690998 53.92628
27.691345 53.926309
27.691486 53.925637
27.692587 53.925698
27.692781 53.925715
27.693147 53.925737
27.693158 53.925692
27.693348 53.925705
27.693369 53.925581
27.692683 53.925538
27.692683 53.9255
27.692587 53.925493
27.691144 53.925425
27.691128 53.925614
27.691025 53.92561
27.690626 53.925604
BRUSH(1,0)
REGION 1
12
27.648792 53.933763
27.647057 53.93329
27.647022 53.933232
27.645283 53.932758
27.645036 53.933036
27.644596 53.933909
27.644559 53.933964
27.644574 53.93399
27.644624 53.934017
27.648501 53.934353
27.648595 53.934068
27.648792 53.933763
BRUSH(1,0)
REGION 1
18
27.647856 53.932023
27.647892 53.931917
27.647891 53.931839
27.647894 53.931776
27.647912 53.931248
27.647896 53.931192
27.647859 53.931033
27.647799 53.930844
27.647122 53.930861
27.647016 53.930875
27.646837 53.930917
27.646838 53.930955
27.646835 53.931007
27.646844 53.931317
27.64714 53.931526
27.647222 53.93169
27.647264 53.931912
27.647856 53.932023
BRUSH(1,0)
REGION 1
17
27.647972 53.932153
27.648632 53.932275
27.648805 53.931861
27.64856 53.931811
27.648717 53.931109
27.648881 53.931113
27.648789 53.930612
27.648652 53.930613
27.648431 53.930625
27.648352 53.930635
27.648322 53.930424
27.648036 53.930427
27.648053 53.930537
27.64789 53.930545
27.647882 53.93081
27.647996 53.931259
27.647972 53.932153
BRUSH(1,0)
REGION 1
7
27.646742 53.930924
27.645752 53.930855
27.645576 53.931047
27.646313 53.931216
27.646339 53.931171
27.646758 53.931203
27.646742 53.930924
BRUSH(1,0)
REGION 1
7
27.647811 53.930103
27.647438 53.930136
27.647474 53.930464
27.647002 53.930489
27.647053 53.930835
27.647802 53.930786
27.647811 53.930103
BRUSH(1,0)
REGION 1
9
27.652326 53.935092
27.652523 53.93477
27.650646 53.934283
27.650604 53.934221
27.648933 53.933781
27.648728 53.93404
27.648426 53.935171
27.65232 53.93515
27.652326 53.935092
BRUSH(1,0)
REGION 1
5
27.652646 53.934818
27.652406 53.9351
27.652415 53.93515
27.653635 53.935141
27.652646 53.934818
BRUSH(1,0)
REGION 1
5
27.648494 53.934421
27.64514 53.93412
27.644898 53.93519
27.648331 53.935172
27.648494 53.934421
BRUSH(1,0)
REGION 1
39
27.691301 53.928493
27.691371 53.928084
27.691306 53.928075
27.691241 53.928107
27.689859 53.928027
27.689835 53.927987
27.68979 53.927987
27.689691 53.929425
27.690568 53.929474
27.690557 53.929535
27.689658 53.929486
27.689676 53.92989
27.690666 53.930587
27.690862 53.930719
27.69103 53.93094
27.691486 53.930953
27.692182 53.930898
27.693111 53.930937
27.693913 53.931088
27.695867 53.931135
27.695966 53.930719
27.695998 53.930343
27.695986 53.930078
27.695932 53.929834
27.695852 53.929598
27.695711 53.929312
27.695574 53.92911
27.695338 53.928849
27.695068 53.928635
27.69479 53.928432
27.69451 53.928286
27.694368 53.928212
27.694157 53.92811
27.693774 53.927987
27.693495 53.927905
27.693316 53.927877
27.691503 53.927788
27.691419 53.928499
27.691301 53.928493
BRUSH(1,0)
REGION 1
7
27.638853 53.89406
27.63907 53.893815
27.639044 53.893639
27.640157 53.892317
27.639794 53.892164
27.638833 53.891772
27.638853 53.89406
BRUSH(1,0)
REGION 1
67
27.520612 53.904301
27.519156 53.903968
27.518728 53.903849
27.51862 53.90397
27.518562 53.903955
27.518117 53.904469
27.518387 53.904533
27.518237 53.904695
27.518143 53.904734
27.518033 53.904752
27.517949 53.904768
27.5179 53.904807
27.517851 53.904847
27.517829 53.90491
27.51783 53.904962
27.517846 53.905041
27.518209 53.906113
27.518315 53.906406
27.518445 53.906781
27.51862 53.907324
27.518709 53.907584
27.521666 53.907266
27.521997 53.907332
27.526172 53.906896
27.526377 53.906902
27.526664 53.906384
27.526862 53.906062
27.526988 53.905821
27.527147 53.905532
27.527207 53.905409
27.527333 53.905177
27.527385 53.905089
27.527527 53.904853
27.527579 53.904758
27.527627 53.904618
27.527625 53.904511
27.527616 53.904407
27.527555 53.90434
27.527234 53.904294
27.526864 53.904175
27.524405 53.903449
27.524165 53.903378
27.523478 53.903195
27.523246 53.903485
27.523025 53.903767
27.522888 53.903968
27.52278 53.904204
27.522786 53.904314
27.522798 53.904408
27.522849 53.904482
27.522948 53.9045
27.523217 53.904505
27.523292 53.904698
27.523261 53.904712
27.523159 53.90475
27.523121 53.904791
27.523131 53.904852
27.523599 53.906426
27.523279 53.906466
27.522881 53.905068
27.52289 53.90505
27.522816 53.904979
27.522728 53.904939
27.522587 53.904901
27.521987 53.904719
27.520873 53.904372
27.520612 53.904301
BRUSH(1,0)
REGION 1
23
27.519067 53.903167
27.518742 53.903687
27.519204 53.903793
27.52243 53.904596
27.522468 53.904531
27.522509 53.904421
27.522514 53.904297
27.522509 53.904122
27.522544 53.903935
27.522611 53.903823
27.522704 53.903672
27.522775 53.903575
27.522903 53.903424
27.522921 53.903321
27.522889 53.90328
27.522219 53.902816
27.521347 53.902236
27.521168 53.902109
27.520906 53.901946
27.520704 53.901828
27.520103 53.901581
27.519936 53.901802
27.519067 53.903167
BRUSH(1,0)
REGION 1
5
27.521219 53.896992
27.520073 53.898432
27.522347 53.899125
27.523601 53.897741
27.521219 53.896992
BRUSH(1,0)
REGION 1
9
27.524486 53.898013
27.523738 53.897771
27.523614 53.897916
27.522496 53.899181
27.525993 53.900239
27.527228 53.898895
27.526975 53.898808
27.526101 53.898531
27.524486 53.898013
BRUSH(1,0)
REGION 1
7
27.526977 53.898022
27.526756 53.898266
27.526576 53.898498
27.52732 53.898713
27.528151 53.89792
27.527314 53.897637
27.526977 53.898022
BRUSH(1,0)
REGION 1
22
27.522445 53.895704
27.522194 53.895965
27.522359 53.89601
27.522468 53.896052
27.522991 53.896211
27.524018 53.89653
27.52453 53.896697
27.524658 53.89648
27.524811 53.896338
27.525092 53.896049
27.525193 53.895916
27.525409 53.895716
27.525544 53.895574
27.524581 53.895297
27.524425 53.895251
27.523531 53.894989
27.52341 53.894961
27.5232 53.894894
27.522814 53.895305
27.522783 53.895361
27.522509 53.895638
27.522445 53.895704
BRUSH(1,0)
REGION 1
23
27.524811 53.896338
27.524658 53.89648
27.524806 53.896588
27.525891 53.896935
27.52615 53.897015
27.526307 53.89705
27.52643 53.897203
27.527217 53.897428
27.527314 53.897307
27.527625 53.896973
27.52773 53.896849
27.528019 53.896526
27.528139 53.896398
27.528334 53.896163
27.527666 53.895946
27.527077 53.896025
27.52694 53.895996
27.525959 53.895704
27.525544 53.895574
27.525409 53.895716
27.525193 53.895916
27.525092 53.896049
27.524811 53.896338
BRUSH(1,0)
REGION 1
18
27.524658 53.89648
27.52453 53.896697
27.52441 53.896823
27.524173 53.897048
27.524104 53.897184
27.523857 53.897618
27.526339 53.898418
27.5264 53.898377
27.526512 53.89824
27.526715 53.898008
27.526843 53.897859
27.527217 53.897428
27.52643 53.897203
27.526307 53.89705
27.52615 53.897015
27.525891 53.896935
27.524806 53.896588
27.524658 53.89648
BRUSH(1,0)
REGION 1
16
27.522991 53.896211
27.522468 53.896052
27.522359 53.89601
27.522194 53.895965
27.522135 53.896058
27.521849 53.896351
27.521766 53.896441
27.521474 53.896739
27.521394 53.896838
27.523857 53.897618
27.524104 53.897184
27.524173 53.897048
27.52441 53.896823
27.52453 53.896697
27.524018 53.89653
27.522991 53.896211
BRUSH(1,0)
REGION 1
25
27.522101 53.891802
27.521528 53.891719
27.521283 53.892205
27.521255 53.892272
27.520943 53.892851
27.520891 53.892966
27.520623 53.89349
27.520594 53.893551
27.520353 53.894031
27.520844 53.894112
27.521224 53.894168
27.522239 53.894337
27.522505 53.894381
27.522996 53.894462
27.523382 53.894002
27.523451 53.893943
27.523899 53.893409
27.523993 53.893292
27.524496 53.892746
27.524575 53.892649
27.524882 53.892313
27.52476 53.892284
27.524808 53.892201
27.52418 53.892118
27.522101 53.891802
BRUSH(1,0)
REGION 1
30
27.524481 53.894884
27.525531 53.895201
27.527023 53.895632
27.527287 53.895485
27.527434 53.895325
27.527025 53.895194
27.527528 53.894682
27.527914 53.893638
27.528034 53.893501
27.528248 53.89325
27.528322 53.893145
27.527308 53.89287
27.527185 53.892826
27.526885 53.892738
27.526716 53.892691
27.526178 53.89255
27.526094 53.892519
27.525514 53.892348
27.525408 53.892443
27.525237 53.892394
27.524989 53.892687
27.524835 53.892841
27.524401 53.893375
27.524288 53.893492
27.523832 53.894018
27.523712 53.894144
27.523345 53.894568
27.523841 53.894707
27.523996 53.894747
27.524481 53.894884
BRUSH(1,0)
REGION 1
19
27.527528 53.894682
27.527025 53.895194
27.527434 53.895325
27.527287 53.895485
27.527023 53.895632
27.527672 53.895728
27.528835 53.896073
27.529829 53.894993
27.530324 53.894454
27.530891 53.893863
27.530696 53.893803
27.52999 53.893607
27.529883 53.893578
27.528494 53.893195
27.528322 53.893145
27.528248 53.89325
27.528034 53.893501
27.527914 53.893638
27.527528 53.894682
BRUSH(1,0)
REGION 1
15
27.532508 53.896951
27.532796 53.896573
27.532959 53.896246
27.533026 53.896143
27.533584 53.895114
27.533716 53.89472
27.533817 53.894598
27.531249 53.893898
27.529267 53.895995
27.529147 53.896095
27.529121 53.896151
27.529686 53.89633
27.532019 53.897036
27.532281 53.89706
27.532508 53.896951
BRUSH(1,0)
REGION 1
15
27.519459 53.900157
27.520001 53.900315
27.523689 53.901244
27.52437 53.900623
27.524834 53.900594
27.525127 53.900301
27.522426 53.899394
27.52229 53.899343
27.52193 53.89923
27.521807 53.899168
27.521059 53.898924
27.519887 53.898586
27.518976 53.899939
27.518932 53.900011
27.519459 53.900157
BRUSH(1,0)
REGION 1
15
27.553308 53.895882
27.553018 53.896092
27.552931 53.896165
27.552608 53.896431
27.55394 53.897074
27.55426 53.896833
27.554183 53.896797
27.554458 53.896576
27.554534 53.896602
27.555035 53.89622
27.55479 53.896111
27.554324 53.895909
27.553911 53.895736
27.553666 53.895625
27.553308 53.895882
BRUSH(1,0)
REGION 1
10
27.554382 53.895713
27.554948 53.895962
27.55517 53.896062
27.555734 53.895595
27.556362 53.895087
27.556045 53.894962
27.555257 53.894618
27.555062 53.894531
27.553842 53.895478
27.554382 53.895713
BRUSH(1,0)
REGION 1
23
27.555623 53.897796
27.55573 53.897852
27.556255 53.898146
27.556358 53.898179
27.556279 53.89824
27.557255 53.898712
27.55753 53.898852
27.55794 53.898475
27.558597 53.897859
27.558341 53.897757
27.557492 53.89737
27.556596 53.896954
27.556439 53.896867
27.556255 53.896772
27.555834 53.896576
27.555682 53.896516
27.555287 53.896313
27.555144 53.896431
27.554832 53.896693
27.554192 53.897206
27.554395 53.897306
27.555521 53.897862
27.555623 53.897796
BRUSH(1,0)
REGION 1
18
27.557894 53.895881
27.55771 53.895795
27.556872 53.895372
27.556704 53.895296
27.556502 53.895301
27.556085 53.895656
27.555991 53.895742
27.555449 53.896194
27.556731 53.896785
27.557186 53.896992
27.557795 53.897281
27.558709 53.897695
27.559167 53.897234
27.559678 53.896747
27.559486 53.896656
27.558996 53.896406
27.558763 53.896311
27.557894 53.895881
BRUSH(1,0)
REGION 1
27
27.558996 53.899492
27.558913 53.899547
27.559701 53.899936
27.559777 53.899904
27.56006 53.900031
27.560008 53.900076
27.560995 53.900532
27.561172 53.900387
27.561594 53.900087
27.562283 53.89958
27.562061 53.899478
27.561824 53.899367
27.561633 53.8993
27.56141 53.899189
27.561369 53.899228
27.561063 53.899078
27.561115 53.899033
27.560825 53.89892
27.560733 53.898867
27.560327 53.898675
27.559351 53.898222
27.559107 53.898111
27.558356 53.898835
27.558044 53.899135
27.558714 53.89946
27.558774 53.899413
27.558996 53.899492
BRUSH(1,0)
REGION 1
22
27.562698 53.899078
27.563368 53.898562
27.563734 53.898296
27.563244 53.898069
27.563129 53.898009
27.562769 53.897851
27.562651 53.897804
27.562123 53.897623
27.5616 53.897427
27.561325 53.897325
27.560484 53.897003
27.560304 53.896941
27.559388 53.897831
27.559249 53.897957
27.559976 53.898288
27.560091 53.89834
27.560569 53.89856
27.560688 53.898613
27.561124 53.898809
27.561928 53.89918
27.562314 53.899362
27.562698 53.899078
BRUSH(1,0)
REGION 1
46
27.55712 53.894894
27.556962 53.894983
27.557176 53.895074
27.557101 53.89513
27.557706 53.89544
27.557909 53.895315
27.558882 53.895821
27.560126 53.896444
27.560543 53.896619
27.560998 53.896792
27.562435 53.897351
27.562372 53.897417
27.562521 53.897472
27.563952 53.89811
27.564385 53.897787
27.564885 53.897412
27.564972 53.89734
27.565593 53.896881
27.565955 53.896609
27.566203 53.89642
27.5669 53.895891
27.566754 53.895835
27.566158 53.895587
27.565308 53.895197
27.564207 53.895598
27.563992 53.895455
27.563816 53.894823
27.563655 53.894707
27.563398 53.894528
27.563271 53.894443
27.563072 53.894366
27.562717 53.894262
27.562145 53.894116
27.561714 53.894055
27.561143 53.894006
27.560911 53.893989
27.56034 53.893956
27.560339 53.893873
27.560338 53.89381
27.560314 53.893705
27.56026 53.893615
27.559158 53.893149
27.558412 53.892797
27.557509 53.893264
27.555845 53.894215
27.55712 53.894894
BRUSH(1,0)
REGION 1
18
27.564966 53.898604
27.566202 53.899144
27.56633 53.899069
27.566443 53.898957
27.566714 53.898753
27.56677 53.898712
27.566853 53.89866
27.56691 53.898611
27.567109 53.898448
27.567252 53.898344
27.567723 53.897978
27.568027 53.897743
27.569146 53.896907
27.56724 53.896033
27.566901 53.8963
27.566363 53.896695
27.564274 53.898302
27.564966 53.898604
BRUSH(1,0)
REGION 1
15
27.567135 53.899524
27.567786 53.899826
27.567828 53.899844
27.568222 53.900015
27.568467 53.900126
27.568968 53.899805
27.569089 53.899726
27.569661 53.899325
27.569948 53.89912
27.570264 53.8989
27.570795 53.898529
27.571289 53.898199
27.569432 53.897018
27.566458 53.899246
27.567135 53.899524
BRUSH(1,0)
REGION 1
7
27.570716 53.898867
27.568738 53.900244
27.571275 53.901364
27.572309 53.900492
27.573755 53.899418
27.571542 53.898326
27.570716 53.898867
BRUSH(1,0)
REGION 1
18
27.56518 53.898965
27.565042 53.898903
27.564641 53.898718
27.564094 53.89848
27.563897 53.898609
27.562832 53.899416
27.562685 53.899529
27.563355 53.899847
27.564086 53.900203
27.564523 53.90041
27.565046 53.900032
27.564951 53.899981
27.565015 53.89994
27.565474 53.899622
27.565568 53.899547
27.565633 53.899571
27.565991 53.899323
27.56518 53.898965
BRUSH(1,0)
REGION 1
9
27.566078 53.899513
27.564903 53.900406
27.566817 53.901309
27.567875 53.900554
27.568252 53.90028
27.567831 53.900107
27.56653 53.899536
27.566228 53.8994
27.566078 53.899513
BRUSH(1,0)
REGION 1
19
27.567833 53.900828
27.567291 53.901199
27.567148 53.901296
27.567126 53.901368
27.567126 53.901408
27.567165 53.901464
27.567219 53.901505
27.567521 53.901649
27.569233 53.902506
27.569891 53.90281
27.570538 53.902228
27.571217 53.901591
27.570402 53.901224
27.570047 53.901073
27.569492 53.90082
27.569316 53.900735
27.569013 53.900595
27.568466 53.900358
27.567833 53.900828
BRUSH(1,0)
REGION 1
14
27.561613 53.900704
27.561455 53.900795
27.562803 53.901471
27.563184 53.901243
27.563107 53.901212
27.56379 53.900759
27.563885 53.90079
27.564292 53.900499
27.564093 53.900394
27.563392 53.900078
27.562994 53.899871
27.562814 53.899791
27.562283 53.900189
27.561613 53.900704
BRUSH(1,0)
REGION 1
15
27.567955 53.903925
27.568289 53.904098
27.568586 53.903879
27.568759 53.903743
27.569234 53.903395
27.56961 53.903106
27.569693 53.903049
27.568889 53.902644
27.566867 53.901652
27.565589 53.902489
27.565412 53.902611
27.565688 53.902756
27.566867 53.903357
27.567357 53.90359
27.567955 53.903925
BRUSH(1,0)
REGION 1
25
27.5741 53.896847
27.574183 53.89682
27.573331 53.896262
27.573554 53.896144
27.574433 53.896706
27.574527 53.896665
27.574988 53.896465
27.575363 53.896304
27.575729 53.896145
27.575907 53.896081
27.576391 53.895886
27.57607 53.895708
27.573969 53.894503
27.569809 53.896771
27.57084 53.897325
27.571663 53.897696
27.571835 53.897772
27.572081 53.897679
27.572447 53.897518
27.572659 53.897431
27.572977 53.897297
27.57314 53.897249
27.573453 53.897115
27.573794 53.896965
27.5741 53.896847
BRUSH(1,0)
REGION 1
38
27.573636 53.893247
27.573836 53.893151
27.574037 53.893049
27.574226 53.892979
27.574521 53.892851
27.574611 53.892811
27.574626 53.892745
27.574625 53.892703
27.574579 53.892647
27.574179 53.892359
27.573246 53.891714
27.572194 53.892023
27.570027 53.892642
27.569076 53.8929
27.566948 53.893599
27.566597 53.893743
27.566112 53.893909
27.566261 53.893937
27.566323 53.894016
27.566384 53.894051
27.566564 53.894145
27.566709 53.894203
27.566973 53.894311
27.567271 53.894425
27.567504 53.894513
27.567772 53.8946
27.567913 53.894651
27.568177 53.894715
27.568352 53.89475
27.568848 53.894891
27.568996 53.894823
27.569434 53.894592
27.570547 53.894261
27.570759 53.894192
27.57096 53.894124
27.571884 53.893837
27.572853 53.893504
27.573636 53.893247
BRUSH(1,0)
REGION 1
6
27.563784 53.892455
27.563208 53.892043
27.562812 53.892271
27.56172 53.89359
27.56299 53.893919
27.563784 53.892455
BRUSH(1,0)
REGION 1
7
27.565133 53.902485
27.566606 53.901489
27.565025 53.900744
27.564704 53.900589
27.564161 53.900973
27.563201 53.901649
27.565133 53.902485
BRUSH(1,0)
REGION 1
30
27.555404 53.898559
27.554925 53.899085
27.554396 53.899662
27.554238 53.899815
27.554114 53.899931
27.553934 53.900122
27.553507 53.9006
27.553759 53.900709
27.553943 53.900787
27.554019 53.900807
27.554486 53.900989
27.555346 53.901342
27.555658 53.901076
27.555854 53.900884
27.555963 53.900787
27.556098 53.900681
27.556163 53.900667
27.556546 53.900306
27.556932 53.8999
27.557476 53.89936
27.557232 53.899258
27.557115 53.899353
27.556805 53.899202
27.556952 53.899109
27.556688 53.898986
27.556583 53.899081
27.556303 53.898948
27.556431 53.898844
27.555517 53.898437
27.555404 53.898559
BRUSH(1,0)
REGION 1
30
27.557871 53.89957
27.557699 53.899487
27.557114 53.900092
27.556341 53.900913
27.55574 53.901462
27.555908 53.901508
27.555979 53.90146
27.556086 53.901494
27.556037 53.901539
27.556205 53.901596
27.55632 53.901636
27.556313 53.901711
27.55709 53.90206
27.557958 53.902424
27.558075 53.90236
27.558148 53.902383
27.558702 53.901994
27.559459 53.90146
27.559738 53.901268
27.560025 53.901067
27.560367 53.900829
27.55946 53.900362
27.559377 53.900394
27.559154 53.900282
27.559219 53.900235
27.558369 53.899814
27.558286 53.899855
27.558052 53.899744
27.558124 53.899687
27.557871 53.89957
BRUSH(1,0)
REGION 1
23
27.560731 53.901248
27.558997 53.902473
27.55907 53.902506
27.55884 53.902676
27.558746 53.902741
27.559052 53.902843
27.559232 53.902921
27.559329 53.902833
27.559475 53.902898
27.559381 53.902977
27.559595 53.903065
27.559708 53.902986
27.55985 53.903055
27.559725 53.903152
27.559851 53.903199
27.560165 53.903344
27.560282 53.903244
27.560628 53.902989
27.561288 53.902552
27.562166 53.901928
27.562347 53.901802
27.5609 53.901116
27.560731 53.901248
BRUSH(1,0)
REGION 1
23
27.56694 53.905082
27.566997 53.905034
27.567058 53.905063
27.567506 53.90472
27.567705 53.904573
27.567859 53.904419
27.567557 53.904272
27.567124 53.904063
27.56704 53.904023
27.566871 53.903934
27.566577 53.903787
27.566381 53.903676
27.564942 53.902989
27.564859 53.903032
27.564448 53.903299
27.562688 53.904529
27.565122 53.905654
27.565666 53.905905
27.565838 53.906005
27.566245 53.905714
27.566153 53.905665
27.566221 53.905633
27.56694 53.905082
BRUSH(1,0)
REGION 1
35
27.559796 53.904762
27.559845 53.904964
27.559874 53.905135
27.559905 53.905195
27.559922 53.905341
27.559942 53.905451
27.559986 53.905608
27.559999 53.905664
27.560008 53.905799
27.56012 53.905895
27.560224 53.905998
27.560485 53.905916
27.562468 53.905428
27.562699 53.905378
27.562847 53.90535
27.562976 53.905307
27.563089 53.905232
27.563149 53.905187
27.563172 53.905142
27.563171 53.905099
27.56317 53.905037
27.563128 53.905012
27.562481 53.904705
27.562075 53.904507
27.562033 53.904487
27.56131 53.904149
27.561248 53.904116
27.560479 53.903751
27.560226 53.90364
27.559963 53.903881
27.559922 53.903953
27.559276 53.904536
27.55967 53.904676
27.559784 53.904711
27.559796 53.904762
BRUSH(1,0)
REGION 1
25
27.558597 53.904937
27.558781 53.905322
27.558867 53.905524
27.558933 53.905625
27.558996 53.905817
27.559125 53.90608
27.559327 53.906072
27.559616 53.906059
27.559719 53.906059
27.55992 53.906062
27.559876 53.905863
27.559816 53.905677
27.559776 53.905502
27.559756 53.905416
27.559715 53.905192
27.559684 53.905147
27.559655 53.904999
27.559652 53.904741
27.559063 53.904575
27.558919 53.904544
27.558698 53.904514
27.558462 53.904506
27.558456 53.904652
27.558484 53.904739
27.558597 53.904937
BRUSH(1,0)
REGION 1
24
27.555605 53.90338
27.556061 53.903592
27.556 53.903632
27.556276 53.903737
27.556618 53.903477
27.557258 53.902971
27.557589 53.902711
27.557729 53.902591
27.557239 53.902387
27.556474 53.902042
27.556007 53.901824
27.555552 53.901633
27.555224 53.901897
27.555123 53.901992
27.554307 53.902681
27.554167 53.902794
27.554519 53.902954
27.554583 53.902882
27.55482 53.902973
27.554722 53.903039
27.554933 53.903125
27.555001 53.903159
27.555541 53.903412
27.555605 53.90338
BRUSH(1,0)
REGION 1
33
27.553153 53.900865
27.552869 53.900996
27.552522 53.901155
27.552736 53.901282
27.5526 53.901348
27.552685 53.901429
27.552788 53.901444
27.552709 53.901491
27.553057 53.901633
27.553117 53.901584
27.553438 53.901713
27.553491 53.901719
27.553828 53.901864
27.553697 53.901983
27.553609 53.901952
27.553473 53.902049
27.553568 53.902083
27.553437 53.902205
27.553465 53.902305
27.55331 53.902409
27.553647 53.902547
27.553884 53.902649
27.554143 53.902392
27.554282 53.902288
27.554361 53.902223
27.554824 53.901819
27.554877 53.901769
27.555177 53.901514
27.554986 53.90144
27.554455 53.901225
27.553916 53.901007
27.553372 53.900776
27.553153 53.900865
BRUSH(1,0)
REGION 1
28
27.553437 53.902205
27.553568 53.902083
27.553473 53.902049
27.553609 53.901952
27.553697 53.901983
27.553828 53.901864
27.553491 53.901719
27.553438 53.901713
27.553117 53.901584
27.553057 53.901633
27.552709 53.901491
27.552788 53.901444
27.552685 53.901429
27.5526 53.901348
27.552736 53.901282
27.552522 53.901155
27.552261 53.901255
27.552174 53.901296
27.551913 53.901407
27.551489 53.901587
27.551692 53.901673
27.551937 53.901791
27.552021 53.901834
27.552445 53.902007
27.552618 53.902091
27.55331 53.902409
27.553465 53.902305
27.553437 53.902205
BRUSH(1,0)
REGION 1
17
27.553048 53.902429
27.55247 53.902166
27.552294 53.902093
27.551793 53.901873
27.551514 53.901744
27.551418 53.901704
27.551052 53.90191
27.552451 53.903018
27.552763 53.903297
27.553177 53.903562
27.553354 53.903409
27.553583 53.903206
27.55345 53.903166
27.553479 53.903116
27.553693 53.902891
27.553809 53.902749
27.553048 53.902429
BRUSH(1,0)
REGION 1
22
27.556017 53.904046
27.556266 53.903867
27.556098 53.903796
27.556068 53.90383
27.55562 53.903614
27.554605 53.903127
27.554544 53.903105
27.554035 53.902873
27.553953 53.902986
27.553481 53.903534
27.553358 53.903696
27.553591 53.903801
27.553753 53.903924
27.553688 53.903969
27.55388 53.904071
27.554202 53.904254
27.554562 53.90447
27.554903 53.904657
27.555183 53.904788
27.555525 53.904488
27.555815 53.904237
27.556017 53.904046
BRUSH(1,0)
REGION 1
18
27.527931 53.906719
27.530074 53.906573
27.530185 53.906568
27.530241 53.906534
27.530237 53.906473
27.530164 53.906144
27.530159 53.906029
27.530297 53.904971
27.530315 53.904858
27.529985 53.904837
27.529672 53.904821
27.528937 53.904774
27.528812 53.905148
27.528698 53.90513
27.528554 53.9054
27.527801 53.906677
27.527848 53.906771
27.527931 53.906719
BRUSH(1,0)
REGION 1
23
27.533109 53.906184
27.533084 53.906012
27.533067 53.905879
27.533054 53.905787
27.533056 53.905598
27.53313 53.905486
27.53317 53.905367
27.533211 53.905288
27.533277 53.905052
27.533166 53.905045
27.532866 53.905029
27.532599 53.90501
27.531735 53.904946
27.531522 53.904927
27.531232 53.904908
27.53068 53.904863
27.530587 53.905273
27.530445 53.905835
27.530417 53.905974
27.530418 53.906109
27.53045 53.906216
27.530575 53.906434
27.533109 53.906184
BRUSH(1,0)
REGION 1
16
27.534347 53.90606
27.534469 53.906041
27.534559 53.906005
27.534646 53.905942
27.534954 53.905635
27.534991 53.905561
27.535042 53.905354
27.53507 53.905176
27.53344 53.90506
27.533375 53.905274
27.533282 53.905442
27.533189 53.905587
27.533172 53.905773
27.533194 53.905977
27.533223 53.906168
27.534347 53.90606
BRUSH(1,0)
REGION 1
16
27.537046 53.9059
27.537607 53.905735
27.537605 53.90563
27.537604 53.905567
27.5376 53.905491
27.537519 53.905399
27.537434 53.905323
27.537342 53.905294
27.53722 53.905281
27.537068 53.905262
27.536021 53.905163
27.535821 53.90533
27.536132 53.905506
27.536503 53.905702
27.536679 53.905771
27.537046 53.9059
BRUSH(1,0)
REGION 1
13
27.539137 53.905522
27.542255 53.905178
27.542232 53.905135
27.541581 53.904545
27.54147 53.904453
27.540977 53.903998
27.540773 53.90409
27.540622 53.904154
27.540304 53.904281
27.538522 53.905033
27.538034 53.905248
27.538199 53.905645
27.539137 53.905522
BRUSH(1,0)
REGION 1
50
27.53839 53.904851
27.538557 53.904774
27.539147 53.904522
27.540668 53.903875
27.53936 53.903093
27.538438 53.902623
27.537164 53.902067
27.536934 53.901965
27.536884 53.9019
27.536929 53.90183
27.537481 53.901563
27.5377 53.901454
27.537794 53.901382
27.537914 53.901249
27.53806 53.90103
27.538142 53.900931
27.539248 53.89965
27.540082 53.89862
27.540308 53.898412
27.540376 53.898356
27.540481 53.898292
27.540606 53.898258
27.541118 53.898128
27.54199 53.897895
27.540739 53.897359
27.540594 53.897335
27.5404 53.897334
27.540157 53.897357
27.539983 53.897383
27.539714 53.897451
27.539589 53.897492
27.539441 53.897549
27.538785 53.898248
27.538237 53.898844
27.537394 53.899816
27.537058 53.900296
27.536782 53.900759
27.536537 53.901212
27.536359 53.901543
27.5361 53.90216
27.535967 53.902729
27.535926 53.903149
27.535919 53.903486
27.535896 53.90374
27.535866 53.904656
27.535855 53.904989
27.53667 53.905046
27.537664 53.905131
27.5378 53.905121
27.53839 53.904851
BRUSH(1,0)
REGION 1
44
27.545238 53.904043
27.546448 53.903494
27.546898 53.903315
27.547076 53.903235
27.547908 53.902861
27.548777 53.902473
27.549345 53.902237
27.549474 53.902191
27.550029 53.901946
27.549868 53.901817
27.549453 53.901517
27.549311 53.901426
27.548451 53.900819
27.548534 53.900765
27.54817 53.90056
27.54791 53.900729
27.546745 53.901456
27.546042 53.901818
27.54555 53.902045
27.545164 53.9022
27.544688 53.902395
27.544385 53.902524
27.543583 53.902874
27.543511 53.90289
27.543589 53.903
27.543631 53.903049
27.543781 53.903194
27.544686 53.903743
27.544603 53.903783
27.54379 53.903297
27.543641 53.903186
27.543398 53.902962
27.54325 53.90301
27.542324 53.903407
27.541775 53.903643
27.541574 53.90371
27.542083 53.904188
27.542626 53.9047
27.542999 53.905028
27.54318 53.904953
27.543812 53.904663
27.544137 53.904531
27.54506 53.904118
27.545238 53.904043
BRUSH(1,0)
REGION 1
12
27.545561 53.900525
27.545277 53.900627
27.54455 53.90085
27.544311 53.900912
27.544437 53.900995
27.544941 53.901392
27.545524 53.901798
27.546568 53.901335
27.54681 53.901193
27.547872 53.900449
27.546832 53.900018
27.545561 53.900525
BRUSH(1,0)
REGION 1
28
27.540326 53.902165
27.540156 53.902234
27.540016 53.902297
27.539396 53.902572
27.539006 53.902724
27.539143 53.902795
27.539565 53.903022
27.540443 53.902666
27.540549 53.902623
27.540633 53.902694
27.540516 53.902728
27.539638 53.903067
27.540879 53.903791
27.541398 53.903573
27.5415 53.903532
27.542355 53.903158
27.542521 53.903085
27.542982 53.902883
27.545233 53.901943
27.545381 53.901887
27.545143 53.901728
27.544122 53.900978
27.54328 53.901184
27.542499 53.901387
27.54215 53.901483
27.541741 53.901615
27.541279 53.90177
27.540326 53.902165
BRUSH(1,0)
REGION 1
18
27.541641 53.899439
27.541337 53.899506
27.541906 53.900514
27.542014 53.900669
27.542104 53.900828
27.542294 53.901146
27.542368 53.90126
27.543266 53.901022
27.54396 53.900851
27.543798 53.900683
27.543713 53.900594
27.543605 53.900466
27.543466 53.900273
27.543338 53.900081
27.543248 53.899884
27.543142 53.899621
27.54303 53.899188
27.541641 53.899439
BRUSH(1,0)
REGION 1
21
27.541099 53.899613
27.540515 53.898566
27.539683 53.899484
27.539443 53.899762
27.539305 53.899976
27.539151 53.90014
27.538732 53.900641
27.538443 53.900995
27.538211 53.901247
27.538042 53.901423
27.537804 53.901577
27.537578 53.901704
27.537162 53.901917
27.538784 53.902615
27.53929 53.902395
27.540082 53.902101
27.540611 53.901895
27.541421 53.901561
27.542095 53.901302
27.541317 53.899948
27.541099 53.899613
BRUSH(1,0)
REGION 1
18
27.541324 53.899376
27.542185 53.899199
27.543198 53.899003
27.543288 53.89945
27.543386 53.89973
27.543485 53.899986
27.543582 53.90017
27.543771 53.900362
27.544161 53.900785
27.544327 53.900728
27.545021 53.900518
27.545699 53.90029
27.546599 53.899898
27.544613 53.899019
27.542338 53.898035
27.540647 53.898433
27.541229 53.899394
27.541324 53.899376
BRUSH(1,0)
REGION 1
7
27.545445 53.898937
27.545625 53.899031
27.546528 53.899476
27.546252 53.898994
27.545833 53.898628
27.545296 53.898857
27.545445 53.898937
BRUSH(1,0)
REGION 1
16
27.538895 53.897336
27.538932 53.89728
27.53895 53.897203
27.538945 53.897122
27.53886 53.897019
27.538725 53.896838
27.538655 53.896724
27.538561 53.896542
27.538491 53.89641
27.538405 53.896256
27.538349 53.896328
27.536707 53.898163
27.536531 53.898346
27.53786 53.898522
27.538284 53.898051
27.538895 53.897336
BRUSH(1,0)
REGION 1
37
27.544502 53.897751
27.544702 53.897674
27.54456 53.897546
27.544468 53.897484
27.544314 53.897338
27.54409 53.897108
27.54379 53.896793
27.543685 53.896667
27.543576 53.896493
27.543502 53.89634
27.543447 53.896188
27.543404 53.896101
27.543368 53.895988
27.543344 53.895867
27.543259 53.895474
27.542763 53.895645
27.54233 53.895699
27.541438 53.895222
27.541259 53.895472
27.540955 53.895831
27.540803 53.896079
27.540751 53.896191
27.540786 53.896303
27.540891 53.896429
27.541019 53.896617
27.541116 53.896771
27.541158 53.896836
27.541266 53.896952
27.541324 53.89702
27.541394 53.897084
27.542377 53.897513
27.542419 53.897536
27.543944 53.898173
27.543618 53.897896
27.544374 53.897563
27.544535 53.897699
27.544502 53.897751
BRUSH(1,0)
REGION 1
29
27.538551 53.895745
27.539162 53.895987
27.53938 53.896049
27.539585 53.896048
27.539749 53.896032
27.539953 53.895984
27.540181 53.895911
27.540892 53.895031
27.541199 53.894637
27.541277 53.894574
27.541315 53.894513
27.541861 53.893848
27.541852 53.893682
27.541754 53.893511
27.541665 53.893373
27.542048 53.893267
27.541939 53.893082
27.541772 53.892799
27.541062 53.892915
27.540904 53.893068
27.539946 53.893326
27.539631 53.893406
27.539468 53.893452
27.539036 53.89358
27.537832 53.894003
27.536298 53.89476
27.536053 53.894894
27.536966 53.895236
27.538551 53.895745
BRUSH(1,0)
REGION 1
64
27.543994 53.89612
27.544137 53.896337
27.544285 53.896557
27.544497 53.896801
27.544701 53.89698
27.544828 53.897096
27.545055 53.897295
27.545182 53.8974
27.545057 53.897472
27.545622 53.897928
27.545833 53.898075
27.545914 53.898138
27.546984 53.897688
27.547276 53.897574
27.547877 53.897322
27.547994 53.897279
27.548105 53.897274
27.548223 53.897274
27.548363 53.897277
27.548592 53.897319
27.548745 53.897359
27.548882 53.897387
27.549007 53.897378
27.549184 53.897229
27.549601 53.896809
27.549687 53.896721
27.549916 53.896475
27.548984 53.896183
27.548749 53.896215
27.548588 53.896173
27.548279 53.896058
27.548207 53.89611
27.547848 53.895995
27.547683 53.896164
27.547927 53.896235
27.547819 53.896336
27.547712 53.89631
27.547557 53.896441
27.547683 53.896481
27.547612 53.896553
27.547223 53.896427
27.547302 53.896364
27.546423 53.896073
27.546363 53.89613
27.546031 53.896028
27.546144 53.895915
27.546224 53.895946
27.546325 53.895838
27.54623 53.895814
27.546335 53.895699
27.546522 53.895761
27.546661 53.895612
27.546382 53.895532
27.546415 53.895465
27.546236 53.8954
27.546026 53.895329
27.545951 53.895415
27.545282 53.895194
27.544484 53.894928
27.544453 53.894865
27.543819 53.89498
27.543878 53.895083
27.543748 53.895084
27.543994 53.89612
BRUSH(1,0)
REGION 1
23
27.54564 53.893487
27.545383 53.8933
27.545252 53.893188
27.543952 53.893477
27.543683 53.893539
27.543818 53.893722
27.543942 53.893919
27.544117 53.894184
27.544233 53.894343
27.544489 53.894427
27.544905 53.894557
27.545001 53.894584
27.545432 53.894723
27.545593 53.894779
27.546249 53.894985
27.546513 53.895067
27.546745 53.894825
27.546925 53.894872
27.547177 53.894666
27.547093 53.89463
27.547213 53.894531
27.546929 53.89431
27.54564 53.893487
BRUSH(1,0)
REGION 1
36
27.546322 53.893248
27.547698 53.8941
27.548046 53.894213
27.548204 53.894104
27.549247 53.894477
27.549078 53.894655
27.549957 53.894959
27.549893 53.895031
27.550034 53.89508
27.550136 53.895019
27.550358 53.895101
27.550411 53.895058
27.550793 53.895191
27.55074 53.895241
27.552475 53.895861
27.552806 53.895629
27.552984 53.895522
27.552694 53.895164
27.552462 53.894875
27.552268 53.894643
27.552098 53.894419
27.551935 53.894164
27.551718 53.893882
27.551018 53.89293
27.550696 53.893019
27.550394 53.892908
27.550123 53.892817
27.549607 53.892914
27.549397 53.892576
27.549299 53.892381
27.548575 53.892533
27.54834 53.892585
27.547562 53.892748
27.547384 53.892792
27.546417 53.892996
27.546322 53.893248
BRUSH(1,0)
REGION 1
12
27.551796 53.898023
27.552323 53.898218
27.552493 53.898085
27.552569 53.898107
27.552889 53.897865
27.553224 53.897594
27.553296 53.897551
27.553465 53.897413
27.55216 53.896811
27.551008 53.89769
27.551685 53.897967
27.551796 53.898023
BRUSH(1,0)
REGION 1
22
27.553614 53.900059
27.554386 53.899204
27.554866 53.898667
27.555117 53.898403
27.555241 53.898288
27.553679 53.897529
27.553521 53.897667
27.553198 53.897936
27.552728 53.898315
27.552434 53.898573
27.551829 53.899065
27.551735 53.899146
27.551641 53.89925
27.551612 53.899378
27.55161 53.899533
27.551612 53.899661
27.551637 53.899807
27.551702 53.899885
27.551776 53.899941
27.551886 53.899997
27.553239 53.900471
27.553614 53.900059
BRUSH(1,0)
REGION 1
42
27.550841 53.896817
27.550321 53.896615
27.55011 53.896807
27.549461 53.897443
27.549381 53.897482
27.549241 53.89752
27.549093 53.897555
27.548937 53.897555
27.548732 53.897552
27.548408 53.897497
27.54826 53.897489
27.548184 53.897503
27.546114 53.89833
27.547294 53.899551
27.547505 53.89973
27.547827 53.899896
27.548846 53.900467
27.549345 53.900786
27.550634 53.901647
27.550752 53.901619
27.550835 53.901588
27.55088 53.901538
27.550879 53.901486
27.550836 53.901363
27.552788 53.900561
27.551538 53.900104
27.551354 53.899975
27.551288 53.899912
27.551287 53.899798
27.551283 53.899551
27.551376 53.899099
27.551375 53.898971
27.551601 53.898833
27.552211 53.898381
27.550945 53.897827
27.550599 53.898087
27.550381 53.897989
27.550745 53.897682
27.550592 53.897611
27.55121 53.897132
27.551379 53.896994
27.550841 53.896817
BRUSH(1,0)
REGION 1
24
27.551133 53.892723
27.551199 53.89281
27.551513 53.893256
27.551876 53.893708
27.551941 53.893779
27.55236 53.894362
27.552674 53.894282
27.552758 53.89427
27.553539 53.89408
27.553664 53.89405
27.553979 53.893977
27.55385 53.893759
27.553698 53.8935
27.553017 53.892317
27.55307 53.89231
27.552908 53.892063
27.552612 53.892132
27.552647 53.892213
27.552374 53.892273
27.552308 53.892163
27.551057 53.892438
27.5511 53.892521
27.551013 53.892551
27.551133 53.892723
BRUSH(1,0)
REGION 1
32
27.555214 53.89398
27.556735 53.893104
27.556663 53.893073
27.557187 53.892751
27.557267 53.892787
27.55786 53.892445
27.557366 53.892232
27.557294 53.892205
27.5562 53.89175
27.556097 53.891714
27.55568 53.891545
27.555362 53.891594
27.555353 53.891558
27.554037 53.8918
27.554081 53.891928
27.553724 53.891968
27.553697 53.891921
27.553511 53.891951
27.553639 53.892193
27.553715 53.892181
27.554332 53.89336
27.554459 53.893514
27.554654 53.893868
27.554726 53.893868
27.554783 53.893867
27.554867 53.893867
27.554928 53.893878
27.554993 53.893884
27.555027 53.893898
27.555107 53.893918
27.555161 53.893947
27.555214 53.89398
BRUSH(1,0)
REGION 1
12
27.543944 53.898173
27.544649 53.898536
27.545158 53.898786
27.545623 53.898581
27.545759 53.898531
27.545509 53.898319
27.544702 53.897674
27.544502 53.897751
27.544535 53.897699
27.544374 53.897563
27.543618 53.897896
27.543944 53.898173
BRUSH(1,0)
REGION 1
18
27.54236 53.895631
27.542667 53.895585
27.543246 53.895371
27.543222 53.895239
27.543358 53.895214
27.543258 53.894837
27.543159 53.894484
27.543146 53.894413
27.543014 53.893901
27.542782 53.893891
27.542432 53.893881
27.542062 53.894386
27.541944 53.894373
27.541829 53.894556
27.541734 53.894578
27.54183 53.894684
27.541513 53.895119
27.54236 53.895631
BRUSH(1,0)
REGION 1
25
27.5306 53.907258
27.530431 53.906765
27.530146 53.906804
27.530025 53.906854
27.529983 53.906904
27.529958 53.906967
27.529905 53.907043
27.529841 53.907104
27.529743 53.907149
27.529538 53.907182
27.528984 53.907238
27.528235 53.907322
27.527369 53.907371
27.527287 53.907526
27.527474 53.907577
27.526791 53.908665
27.526601 53.908634
27.526541 53.908749
27.526321 53.909098
27.526486 53.90914
27.526621 53.909533
27.528578 53.909201
27.531175 53.908751
27.530651 53.907381
27.5306 53.907258
BRUSH(1,0)
REGION 1
30
27.531034 53.907535
27.531387 53.908389
27.531418 53.908465
27.531571 53.908792
27.532544 53.908408
27.533179 53.908152
27.533372 53.908063
27.533717 53.907936
27.53394 53.90785
27.534061 53.907811
27.534262 53.907747
27.534448 53.90767
27.534652 53.907588
27.534856 53.907482
27.535119 53.907245
27.535368 53.907035
27.535446 53.906922
27.535449 53.906841
27.535429 53.906787
27.53536 53.906707
27.535306 53.906658
27.535187 53.906613
27.534992 53.906533
27.533855 53.906538
27.53339 53.906495
27.532144 53.906606
27.530689 53.906752
27.530865 53.907113
27.530994 53.907411
27.531034 53.907535
BRUSH(1,0)
REGION 1
8
27.526743 53.909651
27.527081 53.909967
27.527275 53.910123
27.527484 53.910241
27.527962 53.910383
27.530582 53.909434
27.531207 53.908895
27.526743 53.909651
BRUSH(1,0)
REGION 1
9
27.529173 53.910496
27.529423 53.9103
27.529509 53.910333
27.530401 53.909572
27.528073 53.910452
27.52843 53.910718
27.528816 53.910884
27.529261 53.910525
27.529173 53.910496
BRUSH(1,0)
REGION 1
16
27.52956 53.910717
27.529262 53.910956
27.529465 53.911054
27.529741 53.911224
27.529998 53.91134
27.530151 53.911391
27.530326 53.911428
27.531118 53.911496
27.531187 53.911509
27.531278 53.911491
27.531585 53.911409
27.531414 53.911111
27.531343 53.910961
27.531176 53.910667
27.530739 53.909816
27.52956 53.910717
BRUSH(1,0)
REGION 1
18
27.527324 53.910473
27.526902 53.910239
27.52681 53.910195
27.526245 53.90991
27.526034 53.909836
27.525563 53.910824
27.525995 53.91102
27.526275 53.911163
27.526486 53.911267
27.526919 53.911479
27.527278 53.911659
27.527362 53.911702
27.527546 53.911793
27.527626 53.911831
27.528401 53.911167
27.527915 53.910868
27.527393 53.910515
27.527324 53.910473
BRUSH(1,0)
REGION 1
63
27.544178 53.907956
27.543691 53.907105
27.543637 53.907013
27.543465 53.906688
27.543392 53.90657
27.54324 53.90631
27.542849 53.906374
27.5425 53.906455
27.540698 53.906813
27.537815 53.907437
27.535201 53.907992
27.534378 53.908151
27.534021 53.908258
27.533752 53.90834
27.53351 53.908424
27.533184 53.908549
27.532749 53.90872
27.531928 53.90906
27.531625 53.909201
27.531308 53.909375
27.531067 53.909558
27.53097 53.909684
27.530971 53.909781
27.531192 53.910137
27.531359 53.910424
27.531725 53.911058
27.532082 53.911631
27.535896 53.912331
27.535974 53.912218
27.53639 53.911724
27.536641 53.911429
27.536792 53.911298
27.53698 53.911158
27.537184 53.911047
27.537452 53.910909
27.53774 53.910793
27.537952 53.910707
27.53824 53.910629
27.538559 53.910558
27.538821 53.910507
27.539075 53.910457
27.539318 53.910413
27.539561 53.910374
27.539845 53.91033
27.540039 53.910318
27.540241 53.910317
27.54042 53.910321
27.540656 53.910333
27.54088 53.910354
27.541212 53.9104
27.541456 53.910448
27.541811 53.910503
27.542203 53.910551
27.542504 53.910578
27.542945 53.910583
27.54325 53.910582
27.543634 53.910562
27.544697 53.910427
27.545297 53.910323
27.545395 53.910273
27.545402 53.91021
27.545378 53.910109
27.544178 53.907956
BRUSH(1,0)
REGION 1
6
27.537217 53.907377
27.538393 53.907118
27.53793 53.906021
27.536862 53.906139
27.536243 53.906784
27.537217 53.907377
BRUSH(1,0)
REGION 1
19
27.542024 53.905547
27.541857 53.905573
27.541015 53.905734
27.540995 53.905675
27.540631 53.90576
27.540077 53.905861
27.540026 53.905756
27.538135 53.906014
27.538347 53.906511
27.538445 53.906724
27.538571 53.907072
27.540509 53.906663
27.540471 53.906607
27.540983 53.9065
27.541014 53.906556
27.542709 53.90618
27.542418 53.905707
27.542153 53.905771
27.542024 53.905547
BRUSH(1,0)
REGION 1
22
27.548853 53.906783
27.549017 53.906782
27.549097 53.906532
27.549332 53.905918
27.549309 53.9059
27.549369 53.905532
27.54947 53.905414
27.549514 53.905239
27.549479 53.905208
27.549395 53.905195
27.548753 53.90529
27.548393 53.905336
27.548298 53.905348
27.547508 53.905464
27.547402 53.905467
27.547159 53.905506
27.547083 53.905506
27.546524 53.905576
27.546413 53.905772
27.546711 53.905919
27.548295 53.906855
27.548853 53.906783
BRUSH(1,0)
REGION 1
44
27.545461 53.910686
27.543867 53.910941
27.54371 53.910849
27.543375 53.910882
27.543075 53.91089
27.542698 53.910897
27.542272 53.910874
27.541773 53.910806
27.541555 53.910771
27.541224 53.910735
27.540767 53.910669
27.540253 53.91064
27.540017 53.910641
27.539599 53.910688
27.539174 53.910751
27.538878 53.910815
27.53859 53.91089
27.53821 53.91098
27.537888 53.911075
27.537563 53.911225
27.537352 53.911359
27.537077 53.911582
27.536863 53.911808
27.536335 53.912466
27.537323 53.912706
27.537949 53.912858
27.538133 53.912945
27.538809 53.913142
27.539328 53.913308
27.539741 53.913455
27.540097 53.913579
27.540464 53.913746
27.541064 53.913985
27.541707 53.91427
27.543746 53.913645
27.544841 53.913297
27.546019 53.912914
27.546735 53.91265
27.547018 53.912505
27.547206 53.912336
27.546801 53.912201
27.546449 53.912065
27.545952 53.911857
27.545461 53.910686
BRUSH(1,0)
REGION 1
52
27.534856 53.913117
27.534287 53.913263
27.534086 53.9133
27.533612 53.913408
27.533031 53.913536
27.533978 53.914435
27.536378 53.913768
27.536498 53.913894
27.536217 53.913971
27.535425 53.914197
27.535122 53.914288
27.534985 53.914325
27.534762 53.914389
27.53428 53.91453
27.534102 53.914585
27.534272 53.914766
27.534449 53.91492
27.53463 53.915126
27.534777 53.915276
27.535008 53.915473
27.535112 53.915573
27.535273 53.915696
27.535734 53.916026
27.535995 53.916194
27.536646 53.916521
27.537193 53.916218
27.53827 53.915577
27.538613 53.915382
27.538893 53.915251
27.539245 53.915088
27.540437 53.914595
27.540421 53.914545
27.540111 53.914421
27.539625 53.914187
27.539078 53.913983
27.53873 53.913848
27.538349 53.913742
27.537581 53.913498
27.536695 53.913253
27.536054 53.913103
27.53412 53.912694
27.533983 53.912402
27.531993 53.912074
27.531941 53.912187
27.5319 53.912254
27.531886 53.912351
27.531906 53.912398
27.531979 53.912474
27.532591 53.913033
27.533004 53.91346
27.534817 53.913041
27.534856 53.913117
BRUSH(1,0)
REGION 1
16
27.526591 53.911476
27.525921 53.911142
27.525852 53.911115
27.5258 53.911109
27.525746 53.91112
27.525724 53.911154
27.525698 53.911246
27.525481 53.911872
27.525106 53.91294
27.525041 53.913116
27.524964 53.91341
27.525597 53.913569
27.526915 53.912465
27.5274 53.912025
27.527513 53.911939
27.526591 53.911476
BRUSH(1,0)
REGION 1
12
27.527972 53.912085
27.527185 53.912769
27.52814 53.913071
27.528557 53.913208
27.528835 53.913281
27.529488 53.913419
27.52965 53.912763
27.529949 53.911733
27.528837 53.911302
27.528656 53.911458
27.528394 53.911708
27.527972 53.912085
BRUSH(1,0)
REGION 1
10
27.530745 53.912347
27.530587 53.912831
27.530835 53.912847
27.53192 53.912912
27.532137 53.912923
27.532071 53.912849
27.531558 53.91229
27.531749 53.912037
27.530861 53.911884
27.530745 53.912347
BRUSH(1,0)
REGION 1
9
27.53051 53.913359
27.530399 53.913853
27.530173 53.914683
27.530573 53.914738
27.531621 53.914832
27.531875 53.913903
27.532104 53.91301
27.530603 53.912909
27.53051 53.913359
BRUSH(1,0)
REGION 1
8
27.529512 53.913527
27.528653 53.913338
27.527829 53.91437
27.528261 53.91448
27.528539 53.914535
27.528722 53.914564
27.529225 53.914613
27.529512 53.913527
BRUSH(1,0)
REGION 1
5
27.527076 53.912857
27.526015 53.913778
27.527623 53.914297
27.528463 53.913294
27.527076 53.912857
BRUSH(1,0)
REGION 1
11
27.52725 53.915208
27.527168 53.915296
27.527419 53.915338
27.528927 53.915713
27.529216 53.914775
27.528838 53.914727
27.528602 53.914704
27.528424 53.914662
27.528256 53.914629
27.52779 53.914501
27.52725 53.915208
BRUSH(1,0)
REGION 1
15
27.526486 53.914077
27.526365 53.914033
27.525894 53.91388
27.524126 53.915491
27.524699 53.915669
27.525331 53.915877
27.525574 53.915946
27.526114 53.916107
27.526368 53.915812
27.526508 53.915679
27.526763 53.915383
27.52693 53.915192
27.527152 53.914946
27.527554 53.914432
27.526486 53.914077
BRUSH(1,0)
REGION 1
13
27.527638 53.916361
27.528167 53.916433
27.528358 53.916452
27.528773 53.916518
27.528936 53.915843
27.528703 53.915781
27.528548 53.915753
27.528303 53.915691
27.528116 53.91566
27.52799 53.91563
27.527066 53.915413
27.52638 53.916185
27.527638 53.916361
BRUSH(1,0)
REGION 1
15
27.526107 53.916294
27.524854 53.915899
27.524354 53.915733
27.52406 53.915622
27.523511 53.91613
27.524659 53.916644
27.524843 53.91673
27.525423 53.916982
27.525575 53.917114
27.527774 53.918108
27.528431 53.918017
27.528775 53.916675
27.526447 53.916377
27.526252 53.916342
27.526107 53.916294
BRUSH(1,0)
REGION 1
28
27.534124 53.916332
27.533967 53.916513
27.533628 53.91682
27.532899 53.917503
27.532328 53.91807
27.532102 53.91828
27.532084 53.918307
27.531978 53.918381
27.531906 53.918413
27.5318 53.918425
27.531697 53.918425
27.531504 53.918426
27.530958 53.918399
27.530437 53.918357
27.529858 53.918303
27.529339 53.918256
27.528871 53.918215
27.528586 53.918223
27.527981 53.918251
27.530554 53.919486
27.531901 53.920118
27.532874 53.919399
27.534061 53.918498
27.536375 53.916754
27.535826 53.916363
27.535211 53.915923
27.534866 53.915673
27.534124 53.916332
BRUSH(1,0)
REGION 1
26
27.531229 53.916356
27.531295 53.91612
27.530716 53.91606
27.530426 53.916043
27.529897 53.915989
27.529808 53.916482
27.529768 53.916596
27.529689 53.916927
27.529649 53.9171
27.529562 53.917464
27.529521 53.917588
27.529438 53.917943
27.529398 53.918087
27.52965 53.918106
27.530152 53.918147
27.530332 53.918171
27.530876 53.918213
27.531021 53.918231
27.531577 53.918282
27.531718 53.918281
27.533342 53.91674
27.533372 53.916693
27.533368 53.916661
27.533318 53.916628
27.533249 53.91661
27.531229 53.916356
BRUSH(1,0)
REGION 1
8
27.531427 53.915709
27.531533 53.915439
27.531638 53.91496
27.530206 53.914827
27.530151 53.915054
27.529933 53.915859
27.531335 53.915988
27.531427 53.915709
BRUSH(1,0)
REGION 1
7
27.532662 53.913538
27.532373 53.913238
27.532135 53.913989
27.531671 53.9158
27.53409 53.916016
27.534616 53.915531
27.532662 53.913538
BRUSH(1,0)
REGION 1
23
27.557755 53.907676
27.557656 53.907677
27.557383 53.907734
27.557246 53.907768
27.557113 53.907812
27.556985 53.907848
27.556806 53.907894
27.556915 53.908073
27.557011 53.908104
27.557115 53.908223
27.557139 53.908304
27.557473 53.908217
27.557602 53.908214
27.557939 53.90812
27.558265 53.908049
27.558436 53.907992
27.55839 53.907943
27.558305 53.907842
27.558285 53.907806
27.558208 53.907719
27.558071 53.907749
27.557952 53.907626
27.557755 53.907676
BRUSH(1,0)
REGION 1
23
27.557939 53.90812
27.557602 53.908214
27.557473 53.908217
27.557139 53.908304
27.557248 53.908472
27.55729 53.908527
27.557407 53.908707
27.557438 53.90874
27.557818 53.909311
27.55805 53.909265
27.55845 53.909072
27.558883 53.908987
27.558948 53.909
27.559031 53.908986
27.559073 53.90902
27.559248 53.908985
27.559 53.908677
27.558927 53.908607
27.558749 53.908377
27.558683 53.908285
27.558436 53.907992
27.558265 53.908049
27.557939 53.90812
BRUSH(1,0)
REGION 1
19
27.558883 53.908987
27.55845 53.909072
27.55805 53.909265
27.557818 53.909311
27.55788 53.909392
27.558067 53.909678
27.558275 53.909621
27.558506 53.909571
27.558996 53.909454
27.559352 53.909356
27.55953 53.909321
27.559403 53.909167
27.559356 53.909129
27.559283 53.909035
27.559248 53.908985
27.559073 53.90902
27.559031 53.908986
27.558948 53.909
27.558883 53.908987
BRUSH(1,0)
REGION 1
18
27.560025 53.910754
27.560533 53.910653
27.560444 53.910528
27.560069 53.910062
27.559628 53.909498
27.559112 53.909631
27.559007 53.909737
27.558894 53.909854
27.558605 53.910399
27.558575 53.910451
27.558572 53.910489
27.558584 53.910538
27.558759 53.910816
27.558875 53.911002
27.559084 53.910954
27.559528 53.910864
27.559828 53.910793
27.560025 53.910754
BRUSH(1,0)
REGION 1
12
27.561909 53.908856
27.561439 53.908993
27.560019 53.909438
27.560858 53.910512
27.561006 53.910702
27.561941 53.911781
27.562061 53.911924
27.56411 53.911285
27.56599 53.910477
27.565318 53.910006
27.563165 53.908352
27.561909 53.908856
BRUSH(1,0)
REGION 1
6
27.566224 53.910352
27.568169 53.909301
27.564715 53.90732
27.564128 53.907804
27.563445 53.908231
27.566224 53.910352
BRUSH(1,0)
REGION 1
7
27.568314 53.909343
27.566347 53.910414
27.566762 53.910736
27.567807 53.911524
27.569877 53.910434
27.568916 53.909715
27.568314 53.909343
BRUSH(1,0)
REGION 1
19
27.565985 53.91069
27.565448 53.910906
27.565498 53.910962
27.565237 53.911076
27.565176 53.911038
27.564461 53.911358
27.564588 53.911494
27.564901 53.911818
27.565191 53.912129
27.565414 53.912377
27.565534 53.912507
27.566427 53.912159
27.567033 53.9119
27.567362 53.911782
27.5676 53.91168
27.56725 53.911414
27.566543 53.910892
27.566189 53.910599
27.565985 53.91069
BRUSH(1,0)
REGION 1
25
27.563678 53.913059
27.564723 53.912754
27.564871 53.91271
27.565178 53.912614
27.565066 53.912491
27.564799 53.912178
27.564728 53.912223
27.564361 53.911801
27.564306 53.911722
27.564179 53.911559
27.56409 53.911461
27.563093 53.911757
27.563154 53.911795
27.562882 53.911873
27.562839 53.911835
27.562374 53.911992
27.562112 53.912074
27.562363 53.912372
27.562444 53.912454
27.56277 53.912877
27.562824 53.912956
27.562982 53.91313
27.563056 53.913238
27.563405 53.913142
27.563678 53.913059
BRUSH(1,0)
REGION 1
30
27.561557 53.912088
27.561529 53.912009
27.561444 53.911913
27.561562 53.911877
27.561465 53.911736
27.561336 53.911783
27.560767 53.911063
27.560865 53.911031
27.560788 53.910912
27.56067 53.910944
27.560566 53.910803
27.559993 53.910947
27.559766 53.910993
27.559223 53.911101
27.558984 53.911145
27.558708 53.911272
27.558599 53.911378
27.55881 53.911476
27.558926 53.911379
27.559106 53.911475
27.559031 53.911565
27.559288 53.911663
27.559579 53.912117
27.559673 53.912292
27.559774 53.912478
27.560518 53.913746
27.561481 53.91353
27.562638 53.913269
27.561712 53.912044
27.561557 53.912088
BRUSH(1,0)
REGION 1
20
27.557141 53.914137
27.557494 53.914106
27.559561 53.913889
27.560184 53.913813
27.560075 53.913649
27.559034 53.911794
27.558825 53.911741
27.55639 53.914084
27.556158 53.914029
27.557412 53.912806
27.557316 53.912777
27.558473 53.911653
27.558576 53.911684
27.558682 53.911603
27.558384 53.911505
27.557062 53.912785
27.555852 53.913931
27.555684 53.914157
27.555602 53.914294
27.557141 53.914137
BRUSH(1,0)
REGION 1
63
27.56349 53.916928
27.563596 53.916896
27.563847 53.916852
27.565017 53.916732
27.56513 53.916395
27.565056 53.916283
27.564224 53.915197
27.562984 53.915484
27.561675 53.915796
27.561897 53.916192
27.561735 53.916274
27.561684 53.916195
27.561608 53.916211
27.561458 53.916032
27.561268 53.915773
27.558162 53.916016
27.558416 53.916797
27.558139 53.916834
27.557932 53.91613
27.557487 53.916139
27.557317 53.916234
27.557203 53.916241
27.556899 53.916247
27.555998 53.916327
27.555922 53.916065
27.556185 53.916064
27.557496 53.915945
27.557887 53.915917
27.557826 53.9156
27.557575 53.915615
27.55753 53.915415
27.557506 53.915271
27.557802 53.915252
27.557569 53.914346
27.555475 53.914463
27.555343 53.91459
27.555277 53.914731
27.555188 53.914945
27.555126 53.915119
27.555098 53.915296
27.555097 53.915568
27.555229 53.916605
27.555334 53.917334
27.555342 53.917626
27.555422 53.917682
27.555521 53.917695
27.556658 53.917652
27.55761 53.917387
27.557924 53.917286
27.558133 53.917238
27.558239 53.917177
27.558242 53.917103
27.558812 53.917044
27.558843 53.917139
27.559052 53.917122
27.55902 53.917012
27.56032 53.916894
27.560403 53.917086
27.560239 53.917101
27.560249 53.917249
27.562012 53.917079
27.563289 53.916947
27.56349 53.916928
BRUSH(1,0)
REGION 1
12
27.558045 53.91522
27.558202 53.915819
27.558665 53.915789
27.559213 53.915751
27.559448 53.915732
27.561201 53.915609
27.560384 53.914034
27.559902 53.914095
27.559382 53.914151
27.55899 53.914204
27.557767 53.914329
27.558045 53.91522
BRUSH(1,0)
REGION 1
21
27.563872 53.914813
27.563152 53.913891
27.562959 53.913636
27.562869 53.913492
27.562243 53.913641
27.56112 53.913871
27.560828 53.913933
27.560604 53.913986
27.560772 53.914275
27.560846 53.914389
27.561006 53.914667
27.561107 53.914855
27.561508 53.915565
27.561539 53.91561
27.562305 53.915429
27.562643 53.915353
27.562874 53.915289
27.563204 53.915207
27.563822 53.91506
27.564054 53.915003
27.563872 53.914813
BRUSH(1,0)
REGION 1
19
27.563974 53.914455
27.564136 53.914654
27.564233 53.914753
27.56446 53.914684
27.564711 53.914333
27.565094 53.913733
27.565208 53.913389
27.565309 53.913025
27.565105 53.912835
27.564802 53.912928
27.56459 53.912997
27.563862 53.913207
27.563631 53.913273
27.563358 53.913355
27.563093 53.913435
27.563267 53.913612
27.563359 53.913703
27.563514 53.913909
27.563974 53.914455
BRUSH(1,0)
REGION 1
21
27.565517 53.912943
27.56537 53.912771
27.565105 53.912835
27.565309 53.913025
27.565208 53.913389
27.565094 53.913733
27.564711 53.914333
27.56446 53.914684
27.564233 53.914753
27.564392 53.914965
27.564627 53.914895
27.565032 53.914787
27.565267 53.914723
27.566591 53.91438
27.566814 53.914311
27.56666 53.914137
27.566575 53.914054
27.566378 53.913862
27.565784 53.913236
27.565614 53.913055
27.565517 53.912943
BRUSH(1,0)
REGION 1
25
27.566268 53.912436
27.566033 53.912536
27.565882 53.912593
27.565639 53.912675
27.565832 53.912874
27.565928 53.912961
27.566098 53.913147
27.566203 53.913252
27.566452 53.913165
27.567222 53.912942
27.56733 53.913042
27.567629 53.912929
27.567756 53.913038
27.567982 53.912934
27.568746 53.912811
27.568957 53.912716
27.568516 53.912401
27.56837 53.912305
27.568131 53.91212
27.56797 53.912015
27.56777 53.911854
27.567554 53.911929
27.567422 53.911993
27.567214 53.912075
27.566268 53.912436
BRUSH(1,0)
REGION 1
25
27.568746 53.912811
27.567982 53.912934
27.567756 53.913038
27.567629 53.912929
27.56733 53.913042
27.567222 53.912942
27.566452 53.913165
27.566203 53.913252
27.566565 53.913614
27.566719 53.913768
27.566905 53.913979
27.567017 53.914093
27.567167 53.914233
27.567485 53.914102
27.567606 53.914052
27.567961 53.913906
27.568858 53.913552
27.569157 53.913431
27.569335 53.913363
27.569649 53.913224
27.569495 53.91312
27.569315 53.912995
27.569111 53.912841
27.568957 53.912716
27.568746 53.912811
BRUSH(1,0)
REGION 1
25
27.570125 53.912953
27.570382 53.912821
27.57051 53.912753
27.570997 53.912495
27.571462 53.912261
27.571919 53.912023
27.572119 53.911921
27.571747 53.911667
27.571624 53.911598
27.570764 53.911004
27.570664 53.910924
27.570306 53.910658
27.570107 53.910565
27.569526 53.91088
27.569587 53.910922
27.568998 53.911211
27.568124 53.911617
27.567966 53.911703
27.568604 53.912162
27.569218 53.912591
27.569387 53.912738
27.569614 53.912881
27.569879 53.91308
27.570045 53.912991
27.570125 53.912953
BRUSH(1,0)
REGION 1
34
27.54835 53.906996
27.547895 53.906799
27.547649 53.906642
27.547479 53.906738
27.547048 53.90751
27.547143 53.907532
27.547103 53.907606
27.546912 53.907567
27.547387 53.906684
27.547572 53.906582
27.547062 53.906279
27.546575 53.905958
27.546403 53.905857
27.546049 53.905616
27.545533 53.905711
27.545588 53.90585
27.545547 53.90585
27.544662 53.906009
27.543964 53.906145
27.543638 53.906211
27.543923 53.906772
27.544269 53.907365
27.545044 53.908766
27.545914 53.91039
27.546009 53.910414
27.547213 53.910252
27.547649 53.910382
27.549355 53.908831
27.549239 53.908353
27.549092 53.907918
27.548901 53.907275
27.548258 53.907253
27.54829 53.907095
27.54835 53.906996
BRUSH(1,0)
REGION 1
19
27.54765 53.904412
27.547445 53.904137
27.54714 53.904077
27.546863 53.903861
27.546935 53.903836
27.54682 53.903735
27.546548 53.903856
27.546283 53.903962
27.545549 53.904294
27.544055 53.904927
27.543276 53.905267
27.542954 53.90541
27.543552 53.906003
27.5461 53.90541
27.546342 53.905332
27.546481 53.905453
27.548034 53.905239
27.547881 53.90486
27.54765 53.904412
BRUSH(1,0)
REGION 1
28
27.547445 53.904137
27.54765 53.904412
27.54781 53.904373
27.548082 53.904857
27.548254 53.905218
27.548421 53.905192
27.54874 53.905148
27.549211 53.905085
27.54969 53.905027
27.549959 53.90472
27.550135 53.904497
27.550479 53.904019
27.550508 53.90395
27.550558 53.903635
27.550284 53.903627
27.549475 53.903162
27.549025 53.902811
27.548847 53.902884
27.548583 53.902997
27.548219 53.903143
27.547966 53.903254
27.547505 53.903447
27.547236 53.903563
27.54682 53.903735
27.546935 53.903836
27.546863 53.903861
27.54714 53.904077
27.547445 53.904137
BRUSH(1,0)
REGION 1
42
27.550558 53.903635
27.55079 53.903652
27.550701 53.90414
27.550547 53.904318
27.550349 53.904566
27.550005 53.905023
27.550828 53.904853
27.551162 53.90478
27.55169 53.904679
27.552198 53.90456
27.552265 53.904753
27.552467 53.905111
27.552619 53.90533
27.552811 53.905473
27.553022 53.905596
27.553213 53.905678
27.55335 53.905734
27.553458 53.905776
27.55367 53.905694
27.553883 53.905736
27.554372 53.905286
27.554448 53.905333
27.554606 53.905164
27.554021 53.904962
27.553883 53.904904
27.553955 53.904861
27.553947 53.904808
27.553848 53.904792
27.553866 53.90475
27.55352 53.904727
27.55353 53.904673
27.553393 53.904664
27.553351 53.904601
27.553176 53.904364
27.553003 53.904212
27.550787 53.902594
27.550296 53.902266
27.54993 53.902441
27.549025 53.902811
27.549475 53.903162
27.550284 53.903627
27.550558 53.903635
BRUSH(1,0)
REGION 1
45
27.551221 53.904914
27.551062 53.904942
27.550754 53.905006
27.550618 53.905032
27.550227 53.905117
27.549798 53.905182
27.549707 53.905523
27.549635 53.905775
27.549594 53.90585
27.549565 53.90598
27.549502 53.906135
27.549392 53.906381
27.54934 53.906518
27.549155 53.906916
27.549441 53.90696
27.549638 53.906934
27.549639 53.90699
27.549871 53.906978
27.549863 53.906915
27.550494 53.90687
27.550529 53.906993
27.550608 53.907435
27.552551 53.907139
27.552653 53.907082
27.553645 53.906112
27.55353 53.906074
27.553883 53.905736
27.55367 53.905694
27.553458 53.905776
27.553375 53.905861
27.553135 53.905797
27.552993 53.905728
27.552824 53.905635
27.552675 53.905568
27.552537 53.905468
27.552448 53.905387
27.552356 53.905289
27.552259 53.905143
27.552192 53.905025
27.552126 53.904904
27.552044 53.904745
27.551911 53.90477
27.551589 53.904834
27.551422 53.904866
27.551221 53.904914
BRUSH(1,0)
REGION 1
50
27.548029 53.910392
27.547826 53.910557
27.547436 53.910439
27.547211 53.910409
27.547097 53.910398
27.546888 53.910399
27.546683 53.910425
27.546557 53.910441
27.54606 53.910526
27.546365 53.911143
27.546217 53.911164
27.546337 53.911367
27.546423 53.911479
27.546627 53.911651
27.546807 53.91179
27.547045 53.911908
27.547286 53.912023
27.547458 53.912124
27.547608 53.912208
27.547787 53.912253
27.547902 53.91229
27.547955 53.912294
27.54822 53.912156
27.548838 53.9117
27.549315 53.911284
27.549991 53.910607
27.550953 53.909673
27.552039 53.908653
27.552831 53.907863
27.553176 53.907518
27.553234 53.907275
27.55299 53.907213
27.552653 53.907082
27.552551 53.907139
27.550608 53.907435
27.549739 53.907313
27.549529 53.907283
27.549475 53.907261
27.549391 53.907241
27.549308 53.907244
27.549202 53.907293
27.54915 53.907397
27.54914 53.907491
27.549154 53.90766
27.549221 53.907904
27.549547 53.908907
27.548253 53.91006
27.548367 53.910087
27.548153 53.910268
27.548029 53.910392
BRUSH(1,0)
REGION 1
23
27.572853 53.908811
27.572084 53.90937
27.571164 53.909949
27.57107 53.910004
27.570681 53.910243
27.570443 53.910386
27.570889 53.91068
27.572063 53.911452
27.572447 53.911713
27.572613 53.9116
27.573096 53.911272
27.573529 53.910967
27.574215 53.910487
27.574818 53.910062
27.575455 53.909641
27.575688 53.909472
27.575866 53.909352
27.575948 53.909282
27.573807 53.908182
27.573746 53.908219
27.573565 53.908339
27.573026 53.908703
27.572853 53.908811
BRUSH(1,0)
REGION 1
21
27.575992 53.914122
27.576283 53.913723
27.576418 53.91354
27.575956 53.913464
27.574396 53.913146
27.574053 53.913123
27.572756 53.912286
27.572326 53.912012
27.571722 53.912361
27.570491 53.913041
27.570128 53.913222
27.570559 53.913546
27.570624 53.913588
27.573251 53.915671
27.573312 53.915702
27.573241 53.915739
27.573495 53.915958
27.57412 53.915755
27.574893 53.915522
27.574976 53.915483
27.575992 53.914122
BRUSH(1,0)
REGION 1
21
27.570028 53.916212
27.571047 53.916131
27.573053 53.915966
27.572526 53.915506
27.571525 53.914675
27.570206 53.913628
27.570022 53.913497
27.569872 53.913392
27.569349 53.913569
27.568804 53.91379
27.568082 53.914088
27.567964 53.914124
27.56748 53.91432
27.567302 53.914397
27.567506 53.914582
27.567699 53.914774
27.568772 53.915866
27.568883 53.915959
27.569617 53.915927
27.56966 53.916243
27.570028 53.916212
BRUSH(1,0)
REGION 1
54
27.565873 53.914783
27.564819 53.915064
27.564565 53.915126
27.564724 53.915319
27.564971 53.915616
27.565449 53.91549
27.565449 53.915511
27.56545 53.915546
27.56545 53.915564
27.565469 53.915578
27.565489 53.9156
27.565531 53.915616
27.565576 53.915627
27.565607 53.915627
27.565649 53.91562
27.565694 53.915599
27.565751 53.915565
27.565778 53.91563
27.565703 53.915721
27.566528 53.91622
27.566472 53.916283
27.566461 53.916328
27.56645 53.916353
27.566462 53.916384
27.566485 53.91642
27.566508 53.916451
27.566558 53.916478
27.566616 53.9165
27.566714 53.916502
27.566783 53.916499
27.566829 53.916495
27.566893 53.916467
27.566938 53.916436
27.566972 53.916406
27.567021 53.916354
27.567139 53.91637
27.5672 53.916381
27.567314 53.916387
27.567413 53.916391
27.567531 53.91639
27.567736 53.916378
27.56966 53.916243
27.569617 53.915927
27.568883 53.915959
27.569003 53.916116
27.568578 53.916136
27.568462 53.916011
27.567794 53.915279
27.567705 53.915174
27.567195 53.914653
27.567153 53.914615
27.567045 53.914477
27.566237 53.914689
27.565873 53.914783
BRUSH(1,0)
REGION 1
28
27.553857 53.919866
27.553433 53.921166
27.553392 53.921283
27.554352 53.921364
27.556577 53.921565
27.557148 53.921555
27.557414 53.922349
27.557377 53.923068
27.557368 53.923203
27.557373 53.923268
27.558057 53.92324
27.561146 53.922849
27.561063 53.922654
27.5609 53.922416
27.560237 53.921204
27.559925 53.920664
27.559621 53.920091
27.558573 53.918274
27.558506 53.918092
27.5574 53.91821
27.555151 53.918427
27.555056 53.918434
27.554999 53.918441
27.554927 53.918484
27.554832 53.918523
27.554773 53.918617
27.553992 53.919456
27.553857 53.919866
BRUSH(1,0)
REGION 1
11
27.553623 53.921417
27.553348 53.921398
27.55291 53.922788
27.552793 53.923175
27.557191 53.923316
27.557196 53.923132
27.557233 53.922474
27.557119 53.921955
27.557032 53.921682
27.556503 53.921684
27.553623 53.921417
BRUSH(1,0)
REGION 1
31
27.560026 53.920192
27.560208 53.92049
27.560306 53.920672
27.560567 53.921131
27.560629 53.921243
27.561499 53.922791
27.563545 53.922424
27.565018 53.922141
27.564768 53.921686
27.563287 53.919124
27.563201 53.918946
27.56353 53.919037
27.563592 53.919156
27.564099 53.920034
27.564838 53.921232
27.5649 53.921331
27.564978 53.921442
27.565337 53.922092
27.568979 53.921318
27.568171 53.920354
27.568001 53.92017
27.567203 53.91915
27.565574 53.917125
27.565077 53.917226
27.563844 53.917481
27.563305 53.917585
27.562845 53.917666
27.56242 53.917715
27.561147 53.917838
27.558852 53.918077
27.560026 53.920192
BRUSH(1,0)
REGION 1
30
27.569572 53.916794
27.568291 53.916901
27.568063 53.916907
27.568122 53.917068
27.568162 53.917207
27.568176 53.917398
27.56769 53.91742
27.56775 53.917708
27.567572 53.917706
27.567602 53.917969
27.567626 53.918088
27.568171 53.918721
27.568392 53.918722
27.569232 53.919794
27.569385 53.919798
27.570188 53.920434
27.570945 53.920114
27.572114 53.91958
27.571621 53.919187
27.572877 53.918905
27.573125 53.91757
27.573002 53.917519
27.573268 53.917437
27.572904 53.916989
27.572862 53.916697
27.572825 53.916547
27.571556 53.916641
27.570686 53.916708
27.569758 53.916773
27.569572 53.916794
BRUSH(1,0)
REGION 1
30
27.569804 53.920975
27.569935 53.921116
27.571479 53.920772
27.571597 53.920749
27.57308 53.9204
27.573186 53.920377
27.574666 53.920049
27.574787 53.920021
27.575781 53.919796
27.576763 53.919574
27.576598 53.919449
27.576081 53.918957
27.575391 53.918276
27.574382 53.917371
27.573356 53.916369
27.572825 53.916547
27.572862 53.916697
27.572904 53.916989
27.573268 53.917437
27.573002 53.917519
27.573125 53.91757
27.572877 53.918905
27.571621 53.919187
27.572114 53.91958
27.570945 53.920114
27.570188 53.920434
27.569385 53.919798
27.569332 53.920124
27.569097 53.920188
27.569804 53.920975
BRUSH(1,0)
REGION 1
18
27.54526 53.929121
27.545531 53.929153
27.545921 53.92817
27.546106 53.927769
27.546519 53.926975
27.546841 53.926335
27.546587 53.926363
27.546439 53.926391
27.546367 53.926425
27.546299 53.926484
27.54598 53.926842
27.545343 53.927618
27.544999 53.928039
27.544707 53.928416
27.544542 53.928592
27.544376 53.928745
27.544533 53.928801
27.54526 53.929121
BRUSH(1,0)
REGION 1
25
27.54526 53.929121
27.544533 53.928801
27.544376 53.928745
27.544023 53.929104
27.543948 53.929176
27.543553 53.929551
27.543437 53.929684
27.543031 53.930077
27.542948 53.93016
27.542527 53.930544
27.542373 53.930706
27.542076 53.930979
27.542282 53.930999
27.542556 53.931042
27.543243 53.931174
27.543449 53.931214
27.544185 53.931338
27.544368 53.931378
27.54459 53.93141
27.544814 53.930826
27.544855 53.930709
27.545121 53.93013
27.545173 53.929993
27.545531 53.929153
27.54526 53.929121
BRUSH(1,0)
REGION 1
25
27.542196 53.929393
27.542312 53.929267
27.541995 53.929156
27.541512 53.928886
27.541351 53.928815
27.540813 53.929283
27.540678 53.929416
27.54014 53.929897
27.540065 53.929964
27.539485 53.930466
27.539703 53.930541
27.539795 53.930583
27.539985 53.930605
27.540416 53.930681
27.540798 53.930747
27.54132 53.930846
27.541626 53.930905
27.541731 53.930772
27.542012 53.93049
27.542125 53.930397
27.542512 53.929996
27.542606 53.929912
27.543001 53.929524
27.542779 53.929449
27.542196 53.929393
BRUSH(1,0)
REGION 1
22
27.541512 53.928886
27.541995 53.929156
27.542312 53.929267
27.542196 53.929393
27.542779 53.929449
27.543001 53.929524
27.544639 53.927922
27.545003 53.927527
27.545086 53.927451
27.545402 53.927168
27.54468 53.926918
27.544477 53.926836
27.543807 53.926578
27.543518 53.926856
27.543402 53.926973
27.542856 53.927461
27.542713 53.927574
27.542167 53.928066
27.541991 53.928228
27.541456 53.9287
27.541351 53.928815
27.541512 53.928886
BRUSH(1,0)
REGION 1
13
27.541871 53.93129
27.541529 53.931656
27.541446 53.931721
27.541175 53.93199
27.540804 53.932378
27.541128 53.932459
27.541319 53.932512
27.54301 53.932855
27.543239 53.93318
27.54402 53.932949
27.54456 53.931774
27.541924 53.931268
27.541871 53.93129
BRUSH(1,0)
REGION 1
17
27.54045 53.932723
27.540315 53.932861
27.539951 53.933222
27.540176 53.933261
27.540431 53.933312
27.540591 53.933331
27.540851 53.933386
27.54111 53.933427
27.541164 53.933436
27.541312 53.933112
27.541446 53.932878
27.541487 53.932815
27.541542 53.932702
27.541214 53.932612
27.540847 53.932517
27.540695 53.932477
27.54045 53.932723
BRUSH(1,0)
REGION 1
13
27.542549 53.93283
27.542305 53.932784
27.54177 53.932674
27.541332 53.933474
27.5414 53.933489
27.54166 53.93354
27.541786 53.933564
27.542053 53.933621
27.542187 53.93365
27.542325 53.933435
27.542586 53.933371
27.542824 53.932881
27.542549 53.93283
BRUSH(1,0)
REGION 1
31
27.569332 53.920124
27.569385 53.919798
27.569232 53.919794
27.568392 53.918722
27.568171 53.918721
27.567626 53.918088
27.567602 53.917969
27.567572 53.917706
27.56775 53.917708
27.56769 53.91742
27.568176 53.917398
27.568162 53.917207
27.568122 53.917068
27.568063 53.916907
27.567299 53.916962
27.566208 53.917059
27.566943 53.917929
27.567287 53.918359
27.567392 53.918486
27.567698 53.918853
27.567829 53.919017
27.567949 53.919153
27.568108 53.919352
27.568216 53.919475
27.568309 53.919599
27.568664 53.920006
27.569639 53.921176
27.569935 53.921116
27.569804 53.920975
27.569097 53.920188
27.569332 53.920124
BRUSH(1,0)
REGION 1
26
27.552714 53.922095
27.552945 53.921413
27.552133 53.921269
27.551047 53.922323
27.550254 53.923097
27.549803 53.923532
27.548916 53.924381
27.547843 53.925502
27.547513 53.925872
27.547293 53.926221
27.547475 53.92622
27.547612 53.926231
27.547757 53.926237
27.547936 53.926236
27.54802 53.926236
27.548077 53.926229
27.548149 53.926208
27.548183 53.926181
27.548232 53.926138
27.548326 53.926052
27.55021 53.926354
27.551312 53.926557
27.551509 53.92589
27.552024 53.924239
27.552298 53.923424
27.552714 53.922095
BRUSH(1,0)
REGION 1
9
27.553232 53.92353
27.552722 53.923512
27.551848 53.926198
27.554298 53.92616
27.554353 53.925459
27.554426 53.924605
27.554499 53.92356
27.554275 53.923561
27.553232 53.92353
BRUSH(1,0)
REGION 1
20
27.557459 53.92376
27.55745 53.923625
27.556327 53.923603
27.555463 53.923591
27.554648 53.923566
27.55465 53.923705
27.554588 53.924514
27.554552 53.925233
27.554488 53.926143
27.555006 53.926141
27.555801 53.926137
27.557555 53.926111
27.557534 53.925956
27.557516 53.925458
27.557491 53.925321
27.557487 53.924993
27.557476 53.924719
27.557468 53.924409
27.557466 53.924263
27.557459 53.92376
BRUSH(1,0)
REGION 1
19
27.558212 53.923754
27.558228 53.924365
27.558234 53.92456
27.558251 53.925207
27.558252 53.925333
27.558253 53.925959
27.558244 53.926096
27.562109 53.926045
27.561675 53.925726
27.561213 53.925348
27.561094 53.925248
27.560756 53.924973
27.560067 53.924455
27.559752 53.924192
27.55961 53.924093
27.559129 53.9237
27.558863 53.92349
27.55821 53.923579
27.558212 53.923754
BRUSH(1,0)
REGION 1
35
27.566547 53.928888
27.567164 53.928871
27.567114 53.9286
27.567113 53.928508
27.567089 53.928449
27.567004 53.928313
27.566868 53.928149
27.566256 53.927598
27.565413 53.926905
27.564277 53.925936
27.562609 53.924443
27.561203 53.923187
27.559171 53.923464
27.559329 53.923614
27.561222 53.925117
27.562556 53.926141
27.562768 53.926316
27.56291 53.92643
27.563116 53.926714
27.563524 53.927388
27.563684 53.927659
27.56372 53.927821
27.563723 53.92798
27.563747 53.928957
27.565334 53.92895
27.565428 53.928866
27.565511 53.928809
27.565635 53.928726
27.56576 53.928651
27.565889 53.928599
27.566033 53.928587
27.566224 53.928615
27.56632 53.928657
27.566447 53.928756
27.566547 53.928888
BRUSH(1,0)
REGION 1
36
27.566269 53.925785
27.566166 53.925718
27.566081 53.925669
27.565738 53.925367
27.565558 53.925245
27.566002 53.925155
27.566396 53.924987
27.566861 53.924774
27.567462 53.92451
27.565736 53.922962
27.56564 53.922841
27.56559 53.922794
27.565536 53.922779
27.565452 53.922779
27.565122 53.922852
27.564898 53.92288
27.564742 53.922564
27.564013 53.922703
27.563124 53.922853
27.562574 53.922956
27.562366 53.923011
27.562028 53.923069
27.561963 53.923105
27.561911 53.923135
27.561884 53.923175
27.561881 53.923218
27.561885 53.923247
27.561989 53.923316
27.562378 53.923678
27.562494 53.923763
27.563896 53.925012
27.5643 53.925383
27.565841 53.926791
27.566583 53.926486
27.566832 53.926288
27.566269 53.925785
BRUSH(1,0)
REGION 1
43
27.571516 53.924599
27.571435 53.924507
27.571206 53.924191
27.571141 53.924129
27.571285 53.924086
27.570851 53.923526
27.570684 53.923563
27.570432 53.923234
27.569534 53.922075
27.569243 53.921717
27.565573 53.922435
27.565532 53.922457
27.565528 53.922478
27.565529 53.922498
27.56554 53.922534
27.565606 53.922592
27.565971 53.922891
27.567496 53.924187
27.56765 53.924321
27.568412 53.924975
27.568372 53.925088
27.568757 53.925382
27.568834 53.925458
27.569122 53.925704
27.569153 53.925747
27.569169 53.925782
27.56917 53.925809
27.569159 53.925845
27.569132 53.925866
27.569072 53.925884
27.565918 53.926856
27.56725 53.92797
27.567308 53.928019
27.567365 53.92803
27.567453 53.92803
27.567521 53.92803
27.567662 53.927997
27.573007 53.926483
27.572961 53.926436
27.57255 53.925899
27.57169 53.92478
27.571601 53.924675
27.571516 53.924599
BRUSH(1,0)
REGION 1
27
27.558309 53.926449
27.55834 53.92706
27.558342 53.927219
27.558341 53.927679
27.55835 53.927832
27.558367 53.928477
27.558367 53.929079
27.558675 53.929073
27.559942 53.929047
27.560616 53.929041
27.561697 53.929032
27.563325 53.929002
27.563401 53.928995
27.563439 53.928961
27.563407 53.928026
27.563394 53.927914
27.563386 53.927829
27.56338 53.927703
27.563336 53.927578
27.563301 53.927479
27.563063 53.927038
27.562849 53.926704
27.56247 53.926261
27.561332 53.926266
27.56 53.926279
27.558307 53.926287
27.558309 53.926449
BRUSH(1,0)
REGION 1
18
27.551735 53.926571
27.550915 53.928527
27.550741 53.928892
27.55055 53.929348
27.552131 53.929175
27.552302 53.929163
27.555346 53.929124
27.556423 53.929119
27.557625 53.929098
27.557598 53.928447
27.557589 53.927836
27.557588 53.927717
27.557589 53.927205
27.557556 53.927063
27.557548 53.926432
27.557546 53.92632
27.551797 53.926425
27.551735 53.926571
BRUSH(1,0)
REGION 1
5
27.551336 53.926656
27.550542 53.926487
27.549291 53.929453
27.550065 53.929582
27.551336 53.926656
BRUSH(1,0)
REGION 1
7
27.548282 53.929114
27.548188 53.929242
27.548349 53.92926
27.549035 53.929385
27.55031 53.926463
27.549627 53.926347
27.548282 53.929114
BRUSH(1,0)
REGION 1
18
27.54715 53.92666
27.547006 53.927013
27.546912 53.927063
27.546977 53.927085
27.546707 53.927708
27.546575 53.928109
27.546228 53.928885
27.547902 53.92917
27.549345 53.926302
27.548403 53.926137
27.548381 53.926185
27.548362 53.926209
27.548298 53.926257
27.548222 53.926286
27.548158 53.926298
27.54799 53.926299
27.547305 53.926275
27.54715 53.92666
BRUSH(1,0)
REGION 1
9
27.547138 53.930698
27.547466 53.930757
27.54792 53.929648
27.547961 53.929565
27.548035 53.929407
27.548061 53.92936
27.546195 53.92904
27.54557 53.930431
27.547138 53.930698
BRUSH(1,0)
REGION 1
9
27.549099 53.93104
27.549236 53.931066
27.549427 53.931101
27.54952 53.930905
27.550014 53.929717
27.549377 53.929608
27.548721 53.929496
27.54818 53.930889
27.549099 53.93104
BRUSH(1,0)
REGION 1
6
27.550506 53.929524
27.549738 53.931275
27.550805 53.931432
27.551378 53.929823
27.551224 53.929444
27.550506 53.929524
BRUSH(1,0)
REGION 1
5
27.552693 53.931726
27.551813 53.929933
27.551611 53.929878
27.551008 53.931467
27.552693 53.931726
BRUSH(1,0)
REGION 1
11
27.551692 53.929406
27.551475 53.929434
27.551511 53.929535
27.551598 53.929793
27.5519 53.929868
27.55277 53.931732
27.552987 53.931758
27.5532 53.93176
27.553455 53.931759
27.552235 53.929336
27.551692 53.929406
BRUSH(1,0)
REGION 1
12
27.554454 53.932196
27.555478 53.932176
27.555988 53.932174
27.555866 53.929326
27.552586 53.929348
27.552671 53.929498
27.552719 53.929635
27.553147 53.930601
27.553499 53.931314
27.553752 53.931782
27.554009 53.932198
27.554454 53.932196
BRUSH(1,0)
REGION 1
9
27.558549 53.929291
27.55611 53.929309
27.556124 53.929525
27.556128 53.930149
27.556212 53.93215
27.559793 53.932136
27.559776 53.930835
27.559751 53.929272
27.558549 53.929291
BRUSH(1,0)
REGION 1
18
27.563822 53.929161
27.563719 53.929159
27.563719 53.92942
27.563711 53.930244
27.563694 53.93121
27.563786 53.932117
27.564296 53.932108
27.564813 53.932099
27.566069 53.932086
27.566948 53.932086
27.567325 53.932087
27.567278 53.929136
27.567156 53.929136
27.566064 53.929151
27.565714 53.929152
27.565207 53.929155
27.564956 53.929156
27.563822 53.929161
BRUSH(1,0)
REGION 1
20
27.560133 53.931326
27.560145 53.931658
27.560149 53.931979
27.560151 53.932141
27.560532 53.932132
27.56127 53.932133
27.562416 53.932114
27.562964 53.932112
27.563523 53.932116
27.563449 53.929423
27.56345 53.929201
27.563351 53.929208
27.562019 53.92923
27.561563 53.929243
27.561254 53.929245
27.560082 53.929255
27.560076 53.929383
27.560075 53.929536
27.560106 53.93018
27.560133 53.931326
BRUSH(1,0)
REGION 1
5
27.561043 53.934805
27.561041 53.93523
27.563691 53.935219
27.563696 53.934786
27.561043 53.934805
BRUSH(1,0)
REGION 1
11
27.563574 53.933338
27.563584 53.933205
27.563582 53.933057
27.562904 53.933069
27.562767 53.93307
27.562788 53.933193
27.562791 53.934262
27.562782 53.934424
27.562788 53.934586
27.563675 53.934588
27.563574 53.933338
BRUSH(1,0)
REGION 1
9
27.562611 53.934184
27.562609 53.934056
27.562606 53.933848
27.562597 53.93372
27.562619 53.933091
27.561953 53.933107
27.561954 53.934594
27.562605 53.934591
27.562611 53.934184
BRUSH(1,0)
REGION 1
7
27.561014 53.934024
27.561027 53.934131
27.561022 53.934601
27.561813 53.934597
27.561782 53.933121
27.561013 53.933141
27.561014 53.934024
BRUSH(1,0)
REGION 1
17
27.561045 53.932691
27.561047 53.932781
27.561041 53.932894
27.561031 53.933006
27.561305 53.933005
27.561602 53.932997
27.561864 53.932995
27.563569 53.932974
27.563549 53.932931
27.563548 53.932792
27.563551 53.932446
27.562968 53.932444
27.562664 53.932444
27.561899 53.932454
27.561617 53.932455
27.561046 53.932431
27.561045 53.932691
BRUSH(1,0)
REGION 1
20
27.560764 53.932677
27.560768 53.932459
27.560513 53.932467
27.560376 53.932468
27.560049 53.932472
27.559851 53.932472
27.559589 53.932478
27.559376 53.932488
27.559098 53.932489
27.558942 53.932488
27.558633 53.932492
27.55842 53.932499
27.558211 53.9325
27.558213 53.932678
27.558215 53.93279
27.558198 53.932976
27.558484 53.932964
27.559911 53.932942
27.560752 53.932931
27.560764 53.932677
BRUSH(1,0)
REGION 1
11
27.560742 53.933632
27.560743 53.933436
27.560748 53.933198
27.560754 53.933077
27.560537 53.933078
27.560126 53.93308
27.559974 53.93308
27.559987 53.933229
27.559975 53.934603
27.560767 53.934595
27.560742 53.933632
BRUSH(1,0)
REGION 1
5
27.559845 53.934604
27.559836 53.933063
27.55914 53.933064
27.559157 53.934603
27.559845 53.934604
BRUSH(1,0)
REGION 1
19
27.558251 53.933237
27.558246 53.933376
27.558247 53.933441
27.558248 53.933553
27.558249 53.933614
27.55825 53.933713
27.558274 53.934627
27.55894 53.934615
27.558924 53.934294
27.55894 53.934056
27.558936 53.933775
27.558935 53.93369
27.558933 53.933541
27.558923 53.933404
27.558931 53.933359
27.558931 53.933135
27.558938 53.933067
27.558242 53.933075
27.558251 53.933237
BRUSH(1,0)
REGION 1
9
27.557873 53.932522
27.556236 53.932539
27.556388 53.93276
27.556581 53.932997
27.556782 53.93323
27.557148 53.93355
27.557695 53.934017
27.557991 53.934011
27.557873 53.932522
BRUSH(1,0)
REGION 1
21
27.555972 53.932693
27.555836 53.932525
27.554287 53.932539
27.554439 53.932812
27.554606 53.933049
27.55468 53.933139
27.554815 53.933286
27.554881 53.933358
27.555311 53.933684
27.556027 53.934258
27.556484 53.934579
27.556592 53.934648
27.557143 53.934632
27.558068 53.934628
27.558041 53.934579
27.558024 53.934415
27.558024 53.934157
27.557513 53.934118
27.556404 53.933173
27.556134 53.932854
27.555972 53.932693
BRUSH(1,0)
REGION 1
14
27.557119 53.934823
27.557065 53.934785
27.556827 53.934872
27.557092 53.935095
27.55714 53.935248
27.558426 53.93523
27.558853 53.935229
27.559233 53.935227
27.559641 53.935225
27.560764 53.935233
27.560757 53.93477
27.559658 53.934789
27.558234 53.9348
27.557119 53.934823
BRUSH(1,0)
REGION 1
5
27.55381 53.935279
27.556779 53.935258
27.556415 53.934824
27.553831 53.934845
27.55381 53.935279
BRUSH(1,0)
REGION 1
15
27.552425 53.934459
27.552405 53.934688
27.556242 53.934657
27.554735 53.933554
27.554473 53.93362
27.554469 53.93416
27.554332 53.934153
27.554359 53.933628
27.553807 53.933637
27.553803 53.93421
27.553666 53.93421
27.55367 53.93366
27.553332 53.933668
27.553323 53.934432
27.552425 53.934459
BRUSH(1,0)
REGION 1
12
27.553182 53.933554
27.553342 53.933554
27.553913 53.933547
27.554631 53.933451
27.55421 53.932997
27.553902 53.933073
27.551641 53.933029
27.551397 53.933565
27.551968 53.933576
27.552089 53.933259
27.553166 53.933258
27.553182 53.933554
BRUSH(1,0)
REGION 1
7
27.551912 53.933679
27.551448 53.933681
27.551431 53.934701
27.552185 53.934705
27.552189 53.934473
27.551927 53.934481
27.551912 53.933679
BRUSH(1,0)
REGION 1
7
27.548285 53.934891
27.548097 53.935312
27.55013 53.935325
27.550148 53.935262
27.550753 53.935264
27.550759 53.934853
27.548285 53.934891
BRUSH(1,0)
REGION 1
9
27.551282 53.934706
27.551257 53.933664
27.550159 53.933519
27.549912 53.934115
27.55056 53.934164
27.550519 53.934229
27.54989 53.934181
27.549676 53.934714
27.551282 53.934706
BRUSH(1,0)
REGION 1
5
27.549489 53.934701
27.54998 53.933515
27.548878 53.933352
27.548344 53.934706
27.549489 53.934701
BRUSH(1,0)
REGION 1
7
27.550165 53.933065
27.550205 53.932928
27.55039 53.932543
27.549328 53.932548
27.549013 53.933223
27.550031 53.933365
27.550165 53.933065
BRUSH(1,0)
REGION 1
5
27.55021 53.933373
27.551259 53.93353
27.551638 53.932535
27.550588 53.932556
27.55021 53.933373
BRUSH(1,0)
REGION 1
6
27.551644 53.932973
27.553768 53.932977
27.554171 53.932939
27.553929 53.932527
27.551828 53.932537
27.551644 53.932973
BRUSH(1,0)
REGION 1
6
27.553662 53.932198
27.553518 53.931931
27.553012 53.931911
27.552093 53.931792
27.551897 53.932208
27.553662 53.932198
BRUSH(1,0)
REGION 1
5
27.551952 53.931772
27.550949 53.931629
27.550724 53.932205
27.551771 53.9322
27.551952 53.931772
BRUSH(1,0)
REGION 1
5
27.550716 53.9316
27.549717 53.931452
27.54938 53.932197
27.550458 53.932192
27.550716 53.9316
BRUSH(1,0)
REGION 1
28
27.54509 53.931534
27.548657 53.932171
27.548798 53.932155
27.54888 53.932038
27.549063 53.932073
27.549391 53.931256
27.548437 53.93109
27.54824 53.93145
27.548305 53.931459
27.548219 53.931605
27.547998 53.931572
27.548068 53.931401
27.548171 53.93141
27.548338 53.931057
27.54746 53.930906
27.547271 53.931273
27.547347 53.931274
27.547247 53.93145
27.547064 53.931422
27.547145 53.931239
27.547221 53.93125
27.547396 53.930892
27.546545 53.930741
27.546217 53.931271
27.546102 53.931251
27.546453 53.930721
27.545488 53.930557
27.54509 53.931534
BRUSH(1,0)
REGION 1
5
27.544979 53.931822
27.544821 53.932245
27.548736 53.932964
27.548939 53.932514
27.544979 53.931822
BRUSH(1,0)
REGION 1
9
27.544444 53.933069
27.544363 53.93331
27.543956 53.933913
27.544922 53.934104
27.545191 53.933485
27.54525 53.933317
27.545492 53.932595
27.544676 53.932459
27.544444 53.933069
BRUSH(1,0)
REGION 1
5
27.545655 53.932565
27.545521 53.933037
27.548458 53.933556
27.548673 53.933106
27.545655 53.932565
BRUSH(1,0)
REGION 1
5
27.54551 53.933136
27.545326 53.933611
27.54823 53.934125
27.548437 53.933655
27.54551 53.933136
BRUSH(1,0)
REGION 1
7
27.547323 53.934087
27.547174 53.934047
27.545297 53.93371
27.545101 53.934139
27.547974 53.934681
27.548212 53.934244
27.547323 53.934087
BRUSH(1,0)
REGION 1
7
27.545008 53.934315
27.544192 53.934171
27.544026 53.934578
27.545056 53.934755
27.547654 53.93526
27.547889 53.934843
27.545008 53.934315
BRUSH(1,0)
REGION 1
7
27.545597 53.935415
27.54582 53.934999
27.544233 53.934698
27.544083 53.934894
27.543896 53.934861
27.5438 53.935107
27.545597 53.935415
BRUSH(1,0)
REGION 1
29
27.569221 53.929317
27.569118 53.929325
27.569118 53.929289
27.56897 53.929292
27.568982 53.929361
27.568757 53.92936
27.567791 53.92936
27.567712 53.929437
27.567767 53.932078
27.573738 53.932056
27.574534 53.932059
27.574937 53.932057
27.575261 53.932054
27.575633 53.931998
27.575975 53.931947
27.576389 53.931887
27.57686 53.931801
27.577467 53.931679
27.577692 53.931685
27.577991 53.931052
27.577825 53.930912
27.573859 53.926973
27.573284 53.926715
27.569424 53.927751
27.569127 53.927993
27.569199 53.929064
27.569298 53.929063
27.569335 53.929317
27.569221 53.929317
BRUSH(1,0)
REGION 1
5
27.613297 53.941373
27.613927 53.94121
27.612713 53.939579
27.612121 53.939735
27.613297 53.941373
BRUSH(1,0)
REGION 1
5
27.614071 53.941171
27.61466 53.941021
27.613461 53.939388
27.612911 53.939529
27.614071 53.941171
BRUSH(1,0)
REGION 1
5
27.615874 53.940696
27.616606 53.94053
27.615439 53.938937
27.614687 53.939096
27.615874 53.940696
BRUSH(1,0)
REGION 1
5
27.614807 53.940971
27.615642 53.940755
27.614436 53.939154
27.613662 53.939342
27.614807 53.940971
BRUSH(1,0)
REGION 1
5
27.61677 53.940488
27.617529 53.940304
27.616326 53.938665
27.615571 53.938867
27.61677 53.940488
BRUSH(1,0)
REGION 1
5
27.6177 53.94027
27.618368 53.940095
27.61741 53.9388
27.616745 53.938973
27.6177 53.94027
BRUSH(1,0)
REGION 1
5
27.61874 53.940008
27.619609 53.939773
27.618669 53.938479
27.617762 53.938713
27.61874 53.940008
BRUSH(1,0)
REGION 1
5
27.619772 53.939732
27.620702 53.939498
27.619713 53.938196
27.618798 53.938438
27.619772 53.939732
BRUSH(1,0)
REGION 1
9
27.620865 53.939456
27.622262 53.939118
27.621753 53.93866
27.621332 53.938784
27.621022 53.938407
27.621329 53.938289
27.620862 53.937893
27.619857 53.93816
27.620865 53.939456
BRUSH(1,0)
REGION 1
5
27.622565 53.939022
27.624033 53.938299
27.622097 53.937122
27.621035 53.937701
27.622565 53.939022
BRUSH(1,0)
REGION 1
5
27.624161 53.938226
27.62491 53.937853
27.623015 53.936602
27.622229 53.937036
27.624161 53.938226
BRUSH(1,0)
REGION 1
5
27.625065 53.93778
27.625999 53.937314
27.623911 53.936091
27.623144 53.936527
27.625065 53.93778
BRUSH(1,0)
REGION 1
5
27.626267 53.937133
27.627048 53.936578
27.624915 53.935469
27.624164 53.93595
27.626267 53.937133
BRUSH(1,0)
REGION 1
7
27.612021 53.939623
27.612507 53.939501
27.612498 53.939457
27.614339 53.938999
27.613335 53.937653
27.610989 53.938235
27.612021 53.939623
BRUSH(1,0)
REGION 1
5
27.614582 53.938951
27.615299 53.938771
27.614256 53.937387
27.613539 53.937564
27.614582 53.938951
BRUSH(1,0)
REGION 1
5
27.61547 53.938716
27.616218 53.938532
27.615167 53.937162
27.614458 53.937337
27.61547 53.938716
BRUSH(1,0)
REGION 1
5
27.616396 53.938487
27.617064 53.938312
27.616041 53.93697
27.615342 53.937111
27.616396 53.938487
BRUSH(1,0)
REGION 1
5
27.61741 53.938285
27.618355 53.938055
27.61777 53.937283
27.61687 53.937512
27.61741 53.938285
BRUSH(1,0)
REGION 1
5
27.618503 53.938003
27.61938 53.937769
27.618825 53.937018
27.617948 53.937237
27.618503 53.938003
BRUSH(1,0)
REGION 1
5
27.619565 53.937723
27.620457 53.937489
27.619671 53.936818
27.618977 53.936988
27.619565 53.937723
BRUSH(1,0)
REGION 1
5
27.616789 53.937416
27.61811 53.937081
27.617695 53.936516
27.616386 53.936863
27.616789 53.937416
BRUSH(1,0)
REGION 1
7
27.618193 53.937051
27.619559 53.9367
27.619124 53.936333
27.61879 53.936425
27.618636 53.93628
27.617793 53.936498
27.618193 53.937051
BRUSH(1,0)
REGION 1
5
27.620842 53.937525
27.621863 53.936982
27.620661 53.936246
27.619917 53.936698
27.620842 53.937525
BRUSH(1,0)
REGION 1
5
27.622003 53.936891
27.622728 53.936466
27.621519 53.935765
27.620789 53.936162
27.622003 53.936891
BRUSH(1,0)
REGION 1
8
27.610462 53.942117
27.61151 53.941832
27.610657 53.940728
27.610513 53.940767
27.609949 53.940167
27.608864 53.93877
27.607904 53.939029
27.610462 53.942117
BRUSH(1,0)
REGION 1
5
27.611753 53.941784
27.613031 53.941446
27.611926 53.939914
27.610575 53.940317
27.611753 53.941784
BRUSH(1,0)
REGION 1
5
27.610282 53.940321
27.611867 53.939842
27.610708 53.938292
27.609027 53.938722
27.610282 53.940321
BRUSH(1,0)
REGION 1
5
27.616683 53.938881
27.617336 53.938706
27.617142 53.938456
27.616497 53.93863
27.616683 53.938881
BRUSH(1,0)
REGION 1
5
27.617681 53.938626
27.619651 53.938114
27.619449 53.937858
27.61748 53.938362
27.617681 53.938626
BRUSH(1,0)
REGION 1
5
27.619814 53.938063
27.620785 53.937804
27.620519 53.937578
27.619616 53.937819
27.619814 53.938063
BRUSH(1,0)
REGION 1
26
27.625956 53.947167
27.634665 53.944607
27.634757 53.944377
27.632642 53.943471
27.632551 53.943505
27.632375 53.943434
27.632408 53.943378
27.632368 53.943189
27.628303 53.941478
27.627942 53.941534
27.627253 53.942086
27.626747 53.941875
27.62574 53.942256
27.624957 53.94157
27.62426 53.941844
27.624196 53.942177
27.622841 53.942517
27.623389 53.943005
27.622853 53.943352
27.623107 53.943555
27.622644 53.943715
27.623266 53.944319
27.625113 53.946256
27.625113 53.946288
27.625622 53.946766
27.625956 53.947167
BRUSH(1,0)
REGION 1
17
27.617395 53.94899
27.619546 53.948367
27.619896 53.948313
27.621648 53.947773
27.621831 53.947734
27.622047 53.947973
27.622658 53.947788
27.622999 53.947635
27.625062 53.946985
27.623839 53.945584
27.623775 53.9456
27.622974 53.944689
27.62114 53.945403
27.620371 53.945715
27.617849 53.946467
27.615705 53.947119
27.617395 53.94899
BRUSH(1,0)
REGION 1
13
27.622039 53.954088
27.627957 53.952263
27.629581 53.951768
27.630631 53.951412
27.631374 53.950638
27.631521 53.950545
27.631684 53.950484
27.633968 53.949808
27.631318 53.946559
27.624644 53.948469
27.621662 53.94932
27.618524 53.950203
27.622039 53.954088
BRUSH(1,0)
REGION 1
54
27.624837 53.959171
27.622426 53.956456
27.621761 53.956601
27.621374 53.956711
27.621051 53.956785
27.620249 53.956915
27.619549 53.956987
27.618883 53.957033
27.618129 53.95703
27.616799 53.957044
27.614148 53.957054
27.612053 53.957063
27.610735 53.957061
27.610102 53.95708
27.609615 53.957137
27.60916 53.957243
27.608667 53.95741
27.607717 53.957936
27.608442 53.958285
27.609309 53.958728
27.610087 53.9591
27.611084 53.959553
27.611666 53.959759
27.612041 53.959867
27.612156 53.959916
27.612694 53.960021
27.613591 53.960097
27.614711 53.960132
27.615489 53.960155
27.61635 53.960182
27.616858 53.960237
27.617018 53.960268
27.617595 53.960397
27.617978 53.960512
27.618331 53.960675
27.618615 53.960826
27.619138 53.961196
27.619304 53.961353
27.619937 53.961936
27.620037 53.961999
27.620113 53.962021
27.620304 53.962022
27.621377 53.961639
27.62158 53.961779
27.622574 53.961441
27.623742 53.961025
27.624253 53.96082
27.624435 53.9607
27.624725 53.960462
27.624852 53.960302
27.624919 53.960135
27.625016 53.959772
27.624974 53.95944
27.624837 53.959171
BRUSH(1,0)
REGION 1
17
27.603054 53.952454
27.602755 53.954317
27.603648 53.955572
27.606781 53.955683
27.609823 53.955809
27.611495 53.95578
27.612927 53.955795
27.617483 53.955783
27.61767 53.955769
27.617791 53.955741
27.620273 53.95499
27.621528 53.954583
27.619192 53.952032
27.616234 53.952948
27.615563 53.952938
27.610765 53.952763
27.603054 53.952454
BRUSH(1,0)
REGION 1
7
27.608338 53.952437
27.611672 53.952572
27.616033 53.952742
27.614854 53.951487
27.612499 53.951396
27.608501 53.951253
27.608338 53.952437
BRUSH(1,0)
REGION 1
5
27.608442 53.951161
27.610279 53.951228
27.610317 53.950643
27.608515 53.950574
27.608442 53.951161
BRUSH(1,0)
REGION 1
12
27.610462 53.95124
27.610451 53.951247
27.615032 53.951434
27.616269 53.952725
27.619064 53.951819
27.617645 53.950262
27.616219 53.950164
27.616151 53.950198
27.614222 53.950129
27.614117 53.950773
27.6105 53.950644
27.610462 53.95124
BRUSH(1,0)
REGION 1
6
27.608513 53.950457
27.610857 53.950555
27.613951 53.950664
27.614024 53.950117
27.608555 53.949899
27.608513 53.950457
BRUSH(1,0)
REGION 1
14
27.603261 53.952228
27.60575 53.952327
27.60574 53.951909
27.605651 53.951776
27.605568 53.951595
27.605747 53.949844
27.605343 53.949826
27.605 53.949835
27.604764 53.949813
27.603933 53.949782
27.60378 53.949758
27.603583 53.949817
27.603504 53.949906
27.603261 53.952228
BRUSH(1,0)
REGION 1
11
27.605894 53.952333
27.607659 53.952404
27.607781 53.952399
27.607914 53.952363
27.60814 53.94991
27.605956 53.949827
27.605736 53.951596
27.605837 53.951767
27.605912 53.951946
27.605882 53.952286
27.605894 53.952333
BRUSH(1,0)
REGION 1
75
27.618568 53.962965
27.618266 53.96262
27.619475 53.962191
27.618811 53.961515
27.618341 53.961138
27.618076 53.960998
27.617582 53.960778
27.617042 53.960614
27.61679 53.960559
27.616298 53.960506
27.615253 53.960455
27.614102 53.960425
27.613229 53.960392
27.612619 53.960337
27.612233 53.960269
27.611465 53.960102
27.611186 53.960018
27.610868 53.959898
27.61015 53.959536
27.609373 53.959194
27.60885 53.95948
27.608597 53.9596
27.608433 53.959619
27.607771 53.959634
27.605688 53.96005
27.605539 53.960026
27.604976 53.95977
27.604857 53.959751
27.604655 53.959743
27.60437 53.95978
27.604157 53.959835
27.604064 53.959957
27.604221 53.960314
27.604226 53.960377
27.604136 53.960539
27.604393 53.960949
27.604641 53.961214
27.604991 53.961511
27.605537 53.961834
27.606479 53.962785
27.606757 53.962812
27.606834 53.962853
27.607154 53.962851
27.60726 53.962805
27.607759 53.962758
27.607866 53.962786
27.608178 53.962733
27.608447 53.962644
27.609267 53.962446
27.609703 53.962507
27.609912 53.962514
27.610729 53.962618
27.611164 53.962667
27.6119 53.962702
27.612788 53.962767
27.612942 53.962863
27.613267 53.962948
27.613348 53.962998
27.613324 53.963178
27.613436 53.963339
27.613563 53.963388
27.613663 53.963452
27.613736 53.963526
27.613838 53.963708
27.614023 53.963633
27.614122 53.96363
27.614059 53.96377
27.614145 53.963895
27.614233 53.963944
27.614371 53.963975
27.614561 53.963965
27.615688 53.96361
27.615679 53.963502
27.616505 53.963729
27.618568 53.962965
BRUSH(1,0)
REGION 1
47
27.607312 53.948675
27.606576 53.947701
27.606454 53.947686
27.606213 53.947359
27.606285 53.947347
27.605538 53.9464
27.604619 53.946603
27.604553 53.946578
27.603566 53.946791
27.603885 53.94727
27.60368 53.947309
27.603241 53.947251
27.602115 53.947066
27.60153 53.947175
27.601496 53.947202
27.601249 53.947271
27.601001 53.947256
27.600849 53.947291
27.598581 53.947723
27.598569 53.947701
27.59757 53.947866
27.597454 53.947781
27.596882 53.947689
27.596684 53.947681
27.597061 53.947961
27.597523 53.948352
27.598654 53.949207
27.600152 53.949267
27.601531 53.949345
27.602983 53.9494
27.60304 53.949083
27.603263 53.94919
27.603427 53.949247
27.603816 53.949306
27.60398 53.949307
27.604258 53.949256
27.604375 53.949211
27.604571 53.949039
27.604619 53.948939
27.604626 53.948856
27.604581 53.948681
27.604516 53.9486
27.604729 53.948611
27.604783 53.948702
27.60715 53.948778
27.607145 53.948676
27.607312 53.948675
BRUSH(1,0)
REGION 1
13
27.598047 53.957596
27.601972 53.95704
27.602162 53.955879
27.602126 53.955737
27.60223 53.954075
27.601467 53.953989
27.601444 53.953962
27.599412 53.953867
27.595471 53.953733
27.596139 53.955562
27.59689 53.955619
27.597354 53.956442
27.598047 53.957596
BRUSH(1,0)
REGION 1
5
27.592129 53.953318
27.597125 53.953472
27.597201 53.95291
27.592197 53.952695
27.592129 53.953318
BRUSH(1,0)
REGION 1
9
27.592173 53.952567
27.597219 53.952768
27.597277 53.952246
27.594078 53.952065
27.593571 53.952049
27.59332 53.952024
27.593274 53.952296
27.592188 53.952281
27.592173 53.952567
BRUSH(1,0)
REGION 1
9
27.59243 53.951601
27.59326 53.951849
27.5978 53.95205
27.598051 53.952042
27.598146 53.951477
27.594606 53.951376
27.593996 53.951341
27.593222 53.951215
27.59243 53.951601
BRUSH(1,0)
REGION 1
6
27.594005 53.95086
27.594456 53.951213
27.598144 53.951321
27.598207 53.950851
27.594384 53.950689
27.594005 53.95086
BRUSH(1,0)
REGION 1
5
27.593865 53.95093
27.593506 53.951107
27.593922 53.951177
27.59417 53.951194
27.593865 53.95093
BRUSH(1,0)
REGION 1
5
27.594512 53.950551
27.598228 53.950687
27.5983 53.950135
27.594604 53.949991
27.594512 53.950551
BRUSH(1,0)
REGION 1
5
27.594583 53.949872
27.598306 53.950001
27.598364 53.949465
27.594629 53.949327
27.594583 53.949872
BRUSH(1,0)
REGION 1
18
27.599716 53.950929
27.59884 53.95089
27.598761 53.95157
27.59865 53.951571
27.598579 53.95192
27.598595 53.951969
27.598645 53.952036
27.598702 53.952054
27.602125 53.952191
27.602177 53.952067
27.602535 53.952083
27.602606 53.951671
27.602113 53.95153
27.601966 53.951652
27.601736 53.951599
27.601593 53.951674
27.599657 53.951604
27.599716 53.950929
BRUSH(1,0)
REGION 1
5
27.599922 53.950939
27.599857 53.95149
27.601488 53.951562
27.601597 53.9514
27.599922 53.950939
BRUSH(1,0)
REGION 1
9
27.598925 53.950143
27.598857 53.950737
27.599909 53.950797
27.600815 53.951031
27.60263 53.951514
27.602932 53.950981
27.600149 53.950218
27.599931 53.950183
27.598925 53.950143
BRUSH(1,0)
REGION 1
16
27.597346 53.95348
27.600357 53.953599
27.600414 53.953583
27.602316 53.953647
27.602368 53.953265
27.60201 53.953258
27.602025 53.952963
27.602352 53.952936
27.602452 53.952443
27.600954 53.952357
27.598404 53.95224
27.598345 53.952384
27.598414 53.952393
27.598376 53.952681
27.597438 53.952665
27.597346 53.95348
BRUSH(1,0)
REGION 1
7
27.588911 53.950448
27.588808 53.951008
27.590504 53.951064
27.592113 53.951499
27.592957 53.951124
27.590908 53.950507
27.588911 53.950448
BRUSH(1,0)
REGION 1
11
27.591149 53.949156
27.591042 53.950297
27.59158 53.950324
27.59199 53.949977
27.592025 53.949746
27.593401 53.949797
27.593394 53.950382
27.594132 53.950609
27.594226 53.950535
27.594351 53.949302
27.591149 53.949156
BRUSH(1,0)
REGION 1
7
27.585184 53.950291
27.585124 53.950678
27.585677 53.950718
27.58566 53.950887
27.588544 53.950971
27.588602 53.950433
27.585184 53.950291
BRUSH(1,0)
REGION 1
6
27.582713 53.949512
27.582964 53.950051
27.586325 53.950171
27.586654 53.949971
27.586669 53.949661
27.582713 53.949512
BRUSH(1,0)
REGION 1
5
27.582449 53.948821
27.582665 53.949353
27.586587 53.949497
27.586668 53.948993
27.582449 53.948821
BRUSH(1,0)
REGION 1
8
27.586894 53.94968
27.586851 53.9502
27.588322 53.950253
27.588348 53.95019
27.588512 53.950186
27.588652 53.950139
27.588708 53.94974
27.586894 53.94968
BRUSH(1,0)
REGION 1
7
27.586965 53.949
27.586927 53.949282
27.5873 53.949307
27.587298 53.949403
27.58873 53.949439
27.588787 53.949072
27.586965 53.949
BRUSH(1,0)
REGION 1
5
27.599897 53.947282
27.602978 53.946699
27.601513 53.944757
27.598796 53.9455
27.599897 53.947282
BRUSH(1,0)
REGION 1
5
27.603166 53.946482
27.605213 53.946028
27.603802 53.944158
27.601824 53.944668
27.603166 53.946482
BRUSH(1,0)
REGION 1
12
27.612701 53.948896
27.615255 53.948999
27.616508 53.949053
27.61485 53.947211
27.613386 53.94574
27.613147 53.945817
27.613046 53.945894
27.612773 53.946015
27.612908 53.94616
27.612642 53.94645
27.610892 53.946902
27.612701 53.948896
BRUSH(1,0)
REGION 1
16
27.605601 53.945984
27.608206 53.945399
27.610408 53.944908
27.610051 53.944431
27.60878 53.944737
27.608628 53.944524
27.608776 53.944471
27.608714 53.944391
27.608437 53.944455
27.608453 53.9445
27.607428 53.944764
27.606371 53.943497
27.605726 53.943669
27.605646 53.943642
27.604174 53.944077
27.605601 53.945984
BRUSH(1,0)
REGION 1
15
27.603989 53.943926
27.60501 53.943641
27.609741 53.942318
27.608882 53.941286
27.608723 53.94108
27.606993 53.938991
27.606198 53.937898
27.600437 53.939379
27.601092 53.940241
27.601298 53.940553
27.602982 53.942615
27.606298 53.941723
27.606352 53.94179
27.603047 53.942696
27.603989 53.943926
BRUSH(1,0)
REGION 1
7
27.598635 53.941075
27.600927 53.940445
27.599726 53.938904
27.59765 53.939468
27.59791 53.939786
27.597716 53.93985
27.598635 53.941075
BRUSH(1,0)
REGION 1
5
27.607561 53.947327
27.606775 53.947531
27.607895 53.94896
27.608774 53.948922
27.607561 53.947327
BRUSH(1,0)
REGION 1
5
27.606686 53.947395
27.607449 53.947186
27.606635 53.94612
27.605852 53.946293
27.606686 53.947395
BRUSH(1,0)
REGION 1
6
27.608808 53.948564
27.60897 53.948763
27.610777 53.948846
27.612373 53.948871
27.611341 53.947763
27.608808 53.948564
BRUSH(1,0)
REGION 1
5
27.608354 53.94797
27.608749 53.948447
27.611222 53.947654
27.610793 53.947193
27.608354 53.94797
BRUSH(1,0)
REGION 1
5
27.608257 53.947841
27.60985 53.947337
27.60949 53.946889
27.607773 53.947263
27.608257 53.947841
BRUSH(1,0)
REGION 1
5
27.607319 53.946624
27.607714 53.947117
27.610354 53.946543
27.610035 53.946041
27.607319 53.946624
BRUSH(1,0)
REGION 1
5
27.606897 53.946067
27.607245 53.946508
27.609976 53.945933
27.609657 53.94544
27.606897 53.946067
BRUSH(1,0)
REGION 1
5
27.601237 53.944028
27.601582 53.944505
27.603594 53.943977
27.603229 53.943473
27.601237 53.944028
BRUSH(1,0)
REGION 1
5
27.600798 53.943398
27.601137 53.943929
27.603148 53.943377
27.602836 53.94287
27.600798 53.943398
BRUSH(1,0)
REGION 1
5
27.600172 53.942693
27.600659 53.943273
27.602663 53.94275
27.602225 53.942125
27.600172 53.942693
BRUSH(1,0)
REGION 1
5
27.599606 53.941936
27.600079 53.942588
27.602117 53.942017
27.601613 53.941374
27.599606 53.941936
BRUSH(1,0)
REGION 1
5
27.599032 53.941136
27.599459 53.941786
27.601489 53.9412
27.601043 53.940615
27.599032 53.941136
BRUSH(1,0)
REGION 1
7
27.597565 53.939367
27.598142 53.939218
27.598131 53.939193
27.599641 53.938785
27.599087 53.938064
27.597019 53.938621
27.597565 53.939367
BRUSH(1,0)
REGION 1
5
27.596338 53.937791
27.596887 53.938489
27.598963 53.937921
27.598436 53.937238
27.596338 53.937791
BRUSH(1,0)
REGION 1
5
27.595656 53.936928
27.596198 53.937598
27.598266 53.93705
27.597762 53.936366
27.595656 53.936928
BRUSH(1,0)
REGION 1
5
27.594994 53.936084
27.595513 53.936763
27.597615 53.936194
27.597081 53.935504
27.594994 53.936084
BRUSH(1,0)
REGION 1
5
27.598375 53.944796
27.598701 53.945274
27.599935 53.944945
27.599551 53.94445
27.598375 53.944796
BRUSH(1,0)
REGION 1
5
27.597967 53.94418
27.598328 53.944709
27.59947 53.944383
27.59911 53.943879
27.597967 53.94418
BRUSH(1,0)
REGION 1
7
27.599368 53.943797
27.600223 53.944867
27.601009 53.944661
27.600467 53.943958
27.600595 53.943887
27.600309 53.943536
27.599368 53.943797
BRUSH(1,0)
REGION 1
7
27.598191 53.942337
27.599248 53.943656
27.600094 53.943431
27.599796 53.943075
27.599564 53.943124
27.598889 53.942151
27.598191 53.942337
BRUSH(1,0)
REGION 1
5
27.597598 53.943622
27.597866 53.944016
27.598978 53.943727
27.598687 53.943328
27.597598 53.943622
BRUSH(1,0)
REGION 1
5
27.597299 53.943156
27.59754 53.943541
27.598614 53.943252
27.598324 53.942903
27.597299 53.943156
BRUSH(1,0)
REGION 1
5
27.596988 53.942685
27.597248 53.943075
27.598269 53.94282
27.597929 53.942413
27.596988 53.942685
BRUSH(1,0)
REGION 1
5
27.59644 53.94186
27.596883 53.942513
27.597793 53.942245
27.597305 53.941615
27.59644 53.94186
BRUSH(1,0)
REGION 1
5
27.595907 53.941013
27.596331 53.941695
27.597181 53.941463
27.596697 53.940816
27.595907 53.941013
BRUSH(1,0)
REGION 1
5
27.595527 53.940433
27.595787 53.940836
27.596516 53.940641
27.596202 53.940245
27.595527 53.940433
BRUSH(1,0)
REGION 1
5
27.594734 53.939243
27.595464 53.940339
27.596136 53.940155
27.5953 53.939094
27.594734 53.939243
BRUSH(1,0)
REGION 1
7
27.596894 53.940738
27.598059 53.942178
27.598579 53.942031
27.597971 53.941229
27.598118 53.941155
27.597676 53.940554
27.596894 53.940738
BRUSH(1,0)
REGION 1
8
27.59637 53.938789
27.595516 53.939032
27.596785 53.940575
27.59732 53.940423
27.596983 53.939946
27.596309 53.939086
27.596536 53.939006
27.59637 53.938789
BRUSH(1,0)
REGION 1
5
27.593708 53.938483
27.59458 53.939111
27.595954 53.938733
27.595408 53.938036
27.593708 53.938483
BRUSH(1,0)
REGION 1
6
27.592909 53.937649
27.593292 53.938162
27.593477 53.938316
27.595541 53.937768
27.595034 53.937087
27.592909 53.937649
BRUSH(1,0)
REGION 1
7
27.592304 53.936813
27.592807 53.937472
27.594845 53.936937
27.594593 53.936583
27.594752 53.93651
27.594455 53.936219
27.592304 53.936813
BRUSH(1,0)
REGION 1
8
27.595816 53.946285
27.595129 53.946469
27.596303 53.947371
27.598569 53.947357
27.598196 53.946799
27.597694 53.946846
27.596642 53.946847
27.595816 53.946285
BRUSH(1,0)
REGION 1
5
27.598526 53.945551
27.597725 53.945769
27.598743 53.947327
27.599592 53.947246
27.598526 53.945551
BRUSH(1,0)
REGION 1
6
27.597524 53.945817
27.595975 53.946241
27.596771 53.946797
27.59767 53.946781
27.598134 53.946714
27.597524 53.945817
BRUSH(1,0)
REGION 1
5
27.593717 53.945347
27.594906 53.946301
27.596386 53.945904
27.595474 53.944847
27.593717 53.945347
BRUSH(1,0)
REGION 1
7
27.595724 53.944788
27.596671 53.945817
27.598421 53.945352
27.597861 53.944498
27.59766 53.944249
27.597606 53.944263
27.595724 53.944788
BRUSH(1,0)
REGION 1
7
27.592731 53.943902
27.591979 53.944103
27.59346 53.945207
27.595338 53.944691
27.59494 53.944243
27.593635 53.944592
27.592731 53.943902
BRUSH(1,0)
REGION 1
9
27.594218 53.94346
27.593554 53.943645
27.59371 53.943908
27.593558 53.943969
27.593632 53.94407
27.593291 53.944205
27.59363 53.944506
27.594871 53.944169
27.594218 53.94346
BRUSH(1,0)
REGION 1
7
27.595042 53.94326
27.594487 53.943382
27.595114 53.944109
27.596305 53.943795
27.596123 53.943519
27.595398 53.943708
27.595042 53.94326
BRUSH(1,0)
REGION 1
9
27.596886 53.943007
27.596434 53.943138
27.596613 53.94342
27.596287 53.943519
27.596496 53.943823
27.595195 53.944179
27.59557 53.944609
27.597574 53.944097
27.596886 53.943007
BRUSH(1,0)
REGION 1
8
27.591795 53.943958
27.594086 53.943281
27.593514 53.942672
27.592699 53.942892
27.591317 53.943277
27.591288 53.943349
27.59116 53.94346
27.591795 53.943958
BRUSH(1,0)
REGION 1
5
27.59381 53.94258
27.594348 53.943225
27.596629 53.94259
27.596171 53.941925
27.59381 53.94258
BRUSH(1,0)
REGION 1
5
27.590071 53.942649
27.590829 53.943194
27.593348 53.942493
27.592849 53.941884
27.590071 53.942649
BRUSH(1,0)
REGION 1
7
27.595654 53.941111
27.593358 53.941773
27.593142 53.941826
27.593598 53.942395
27.593614 53.942424
27.596058 53.941768
27.595654 53.941111
BRUSH(1,0)
REGION 1
5
27.590905 53.970621
27.591829 53.970508
27.591284 53.968689
27.590225 53.968782
27.590905 53.970621
BRUSH(1,0)
REGION 1
13
27.592008 53.970475
27.592134 53.97047
27.592461 53.970417
27.592779 53.970316
27.593009 53.970099
27.593026 53.969957
27.593219 53.969259
27.593269 53.968946
27.5933 53.96871
27.593261 53.968627
27.593207 53.968571
27.591468 53.968783
27.592008 53.970475
BRUSH(1,0)
REGION 1
5
27.59136 53.968405
27.591463 53.968731
27.593183 53.968524
27.593103 53.968216
27.59136 53.968405
BRUSH(1,0)
REGION 1
10
27.584769 53.968563
27.584872 53.968855
27.58643 53.968815
27.589417 53.968742
27.589984 53.968696
27.5899 53.968384
27.589359 53.968382
27.586624 53.968452
27.585074 53.968526
27.584769 53.968563
BRUSH(1,0)
REGION 1
5
27.589295 53.969318
27.589395 53.969673
27.590084 53.969599
27.58998 53.969249
27.589295 53.969318
BRUSH(1,0)
REGION 1
5
27.589921 53.942475
27.590649 53.942275
27.588784 53.940855
27.588067 53.941058
27.589921 53.942475
BRUSH(1,0)
REGION 1
5
27.590812 53.942216
27.591579 53.942005
27.589721 53.940602
27.588978 53.940806
27.590812 53.942216
BRUSH(1,0)
REGION 1
5
27.593401 53.940993
27.59373 53.9414
27.595514 53.940898
27.595253 53.940493
27.593401 53.940993
BRUSH(1,0)
REGION 1
5
27.593067 53.940464
27.593385 53.940878
27.595187 53.940414
27.594881 53.939944
27.593067 53.940464
BRUSH(1,0)
REGION 1
5
27.592416 53.93988
27.592857 53.94039
27.594814 53.939832
27.594465 53.939321
27.592416 53.93988
BRUSH(1,0)
REGION 1
5
27.587251 53.940143
27.587844 53.940902
27.588592 53.940703
27.58815 53.940131
27.587251 53.940143
BRUSH(1,0)
REGION 1
6
27.588341 53.940133
27.588762 53.940664
27.59033 53.940255
27.59055 53.940187
27.590507 53.94009
27.588341 53.940133
BRUSH(1,0)
REGION 1
5
27.586904 53.939756
27.587074 53.939962
27.587946 53.939948
27.587636 53.93957
27.586904 53.939756
BRUSH(1,0)
REGION 1
5
27.587815 53.939519
27.588132 53.939943
27.589035 53.939929
27.588578 53.939331
27.587815 53.939519
BRUSH(1,0)
REGION 1
5
27.590361 53.939718
27.590516 53.939915
27.591601 53.939882
27.591264 53.939468
27.590361 53.939718
BRUSH(1,0)
REGION 1
5
27.588821 53.939274
27.589347 53.939936
27.590329 53.939913
27.589659 53.939037
27.588821 53.939274
BRUSH(1,0)
REGION 1
5
27.589784 53.938996
27.590288 53.939641
27.591214 53.939409
27.590707 53.938764
27.589784 53.938996
BRUSH(1,0)
REGION 1
5
27.588321 53.938644
27.58874 53.939177
27.590618 53.938655
27.5902 53.938158
27.588321 53.938644
BRUSH(1,0)
REGION 1
5
27.586409 53.939156
27.586846 53.939677
27.587574 53.939473
27.587156 53.938951
27.586409 53.939156
BRUSH(1,0)
REGION 1
5
27.587316 53.938917
27.587738 53.939441
27.588527 53.939239
27.58809 53.938704
27.587316 53.938917
BRUSH(1,0)
REGION 1
5
27.585879 53.938513
27.586324 53.939055
27.58802 53.938601
27.587613 53.938054
27.585879 53.938513
BRUSH(1,0)
REGION 1
5
27.587822 53.938001
27.588251 53.938541
27.5901 53.938043
27.589678 53.937506
27.587822 53.938001
BRUSH(1,0)
REGION 1
7
27.589864 53.937464
27.590077 53.937738
27.591678 53.937295
27.592519 53.93815
27.592887 53.938054
27.592008 53.936889
27.589864 53.937464
BRUSH(1,0)
REGION 1
6
27.585476 53.937982
27.585809 53.938376
27.587524 53.937911
27.587326 53.937613
27.58619 53.937247
27.585476 53.937982
BRUSH(1,0)
REGION 1
7
27.58755 53.937623
27.587732 53.937853
27.589558 53.937358
27.58936 53.937107
27.588776 53.936993
27.587797 53.937284
27.58755 53.937623
BRUSH(1,0)
REGION 1
5
27.589481 53.93705
27.589728 53.937308
27.591546 53.936831
27.590052 53.936386
27.589481 53.93705
BRUSH(1,0)
REGION 1
7
27.586307 53.937139
27.587415 53.937486
27.587602 53.937209
27.588171 53.937028
27.58809 53.936306
27.586934 53.936483
27.586307 53.937139
BRUSH(1,0)
REGION 1
9
27.588435 53.936264
27.588454 53.936491
27.588336 53.936505
27.588395 53.936959
27.588748 53.936863
27.589347 53.936968
27.589857 53.936324
27.589272 53.936147
27.588435 53.936264
BRUSH(1,0)
REGION 1
5
27.584627 53.936842
27.584609 53.936851
27.585398 53.937843
27.586672 53.936516
27.584627 53.936842
BRUSH(1,0)
REGION 1
5
27.584401 53.936398
27.584534 53.936691
27.586643 53.936375
27.586499 53.93607
27.584401 53.936398
BRUSH(1,0)
REGION 1
9
27.586999 53.936188
27.58705 53.936316
27.588072 53.936156
27.588057 53.935884
27.587897 53.935869
27.587688 53.935908
27.58743 53.935984
27.587199 53.936075
27.586999 53.936188
BRUSH(1,0)
REGION 1
8
27.58065 53.936968
27.582904 53.936077
27.58244 53.935517
27.580769 53.935526
27.579562 53.935532
27.579299 53.935819
27.579894 53.936241
27.58065 53.936968
BRUSH(1,0)
REGION 1
11
27.583342 53.938733
27.583505 53.939018
27.584993 53.938625
27.584737 53.938285
27.584786 53.938235
27.584291 53.937669
27.584014 53.937994
27.584366 53.938415
27.584116 53.938511
27.584147 53.9386
27.583342 53.938733
BRUSH(1,0)
REGION 1
23
27.579659 53.938437
27.580401 53.938968
27.582119 53.93808
27.582399 53.93831
27.583369 53.937923
27.583756 53.937784
27.584256 53.937563
27.583862 53.937154
27.583248 53.937343
27.583136 53.937227
27.583712 53.937033
27.583098 53.936323
27.581942 53.936765
27.581147 53.937134
27.581024 53.937344
27.580713 53.937424
27.580516 53.937533
27.580194 53.93764
27.580001 53.937745
27.579831 53.937865
27.579848 53.93797
27.580144 53.938241
27.579659 53.938437
BRUSH(1,0)
REGION 1
10
27.580873 53.938948
27.581638 53.939502
27.583289 53.939095
27.583028 53.938588
27.582651 53.938597
27.582117 53.938829
27.582251 53.938932
27.582187 53.938966
27.581572 53.938557
27.580873 53.938948
BRUSH(1,0)
REGION 1
15
27.583522 53.93911
27.584075 53.940119
27.586015 53.939954
27.586003 53.939884
27.586079 53.93987
27.58607 53.939805
27.585983 53.939805
27.585962 53.939691
27.585498 53.939682
27.585411 53.939466
27.585239 53.939438
27.585044 53.939059
27.585252 53.938959
27.585078 53.938699
27.583522 53.93911
BRUSH(1,0)
REGION 1
5
27.581772 53.939571
27.582618 53.94023
27.583885 53.94012
27.583354 53.939142
27.581772 53.939571
BRUSH(1,0)
REGION 1
5
27.585588 53.940179
27.585662 53.940637
27.586811 53.940557
27.586333 53.940121
27.585588 53.940179
BRUSH(1,0)
REGION 1
5
27.583351 53.940332
27.583444 53.940806
27.585586 53.940649
27.585493 53.940186
27.583351 53.940332
BRUSH(1,0)
REGION 1
10
27.583533 53.940893
27.584106 53.941329
27.587005 53.941091
27.587069 53.94107
27.587114 53.940996
27.587124 53.940924
27.587092 53.94076
27.587049 53.940699
27.586915 53.940646
27.583533 53.940893
BRUSH(1,0)
REGION 1
5
27.589717 53.943497
27.59051 53.943268
27.587695 53.941168
27.586862 53.94129
27.589717 53.943497
BRUSH(1,0)
REGION 1
9
27.588848 53.943773
27.589527 53.943545
27.587842 53.942243
27.587683 53.942302
27.587336 53.941982
27.587438 53.941932
27.586935 53.941595
27.586291 53.941834
27.588848 53.943773
BRUSH(1,0)
REGION 1
10
27.58787 53.9441
27.58837 53.943929
27.587877 53.943479
27.58807 53.943386
27.586509 53.942198
27.586161 53.941858
27.585789 53.941612
27.585375 53.941401
27.584352 53.941485
27.58787 53.9441
BRUSH(1,0)
REGION 1
5
27.589515 53.944078
27.589699 53.94423
27.590165 53.944034
27.589919 53.943867
27.589515 53.944078
BRUSH(1,0)
REGION 1
5
27.592413 53.945585
27.593149 53.945339
27.590741 53.943514
27.589921 53.943676
27.592413 53.945585
BRUSH(1,0)
REGION 1
6
27.591579 53.94588
27.592247 53.945647
27.590246 53.944097
27.589674 53.944331
27.58966 53.94439
27.591579 53.94588
BRUSH(1,0)
REGION 1
7
27.590696 53.946166
27.591409 53.945937
27.589592 53.9445
27.589346 53.944589
27.588654 53.944071
27.588089 53.944256
27.590696 53.946166
BRUSH(1,0)
REGION 1
6
27.594814 53.947401
27.595747 53.947383
27.595761 53.947344
27.593327 53.945504
27.592632 53.94573
27.594814 53.947401
BRUSH(1,0)
REGION 1
5
27.593188 53.947149
27.593465 53.947381
27.593833 53.947251
27.593559 53.947016
27.593188 53.947149
BRUSH(1,0)
REGION 1
7
27.591752 53.946012
27.592326 53.946499
27.592664 53.946407
27.593171 53.946767
27.593512 53.946605
27.592447 53.945806
27.591752 53.946012
BRUSH(1,0)
REGION 1
5
27.592422 53.947445
27.593336 53.947429
27.591559 53.946078
27.590888 53.946311
27.592422 53.947445
BRUSH(1,0)
REGION 1
5
27.590983 53.947477
27.592034 53.947447
27.590622 53.946382
27.589837 53.946626
27.590983 53.947477
BRUSH(1,0)
REGION 1
5
27.589691 53.946508
27.590434 53.946255
27.587839 53.944361
27.587149 53.944592
27.589691 53.946508
BRUSH(1,0)
REGION 1
8
27.584057 53.942269
27.58445 53.942638
27.584643 53.942574
27.585544 53.943291
27.585692 53.943254
27.586116 53.943079
27.584751 53.942047
27.584057 53.942269
BRUSH(1,0)
REGION 1
8
27.581413 53.947594
27.582106 53.947591
27.582214 53.947401
27.582053 53.946399
27.581646 53.946435
27.581659 53.946565
27.581252 53.946599
27.581413 53.947594
BRUSH(1,0)
REGION 1
5
27.582381 53.947058
27.582819 53.947036
27.582733 53.946584
27.582341 53.946598
27.582381 53.947058
BRUSH(1,0)
REGION 1
9
27.582402 53.947169
27.582449 53.947582
27.583778 53.94756
27.583536 53.946263
27.582303 53.946328
27.582313 53.946501
27.582861 53.946476
27.582968 53.947125
27.582402 53.947169
BRUSH(1,0)
REGION 1
6
27.583999 53.947558
27.584886 53.947531
27.584377 53.944977
27.583783 53.945016
27.583619 53.945289
27.583999 53.947558
BRUSH(1,0)
REGION 1
6
27.581202 53.946273
27.581735 53.94625
27.582055 53.945972
27.581938 53.945138
27.581062 53.945167
27.581202 53.946273
BRUSH(1,0)
REGION 1
6
27.585057 53.946959
27.585171 53.947523
27.590655 53.947474
27.589625 53.946693
27.588968 53.94691
27.585057 53.946959
BRUSH(1,0)
REGION 1
7
27.584957 53.94629
27.585036 53.946786
27.588841 53.946753
27.589073 53.946714
27.589452 53.946579
27.589013 53.946226
27.584957 53.94629
BRUSH(1,0)
REGION 1
6
27.584662 53.94496
27.584764 53.945463
27.587925 53.945411
27.586913 53.944658
27.586375 53.944859
27.584662 53.94496
BRUSH(1,0)
REGION 1
5
27.584804 53.945591
27.584899 53.946177
27.587553 53.946135
27.587507 53.945543
27.584804 53.945591
BRUSH(1,0)
REGION 1
8
27.582694 53.944378
27.58278 53.944864
27.586296 53.944652
27.586721 53.944502
27.586524 53.944336
27.586325 53.94425
27.586119 53.944185
27.582694 53.944378
BRUSH(1,0)
REGION 1
9
27.582547 53.943666
27.582685 53.944289
27.586319 53.944063
27.586914 53.944447
27.587643 53.9442
27.586278 53.943209
27.585679 53.94345
27.585561 53.943466
27.582547 53.943666
BRUSH(1,0)
REGION 1
12
27.582526 53.9435
27.582526 53.943496
27.583851 53.943417
27.583562 53.94318
27.583929 53.94303
27.58381 53.942918
27.584348 53.942681
27.584074 53.942444
27.583676 53.942599
27.583503 53.942454
27.582385 53.942842
27.582526 53.9435
BRUSH(1,0)
REGION 1
11
27.582445 53.941609
27.58243 53.94162
27.582439 53.941706
27.582237 53.941741
27.582332 53.942329
27.582473 53.942313
27.582476 53.942277
27.582772 53.942161
27.583255 53.941821
27.583138 53.941561
27.582445 53.941609
BRUSH(1,0)
REGION 1
8
27.583898 53.941444
27.583294 53.941562
27.583396 53.941843
27.582861 53.942243
27.582023 53.942585
27.582232 53.942786
27.584628 53.94198
27.583898 53.941444
BRUSH(1,0)
REGION 1
5
27.579345 53.944584
27.579412 53.945065
27.582433 53.944888
27.582347 53.944409
27.579345 53.944584
BRUSH(1,0)
REGION 1
7
27.579217 53.943834
27.57932 53.944463
27.582315 53.944284
27.582229 53.943803
27.582073 53.943808
27.582045 53.943685
27.579217 53.943834
BRUSH(1,0)
REGION 1
5
27.57913 53.942971
27.579185 53.94367
27.58218 53.943495
27.58206 53.942808
27.57913 53.942971
BRUSH(1,0)
REGION 1
6
27.579016 53.942382
27.57906 53.942845
27.581933 53.94266
27.58203 53.9425
27.581999 53.942192
27.579016 53.942382
BRUSH(1,0)
REGION 1
5
27.578925 53.941787
27.578976 53.942261
27.581994 53.942072
27.581924 53.941621
27.578925 53.941787
BRUSH(1,0)
REGION 1
7
27.57886 53.941207
27.578874 53.941657
27.583451 53.941359
27.583435 53.941289
27.583671 53.941268
27.583217 53.940908
27.57886 53.941207
BRUSH(1,0)
REGION 1
5
27.581307 53.940466
27.581374 53.940911
27.583048 53.940803
27.582464 53.940381
27.581307 53.940466
BRUSH(1,0)
REGION 1
5
27.578693 53.940643
27.578783 53.94109
27.581282 53.940916
27.581197 53.940457
27.578693 53.940643
BRUSH(1,0)
REGION 1
7
27.58 53.940371
27.582241 53.940236
27.580646 53.939064
27.579496 53.939674
27.579857 53.939942
27.579912 53.940025
27.58 53.940371
BRUSH(1,0)
REGION 1
7
27.594358 53.966242
27.595227 53.964819
27.5953 53.964539
27.591538 53.964746
27.59133 53.965237
27.591333 53.965428
27.594358 53.966242
BRUSH(1,0)
REGION 1
11
27.593596 53.967411
27.59431 53.966384
27.591101 53.965461
27.590639 53.965695
27.590368 53.965962
27.590706 53.966191
27.590623 53.966255
27.590869 53.966404
27.591433 53.966671
27.59324 53.967336
27.593596 53.967411
BRUSH(1,0)
REGION 1
7
27.613149 53.979959
27.613809 53.980277
27.614865 53.980272
27.614273 53.979933
27.61372 53.979851
27.613348 53.979738
27.613149 53.979959
BRUSH(1,0)
REGION 1
8
27.615025 53.980271
27.616119 53.980265
27.614947 53.979545
27.613536 53.979512
27.613405 53.97967
27.61378 53.979821
27.614307 53.979865
27.615025 53.980271
BRUSH(1,0)
REGION 1
8
27.530026 53.936528
27.529479 53.936346
27.527556 53.937141
27.530034 53.937849
27.530051 53.937854
27.530975 53.936787
27.530814 53.936752
27.530026 53.936528
BRUSH(1,0)
REGION 1
7
27.53229 53.979747
27.532484 53.979717
27.532927 53.979668
27.533062 53.979278
27.532029 53.979389
27.532285 53.979742
27.53229 53.979747
BRUSH(1,0)
REGION 1
15
27.531892 53.979257
27.531892 53.97925
27.532246 53.979284
27.532898 53.979219
27.533413 53.978956
27.533001 53.978614
27.532408 53.978216
27.531554 53.977602
27.53142 53.977544
27.531174 53.97737
27.530534 53.977099
27.530378 53.977165
27.531197 53.978327
27.53124 53.978352
27.531892 53.979257
BRUSH(1,0)
REGION 1
9
27.533438 53.978823
27.53345 53.97883
27.533904 53.978855
27.534031 53.978295
27.534079 53.977865
27.533152 53.977811
27.532799 53.977934
27.532752 53.978242
27.533438 53.978823
BRUSH(1,0)
REGION 1
13
27.534109 53.977757
27.53412 53.977757
27.534179 53.977276
27.533949 53.976852
27.532013 53.976665
27.531886 53.976639
27.531542 53.977496
27.531911 53.977753
27.532517 53.977935
27.53288 53.977805
27.532899 53.977736
27.534093 53.97778
27.534109 53.977757
BRUSH(1,0)
REGION 1
8
27.531539 53.977171
27.531542 53.977173
27.53171 53.976619
27.530553 53.97651
27.53047 53.97649
27.530391 53.976969
27.531442 53.97714
27.531539 53.977171
BRUSH(1,0)
REGION 1
33
27.528635 53.972957
27.530133 53.972939
27.530231 53.972467
27.530078 53.972454
27.530094 53.972396
27.530634 53.972402
27.53073 53.972029
27.529818 53.971956
27.529828 53.971891
27.530686 53.971946
27.530733 53.971959
27.530862 53.971613
27.53092 53.971608
27.530953 53.971516
27.530925 53.971473
27.531213 53.970721
27.531583 53.970756
27.531735 53.970544
27.530844 53.970462
27.530862 53.970413
27.531573 53.970468
27.531651 53.970265
27.531945 53.970302
27.532105 53.970034
27.530387 53.969855
27.529455 53.971304
27.528999 53.972149
27.528809 53.972149
27.528778 53.972394
27.528964 53.972403
27.528943 53.972614
27.528577 53.972636
27.528635 53.972957
BRUSH(1,0)
REGION 1
16
27.541056 53.973121
27.541185 53.973327
27.541728 53.973194
27.54178 53.973331
27.54246 53.97313
27.542384 53.972809
27.54287 53.97267
27.542495 53.971627
27.541963 53.971742
27.541856 53.971749
27.542036 53.972112
27.540853 53.972391
27.540731 53.972405
27.540557 53.972824
27.540866 53.973142
27.541056 53.973121
BRUSH(1,0)
REGION 1
10
27.54468 53.970965
27.544684 53.97097
27.545462 53.970308
27.544485 53.970234
27.544031 53.970609
27.544296 53.97076
27.544153 53.970903
27.544284 53.970974
27.544428 53.970888
27.54468 53.970965
BRUSH(1,0)
REGION 1
9
27.576639 53.969723
27.576643 53.969725
27.576577 53.969337
27.575719 53.969377
27.575814 53.969922
27.576231 53.970003
27.576417 53.969989
27.576384 53.969726
27.576639 53.969723
BRUSH(1,0)
REGION 1
7
27.574803 53.969338
27.574803 53.969336
27.574724 53.969078
27.574261 53.968984
27.572545 53.969014
27.57279 53.969388
27.574803 53.969338
BRUSH(1,0)
REGION 1
10
27.579043 53.969204
27.579043 53.969199
27.579036 53.96868
27.578396 53.968753
27.577143 53.968844
27.5755 53.968942
27.575596 53.969314
27.576778 53.969264
27.578353 53.969236
27.579043 53.969204
BRUSH(1,0)
REGION 1
16
27.538313 53.969272
27.538313 53.969277
27.539425 53.967883
27.540149 53.966876
27.539736 53.966772
27.539818 53.966596
27.539392 53.966425
27.539714 53.965909
27.539278 53.965812
27.538873 53.966365
27.539313 53.9665
27.539284 53.966572
27.539322 53.966614
27.538157 53.96806
27.537407 53.969081
27.538313 53.969272
BRUSH(1,0)
REGION 1
8
27.535912 53.969137
27.535912 53.969141
27.537111 53.969215
27.537177 53.969037
27.538086 53.967862
27.537028 53.967719
27.536584 53.968213
27.535912 53.969137
BRUSH(1,0)
REGION 1
6
27.537115 53.96764
27.537092 53.96764
27.538139 53.967786
27.539086 53.966609
27.538167 53.966345
27.537115 53.96764
BRUSH(1,0)
REGION 1
6
27.537099 53.96604
27.536475 53.966786
27.535931 53.967474
27.536886 53.967609
27.537972 53.966295
27.537099 53.96604
BRUSH(1,0)
REGION 1
7
27.534794 53.96874
27.535069 53.968804
27.535782 53.968978
27.536367 53.968227
27.536803 53.967697
27.535825 53.967569
27.534794 53.96874
BRUSH(1,0)
REGION 1
8
27.532151 53.969964
27.53215 53.969967
27.532281 53.969755
27.532265 53.969672
27.530578 53.969524
27.530428 53.969792
27.532037 53.969974
27.532151 53.969964
BRUSH(1,0)
REGION 1
17
27.531698 53.969077
27.531686 53.969077
27.531824 53.969092
27.532374 53.969164
27.532559 53.969073
27.533011 53.968918
27.533239 53.968809
27.533318 53.968732
27.532992 53.968631
27.534103 53.967379
27.533686 53.967327
27.53356 53.967334
27.533309 53.967659
27.533076 53.967666
27.532833 53.968004
27.532508 53.967956
27.531698 53.969077
BRUSH(1,0)
REGION 1
15
27.540082 53.959104
27.540093 53.959104
27.542367 53.959202
27.542341 53.958919
27.541164 53.958724
27.541074 53.958844
27.540978 53.958819
27.54103 53.9587
27.540698 53.958652
27.540593 53.958769
27.54049 53.958758
27.540541 53.958614
27.539938 53.958516
27.539658 53.959081
27.540082 53.959104
BRUSH(1,0)
REGION 1
9
27.545414 53.959492
27.546863 53.959478
27.546885 53.959431
27.547339 53.959434
27.547339 53.959124
27.544063 53.959111
27.543964 53.959125
27.543991 53.959493
27.545414 53.959492
BRUSH(1,0)
REGION 1
9
27.547562 53.940334
27.547945 53.939842
27.547475 53.939714
27.547373 53.939854
27.546983 53.939757
27.546804 53.940047
27.547366 53.940198
27.547325 53.94027
27.547562 53.940334
BRUSH(1,0)
REGION 1
15
27.543325 53.95898
27.543329 53.958986
27.543623 53.959021
27.543711 53.958978
27.543782 53.958899
27.543845 53.958735
27.543839 53.958573
27.543754 53.958497
27.543659 53.958486
27.543385 53.95855
27.543165 53.958655
27.543048 53.958763
27.543019 53.958896
27.543051 53.958949
27.543325 53.95898
BRUSH(1,0)
REGION 1
10
27.544661 53.958733
27.544665 53.958733
27.544806 53.958447
27.544501 53.958404
27.544383 53.958436
27.544169 53.958457
27.543811 53.958481
27.543789 53.958508
27.544111 53.958673
27.544661 53.958733
BRUSH(1,0)
REGION 1
9
27.540608 53.957484
27.540608 53.957479
27.54066 53.957403
27.54047 53.957161
27.54059 53.956974
27.539863 53.956777
27.539301 53.957541
27.540341 53.957811
27.540608 53.957484
BRUSH(1,0)
REGION 1
12
27.536943 53.95905
27.536936 53.959057
27.536416 53.959003
27.534766 53.958754
27.53352 53.958517
27.532783 53.958383
27.532635 53.959402
27.53442 53.959488
27.536137 53.95953
27.537704 53.959548
27.537847 53.959105
27.536943 53.95905
BRUSH(1,0)
REGION 1
13
27.533851 53.958437
27.533862 53.958433
27.534832 53.958572
27.53498 53.958178
27.535002 53.958041
27.535277 53.957184
27.535017 53.957108
27.53502 53.957052
27.533763 53.956779
27.533138 53.958011
27.533042 53.958074
27.532949 53.958275
27.533851 53.958437
BRUSH(1,0)
REGION 1
9
27.536517 53.956268
27.536509 53.956268
27.53641 53.955912
27.535848 53.955822
27.535424 53.957053
27.536927 53.957109
27.536923 53.957071
27.536615 53.956511
27.536517 53.956268
BRUSH(1,0)
REGION 1
7
27.536402 53.955563
27.53639 53.955568
27.536373 53.955364
27.536044 53.955315
27.535863 53.955763
27.536417 53.955837
27.536402 53.955563
BRUSH(1,0)
REGION 1
8
27.553654 53.936406
27.553654 53.936401
27.554625 53.936397
27.554613 53.935997
27.55257 53.935999
27.552452 53.936016
27.552446 53.936407
27.553654 53.936406
BRUSH(1,0)
REGION 1
13
27.548704 53.93712
27.548708 53.937111
27.549491 53.937258
27.550276 53.937239
27.551747 53.937237
27.5518 53.937227
27.551809 53.936976
27.549583 53.937004
27.548972 53.936876
27.547398 53.936602
27.547326 53.936576
27.54718 53.936859
27.548704 53.93712
BRUSH(1,0)
REGION 1
7
27.552074 53.937224
27.552063 53.937226
27.552181 53.937217
27.552163 53.936646
27.551888 53.93665
27.551915 53.937229
27.552074 53.937224
BRUSH(1,0)
REGION 1
7
27.550908 53.936865
27.550919 53.936858
27.551815 53.936857
27.551801 53.936645
27.550101 53.936667
27.5501 53.936864
27.550908 53.936865
BRUSH(1,0)
REGION 1
10
27.54878 53.936774
27.548799 53.936765
27.549731 53.936967
27.549795 53.936879
27.549921 53.936874
27.549911 53.936672
27.54928 53.936551
27.547523 53.936226
27.547378 53.936481
27.54878 53.936774
BRUSH(1,0)
REGION 1
8
27.55178 53.936522
27.551757 53.936522
27.552173 53.936516
27.552148 53.936093
27.55134 53.936088
27.551268 53.936097
27.551254 53.936533
27.55178 53.936522
BRUSH(1,0)
REGION 1
7
27.545891 53.936164
27.545891 53.936178
27.545437 53.93609
27.545228 53.9365
27.546852 53.936791
27.54706 53.936397
27.545891 53.936164
BRUSH(1,0)
REGION 1
6
27.544262 53.936322
27.545091 53.936478
27.545296 53.936059
27.543501 53.93575
27.543403 53.936153
27.544262 53.936322
BRUSH(1,0)
REGION 1
7
27.544896 53.937335
27.544888 53.937328
27.546404 53.937611
27.546766 53.936944
27.543508 53.936348
27.543712 53.937124
27.544896 53.937335
BRUSH(1,0)
REGION 1
5
27.543509 53.938022
27.543642 53.937675
27.543092 53.937565
27.542948 53.937928
27.543509 53.938022
BRUSH(1,0)
REGION 1
6
27.543162 53.937032
27.543475 53.93708
27.543257 53.936362
27.543214 53.936336
27.542948 53.937
27.543162 53.937032
BRUSH(1,0)
REGION 1
11
27.541682 53.93692
27.541682 53.936918
27.540096 53.936619
27.540024 53.936619
27.539655 53.937275
27.540403 53.937427
27.540602 53.937147
27.54171 53.937358
27.542508 53.937464
27.542686 53.9371
27.541682 53.93692
BRUSH(1,0)
REGION 1
10
27.53878 53.937088
27.538783 53.937081
27.539547 53.937239
27.539894 53.936597
27.53832 53.936283
27.536995 53.936055
27.536663 53.93636
27.537821 53.936615
27.537729 53.936861
27.53878 53.937088
BRUSH(1,0)
REGION 1
12
27.53878 53.938393
27.538784 53.938395
27.540084 53.938749
27.540419 53.938395
27.540074 53.938262
27.539527 53.938111
27.538737 53.937966
27.537701 53.937739
27.536662 53.937533
27.536452 53.937785
27.5387 53.938358
27.53878 53.938393
BRUSH(1,0)
REGION 1
10
27.540722 53.93887
27.541512 53.938997
27.541564 53.938855
27.541532 53.938734
27.541417 53.938642
27.540621 53.938439
27.540523 53.938466
27.540241 53.938796
27.540314 53.938818
27.540722 53.93887
BRUSH(1,0)
REGION 1
11
27.542949 53.939912
27.542953 53.939916
27.543427 53.940026
27.54379 53.94009
27.54409 53.939743
27.543676 53.939524
27.543493 53.939476
27.543126 53.939446
27.542512 53.939352
27.542249 53.939726
27.542949 53.939912
BRUSH(1,0)
REGION 1
7
27.541514 53.93941
27.541506 53.93941
27.541762 53.939467
27.541938 53.939233
27.541396 53.939132
27.541242 53.939342
27.541514 53.93941
BRUSH(1,0)
REGION 1
11
27.538685 53.939029
27.538704 53.939032
27.53987 53.939343
27.540178 53.938985
27.540231 53.938953
27.539428 53.938723
27.537872 53.938321
27.5378 53.938314
27.537574 53.93858
27.537407 53.93866
27.538685 53.939029
BRUSH(1,0)
REGION 1
9
27.536838 53.938498
27.536849 53.938496
27.537331 53.938633
27.53749 53.938554
27.537708 53.938299
27.536828 53.938049
27.536752 53.938045
27.536482 53.938394
27.536838 53.938498
BRUSH(1,0)
REGION 1
10
27.535839 53.938224
27.535828 53.938217
27.536268 53.938348
27.536441 53.938158
27.536345 53.938085
27.536001 53.937978
27.535919 53.937846
27.535576 53.937836
27.535499 53.938129
27.535839 53.938224
BRUSH(1,0)
REGION 1
7
27.529492 53.938425
27.529492 53.93842
27.52915 53.938795
27.529456 53.938892
27.531133 53.93824
27.529944 53.937922
27.529492 53.938425
BRUSH(1,0)
REGION 1
6
27.577558 53.947656
27.577562 53.947669
27.578038 53.947651
27.577179 53.945793
27.576715 53.945853
27.577558 53.947656
BRUSH(1,0)
REGION 1
8
27.57668 53.945773
27.576691 53.945772
27.57714 53.945705
27.576727 53.944714
27.575984 53.944434
27.575933 53.944605
27.576212 53.944721
27.57668 53.945773
BRUSH(1,0)
REGION 1
13
27.578665 53.944543
27.57868 53.944539
27.57866 53.943869
27.578431 53.943879
27.578213 53.943799
27.578152 53.943793
27.575746 53.942858
27.575685 53.942849
27.575218 53.943265
27.577393 53.944059
27.577489 53.944115
27.5786 53.944546
27.578665 53.944543
BRUSH(1,0)
REGION 1
10
27.578483 53.943726
27.578658 53.943712
27.578647 53.943193
27.578569 53.943025
27.578119 53.943038
27.576445 53.942403
27.576315 53.942341
27.575862 53.942718
27.577192 53.943249
27.578483 53.943726
BRUSH(1,0)
REGION 1
8
27.57174 53.942587
27.571729 53.942589
27.573104 53.943107
27.57353 53.942722
27.57073 53.941639
27.570396 53.941778
27.570208 53.941983
27.57174 53.942587
BRUSH(1,0)
REGION 1
14
27.572464 53.942208
27.572464 53.942206
27.573601 53.94265
27.574179 53.942194
27.573911 53.940966
27.573054 53.941024
27.573174 53.941769
27.573278 53.941832
27.57324 53.941861
27.572536 53.941588
27.571716 53.941286
27.571613 53.941271
27.570862 53.941576
27.572464 53.942208
BRUSH(1,0)
REGION 1
6
27.572079 53.941341
27.572914 53.941647
27.572978 53.941633
27.572841 53.941052
27.572012 53.941168
27.572079 53.941341
BRUSH(1,0)
REGION 1
9
27.574385 53.941932
27.574377 53.941937
27.574441 53.942183
27.575575 53.942616
27.576047 53.942232
27.575139 53.941872
27.574924 53.940898
27.574189 53.940958
27.574385 53.941932
BRUSH(1,0)
REGION 1
11
27.575205 53.941407
27.575205 53.941418
27.575283 53.941802
27.576129 53.942135
27.576604 53.941713
27.576095 53.941502
27.575981 53.940981
27.575611 53.940978
27.575552 53.94085
27.575103 53.940886
27.575205 53.941407
BRUSH(1,0)
REGION 1
8
27.576102 53.940648
27.57611 53.940643
27.576815 53.940608
27.576749 53.940267
27.57633 53.939984
27.575051 53.940704
27.576038 53.940644
27.576102 53.940648
BRUSH(1,0)
REGION 1
11
27.577435 53.94057
27.577454 53.940565
27.578395 53.940504
27.577287 53.939422
27.576436 53.939925
27.576821 53.940195
27.577189 53.940052
27.577273 53.940112
27.576906 53.940282
27.576971 53.940592
27.577435 53.94057
BRUSH(1,0)
REGION 1
16
27.564514 53.940839
27.564518 53.940839
27.564705 53.940845
27.56535 53.940585
27.564964 53.94025
27.56504 53.940225
27.565437 53.94054
27.566404 53.940192
27.566093 53.93996
27.565109 53.939944
27.565094 53.939692
27.564902 53.939561
27.56425 53.939539
27.564151 53.939548
27.564209 53.94084
27.564514 53.940839
BRUSH(1,0)
REGION 1
10
27.564512 53.939455
27.56452 53.939461
27.565042 53.939468
27.565063 53.938722
27.565368 53.9387
27.565353 53.938172
27.564114 53.938167
27.564124 53.938953
27.564173 53.939463
27.564512 53.939455
BRUSH(1,0)
REGION 1
10
27.562155 53.940856
27.562147 53.94085
27.563904 53.940837
27.563865 53.939561
27.563377 53.939547
27.563229 53.939564
27.563243 53.940366
27.561124 53.9404
27.561141 53.940856
27.562155 53.940856
BRUSH(1,0)
REGION 1
7
27.559891 53.94084
27.559898 53.94084
27.560878 53.94084
27.56088 53.94039
27.55907 53.94039
27.559075 53.94085
27.559891 53.94084
BRUSH(1,0)
REGION 1
6
27.559949 53.940293
27.560871 53.94028
27.560862 53.939867
27.559056 53.93988
27.559068 53.940302
27.559949 53.940293
BRUSH(1,0)
REGION 1
8
27.560034 53.939758
27.560045 53.939758
27.560872 53.939754
27.560848 53.939359
27.559141 53.939362
27.559038 53.939374
27.559054 53.939763
27.560034 53.939758
BRUSH(1,0)
REGION 1
7
27.562056 53.940288
27.562041 53.940279
27.563089 53.940268
27.563084 53.939841
27.561117 53.939866
27.561123 53.940293
27.562056 53.940288
BRUSH(1,0)
REGION 1
7
27.562057 53.939754
27.562057 53.939758
27.563075 53.939742
27.563081 53.939356
27.561134 53.93936
27.561116 53.939758
27.562057 53.939754
BRUSH(1,0)
REGION 1
8
27.560019 53.939226
27.560027 53.93923
27.560846 53.939213
27.560829 53.938791
27.559122 53.938781
27.559038 53.938794
27.559036 53.939242
27.560019 53.939226
BRUSH(1,0)
REGION 1
8
27.561894 53.939197
27.561894 53.939199
27.563075 53.939185
27.563064 53.938868
27.562937 53.938772
27.561115 53.938776
27.561121 53.939205
27.561894 53.939197
BRUSH(1,0)
REGION 1
9
27.562078 53.938697
27.562078 53.938695
27.562978 53.938691
27.563208 53.938836
27.563826 53.938826
27.563794 53.938168
27.561115 53.93819
27.561114 53.938691
27.562078 53.938697
BRUSH(1,0)
REGION 1
11
27.555049 53.940408
27.555045 53.940408
27.555652 53.940533
27.555817 53.940297
27.555913 53.940319
27.555744 53.940549
27.556566 53.940702
27.556567 53.939895
27.554097 53.939898
27.554094 53.940223
27.555049 53.940408
BRUSH(1,0)
REGION 1
7
27.55318 53.940048
27.553929 53.940188
27.553901 53.939422
27.55257 53.939408
27.552502 53.939424
27.552512 53.939903
27.55318 53.940048
BRUSH(1,0)
REGION 1
8
27.555738 53.939782
27.555758 53.939782
27.556554 53.939779
27.556549 53.93939
27.554262 53.939396
27.554083 53.93941
27.554107 53.939799
27.555738 53.939782
BRUSH(1,0)
REGION 1
7
27.557222 53.939243
27.557226 53.939243
27.557809 53.939236
27.557541 53.938206
27.556755 53.938203
27.556757 53.939241
27.557222 53.939243
BRUSH(1,0)
REGION 1
8
27.555751 53.938955
27.555763 53.938971
27.555774 53.939256
27.556555 53.939246
27.556534 53.938199
27.555822 53.938198
27.555761 53.938205
27.555751 53.938955
BRUSH(1,0)
REGION 1
7
27.554912 53.938955
27.554912 53.938957
27.554928 53.939265
27.555625 53.939253
27.55562 53.938208
27.55488 53.938211
27.554912 53.938955
BRUSH(1,0)
REGION 1
7
27.554063 53.938959
27.554055 53.938963
27.554078 53.939273
27.554756 53.93927
27.55472 53.938221
27.554046 53.938226
27.554063 53.938959
BRUSH(1,0)
REGION 1
7
27.553304 53.938969
27.553293 53.938976
27.553316 53.939288
27.55388 53.939278
27.55389 53.938222
27.553284 53.938232
27.553304 53.938969
BRUSH(1,0)
REGION 1
7
27.552469 53.938948
27.552477 53.93895
27.552481 53.939296
27.553141 53.939289
27.553124 53.938228
27.55248 53.938238
27.552469 53.938948
BRUSH(1,0)
REGION 1
9
27.551248 53.938834
27.551256 53.938841
27.551249 53.938243
27.550323 53.938259
27.550314 53.939429
27.551014 53.939575
27.551162 53.939538
27.551226 53.939466
27.551248 53.938834
BRUSH(1,0)
REGION 1
8
27.549526 53.939136
27.549533 53.939132
27.549663 53.93916
27.55012 53.939152
27.550147 53.938255
27.54956 53.938258
27.549078 53.939037
27.549526 53.939136
BRUSH(1,0)
REGION 1
8
27.553495 53.93806
27.553503 53.93806
27.55468 53.938053
27.554675 53.937623
27.552609 53.937619
27.552491 53.937633
27.552478 53.938067
27.553495 53.93806
BRUSH(1,0)
REGION 1
10
27.555401 53.938049
27.556109 53.938046
27.556104 53.937606
27.555761 53.937609
27.555592 53.937536
27.555561 53.936572
27.554837 53.936578
27.554893 53.937998
27.554878 53.938052
27.555401 53.938049
BRUSH(1,0)
REGION 1
10
27.556879 53.938031
27.556879 53.938045
27.557485 53.938033
27.557128 53.936567
27.556693 53.936569
27.556686 53.937486
27.556599 53.937601
27.556294 53.937598
27.556266 53.938048
27.556879 53.938031
BRUSH(1,0)
REGION 1
7
27.559074 53.938021
27.559082 53.93803
27.560831 53.938011
27.560814 53.93758
27.557723 53.937578
27.557862 53.93804
27.559074 53.938021
BRUSH(1,0)
REGION 1
10
27.561646 53.937996
27.561643 53.938001
27.562428 53.938002
27.562399 53.937555
27.562095 53.937558
27.56198 53.937536
27.561899 53.936539
27.561095 53.936543
27.561128 53.938005
27.561646 53.937996
BRUSH(1,0)
REGION 1
10
27.563262 53.937995
27.563262 53.937998
27.563785 53.937995
27.563724 53.936522
27.562962 53.936532
27.56297 53.937446
27.562868 53.937552
27.562571 53.93756
27.562576 53.937996
27.563262 53.937995
BRUSH(1,0)
REGION 1
6
27.562077 53.937082
27.56209 53.937468
27.562814 53.93746
27.562821 53.936532
27.562078 53.936536
27.562077 53.937082
BRUSH(1,0)
REGION 1
9
27.562388 53.936366
27.562384 53.93637
27.5628 53.936369
27.562796 53.936036
27.5627 53.935971
27.562166 53.93598
27.56201 53.936031
27.562034 53.936376
27.562388 53.936366
BRUSH(1,0)
REGION 1
8
27.559207 53.937055
27.55835 53.937067
27.558366 53.937492
27.559994 53.937487
27.559969 53.937053
27.559885 53.937042
27.559199 53.937055
27.559207 53.937055
BRUSH(1,0)
REGION 1
10
27.559736 53.936969
27.559755 53.936969
27.559949 53.936968
27.560083 53.937051
27.560112 53.93748
27.560813 53.937476
27.560778 53.936549
27.559235 53.936565
27.559229 53.936971
27.559736 53.936969
BRUSH(1,0)
REGION 1
10
27.558634 53.93697
27.558627 53.93697
27.559072 53.936963
27.559052 53.936565
27.557444 53.936566
27.557707 53.937495
27.558221 53.937488
27.558235 53.937068
27.558352 53.936973
27.558634 53.93697
BRUSH(1,0)
REGION 1
6
27.556518 53.936887
27.556525 53.936568
27.555718 53.936574
27.555759 53.93749
27.556525 53.937487
27.556518 53.936887
BRUSH(1,0)
REGION 1
5
27.544129 53.976716
27.544275 53.976519
27.54385 53.976418
27.543715 53.976607
27.544129 53.976716
BRUSH(1,0)
REGION 1
14
27.535662 53.95363
27.535388 53.953644
27.534681 53.953886
27.534019 53.95594
27.533851 53.956509
27.533785 53.956721
27.534542 53.956888
27.535264 53.957033
27.535498 53.956484
27.535966 53.955177
27.536158 53.954659
27.536156 53.954472
27.536096 53.953603
27.535662 53.95363
BRUSH(1,0)
REGION 1
26
27.542543 53.957965
27.542513 53.958022
27.541172 53.957787
27.540737 53.958396
27.54141 53.958581
27.541534 53.958448
27.5416 53.958466
27.541533 53.95861
27.542052 53.958709
27.542339 53.958762
27.542564 53.958788
27.542701 53.958762
27.54288 53.958681
27.543007 53.958518
27.543186 53.958524
27.54325 53.958441
27.543714 53.957383
27.542866 53.957256
27.542304 53.957157
27.541831 53.957079
27.540748 53.956791
27.540628 53.956942
27.540842 53.956998
27.540822 53.957229
27.540659 53.957623
27.542543 53.957965
BRUSH(1,0)
REGION 1
9
27.543842 53.957562
27.543523 53.958284
27.544161 53.95838
27.544324 53.957982
27.544528 53.957554
27.544253 53.957499
27.544116 53.957477
27.543917 53.957454
27.543842 53.957562
BRUSH(1,0)
REGION 1
13
27.536429 53.957183
27.535399 53.957134
27.535035 53.958603
27.535119 53.958602
27.536751 53.958912
27.537911 53.958983
27.537552 53.958286
27.536735 53.958269
27.536735 53.95822
27.537524 53.958217
27.53686 53.957195
27.53665 53.957189
27.536429 53.957183
BRUSH(1,0)
REGION 1
11
27.575142 53.942987
27.575421 53.942743
27.574298 53.942321
27.573812 53.942717
27.574317 53.942919
27.574269 53.942984
27.573736 53.942791
27.573284 53.943189
27.574456 53.943626
27.575025 53.9431
27.575142 53.942987
BRUSH(1,0)
REGION 1
10
27.577056 53.941904
27.576876 53.941819
27.576417 53.942255
27.578072 53.942892
27.578238 53.942774
27.578603 53.942746
27.57855 53.942449
27.578432 53.942455
27.57729 53.942006
27.577056 53.941904
BRUSH(1,0)
REGION 1
8
27.578395 53.941394
27.578359 53.941266
27.578097 53.941286
27.577442 53.941327
27.57697 53.941742
27.578419 53.942333
27.578548 53.942317
27.578395 53.941394
BRUSH(1,0)
REGION 1
9
27.574525 53.940356
27.574561 53.940511
27.574942 53.940494
27.57597 53.939831
27.575089 53.939792
27.575085 53.939778
27.57454 53.939777
27.574472 53.939793
27.574525 53.940356
BRUSH(1,0)
REGION 1
17
27.567624 53.940211
27.567627 53.940166
27.56693 53.94018
27.567093 53.940409
27.567117 53.941384
27.567236 53.941435
27.567415 53.941475
27.567556 53.941474
27.567689 53.941433
27.567674 53.941408
27.567582 53.941409
27.567441 53.941389
27.567284 53.941316
27.567247 53.940548
27.567638 53.940438
27.567622 53.940355
27.567624 53.940211
BRUSH(1,0)
REGION 1
9
27.563848 53.939377
27.563855 53.939332
27.563836 53.939026
27.563823 53.938916
27.563636 53.938908
27.563209 53.938899
27.56322 53.939452
27.563852 53.939438
27.563848 53.939377
BRUSH(1,0)
REGION 1
12
27.56083 53.938218
27.560822 53.93818
27.559244 53.938198
27.55791 53.938195
27.558174 53.939169
27.558167 53.939234
27.558845 53.939231
27.558836 53.938804
27.558972 53.938705
27.560828 53.938699
27.560835 53.938341
27.56083 53.938218
BRUSH(1,0)
REGION 1
5
27.554254 53.936549
27.554251 53.937524
27.554632 53.937516
27.55462 53.93655
27.554254 53.936549
BRUSH(1,0)
REGION 1
12
27.554251 53.937524
27.554254 53.936549
27.553941 53.936559
27.553579 53.936561
27.553412 53.936555
27.553103 53.936559
27.552825 53.936558
27.552478 53.936546
27.552503 53.936721
27.552438 53.936719
27.552471 53.937532
27.554251 53.937524
BRUSH(1,0)
REGION 1
14
27.54706 53.938529
27.547366 53.938613
27.548887 53.939004
27.549119 53.938633
27.549347 53.938256
27.54944 53.938101
27.549397 53.937398
27.548492 53.937224
27.548168 53.937172
27.547194 53.937008
27.54711 53.937006
27.546352 53.938344
27.546911 53.938499
27.54706 53.938529
BRUSH(1,0)
REGION 1
13
27.551788 53.93807
27.552192 53.938071
27.552184 53.937405
27.549962 53.937404
27.549679 53.937399
27.549535 53.937404
27.549529 53.937597
27.549524 53.938089
27.549642 53.938098
27.550096 53.938091
27.550408 53.938085
27.551651 53.938075
27.551788 53.93807
BRUSH(1,0)
REGION 1
20
27.545979 53.938379
27.546088 53.938201
27.5463 53.937832
27.546311 53.93778
27.543798 53.937292
27.54417 53.938432
27.544204 53.938461
27.5445 53.938628
27.544587 53.93863
27.544861 53.938566
27.54518 53.938479
27.545272 53.938524
27.545308 53.938607
27.545278 53.938715
27.545162 53.93885
27.545205 53.938929
27.545377 53.939007
27.545553 53.939084
27.5457 53.938915
27.545979 53.938379
BRUSH(1,0)
REGION 1
22
27.533091 53.937245
27.532919 53.937201
27.53282 53.937188
27.531812 53.938352
27.531733 53.938388
27.531607 53.938384
27.531283 53.938291
27.53027 53.938671
27.52945 53.939013
27.529075 53.938914
27.528534 53.939485
27.528771 53.939677
27.530096 53.939161
27.530612 53.93899
27.531621 53.938561
27.533228 53.938184
27.533293 53.938154
27.534068 53.937982
27.534545 53.937699
27.534545 53.937693
27.533314 53.937284
27.533091 53.937245
BRUSH(1,0)
REGION 1
18
27.527938 53.939788
27.528073 53.939792
27.52814 53.939752
27.528738 53.939059
27.528933 53.938827
27.526467 53.93811
27.526095 53.938572
27.526024 53.938671
27.525713 53.939122
27.525752 53.939157
27.526022 53.939235
27.526107 53.939248
27.526329 53.939321
27.526692 53.939425
27.526886 53.939474
27.527345 53.939595
27.527664 53.939693
27.527938 53.939788
BRUSH(1,0)
REGION 1
10
27.523899 53.938592
27.5239 53.93859
27.524237 53.938696
27.52509 53.937709
27.524003 53.937352
27.523928 53.937451
27.523181 53.93836
27.523307 53.938399
27.523575 53.938486
27.523899 53.938592
BRUSH(1,0)
REGION 1
16
27.525982 53.937091
27.525821 53.937034
27.524333 53.938721
27.524379 53.938741
27.524838 53.938883
27.525105 53.938967
27.525498 53.939091
27.525603 53.939122
27.525689 53.939032
27.526277 53.938185
27.526907 53.937384
27.526858 53.93736
27.526609 53.93728
27.526536 53.937267
27.526242 53.93718
27.525982 53.937091
BRUSH(1,0)
REGION 1
13
27.526628 53.937891
27.526534 53.938044
27.528167 53.938516
27.529001 53.938752
27.529095 53.938633
27.529196 53.938516
27.52943 53.938243
27.529523 53.93815
27.529752 53.937862
27.527355 53.937171
27.527245 53.937167
27.526718 53.937796
27.526628 53.937891
BRUSH(1,0)
REGION 1
8
27.530738 53.938037
27.531686 53.938285
27.532607 53.937191
27.532679 53.937143
27.531248 53.936738
27.530215 53.9379
27.530574 53.938002
27.530738 53.938037
BRUSH(1,0)
REGION 1
10
27.533458 53.935736
27.531884 53.935745
27.531568 53.935746
27.531024 53.935749
27.529591 53.936326
27.531005 53.93676
27.531167 53.936595
27.532738 53.937044
27.532982 53.936673
27.533458 53.935736
BRUSH(1,0)
REGION 1
7
27.543503 53.937518
27.54353 53.937237
27.542904 53.937128
27.54288 53.937391
27.543056 53.937437
27.543102 53.937435
27.543503 53.937518
BRUSH(1,0)
REGION 1
9
27.53591 53.936505
27.536747 53.935721
27.535989 53.935725
27.535474 53.935727
27.53366 53.935735
27.533582 53.935897
27.535631 53.936416
27.535815 53.936471
27.53591 53.936505
BRUSH(1,0)
REGION 1
18
27.550753 53.941643
27.550653 53.941884
27.550508 53.942125
27.550508 53.942179
27.5506 53.942205
27.550932 53.942237
27.55136 53.942296
27.5516 53.942333
27.552699 53.942436
27.552799 53.942456
27.552896 53.942352
27.553028 53.942174
27.55305 53.942109
27.552393 53.94199
27.552179 53.941958
27.551051 53.941727
27.550876 53.941687
27.550753 53.941643
BRUSH(1,0)
REGION 1
7
27.564856 53.937995
27.564868 53.937509
27.564701 53.937494
27.564701 53.936917
27.564072 53.936922
27.564112 53.938007
27.564856 53.937995
BRUSH(1,0)
REGION 1
11
27.591901 53.933271
27.591381 53.933435
27.590119 53.93385
27.591355 53.935153
27.592507 53.934999
27.592234 53.934847
27.591762 53.93456
27.591879 53.934512
27.591721 53.934369
27.592699 53.934025
27.591901 53.933271
BRUSH(1,0)
REGION 1
8
27.593982 53.932638
27.593253 53.932808
27.59242 53.933089
27.594294 53.934869
27.596131 53.934735
27.596397 53.934727
27.595322 53.933779
27.593982 53.932638
BRUSH(1,0)
REGION 1
15
27.599683 53.930049
27.598997 53.929411
27.597856 53.928354
27.595913 53.92658
27.595859 53.926508
27.593785 53.927138
27.593622 53.927189
27.589904 53.928341
27.590522 53.928995
27.591166 53.928801
27.59117 53.928805
27.593745 53.931178
27.594615 53.931885
27.595191 53.931718
27.599683 53.930049
BRUSH(1,0)
REGION 1
11
27.589734 53.9284
27.588657 53.92876
27.588225 53.928906
27.590737 53.931377
27.59198 53.930955
27.590833 53.92976
27.59069 53.929639
27.590774 53.929603
27.59083 53.929548
27.590799 53.929468
27.589734 53.9284
BRUSH(1,0)
REGION 1
11
27.585547 53.920164
27.585199 53.920371
27.584659 53.920679
27.584402 53.92079
27.584714 53.921067
27.584022 53.922253
27.585575 53.923683
27.588248 53.922647
27.586307 53.920687
27.585834 53.920329
27.585547 53.920164
BRUSH(1,0)
REGION 1
7
27.588301 53.922892
27.586332 53.923661
27.585764 53.923882
27.587475 53.925481
27.587741 53.925709
27.590181 53.924896
27.588301 53.922892
BRUSH(1,0)
REGION 1
15
27.584174 53.920863
27.580605 53.922275
27.584794 53.925921
27.587105 53.927945
27.591665 53.92653
27.590772 53.925527
27.590312 53.925041
27.588156 53.925726
27.587603 53.925915
27.586034 53.924461
27.584284 53.922778
27.583737 53.922281
27.584382 53.921285
27.584409 53.921062
27.584174 53.920863
BRUSH(1,0)
REGION 1
11
27.590856 53.921903
27.5905 53.922034
27.588531 53.922806
27.588779 53.923079
27.591949 53.926439
27.592593 53.926242
27.593283 53.92601
27.593992 53.925802
27.594791 53.925497
27.593488 53.924323
27.590856 53.921903
BRUSH(1,0)
REGION 1
10
27.590648 53.921706
27.58965 53.920804
27.587858 53.919153
27.587688 53.919206
27.587641 53.919166
27.585696 53.919986
27.586527 53.920664
27.587704 53.921856
27.588449 53.922579
27.590648 53.921706
BRUSH(1,0)
REGION 1
19
27.602432 53.922626
27.601328 53.922346
27.599766 53.921942
27.598945 53.922609
27.596736 53.924451
27.596695 53.924485
27.59781 53.925
27.597723 53.925063
27.596631 53.924551
27.595501 53.925404
27.596229 53.926048
27.596229 53.926046
27.596252 53.926061
27.59626 53.926066
27.599617 53.924935
27.600533 53.924616
27.600878 53.924241
27.601854 53.923252
27.602432 53.922626
BRUSH(1,0)
REGION 1
16
27.59764 53.921266
27.597437 53.921427
27.596161 53.922467
27.595138 53.923348
27.593916 53.923887
27.595166 53.925095
27.595486 53.925114
27.596435 53.924379
27.59776 53.923293
27.596936 53.922931
27.597169 53.922696
27.597108 53.922671
27.597266 53.922554
27.597557 53.922674
27.598746 53.921706
27.59764 53.921266
BRUSH(1,0)
REGION 1
14
27.596039 53.92244
27.595055 53.922013
27.593287 53.921269
27.592445 53.922021
27.592172 53.922141
27.591998 53.922198
27.59201 53.92223
27.593378 53.923471
27.593329 53.923521
27.593526 53.923711
27.593625 53.923706
27.593782 53.923827
27.594922 53.923412
27.596039 53.92244
BRUSH(1,0)
REGION 1
20
27.597499 53.921211
27.596543 53.92084
27.595808 53.920562
27.595759 53.920594
27.595525 53.920491
27.595556 53.920462
27.594851 53.92018
27.591401 53.918834
27.590896 53.919223
27.589986 53.920014
27.589729 53.920165
27.590076 53.920476
27.590136 53.920467
27.590991 53.921223
27.590942 53.921248
27.591925 53.922147
27.592307 53.922004
27.593267 53.921185
27.596145 53.922357
27.597499 53.921211
BRUSH(1,0)
REGION 1
15
27.586798 53.917038
27.586553 53.917159
27.586349 53.917258
27.587241 53.917994
27.587196 53.91803
27.587847 53.918585
27.58787 53.918614
27.589457 53.920012
27.589669 53.919936
27.591152 53.918758
27.591037 53.918712
27.590349 53.918436
27.587315 53.917229
27.587277 53.917238
27.586798 53.917038
BRUSH(1,0)
REGION 1
64
27.598798 53.91658
27.601993 53.913986
27.602478 53.9136
27.60007 53.912528
27.600002 53.912571
27.599474 53.912351
27.598364 53.911841
27.597675 53.911541
27.597629 53.911563
27.597503 53.911514
27.597409 53.911571
27.597321 53.911538
27.597091 53.911674
27.59721 53.911743
27.597104 53.911804
27.596889 53.911693
27.59635 53.912035
27.596503 53.912126
27.595779 53.912593
27.59604 53.912733
27.596021 53.912749
27.595439 53.913044
27.595106 53.91287
27.595079 53.912879
27.594925 53.912981
27.594701 53.913083
27.594428 53.913138
27.59353 53.913655
27.592786 53.914106
27.589134 53.91638
27.588171 53.916951
27.588768 53.917232
27.588806 53.91722
27.589705 53.917578
27.589819 53.917505
27.590148 53.917634
27.590065 53.917713
27.591627 53.918399
27.591819 53.918249
27.592052 53.918345
27.591955 53.918469
27.592831 53.918825
27.592892 53.918793
27.594277 53.919339
27.594251 53.919371
27.594595 53.919513
27.594629 53.919493
27.595065 53.91966
27.595791 53.919067
27.595692 53.91902
27.596426 53.918415
27.596452 53.91839
27.596509 53.918419
27.596709 53.91828
27.596632 53.918236
27.597393 53.917603
27.597519 53.917649
27.597707 53.917489
27.59758 53.917433
27.597701 53.917334
27.598661 53.916597
27.598619 53.916565
27.598653 53.916538
27.598798 53.91658
BRUSH(1,0)
REGION 1
14
27.590587 53.914953
27.589658 53.91435
27.589098 53.913986
27.588066 53.914535
27.586952 53.915154
27.586892 53.915181
27.586011 53.915626
27.586963 53.916217
27.587193 53.916371
27.587799 53.91675
27.588332 53.916476
27.588951 53.916071
27.588858 53.916001
27.590587 53.914953
BRUSH(1,0)
REGION 1
18
27.587942 53.913249
27.587793 53.913151
27.586898 53.912542
27.584867 53.911225
27.584603 53.911374
27.582856 53.912423
27.582313 53.912801
27.582714 53.913199
27.582653 53.91324
27.582796 53.913385
27.582864 53.913374
27.583497 53.913991
27.583474 53.914034
27.58359 53.914157
27.583704 53.914148
27.584909 53.914884
27.587931 53.913254
27.587942 53.913249
BRUSH(1,0)
REGION 1
23
27.584656 53.911068
27.584472 53.910918
27.584138 53.910697
27.583122 53.909884
27.582723 53.909593
27.582004 53.909902
27.581622 53.91009
27.580832 53.910456
27.58034 53.910692
27.580288 53.910746
27.580319 53.910827
27.58072 53.91121
27.580682 53.911232
27.581365 53.911908
27.581406 53.911894
27.581715 53.912185
27.581669 53.912213
27.581816 53.912349
27.582336 53.912236
27.582482 53.912355
27.58269 53.912269
27.583377 53.911836
27.584656 53.911068
BRUSH(1,0)
REGION 1
48
27.593929 53.907739
27.592861 53.908119
27.590877 53.908827
27.59086 53.908958
27.592474 53.910969
27.591152 53.911697
27.591018 53.911664
27.591807 53.911213
27.592185 53.911022
27.592189 53.911004
27.591408 53.910079
27.590537 53.908998
27.590517 53.908957
27.588711 53.909584
27.590653 53.910582
27.590525 53.910666
27.589403 53.910082
27.588529 53.909656
27.587163 53.910157
27.586773 53.910323
27.586972 53.91043
27.588624 53.911012
27.589274 53.911287
27.58864 53.911666
27.587874 53.91213
27.587837 53.912184
27.587854 53.912319
27.58784 53.9124
27.587723 53.912509
27.58747 53.912642
27.58844 53.913222
27.590899 53.911871
27.590803 53.911777
27.59095 53.911705
27.591276 53.91191
27.590193 53.912511
27.589153 53.913053
27.588621 53.913379
27.588679 53.913444
27.589012 53.913577
27.590621 53.91464
27.590898 53.91485
27.591022 53.914789
27.592795 53.913663
27.595033 53.912286
27.597123 53.910965
27.596352 53.910243
27.593929 53.907739
BRUSH(1,0)
REGION 1
13
27.588796 53.911337
27.588253 53.911141
27.586846 53.910642
27.586478 53.910419
27.585615 53.910816
27.585109 53.911064
27.587309 53.91254
27.587494 53.912431
27.587524 53.912406
27.587576 53.912325
27.587547 53.912163
27.58755 53.912078
27.588796 53.911337
BRUSH(1,0)
REGION 1
10
27.584768 53.910872
27.585745 53.910517
27.586225 53.910288
27.584213 53.908937
27.584081 53.908993
27.584031 53.908971
27.583048 53.909441
27.583067 53.909468
27.58298 53.90952
27.584768 53.910872
BRUSH(1,0)
REGION 1
8
27.585816 53.908439
27.584474 53.908825
27.584947 53.90921
27.585385 53.909491
27.586497 53.910172
27.587553 53.909787
27.587038 53.909394
27.585816 53.908439
BRUSH(1,0)
REGION 1
6
27.627875 53.93329
27.627179 53.934157
27.627681 53.934336
27.627741 53.934289
27.628402 53.933422
27.627875 53.93329
BRUSH(1,0)
REGION 1
6
27.627946 53.933193
27.627942 53.933193
27.628466 53.933334
27.628656 53.933075
27.628132 53.932933
27.627946 53.933193
BRUSH(1,0)
REGION 1
8
27.625238 53.93362
27.62478 53.933851
27.624554 53.933985
27.624581 53.934023
27.625744 53.934656
27.625921 53.934556
27.626505 53.934122
27.625238 53.93362
BRUSH(1,0)
REGION 1
7
27.624838 53.93522
27.625204 53.935007
27.625623 53.934742
27.624384 53.934087
27.623667 53.934502
27.623855 53.934636
27.624838 53.93522
BRUSH(1,0)
REGION 1
7
27.625054 53.933565
27.624622 53.933403
27.624124 53.933205
27.622859 53.933958
27.621965 53.934519
27.62263 53.934975
27.625054 53.933565
BRUSH(1,0)
REGION 1
19
27.60513 53.935268
27.605882 53.935087
27.607885 53.934603
27.610484 53.933954
27.610476 53.933946
27.609819 53.932977
27.609887 53.932948
27.609329 53.932224
27.609294 53.932168
27.609067 53.931758
27.608796 53.931429
27.607448 53.930269
27.605769 53.928871
27.604147 53.929452
27.60095 53.930585
27.603396 53.932916
27.603791 53.933415
27.603865 53.933539
27.60513 53.935268
BRUSH(1,0)
REGION 1
15
27.604394 53.926351
27.604266 53.926451
27.603607 53.926966
27.598911 53.928699
27.599405 53.929185
27.600754 53.930388
27.601224 53.930269
27.602803 53.929663
27.604734 53.928897
27.605071 53.928792
27.605525 53.928616
27.606023 53.928304
27.607299 53.927531
27.606533 53.927204
27.604394 53.926351
BRUSH(1,0)
REGION 1
14
27.604057 53.926213
27.600792 53.924882
27.600731 53.924869
27.596363 53.926339
27.596351 53.926346
27.598715 53.92855
27.598734 53.92854
27.60096 53.927707
27.600887 53.927622
27.599424 53.926163
27.59953 53.926102
27.601085 53.927662
27.603418 53.92679
27.604057 53.926213
BRUSH(1,0)
REGION 1
13
27.606257 53.926794
27.606412 53.926661
27.606524 53.926537
27.607926 53.924745
27.609003 53.923341
27.608853 53.923203
27.608517 53.92315
27.60455 53.92278
27.602999 53.922662
27.602799 53.92278
27.600961 53.92469
27.603949 53.925863
27.606257 53.926794
BRUSH(1,0)
REGION 1
9
27.606621 53.926934
27.607069 53.927116
27.607528 53.927298
27.608075 53.926644
27.60869 53.925764
27.608266 53.925638
27.607777 53.925523
27.607304 53.925998
27.606621 53.926934
BRUSH(1,0)
REGION 1
7
27.609879 53.924234
27.609459 53.924122
27.608871 53.923967
27.608537 53.924351
27.607858 53.925271
27.608859 53.925568
27.609879 53.924234
BRUSH(1,0)
REGION 1
18
27.614203 53.928872
27.613612 53.929333
27.612365 53.930463
27.612048 53.930716
27.612988 53.932045
27.613977 53.933344
27.615157 53.934964
27.617308 53.934423
27.617505 53.93435
27.617785 53.934216
27.618743 53.933611
27.620687 53.932437
27.620804 53.932349
27.621204 53.93214
27.621362 53.931995
27.622136 53.930976
27.618876 53.930115
27.614203 53.928872
BRUSH(1,0)
REGION 1
10
27.627699 53.932405
27.626541 53.9321
27.625333 53.931762
27.625272 53.931794
27.624595 53.932618
27.624244 53.933078
27.62501 53.933378
27.626468 53.933904
27.626671 53.933723
27.627699 53.932405
BRUSH(1,0)
REGION 1
57
27.637191 53.934912
27.637255 53.93486
27.637285 53.93485
27.637495 53.934908
27.637709 53.934678
27.638214 53.934808
27.638315 53.934715
27.637783 53.934542
27.638198 53.933992
27.638263 53.934016
27.638423 53.933797
27.638183 53.933735
27.638179 53.933738
27.638167 53.933733
27.637713 53.933607
27.639318 53.932489
27.638342 53.932116
27.638341 53.932114
27.63861 53.931732
27.638728 53.931763
27.638875 53.931621
27.638745 53.93157
27.63876 53.931545
27.637429 53.931165
27.63678 53.930991
27.636727 53.931016
27.636623 53.930992
27.636804 53.930818
27.63714 53.930908
27.637287 53.930775
27.636919 53.93066
27.636938 53.930624
27.636834 53.930523
27.636678 53.930537
27.636592 53.930634
27.636523 53.930614
27.636507 53.930565
27.636385 53.930566
27.636371 53.930626
27.636284 53.930667
27.636353 53.930719
27.63644 53.930702
27.636517 53.930718
27.636288 53.930986
27.635754 53.930843
27.635626 53.930997
27.636154 53.931151
27.635324 53.932217
27.635306 53.932248
27.635207 53.932507
27.635192 53.932525
27.634887 53.932522
27.633964 53.933664
27.633809 53.933782
27.634944 53.93408
27.635319 53.934199
27.637191 53.934912
BRUSH(1,0)
REGION 1
29
27.633582 53.929676
27.629901 53.928633
27.628212 53.928147
27.626054 53.93079
27.625819 53.931146
27.625538 53.931489
27.625685 53.931633
27.62721 53.932063
27.629938 53.932778
27.629972 53.932758
27.630209 53.932811
27.630217 53.932849
27.633118 53.933615
27.6338 53.932917
27.634533 53.931966
27.635341 53.930993
27.63442 53.930744
27.634597 53.930354
27.634601 53.93035
27.634669 53.930343
27.634977 53.930343
27.634902 53.930166
27.633847 53.929875
27.63378 53.929933
27.633719 53.929925
27.633715 53.929925
27.633666 53.929943
27.633448 53.929888
27.633582 53.929676
BRUSH(1,0)
REGION 1
9
27.624867 53.931423
27.625466 53.930696
27.627358 53.928331
27.627605 53.928053
27.627612 53.927956
27.62149 53.926262
27.620227 53.9279
27.61875 53.929805
27.624867 53.931423
BRUSH(1,0)
REGION 1
9
27.620579 53.926174
27.619084 53.925741
27.616888 53.925174
27.616409 53.925786
27.614356 53.928637
27.615816 53.929037
27.617917 53.929575
27.618128 53.929392
27.620579 53.926174
BRUSH(1,0)
REGION 1
6
27.61386 53.927167
27.612523 53.926811
27.611858 53.926641
27.611059 53.92772
27.613007 53.928255
27.61386 53.927167
BRUSH(1,0)
REGION 1
10
27.61094 53.927705
27.611724 53.926606
27.609065 53.925868
27.607877 53.927463
27.612072 53.929122
27.612963 53.928349
27.612764 53.928265
27.609337 53.927348
27.609355 53.927283
27.61094 53.927705
BRUSH(1,0)
REGION 1
7
27.615543 53.924832
27.610818 53.923564
27.609195 53.925656
27.613993 53.926908
27.615574 53.924841
27.615536 53.924841
27.615543 53.924832
BRUSH(1,0)
REGION 1
24
27.613393 53.933239
27.613129 53.932851
27.612267 53.931653
27.611685 53.930889
27.610827 53.930527
27.610556 53.930425
27.61103 53.930015
27.611737 53.929423
27.611752 53.929421
27.611614 53.929365
27.611716 53.929275
27.611192 53.929073
27.611169 53.929061
27.60764 53.927671
27.607636 53.927671
27.607609 53.927664
27.605941 53.928686
27.605972 53.928697
27.606461 53.929133
27.609153 53.931402
27.6105 53.933217
27.610352 53.933265
27.610791 53.933883
27.613393 53.933239
BRUSH(1,0)
REGION 1
47
27.632271 53.920915
27.631214 53.921023
27.629041 53.921243
27.630077 53.922609
27.630598 53.922593
27.630746 53.922853
27.63064 53.922854
27.630624 53.922789
27.629973 53.922824
27.630294 53.924735
27.630615 53.924846
27.63048 53.924966
27.630293 53.924933
27.630358 53.925454
27.63035 53.925463
27.628599 53.927572
27.628653 53.927601
27.633839 53.929047
27.633914 53.928977
27.63633 53.929651
27.636236 53.928961
27.636339 53.928952
27.637605 53.928894
27.637637 53.92794
27.637736 53.927684
27.637711 53.927549
27.637422 53.92677
27.637204 53.925928
27.63707 53.925614
27.637744 53.925354
27.63746 53.923939
27.63751 53.923921
27.639067 53.923682
27.638877 53.922179
27.635111 53.922557
27.632865 53.922802
27.633072 53.923937
27.635231 53.92371
27.636466 53.923598
27.636509 53.923681
27.633085 53.924031
27.633187 53.924518
27.635798 53.925261
27.635666 53.925389
27.634875 53.92518
27.632972 53.924621
27.632271 53.920915
BRUSH(1,0)
REGION 1
7
27.632864 53.922686
27.639111 53.922052
27.639138 53.921827
27.639125 53.921665
27.638731 53.920246
27.632514 53.920875
27.632864 53.922686
BRUSH(1,0)
REGION 1
19
27.631444 53.920831
27.631291 53.920292
27.630851 53.918768
27.630789 53.91846
27.632143 53.918429
27.633537 53.918478
27.631322 53.917648
27.630424 53.918485
27.628577 53.918665
27.628026 53.918697
27.627521 53.919054
27.62742 53.919142
27.627345 53.919251
27.627373 53.919332
27.627814 53.919833
27.627896 53.919972
27.628613 53.920847
27.628845 53.921103
27.631444 53.920831
BRUSH(1,0)
REGION 1
11
27.629822 53.917087
27.629629 53.917405
27.629521 53.917572
27.629295 53.917798
27.629051 53.917999
27.628252 53.918552
27.628416 53.918551
27.630305 53.918422
27.630524 53.91828
27.631241 53.917613
27.629822 53.917087
BRUSH(1,0)
REGION 1
8
27.631518 53.915165
27.630781 53.915787
27.629655 53.916847
27.630092 53.917065
27.631086 53.917418
27.631154 53.917395
27.632772 53.915888
27.631518 53.915165
BRUSH(1,0)
REGION 1
14
27.632963 53.916186
27.632771 53.916344
27.63267 53.916428
27.632747 53.91647
27.631909 53.917218
27.631549 53.917589
27.631568 53.917604
27.632636 53.917988
27.633424 53.918301
27.6335 53.918319
27.633595 53.9183
27.634415 53.917629
27.635123 53.917119
27.632963 53.916186
BRUSH(1,0)
REGION 1
9
27.635278 53.917285
27.634393 53.917939
27.633915 53.918303
27.634034 53.918379
27.635234 53.918227
27.636375 53.918143
27.636581 53.917948
27.635998 53.917618
27.635278 53.917285
BRUSH(1,0)
REGION 1
6
27.638018 53.917557
27.637931 53.917105
27.637445 53.916907
27.636847 53.917378
27.637693 53.917742
27.638018 53.917557
BRUSH(1,0)
REGION 1
15
27.621098 53.916431
27.621184 53.916552
27.622094 53.916905
27.622109 53.916857
27.622066 53.916804
27.62205 53.91675
27.622722 53.916077
27.622831 53.915968
27.622856 53.915887
27.622767 53.915807
27.622584 53.915742
27.622355 53.915672
27.622171 53.915589
27.622116 53.915509
27.621098 53.916431
BRUSH(1,0)
REGION 1
34
27.625388 53.91257
27.622139 53.915479
27.622338 53.915557
27.622365 53.915566
27.622335 53.915613
27.622488 53.915664
27.622533 53.915644
27.623482 53.916019
27.623483 53.916053
27.624776 53.91657
27.624765 53.91659
27.624899 53.916655
27.624952 53.916623
27.625189 53.916712
27.625212 53.916687
27.625342 53.916745
27.625335 53.916772
27.625488 53.91683
27.625533 53.916809
27.625755 53.916907
27.625725 53.916939
27.625905 53.91701
27.625939 53.916974
27.627117 53.917424
27.627238 53.917372
27.627506 53.917463
27.628039 53.916925
27.629169 53.915914
27.630397 53.91478
27.628256 53.913817
27.628188 53.913842
27.626817 53.913233
27.62687 53.913194
27.625388 53.91257
BRUSH(1,0)
REGION 1
8
27.617132 53.918766
27.61761 53.918909
27.617786 53.918958
27.618232 53.918544
27.617101 53.918219
27.61691 53.918414
27.617346 53.918567
27.617132 53.918766
BRUSH(1,0)
REGION 1
22
27.607933 53.92169
27.604423 53.9208
27.604286 53.920776
27.604282 53.920776
27.603331 53.922152
27.603564 53.922201
27.603564 53.922257
27.605313 53.92241
27.605355 53.922392
27.605614 53.9224
27.605614 53.922416
27.607226 53.922554
27.607252 53.92252
27.607565 53.922559
27.607565 53.922593
27.609124 53.922723
27.609547 53.922792
27.609921 53.922332
27.609867 53.922292
27.60995 53.922195
27.6088 53.921924
27.607933 53.92169
BRUSH(1,0)
REGION 1
7
27.609928 53.922548
27.610253 53.922636
27.611087 53.921371
27.609798 53.921125
27.609363 53.92191
27.610192 53.922137
27.609928 53.922548
BRUSH(1,0)
REGION 1
5
27.61288 53.918689
27.612166 53.918504
27.611965 53.918797
27.612653 53.919017
27.61288 53.918689
BRUSH(1,0)
REGION 1
6
27.611257 53.91827
27.609924 53.91791
27.609704 53.918251
27.609857 53.918275
27.611033 53.91857
27.611257 53.91827
BRUSH(1,0)
REGION 1
11
27.605452 53.920879
27.605971 53.920137
27.60607 53.920163
27.606153 53.920091
27.606229 53.919832
27.605533 53.919601
27.604794 53.920646
27.604905 53.920677
27.605165 53.920732
27.605124 53.920797
27.605452 53.920879
BRUSH(1,0)
REGION 1
7
27.611584 53.914989
27.611573 53.914982
27.608924 53.913861
27.608387 53.914361
27.607439 53.915172
27.61126 53.915752
27.611584 53.914989
BRUSH(1,0)
REGION 1
31
27.603857 53.920569
27.603051 53.920364
27.601986 53.920092
27.601077 53.919901
27.600872 53.919898
27.600206 53.919617
27.599701 53.919971
27.599499 53.920264
27.599526 53.920275
27.599478 53.920363
27.599415 53.920525
27.599429 53.920687
27.599519 53.920848
27.599608 53.920956
27.599715 53.921032
27.599796 53.921072
27.599926 53.921139
27.600063 53.921172
27.600045 53.921246
27.601646 53.921701
27.60162 53.921751
27.602003 53.921862
27.602047 53.921812
27.602517 53.921933
27.602563 53.921906
27.602879 53.921952
27.603092 53.921681
27.603042 53.921657
27.603606 53.92084
27.60367 53.920826
27.603857 53.920569
BRUSH(1,0)
REGION 1
12
27.60228 53.918009
27.601324 53.918726
27.600379 53.919502
27.600858 53.919718
27.601312 53.919826
27.603852 53.920473
27.604471 53.919532
27.604619 53.919558
27.604933 53.919096
27.604761 53.919047
27.603731 53.918636
27.60228 53.918009
BRUSH(1,0)
REGION 1
8
27.60554 53.915944
27.604917 53.9158
27.603104 53.917295
27.602469 53.917856
27.604747 53.918874
27.605033 53.918943
27.605385 53.918494
27.60554 53.915944
BRUSH(1,0)
REGION 1
42
27.605419 53.914926
27.604473 53.914483
27.602724 53.913747
27.601245 53.914941
27.601444 53.915032
27.601331 53.915118
27.601232 53.915083
27.600945 53.915295
27.601022 53.915356
27.600992 53.915396
27.600913 53.91546
27.600711 53.915384
27.600383 53.915658
27.599388 53.916566
27.599548 53.916642
27.599319 53.916861
27.59906 53.916795
27.598958 53.916851
27.59895 53.916849
27.5989 53.916843
27.598814 53.916926
27.598917 53.916978
27.598577 53.917152
27.597565 53.917971
27.597546 53.917984
27.595856 53.919368
27.595578 53.91961
27.595624 53.919625
27.59547 53.919766
27.596473 53.920233
27.597916 53.920793
27.598206 53.920576
27.598961 53.919904
27.599406 53.919824
27.600151 53.919202
27.600286 53.91912
27.604757 53.915525
27.604478 53.915396
27.604681 53.915226
27.604819 53.915282
27.604994 53.915263
27.605419 53.914926
BRUSH(1,0)
REGION 1
12
27.628461 53.921167
27.627915 53.920523
27.626688 53.919029
27.626552 53.919115
27.626591 53.919171
27.626578 53.919329
27.625767 53.920113
27.625659 53.920311
27.62545 53.920834
27.625435 53.921128
27.625497 53.92145
27.628461 53.921167
BRUSH(1,0)
REGION 1
32
27.627509 53.921338
27.625642 53.921503
27.625342 53.921524
27.62543 53.922378
27.625462 53.922969
27.625506 53.923435
27.625803 53.924202
27.626135 53.924558
27.626611 53.925115
27.626669 53.925158
27.626732 53.925265
27.626748 53.925373
27.626739 53.925535
27.626695 53.925643
27.626598 53.925778
27.626425 53.925941
27.626218 53.926073
27.626082 53.926129
27.625991 53.926148
27.625957 53.926175
27.625911 53.926182
27.628376 53.92688
27.629001 53.926093
27.629031 53.92531
27.626603 53.924825
27.627549 53.924429
27.628083 53.924238
27.627886 53.922681
27.627642 53.922698
27.627572 53.922338
27.627681 53.922232
27.627509 53.921338
BRUSH(1,0)
REGION 1
26
27.610847 53.910444
27.609967 53.909805
27.609675 53.90962
27.608657 53.908897
27.608565 53.90885
27.608441 53.908972
27.607034 53.910116
27.607084 53.910156
27.606982 53.910242
27.60691 53.910231
27.605736 53.911143
27.603154 53.913241
27.60445 53.913903
27.604352 53.914
27.605826 53.914632
27.607515 53.91323
27.607048 53.913032
27.6064 53.912729
27.606461 53.912677
27.606288 53.912588
27.606337 53.912532
27.60745 53.912985
27.607703 53.913092
27.609482 53.911624
27.609505 53.911608
27.610847 53.910444
BRUSH(1,0)
REGION 1
80
27.602654 53.913113
27.602816 53.912973
27.604742 53.911404
27.604665 53.911359
27.604733 53.911296
27.604856 53.911347
27.60688 53.90973
27.607763 53.908928
27.60825 53.90864
27.608253 53.908593
27.602733 53.904779
27.600689 53.905803
27.60172 53.906326
27.60189 53.906235
27.601936 53.906262
27.601887 53.906298
27.602492 53.906633
27.602568 53.906615
27.602645 53.906664
27.602509 53.906754
27.606046 53.908599
27.605741 53.908816
27.605239 53.90856
27.602055 53.906878
27.601767 53.90674
27.601219 53.906434
27.601159 53.906473
27.600415 53.90609
27.600045 53.906294
27.599877 53.906214
27.599665 53.906017
27.600157 53.905855
27.600111 53.905787
27.602511 53.904652
27.601437 53.903767
27.601396 53.903787
27.600384 53.904111
27.600281 53.904094
27.599403 53.904377
27.598419 53.904728
27.598341 53.904652
27.597432 53.904932
27.597486 53.904999
27.596816 53.905207
27.596707 53.905295
27.596865 53.905445
27.596532 53.905568
27.597281 53.906417
27.598111 53.907285
27.597702 53.907424
27.597936 53.908358
27.598282 53.908658
27.598135 53.908755
27.599405 53.909541
27.599405 53.909538
27.599478 53.909581
27.600078 53.909189
27.600208 53.909245
27.599578 53.909652
27.60051 53.910228
27.601327 53.91068
27.601225 53.91076
27.600283 53.910263
27.599435 53.909772
27.598517 53.910267
27.598636 53.910358
27.59821 53.910637
27.598299 53.910699
27.59817 53.910781
27.598098 53.910754
27.597731 53.910938
27.598166 53.911271
27.59858 53.911532
27.59904 53.91122
27.599148 53.911286
27.598937 53.911467
27.600113 53.912015
27.600207 53.911954
27.601295 53.912488
27.602654 53.913113
BRUSH(1,0)
REGION 1
26
27.596724 53.90713
27.597198 53.90699
27.597306 53.907075
27.597544 53.907002
27.596046 53.905375
27.594043 53.90605
27.594911 53.906956
27.59443 53.907122
27.594546 53.90725
27.594497 53.907282
27.595034 53.907891
27.595261 53.907827
27.59547 53.908039
27.595482 53.90808
27.595193 53.908122
27.595792 53.909088
27.595877 53.909171
27.596104 53.909084
27.597306 53.908492
27.597726 53.908319
27.597441 53.907259
27.597357 53.907194
27.59617 53.907519
27.595924 53.907295
27.596666 53.907065
27.596724 53.90713
BRUSH(1,0)
REGION 1
26
27.61157 53.906639
27.612052 53.906882
27.610913 53.907541
27.610855 53.907501
27.609118 53.908429
27.611366 53.910032
27.612803 53.908843
27.613638 53.908158
27.61456 53.907423
27.614589 53.90738
27.613428 53.906738
27.609134 53.904391
27.608761 53.904652
27.607801 53.904312
27.607388 53.904137
27.606413 53.903478
27.605088 53.903116
27.604355 53.903474
27.603062 53.904067
27.606206 53.906399
27.608746 53.908188
27.610488 53.907393
27.610438 53.907337
27.610638 53.907239
27.610818 53.907023
27.61157 53.906639
BRUSH(1,0)
REGION 1
13
27.599266 53.909676
27.598921 53.909453
27.598176 53.908993
27.597551 53.908594
27.59718 53.908753
27.596466 53.909109
27.596027 53.909305
27.596456 53.909775
27.59692 53.910292
27.597378 53.910672
27.597449 53.910627
27.597426 53.9106
27.599266 53.909676
BRUSH(1,0)
REGION 1
17
27.61387 53.908741
27.613111 53.909363
27.612114 53.910164
27.612887 53.910533
27.613617 53.91019
27.613738 53.910115
27.613919 53.910063
27.614052 53.909999
27.614325 53.909928
27.614507 53.909898
27.614735 53.909875
27.614963 53.909858
27.615145 53.909846
27.615237 53.909856
27.614977 53.909514
27.614242 53.908937
27.61387 53.908741
BRUSH(1,0)
REGION 1
13
27.580297 53.902561
27.579861 53.902929
27.578906 53.903777
27.57956 53.904034
27.579522 53.904073
27.581731 53.905133
27.58305 53.904176
27.583604 53.903796
27.582671 53.903429
27.582611 53.903486
27.581862 53.903217
27.581891 53.903149
27.580297 53.902561
BRUSH(1,0)
REGION 1
10
27.582276 53.909184
27.582828 53.90893
27.583811 53.908471
27.583879 53.908399
27.583656 53.908262
27.581271 53.907118
27.58044 53.906701
27.580345 53.906756
27.579181 53.907608
27.582276 53.909184
BRUSH(1,0)
REGION 1
11
27.582021 53.905442
27.581595 53.905729
27.580607 53.906442
27.581354 53.906832
27.583399 53.90783
27.583365 53.907861
27.583522 53.907899
27.5835 53.90796
27.584062 53.908155
27.584938 53.906865
27.582021 53.905442
BRUSH(1,0)
REGION 1
9
27.582194 53.90534
27.582792 53.905643
27.584917 53.906685
27.585046 53.90668
27.585126 53.90668
27.586234 53.905011
27.585901 53.904604
27.584124 53.903957
27.582194 53.90534
BRUSH(1,0)
REGION 1
11
27.587614 53.904955
27.586825 53.905164
27.586605 53.905486
27.586762 53.905521
27.586328 53.906106
27.586202 53.906086
27.585915 53.906485
27.585919 53.906485
27.586296 53.906555
27.588389 53.906017
27.587614 53.904955
BRUSH(1,0)
REGION 1
16
27.588444 53.906109
27.588057 53.90621
27.586886 53.90653
27.586702 53.906751
27.586745 53.906814
27.586517 53.906876
27.586444 53.906802
27.58581 53.906638
27.585079 53.90771
27.585804 53.908118
27.587797 53.907544
27.587743 53.907493
27.588403 53.907321
27.588434 53.907357
27.589177 53.907149
27.588444 53.906109
BRUSH(1,0)
REGION 1
13
27.587811 53.90462
27.588377 53.905401
27.589495 53.907037
27.592398 53.906201
27.591984 53.905722
27.592249 53.905644
27.592013 53.905362
27.591848 53.904956
27.591534 53.904553
27.591052 53.904009
27.590583 53.903966
27.589521 53.904205
27.587811 53.90462
BRUSH(1,0)
REGION 1
13
27.591285 53.903284
27.59152 53.903505
27.592286 53.903311
27.592608 53.903246
27.59293 53.903137
27.594192 53.902774
27.594144 53.902565
27.59423 53.902223
27.594441 53.901761
27.594371 53.901682
27.593649 53.902259
27.59237 53.902798
27.591285 53.903284
BRUSH(1,0)
REGION 1
50
27.593208 53.905932
27.593496 53.905841
27.598779 53.904126
27.599488 53.903929
27.599445 53.903835
27.599755 53.903739
27.599836 53.903806
27.60048 53.903594
27.600472 53.903578
27.600703 53.903492
27.600646 53.902959
27.600619 53.902887
27.599781 53.902287
27.598448 53.901888
27.598564 53.901766
27.597311 53.901318
27.597283 53.901264
27.597199 53.901211
27.597016 53.901184
27.596925 53.901194
27.596788 53.901203
27.596514 53.901187
27.59633 53.901127
27.59625 53.901082
27.596184 53.901002
27.596067 53.900786
27.595935 53.900598
27.595735 53.900437
27.595613 53.900388
27.595361 53.900333
27.595209 53.900595
27.595268 53.901334
27.59539 53.901597
27.595299 53.90166
27.594801 53.902791
27.594691 53.902812
27.594218 53.903034
27.593347 53.903252
27.593009 53.903568
27.593078 53.903676
27.592734 53.903776
27.592617 53.903624
27.592091 53.903761
27.591924 53.903562
27.591685 53.903606
27.591458 53.903676
27.591417 53.903731
27.591429 53.903784
27.592631 53.905204
27.593208 53.905932
BRUSH(1,0)
REGION 1
11
27.593748 53.907573
27.592964 53.906763
27.592678 53.906438
27.591542 53.906765
27.591452 53.906869
27.590906 53.907038
27.590719 53.907014
27.589685 53.907304
27.589906 53.907613
27.590658 53.908687
27.593748 53.907573
BRUSH(1,0)
REGION 1
41
27.580678 53.897993
27.581098 53.898171
27.586656 53.899942
27.587849 53.898684
27.586298 53.898161
27.585129 53.897797
27.585181 53.897707
27.587947 53.898592
27.589296 53.897088
27.587534 53.896492
27.587567 53.89641
27.589336 53.896976
27.589723 53.896634
27.590751 53.895551
27.590792 53.895476
27.589871 53.895175
27.588289 53.894667
27.588361 53.894584
27.585844 53.893795
27.586014 53.893466
27.586938 53.893743
27.587017 53.893641
27.589129 53.894337
27.590265 53.893095
27.589604 53.892831
27.587739 53.89217
27.587611 53.892292
27.587344 53.892225
27.587467 53.892083
27.587097 53.891982
27.586523 53.892533
27.586256 53.892478
27.585811 53.893321
27.585656 53.893708
27.585225 53.894432
27.584824 53.894921
27.584423 53.89537
27.583599 53.896037
27.582379 53.896963
27.581489 53.897515
27.580678 53.897993
BRUSH(1,0)
REGION 1
16
27.590571 53.893193
27.590315 53.893428
27.589531 53.894245
27.589573 53.894259
27.589468 53.894376
27.58943 53.894367
27.589299 53.894505
27.591152 53.895135
27.591381 53.894891
27.591537 53.894915
27.592182 53.894258
27.592317 53.894109
27.592361 53.894001
27.592323 53.893947
27.592192 53.893878
27.590571 53.893193
BRUSH(1,0)
REGION 1
14
27.587038 53.900338
27.586626 53.900754
27.586135 53.901307
27.586562 53.901395
27.586791 53.901457
27.586928 53.901485
27.587066 53.901539
27.587178 53.901646
27.58724 53.90178
27.58742 53.901874
27.588038 53.901734
27.589601 53.901392
27.589888 53.901224
27.587038 53.900338
BRUSH(1,0)
REGION 1
65
27.590617 53.903388
27.592304 53.902654
27.593151 53.902275
27.593627 53.902039
27.593985 53.901781
27.594379 53.901419
27.595131 53.900217
27.595765 53.899268
27.5952 53.899095
27.595183 53.899019
27.595625 53.898801
27.596424 53.897941
27.596362 53.897838
27.596547 53.897522
27.596427 53.897332
27.595895 53.89713
27.595494 53.897268
27.594661 53.898066
27.594338 53.898373
27.594368 53.898396
27.593986 53.89878
27.593963 53.898825
27.594032 53.898856
27.593969 53.898941
27.59419 53.899015
27.594333 53.898884
27.594715 53.899012
27.594571 53.899062
27.594618 53.899112
27.594421 53.89918
27.594074 53.899096
27.593796 53.899138
27.593472 53.899061
27.593401 53.899153
27.593084 53.899051
27.592473 53.899684
27.592763 53.899777
27.592707 53.899849
27.591899 53.900581
27.59198 53.90094
27.591499 53.900805
27.590972 53.901246
27.591489 53.901507
27.591841 53.901613
27.592134 53.901663
27.591947 53.901855
27.590018 53.901257
27.589553 53.901505
27.588859 53.901663
27.586319 53.902257
27.58621 53.902365
27.586871 53.903423
27.586556 53.903519
27.586647 53.90378
27.586477 53.903823
27.586698 53.904182
27.587197 53.9042
27.588024 53.904056
27.588066 53.904083
27.589023 53.903926
27.589856 53.903688
27.590164 53.903615
27.590447 53.903492
27.590454 53.903438
27.590617 53.903388
BRUSH(1,0)
REGION 1
15
27.591465 53.895516
27.592165 53.895753
27.594224 53.896425
27.595126 53.897057
27.596396 53.897035
27.595794 53.8961
27.595694 53.896042
27.595543 53.896081
27.595162 53.895467
27.5949 53.895243
27.594098 53.894757
27.593715 53.894503
27.59277 53.894123
27.59202 53.894895
27.591465 53.895516
BRUSH(1,0)
REGION 1
33
27.591449 53.895691
27.591005 53.896087
27.590034 53.897141
27.591823 53.89774
27.591797 53.897809
27.589887 53.897191
27.589096 53.898036
27.588706 53.898487
27.588466 53.898751
27.590685 53.899433
27.590614 53.89953
27.588422 53.898864
27.587773 53.899498
27.587244 53.90009
27.587382 53.900139
27.590514 53.901113
27.591039 53.900533
27.591625 53.899969
27.592085 53.899447
27.592696 53.899033
27.593312 53.898441
27.594015 53.897833
27.593628 53.897673
27.594184 53.897115
27.594092 53.89707
27.594092 53.897066
27.594231 53.896944
27.593405 53.896662
27.593468 53.896534
27.593629 53.896576
27.593767 53.896431
27.593442 53.896314
27.591449 53.895691
BRUSH(1,0)
REGION 1
14
27.581138 53.893162
27.581882 53.893327
27.582023 53.893351
27.582628 53.893641
27.583 53.893291
27.584205 53.892431
27.584094 53.892355
27.584112 53.892301
27.584242 53.892287
27.584302 53.892235
27.584158 53.892011
27.583461 53.891632
27.583204 53.891784
27.581138 53.893162
BRUSH(1,0)
REGION 1
20
27.597627 53.891915
27.596731 53.891762
27.59375 53.891243
27.59205 53.890934
27.591232 53.892363
27.592387 53.892798
27.593136 53.893051
27.593807 53.893212
27.594379 53.893304
27.595461 53.893451
27.59652 53.893545
27.596555 53.893352
27.596441 53.893368
27.59638 53.893326
27.597363 53.893209
27.597347 53.893161
27.597434 53.893076
27.597631 53.89305
27.59746 53.892478
27.597627 53.891915
BRUSH(1,0)
REGION 1
15
27.597947 53.891958
27.597819 53.89206
27.597668 53.892432
27.597906 53.893123
27.598209 53.893083
27.598315 53.893002
27.598371 53.892925
27.598384 53.892732
27.598581 53.89272
27.598637 53.892623
27.598743 53.892613
27.598966 53.892241
27.598764 53.892199
27.59882 53.892105
27.597947 53.891958
BRUSH(1,0)
REGION 1
7
27.600886 53.890832
27.600095 53.890788
27.599809 53.89076
27.599787 53.890837
27.599678 53.89148
27.600639 53.89191
27.600886 53.890832
BRUSH(1,0)
REGION 1
33
27.594178 53.893905
27.59403 53.893944
27.594677 53.894271
27.595296 53.894695
27.595942 53.895221
27.595855 53.895273
27.596321 53.895747
27.596728 53.896292
27.596795 53.896444
27.597267 53.896754
27.597075 53.896892
27.596984 53.896893
27.59708 53.897259
27.596974 53.897275
27.597156 53.897841
27.59729 53.89784
27.597302 53.897896
27.597382 53.897903
27.599508 53.89653
27.599312 53.89641
27.599233 53.896451
27.59862 53.896132
27.598612 53.89606
27.597873 53.895695
27.597925 53.89567
27.597086 53.895217
27.597829 53.894719
27.597517 53.894181
27.597297 53.894198
27.596916 53.894182
27.595775 53.894151
27.595177 53.894082
27.594178 53.893905
BRUSH(1,0)
REGION 1
32
27.597295 53.89521
27.597587 53.895373
27.597613 53.895352
27.598149 53.895606
27.59903 53.896065
27.599075 53.896029
27.599143 53.895983
27.599229 53.895902
27.599365 53.895832
27.599463 53.895723
27.599521 53.895561
27.599496 53.895373
27.599406 53.895211
27.599337 53.895131
27.599491 53.895026
27.599604 53.894949
27.599706 53.894875
27.599841 53.894712
27.599949 53.894577
27.599981 53.894415
27.599957 53.894307
27.599857 53.894227
27.599719 53.894176
27.599536 53.894165
27.599446 53.894193
27.599321 53.894258
27.599189 53.89434
27.598639 53.894435
27.598679 53.894601
27.598179 53.894718
27.598011 53.894723
27.597295 53.89521
BRUSH(1,0)
REGION 1
9
27.585746 53.891286
27.585749 53.891286
27.585033 53.890901
27.584601 53.891022
27.584197 53.891204
27.584258 53.891217
27.584566 53.891263
27.585118 53.89159
27.585746 53.891286
BRUSH(1,0)
REGION 1
9
27.602216 53.897624
27.601265 53.898478
27.599552 53.900035
27.603254 53.901483
27.603254 53.901481
27.606021 53.899083
27.605179 53.898761
27.604625 53.898538
27.602216 53.897624
BRUSH(1,0)
REGION 1
13
27.602005 53.897532
27.601528 53.897353
27.601118 53.897197
27.600364 53.897646
27.599829 53.898033
27.599361 53.898307
27.599241 53.898397
27.598919 53.89823
27.598173 53.898708
27.599164 53.899439
27.599638 53.899634
27.600863 53.898525
27.602005 53.897532
BRUSH(1,0)
REGION 1
16
27.603132 53.896729
27.602846 53.896962
27.60264 53.897174
27.602663 53.897192
27.602404 53.897447
27.603046 53.897703
27.605054 53.898464
27.60523 53.898318
27.605904 53.898586
27.605992 53.898635
27.605932 53.89869
27.606027 53.898739
27.606639 53.89816
27.606616 53.898149
27.605813 53.897827
27.603132 53.896729
BRUSH(1,0)
REGION 1
6
27.602111 53.89634
27.601768 53.896587
27.601517 53.896824
27.602313 53.897191
27.602926 53.896681
27.602111 53.89634
BRUSH(1,0)
REGION 1
29
27.611592 53.893607
27.611153 53.89344
27.610641 53.893267
27.610597 53.893105
27.61057 53.893085
27.610486 53.893072
27.609577 53.893068
27.608128 53.893102
27.60685 53.893099
27.604494 53.893182
27.603632 53.893271
27.602649 53.893476
27.601768 53.893811
27.600743 53.894236
27.600582 53.894421
27.600512 53.894864
27.600643 53.895513
27.600838 53.89558
27.601074 53.89563
27.601124 53.895673
27.601583 53.895857
27.603499 53.89659
27.606562 53.897803
27.606703 53.897847
27.606929 53.897903
27.60783 53.897069
27.608252 53.896756
27.610135 53.894933
27.611592 53.893607
BRUSH(1,0)
REGION 1
32
27.606434 53.89924
27.604743 53.900743
27.603849 53.901584
27.604519 53.901916
27.6047 53.901746
27.605407 53.902001
27.605572 53.901832
27.606261 53.902105
27.606457 53.901985
27.60713 53.902267
27.607345 53.902109
27.608966 53.902702
27.609971 53.903032
27.610112 53.903033
27.610598 53.902736
27.611902 53.903193
27.612529 53.902597
27.612288 53.902519
27.612225 53.902349
27.612462 53.90219
27.611058 53.901633
27.610814 53.901847
27.610795 53.901845
27.60938 53.901299
27.609177 53.901219
27.608497 53.901825
27.608271 53.901727
27.608959 53.90111
27.609512 53.900676
27.609669 53.900495
27.609635 53.900491
27.606434 53.89924
BRUSH(1,0)
REGION 1
9
27.607752 53.898589
27.607612 53.898643
27.606928 53.89924
27.609678 53.900302
27.610233 53.899989
27.610529 53.899727
27.609726 53.899389
27.609595 53.899297
27.607752 53.898589
BRUSH(1,0)
REGION 1
42
27.615081 53.90097
27.615494 53.900595
27.615979 53.900166
27.615998 53.899878
27.616697 53.899285
27.617516 53.898875
27.617847 53.898574
27.617659 53.898485
27.617223 53.898588
27.617061 53.898677
27.61681 53.898455
27.61695 53.898387
27.617819 53.897673
27.618794 53.89778
27.619243 53.897783
27.619687 53.897756
27.619787 53.897528
27.619691 53.897466
27.618502 53.896795
27.618355 53.89689
27.612644 53.893993
27.611918 53.89459
27.61137 53.895094
27.609844 53.896394
27.609835 53.896555
27.609682 53.896768
27.609525 53.896717
27.609337 53.896866
27.609326 53.896895
27.608413 53.897711
27.608433 53.897754
27.608028 53.898176
27.608185 53.898232
27.608091 53.898306
27.608248 53.898398
27.608414 53.898347
27.609229 53.898681
27.609124 53.898787
27.609763 53.899056
27.614571 53.900912
27.614748 53.900848
27.615081 53.90097
BRUSH(1,0)
REGION 1
26
27.632115 53.911739
27.631869 53.911803
27.631927 53.911892
27.631916 53.911906
27.631688 53.911984
27.631552 53.912013
27.63137 53.912062
27.631364 53.912143
27.631457 53.912277
27.631661 53.912438
27.631692 53.912492
27.631682 53.912573
27.631596 53.912654
27.631414 53.912716
27.631339 53.912824
27.631326 53.912932
27.631373 53.91304
27.631488 53.913113
27.631924 53.913246
27.632443 53.913374
27.632507 53.913355
27.632832 53.913142
27.633136 53.912864
27.632959 53.912751
27.632865 53.912594
27.632115 53.911739
BRUSH(1,0)
REGION 1
49
27.62546 53.909634
27.625136 53.909851
27.624929 53.91
27.625342 53.910381
27.625526 53.910494
27.626927 53.911092
27.627796 53.911483
27.628945 53.91197
27.630086 53.912493
27.630768 53.912779
27.630955 53.912833
27.631166 53.912688
27.631332 53.912552
27.6313 53.912498
27.63107 53.912387
27.630703 53.91224
27.630336 53.912136
27.630107 53.912063
27.629995 53.91199
27.629915 53.911943
27.629731 53.91187
27.629601 53.911807
27.62952 53.911765
27.629436 53.911727
27.629317 53.911658
27.629179 53.911609
27.629099 53.911567
27.628732 53.911423
27.628502 53.911329
27.628421 53.911285
27.628314 53.911204
27.628237 53.911162
27.628157 53.911115
27.628019 53.911055
27.627835 53.910991
27.627605 53.9109
27.627525 53.91086
27.627257 53.910726
27.627107 53.910624
27.626877 53.910528
27.626602 53.910466
27.626236 53.910376
27.626007 53.910321
27.625915 53.910274
27.625788 53.910198
27.625607 53.910038
27.62551 53.909903
27.625467 53.909795
27.62546 53.909634
BRUSH(1,0)
REGION 1
9
27.62537 53.907318
27.624822 53.907314
27.624628 53.907313
27.624579 53.908377
27.624612 53.909863
27.62497 53.909899
27.625463 53.909562
27.625452 53.909067
27.62537 53.907318
BRUSH(1,0)
REGION 1
13
27.635097 53.910865
27.63382 53.911238
27.632566 53.911615
27.632563 53.911669
27.633387 53.912625
27.633767 53.912326
27.63416 53.912138
27.634588 53.911989
27.635073 53.911868
27.63554 53.911825
27.636032 53.911885
27.635929 53.911823
27.635097 53.910865
BRUSH(1,0)
REGION 1
8
27.630531 53.909307
27.630844 53.909663
27.632334 53.911391
27.632384 53.911425
27.634934 53.910652
27.633107 53.908546
27.632145 53.908825
27.630531 53.909307
BRUSH(1,0)
REGION 1
10
27.631187 53.911759
27.63196 53.911548
27.630025 53.909299
27.625764 53.90932
27.625769 53.909677
27.62584 53.909812
27.626161 53.909945
27.628353 53.910739
27.630151 53.911413
27.631187 53.911759
BRUSH(1,0)
REGION 1
9
27.629866 53.909068
27.629877 53.908537
27.62989 53.907323
27.62989 53.907312
27.625572 53.907299
27.625572 53.907313
27.625662 53.909098
27.625757 53.909102
27.629866 53.909068
BRUSH(1,0)
REGION 1
9
27.630312 53.907317
27.630291 53.907449
27.630273 53.908794
27.630712 53.908931
27.632818 53.908277
27.632428 53.907884
27.631529 53.907549
27.630879 53.907325
27.630312 53.907317
BRUSH(1,0)
REGION 1
22
27.624458 53.902361
27.623869 53.902142
27.622971 53.901795
27.62065 53.902818
27.619255 53.903461
27.616023 53.904887
27.616053 53.904909
27.61878 53.906191
27.619225 53.906168
27.619855 53.90583
27.619683 53.905701
27.620114 53.905294
27.62012 53.904918
27.621253 53.905371
27.622214 53.904504
27.621759 53.904326
27.621963 53.903981
27.622038 53.903902
27.621985 53.903889
27.623529 53.90253
27.624068 53.902718
27.624458 53.902361
BRUSH(1,0)
REGION 1
8
27.625479 53.901376
27.625127 53.901252
27.624485 53.901026
27.624194 53.901137
27.623627 53.901392
27.623285 53.901693
27.624619 53.902181
27.625479 53.901376
BRUSH(1,0)
REGION 1
18
27.619494 53.903132
27.619019 53.902945
27.61521 53.901478
27.614845 53.901776
27.613963 53.902583
27.612734 53.90365
27.612637 53.903786
27.612623 53.903894
27.612655 53.904001
27.612763 53.904082
27.613023 53.904179
27.614801 53.904843
27.615075 53.904887
27.615258 53.904899
27.615304 53.904899
27.615486 53.904878
27.615713 53.9048
27.619494 53.903132
BRUSH(1,0)
REGION 1
23
27.625118 53.900043
27.624808 53.899927
27.621828 53.898779
27.620096 53.898102
27.619958 53.898071
27.619677 53.89808
27.618761 53.898147
27.618891 53.898193
27.617317 53.899579
27.617597 53.899726
27.620625 53.900824
27.620494 53.900949
27.617149 53.89978
27.617039 53.899855
27.615649 53.901078
27.615488 53.901258
27.616116 53.901514
27.619868 53.902952
27.621411 53.9023
27.621636 53.902078
27.623692 53.901189
27.623942 53.901069
27.625118 53.900043
BRUSH(1,0)
REGION 1
10
27.614067 53.893482
27.614246 53.893801
27.614392 53.893883
27.615732 53.894553
27.615823 53.894546
27.615903 53.894501
27.615917 53.894447
27.615289 53.893832
27.614357 53.893337
27.614067 53.893482
BRUSH(1,0)
REGION 1
5
27.623266 53.906737
27.621264 53.9067
27.621239 53.907051
27.623171 53.907059
27.623266 53.906737
BRUSH(1,0)
REGION 1
13
27.623295 53.906625
27.623371 53.906375
27.623381 53.906287
27.623316 53.906238
27.623224 53.906223
27.623133 53.906228
27.622204 53.906203
27.622022 53.906197
27.621885 53.906223
27.621731 53.906358
27.621521 53.906548
27.621537 53.906602
27.623295 53.906625
BRUSH(1,0)
REGION 1
18
27.624062 53.907062
27.624146 53.906821
27.624515 53.905762
27.623753 53.905672
27.621777 53.905609
27.621506 53.905532
27.621405 53.905643
27.621232 53.906588
27.621819 53.906147
27.621914 53.906121
27.622051 53.906118
27.623283 53.906117
27.623421 53.906154
27.623437 53.906181
27.623533 53.906262
27.623553 53.906343
27.623377 53.907049
27.624062 53.907062
BRUSH(1,0)
REGION 1
14
27.624816 53.90581
27.624676 53.906153
27.624313 53.907052
27.625043 53.907064
27.625274 53.906478
27.625183 53.906463
27.625231 53.906359
27.625589 53.906411
27.625545 53.906497
27.625434 53.906489
27.625245 53.907065
27.62593 53.907064
27.626349 53.906068
27.624816 53.90581
BRUSH(1,0)
REGION 1
5
27.626342 53.906639
27.626143 53.907072
27.628794 53.907068
27.629098 53.906763
27.626342 53.906639
BRUSH(1,0)
REGION 1
6
27.626654 53.906103
27.626398 53.906536
27.629241 53.906652
27.629473 53.906392
27.62829 53.906362
27.626654 53.906103
BRUSH(1,0)
REGION 1
6
27.622886 53.903837
27.622343 53.903658
27.621967 53.903981
27.621811 53.904267
27.622267 53.904438
27.622886 53.903837
BRUSH(1,0)
REGION 1
6
27.623009 53.903706
27.623606 53.903155
27.624053 53.902716
27.623525 53.902521
27.622421 53.9035
27.623009 53.903706
BRUSH(1,0)
REGION 1
5
27.623517 53.904639
27.622748 53.904332
27.622283 53.904771
27.62304 53.90505
27.623517 53.904639
BRUSH(1,0)
REGION 1
14
27.623295 53.90397
27.623059 53.904016
27.622808 53.904265
27.62414 53.904809
27.623895 53.905001
27.623026 53.905113
27.622215 53.904836
27.621619 53.905417
27.62184 53.905492
27.623823 53.905566
27.624548 53.905675
27.625544 53.90484
27.62445 53.90445
27.623295 53.90397
BRUSH(1,0)
REGION 1
6
27.627043 53.905404
27.62645 53.90518
27.625739 53.904922
27.624906 53.905693
27.626439 53.905969
27.627043 53.905404
BRUSH(1,0)
REGION 1
9
27.627277 53.905506
27.6271 53.905658
27.626717 53.906015
27.627926 53.906236
27.628346 53.906299
27.629019 53.906318
27.629181 53.906185
27.628302 53.905883
27.627277 53.905506
BRUSH(1,0)
REGION 1
12
27.626187 53.902989
27.624734 53.902452
27.624121 53.903006
27.623322 53.903783
27.624226 53.904161
27.62471 53.903713
27.624385 53.903587
27.624633 53.903372
27.624981 53.903492
27.625397 53.903085
27.625844 53.903247
27.626187 53.902989
BRUSH(1,0)
REGION 1
8
27.626086 53.903909
27.625956 53.903856
27.625504 53.903685
27.625264 53.903888
27.624847 53.903758
27.624371 53.90421
27.625331 53.904565
27.626086 53.903909
BRUSH(1,0)
REGION 1
13
27.626328 53.903033
27.626017 53.90332
27.62664 53.903549
27.626272 53.90389
27.62667 53.904045
27.626659 53.904097
27.626239 53.90396
27.626081 53.90408
27.625522 53.904618
27.626314 53.904933
27.626487 53.904791
27.627785 53.90357
27.626328 53.903033
BRUSH(1,0)
REGION 1
5
27.625448 53.903202
27.625167 53.903471
27.626119 53.90383
27.626423 53.90357
27.625448 53.903202
BRUSH(1,0)
REGION 1
9
27.625489 53.903685
27.625118 53.903547
27.624633 53.903372
27.624385 53.903591
27.624706 53.903716
27.624851 53.90376
27.625264 53.903888
27.625497 53.903692
27.625489 53.903685
BRUSH(1,0)
REGION 1
5
27.62813 53.904805
27.628968 53.905113
27.62931 53.904806
27.628464 53.904497
27.62813 53.904805
BRUSH(1,0)
REGION 1
24
27.628015 53.903661
27.627475 53.904188
27.626589 53.905028
27.627833 53.905533
27.629576 53.906133
27.629777 53.906094
27.630415 53.905504
27.631132 53.904795
27.629652 53.904251
27.629224 53.904676
27.629928 53.904949
27.629541 53.905331
27.629905 53.905475
27.62986 53.90552
27.629474 53.905363
27.628036 53.904855
27.627934 53.904945
27.627571 53.904819
27.62762 53.904776
27.627914 53.904873
27.628444 53.904396
27.629105 53.904631
27.629522 53.904214
27.628015 53.903661
BRUSH(1,0)
REGION 2
5
27.629454 53.905293
27.629784 53.904979
27.629314 53.904806
27.628964 53.905113
27.629454 53.905293
4
27.629314 53.904806
27.629317 53.904803
27.629313 53.904806
27.629314 53.904806
BRUSH(1,0)
REGION 1
13
27.633392 53.905635
27.632275 53.905214
27.631353 53.904877
27.630097 53.90609
27.630082 53.906144
27.630128 53.906153
27.631033 53.906155
27.631425 53.906122
27.631419 53.905699
27.631765 53.905697
27.631797 53.906118
27.632862 53.906097
27.633392 53.905635
BRUSH(1,0)
REGION 1
7
27.631049 53.906717
27.631087 53.906728
27.633039 53.906222
27.63302 53.906192
27.630157 53.906303
27.630139 53.906378
27.631049 53.906717
BRUSH(1,0)
REGION 1
12
27.62977 53.906397
27.629564 53.906592
27.62995 53.906734
27.629933 53.906853
27.629477 53.906894
27.62932 53.906845
27.629068 53.907069
27.630016 53.907068
27.630011 53.907008
27.630375 53.906961
27.63083 53.906808
27.62977 53.906397
BRUSH(1,0)
REGION 1
8
27.629564 53.906601
27.629316 53.90684
27.62932 53.906845
27.629477 53.906894
27.629933 53.906853
27.62995 53.906734
27.629567 53.906592
27.629564 53.906601
BRUSH(1,0)
REGION 1
20
27.625739 53.901489
27.62563 53.901589
27.625402 53.901824
27.62642 53.902237
27.627601 53.902643
27.627559 53.902683
27.626256 53.902215
27.625364 53.901873
27.624959 53.902267
27.62798 53.903371
27.62837 53.902996
27.628034 53.902865
27.628087 53.902833
27.628423 53.902946
27.628825 53.902583
27.627494 53.902108
27.627257 53.902318
27.626802 53.902152
27.627012 53.901931
27.625739 53.901489
BRUSH(1,0)
REGION 1
5
27.62749 53.902108
27.627016 53.901931
27.626806 53.902147
27.627254 53.902316
27.62749 53.902108
BRUSH(1,0)
REGION 1
7
27.630489 53.904283
27.630586 53.904195
27.630778 53.903998
27.630567 53.903905
27.629554 53.903548
27.629246 53.903817
27.630489 53.904283
BRUSH(1,0)
REGION 1
17
27.629096 53.90268
27.628848 53.902908
27.62922 53.903048
27.629171 53.903084
27.628792 53.902954
27.628244 53.903464
27.62915 53.903777
27.629492 53.903458
27.630933 53.903973
27.630592 53.904325
27.63133 53.904596
27.631612 53.904331
27.631237 53.904185
27.631293 53.904135
27.63166 53.904279
27.632156 53.903803
27.629096 53.90268
BRUSH(1,0)
REGION 1
6
27.627829 53.901039
27.627821 53.901041
27.627596 53.901262
27.628487 53.901604
27.628739 53.901365
27.627829 53.901039
BRUSH(1,0)
REGION 1
18
27.626666 53.900624
27.626366 53.900902
27.625893 53.901349
27.627962 53.902115
27.628945 53.902445
27.629365 53.902097
27.629737 53.901719
27.628846 53.901407
27.628594 53.901633
27.6289 53.901757
27.62881 53.901838
27.62868 53.901785
27.628699 53.901756
27.626875 53.901081
27.626935 53.901032
27.627474 53.901227
27.627703 53.900996
27.626666 53.900624
BRUSH(1,0)
REGION 1
29
27.62997 53.901797
27.629569 53.902217
27.629227 53.902547
27.630513 53.903028
27.632298 53.903653
27.633079 53.902926
27.63257 53.902742
27.632281 53.903017
27.632335 53.903046
27.632241 53.903134
27.632027 53.90305
27.632113 53.90296
27.632174 53.902973
27.632452 53.902702
27.631576 53.902376
27.631227 53.902719
27.631304 53.90275
27.631214 53.902841
27.630942 53.902738
27.631036 53.902653
27.631124 53.902681
27.631473 53.902354
27.630429 53.901972
27.630177 53.902209
27.630273 53.902247
27.630205 53.902295
27.630041 53.902221
27.630337 53.901937
27.62997 53.901797
BRUSH(1,0)
REGION 1
20
27.632378 53.903889
27.632201 53.904056
27.631552 53.904691
27.631591 53.904707
27.632566 53.905041
27.632843 53.904793
27.632778 53.904759
27.632857 53.904692
27.633128 53.90478
27.633035 53.904864
27.632954 53.904835
27.632673 53.905081
27.633537 53.905399
27.633662 53.905371
27.634107 53.905124
27.634251 53.905031
27.634468 53.904836
27.634403 53.904807
27.63455 53.904683
27.632378 53.903889
BRUSH(1,0)
REGION 1
26
27.632532 53.903747
27.632734 53.903829
27.634849 53.904589
27.634959 53.904542
27.635038 53.904481
27.635112 53.904375
27.634948 53.90431
27.635124 53.904152
27.635134 53.904071
27.63505 53.904022
27.635004 53.90402
27.634852 53.904036
27.634742 53.904035
27.634478 53.903939
27.63455 53.903901
27.634787 53.903978
27.635117 53.903927
27.635316 53.903742
27.634249 53.903376
27.634002 53.9036
27.634044 53.903625
27.633995 53.903665
27.633861 53.903616
27.63415 53.903341
27.633316 53.903021
27.632532 53.903747
BRUSH(1,0)
REGION 1
5
27.635901 53.903948
27.635499 53.904267
27.635946 53.904436
27.63633 53.90411
27.635901 53.903948
BRUSH(1,0)
REGION 1
10
27.6343 53.909187
27.634464 53.908944
27.634631 53.908702
27.634158 53.908358
27.634492 53.908044
27.633861 53.907827
27.633757 53.907958
27.633642 53.908163
27.633472 53.908247
27.6343 53.909187
BRUSH(1,0)
REGION 1
10
27.634188 53.907506
27.636834 53.908453
27.637922 53.90742
27.636232 53.906804
27.635984 53.907027
27.635965 53.907016
27.635521 53.906861
27.635171 53.907115
27.634762 53.906998
27.634188 53.907506
BRUSH(1,0)
REGION 1
7
27.637831 53.911058
27.637395 53.910889
27.636783 53.910657
27.636036 53.910865
27.636602 53.911541
27.637152 53.911736
27.637831 53.911058
BRUSH(1,0)
REGION 1
5
27.635815 53.909548
27.635103 53.909757
27.635975 53.910807
27.636709 53.910592
27.635815 53.909548
BRUSH(1,0)
REGION 1
16
27.637394 53.909032
27.636154 53.908515
27.635327 53.908182
27.63495 53.908627
27.634445 53.90927
27.634782 53.909385
27.635068 53.909703
27.635769 53.909492
27.63568 53.909387
27.636036 53.909046
27.636159 53.90909
27.636095 53.909147
27.636382 53.909287
27.636484 53.909212
27.636955 53.909394
27.637394 53.909032
BRUSH(1,0)
REGION 1
10
27.637986 53.910954
27.638673 53.910312
27.639059 53.909939
27.639046 53.909861
27.639033 53.90971
27.638654 53.909561
27.638237 53.909903
27.637751 53.909755
27.636937 53.910543
27.637986 53.910954
BRUSH(1,0)
REGION 1
11
27.636984 53.906694
27.637492 53.90689
27.638257 53.907164
27.63858 53.906868
27.638997 53.906484
27.638506 53.906257
27.638311 53.906422
27.638395 53.90646
27.63829 53.906562
27.637448 53.906227
27.636984 53.906694
BRUSH(1,0)
REGION 1
12
27.637284 53.906182
27.637001 53.906067
27.636886 53.906018
27.637265 53.905627
27.636587 53.90535
27.636323 53.905495
27.63615 53.905615
27.635657 53.90602
27.635719 53.906053
27.635584 53.906177
27.636819 53.906634
27.637284 53.906182
BRUSH(1,0)
REGION 1
15
27.58814 53.935022
27.58816 53.935062
27.588211 53.935149
27.588277 53.935286
27.58841 53.935277
27.588513 53.935267
27.588927 53.935225
27.589144 53.935204
27.589311 53.935194
27.589692 53.935201
27.590058 53.935211
27.590377 53.935198
27.590925 53.935166
27.590584 53.934725
27.58814 53.935022
BRUSH(1,0)
REGION 1
12
27.593081 53.934967
27.592946 53.934828
27.593067 53.934765
27.592924 53.934597
27.59303 53.934565
27.59257 53.934091
27.592547 53.934073
27.591721 53.934369
27.591879 53.934512
27.591766 53.934562
27.592511 53.935006
27.593081 53.934967
BRUSH(1,0)
REGION 1
36
27.5027 53.89612
27.502593 53.896057
27.50038 53.895271
27.50028 53.89524
27.500227 53.895236
27.500128 53.895231
27.500052 53.895241
27.499984 53.895272
27.499901 53.895331
27.499841 53.895415
27.499797 53.895509
27.499775 53.895631
27.49971 53.895865
27.499526 53.897066
27.499384 53.89849
27.499206 53.900147
27.499038 53.90134
27.498833 53.902963
27.50208 53.903296
27.505346 53.903619
27.50647 53.902178
27.506183 53.902029
27.506889 53.901257
27.507408 53.900798
27.507476 53.900762
27.507757 53.900639
27.507847 53.900562
27.508176 53.900098
27.508326 53.899895
27.508849 53.899144
27.508886 53.899063
27.509268 53.898499
27.507853 53.897966
27.504963 53.896892
27.504366 53.896702
27.5027 53.89612
BRUSH(1,0)
REGION 1
51
27.49827 53.900219
27.49877 53.896184
27.498832 53.895671
27.499107 53.89511
27.499129 53.895056
27.499136 53.895015
27.499136 53.894984
27.499105 53.894943
27.499066 53.894903
27.498982 53.894863
27.498906 53.894836
27.498791 53.894796
27.498646 53.894752
27.498485 53.894699
27.498348 53.894636
27.498255 53.894578
27.498117 53.894498
27.497972 53.894409
27.497895 53.894369
27.497727 53.894297
27.497612 53.894244
27.497459 53.894177
27.497344 53.894128
27.497268 53.894097
27.497153 53.89407
27.497062 53.894048
27.496955 53.894035
27.496765 53.894023
27.49646 53.89401
27.495897 53.89399
27.494648 53.893948
27.492985 53.893915
27.492886 53.89392
27.492825 53.893956
27.492795 53.894005
27.492796 53.89405
27.492797 53.894118
27.492798 53.89419
27.492799 53.894302
27.492824 53.894509
27.492882 53.894909
27.492884 53.895057
27.492933 53.895378
27.493021 53.895994
27.492682 53.897576
27.492683 53.897621
27.492148 53.899999
27.491641 53.902485
27.493477 53.902597
27.497934 53.902891
27.49827 53.900219
BRUSH(1,0)
REGION 1
40
27.501132 53.89357
27.500929 53.893839
27.500727 53.894091
27.500365 53.894664
27.500335 53.894714
27.50032 53.894763
27.500336 53.894808
27.500352 53.894862
27.500383 53.89492
27.500414 53.894974
27.500491 53.895037
27.501274 53.895308
27.501557 53.895401
27.501894 53.89553
27.502444 53.895725
27.502956 53.895903
27.503293 53.896027
27.503614 53.896129
27.503935 53.896254
27.506098 53.897018
27.506151 53.897018
27.506235 53.897008
27.506303 53.89699
27.506341 53.896963
27.506348 53.896936
27.506348 53.896891
27.506347 53.896846
27.506316 53.896792
27.506269 53.896689
27.505911 53.895994
27.505522 53.895334
27.50451 53.893507
27.504386 53.893336
27.503663 53.892083
27.503243 53.891316
27.502632 53.891138
27.502336 53.891247
27.502129 53.891743
27.501744 53.892601
27.501132 53.89357
BRUSH(1,0)
REGION 1
21
27.511289 53.8927
27.510511 53.892575
27.510312 53.892526
27.509485 53.892386
27.50946 53.892534
27.509447 53.89266
27.509294 53.893282
27.509216 53.893727
27.509094 53.89429
27.509065 53.894404
27.50907 53.894496
27.509086 53.894557
27.509132 53.8946
27.509193 53.894624
27.51409 53.895482
27.514528 53.89457
27.514758 53.894141
27.515181 53.893373
27.515015 53.893349
27.51405 53.893182
27.511289 53.8927
BRUSH(1,0)
REGION 1
6
27.515099 53.900686
27.515405 53.900211
27.514779 53.900092
27.514211 53.900304
27.514115 53.900556
27.515099 53.900686
BRUSH(1,0)
REGION 1
7
27.516293 53.902738
27.515201 53.902527
27.516481 53.900422
27.515672 53.900277
27.514177 53.902768
27.516024 53.903137
27.516293 53.902738
BRUSH(1,0)
REGION 1
10
27.51379 53.902864
27.514088 53.902343
27.514379 53.901863
27.514648 53.901455
27.515077 53.900758
27.514458 53.900667
27.51412 53.901214
27.513717 53.901857
27.513149 53.902727
27.51379 53.902864
BRUSH(1,0)
REGION 1
11
27.514231 53.900632
27.513476 53.900532
27.51327 53.900827
27.513113 53.901048
27.512777 53.901618
27.51205 53.902475
27.512882 53.90267
27.513069 53.902379
27.513397 53.901881
27.513898 53.901125
27.514231 53.900632
BRUSH(1,0)
REGION 1
7
27.517255 53.901109
27.516335 53.900888
27.515323 53.902495
27.516337 53.902675
27.516792 53.901956
27.517036 53.90155
27.517255 53.901109
BRUSH(1,0)
REGION 1
6
27.512845 53.902724
27.511967 53.902525
27.511371 53.903263
27.511478 53.903348
27.512303 53.903545
27.512845 53.902724
BRUSH(1,0)
REGION 1
7
27.513745 53.902927
27.513089 53.902781
27.512764 53.903289
27.511912 53.904569
27.512576 53.904735
27.513047 53.904004
27.513745 53.902927
BRUSH(1,0)
REGION 1
5
27.512258 53.903603
27.511693 53.903466
27.511416 53.90389
27.511974 53.904027
27.512258 53.903603
BRUSH(1,0)
REGION 1
5
27.511944 53.904083
27.510989 53.903833
27.510683 53.904264
27.511652 53.904494
27.511944 53.904083
BRUSH(1,0)
REGION 1
9
27.514671 53.90545
27.513625 53.905207
27.514685 53.903509
27.515723 53.903739
27.516034 53.903281
27.514103 53.902898
27.512339 53.905507
27.514407 53.905921
27.514671 53.90545
BRUSH(1,0)
REGION 1
5
27.514716 53.905373
27.515701 53.903793
27.514731 53.90359
27.513732 53.905175
27.514716 53.905373
BRUSH(1,0)
REGION 1
5
27.512033 53.905441
27.512509 53.904798
27.511875 53.904637
27.511407 53.9053
27.512033 53.905441
BRUSH(1,0)
REGION 1
7
27.51163 53.904548
27.510607 53.904314
27.510375 53.904659
27.510491 53.904748
27.510308 53.905017
27.511178 53.905229
27.51163 53.904548
BRUSH(1,0)
REGION 1
39
27.512989 53.905733
27.51137 53.905385
27.509448 53.905038
27.506614 53.904315
27.505614 53.904072
27.505083 53.90481
27.504406 53.90582
27.503569 53.907087
27.50269 53.908347
27.502384 53.908861
27.502231 53.909089
27.502111 53.909251
27.502097 53.909354
27.502105 53.909431
27.502113 53.909453
27.502152 53.909498
27.502213 53.909556
27.502244 53.909592
27.502329 53.909657
27.502398 53.909702
27.50249 53.909737
27.502642 53.909773
27.503968 53.909866
27.506571 53.910068
27.506623 53.909951
27.508632 53.909893
27.508868 53.909879
27.509012 53.909847
27.509225 53.909787
27.509346 53.909721
27.509619 53.90963
27.509839 53.909562
27.510081 53.909448
27.511736 53.908789
27.512872 53.908306
27.513478 53.908015
27.514401 53.906033
27.513248 53.905786
27.512989 53.905733
BRUSH(1,0)
REGION 1
38
27.498528 53.909498
27.502063 53.909712
27.50204 53.909663
27.502009 53.909618
27.50197 53.90956
27.501924 53.909513
27.501893 53.909468
27.501869 53.909418
27.501861 53.909364
27.50186 53.909319
27.501859 53.909248
27.501866 53.909189
27.501888 53.909117
27.501903 53.909072
27.501948 53.909004
27.501985 53.908928
27.502033 53.908831
27.502078 53.908754
27.502123 53.908691
27.502198 53.908601
27.502363 53.908366
27.503406 53.906813
27.503862 53.906152
27.504718 53.904899
27.505241 53.904078
27.505263 53.904042
27.505263 53.904006
27.505263 53.903975
27.505239 53.903939
27.505216 53.903899
27.505162 53.903867
27.505101 53.903818
27.505009 53.903783
27.502402 53.90351
27.498744 53.903146
27.498402 53.906047
27.498005 53.9091
27.498528 53.909498
BRUSH(1,0)
REGION 1
30
27.483396 53.906658
27.483157 53.908327
27.483218 53.908367
27.487436 53.908687
27.490621 53.908917
27.490721 53.908997
27.492253 53.909121
27.49245 53.90904
27.493113 53.909093
27.496394 53.909331
27.496485 53.909313
27.496584 53.909299
27.496682 53.909267
27.496766 53.909244
27.496826 53.909208
27.496917 53.909163
27.496978 53.909122
27.497008 53.909095
27.49706 53.90905
27.497106 53.909009
27.49715 53.908939
27.497343 53.90754
27.497434 53.906903
27.497454 53.906656
27.496418 53.90662
27.49341 53.906504
27.490695 53.907138
27.489423 53.907054
27.485263 53.906772
27.483396 53.906658
BRUSH(1,0)
REGION 1
14
27.491668 53.902823
27.491449 53.90397
27.491145 53.905603
27.491002 53.906398
27.490936 53.90689
27.491126 53.906862
27.493256 53.906375
27.49359 53.906331
27.495556 53.906426
27.497346 53.906531
27.49743 53.906526
27.497475 53.906481
27.497908 53.903257
27.491668 53.902823
BRUSH(1,0)
REGION 1
11
27.483955 53.90236
27.483672 53.904497
27.483478 53.906491
27.483988 53.906512
27.484438 53.906537
27.487135 53.906699
27.487615 53.906724
27.49048 53.906919
27.490626 53.906084
27.491188 53.902793
27.483955 53.90236
BRUSH(1,0)
REGION 1
51
27.483741 53.900014
27.483955 53.902056
27.491199 53.902474
27.491358 53.901734
27.491383 53.901608
27.491745 53.900019
27.492273 53.897735
27.492569 53.896396
27.492607 53.89609
27.492602 53.896014
27.492556 53.895645
27.492524 53.895511
27.492506 53.89529
27.49249 53.895187
27.492455 53.894785
27.492446 53.894708
27.492443 53.89447
27.492404 53.894344
27.492391 53.893922
27.491744 53.893956
27.490162 53.893994
27.489979 53.893997
27.484132 53.894158
27.483859 53.894222
27.483098 53.894234
27.483068 53.894306
27.483147 53.895178
27.483233 53.896025
27.483309 53.895996
27.483385 53.895987
27.483507 53.895986
27.483613 53.895995
27.483652 53.896039
27.483668 53.896089
27.483677 53.896246
27.483648 53.896327
27.483641 53.896433
27.483647 53.896563
27.48367 53.896649
27.483679 53.896752
27.483657 53.896815
27.483604 53.896815
27.483528 53.896816
27.483414 53.896838
27.483414 53.89687
27.483433 53.897126
27.483434 53.897283
27.483443 53.897382
27.483632 53.8992
27.483656 53.899304
27.483741 53.900014
BRUSH(1,0)
REGION 1
14
27.482752 53.893656
27.48456 53.893657
27.48545 53.893654
27.486029 53.893647
27.486074 53.893584
27.486073 53.89353
27.486063 53.893314
27.485914 53.892919
27.48181 53.893115
27.481198 53.893158
27.480947 53.893177
27.481044 53.893672
27.481227 53.893669
27.482752 53.893656
BRUSH(1,0)
REGION 1
8
27.480869 53.892359
27.48093 53.893002
27.48169 53.892972
27.485836 53.892748
27.485546 53.892093
27.485485 53.892066
27.483146 53.892202
27.480869 53.892359
BRUSH(1,0)
REGION 1
11
27.485422 53.891898
27.485175 53.891638
27.484638 53.891267
27.482855 53.891367
27.481315 53.891463
27.48138 53.891827
27.481 53.891871
27.481072 53.892161
27.482985 53.89205
27.485384 53.891903
27.485422 53.891898
BRUSH(1,0)
REGION 1
17
27.482387 53.894336
27.482334 53.894296
27.480359 53.894356
27.480108 53.894359
27.480124 53.895022
27.480126 53.895197
27.480204 53.895417
27.481136 53.8954
27.481131 53.894968
27.480846 53.89497
27.480858 53.894646
27.481265 53.894631
27.481267 53.89481
27.482614 53.894805
27.482611 53.894546
27.482608 53.894331
27.482387 53.894336
BRUSH(1,0)
REGION 1
5
27.482616 53.895012
27.481285 53.895035
27.481302 53.895251
27.482649 53.895227
27.482616 53.895012
BRUSH(1,0)
REGION 1
16
27.481349 53.895323
27.481289 53.895386
27.481243 53.895431
27.481183 53.895476
27.481115 53.895504
27.481008 53.895513
27.480894 53.895513
27.480822 53.895523
27.480754 53.89559
27.48074 53.895626
27.48074 53.895662
27.48074 53.895703
27.480764 53.895784
27.482709 53.895753
27.482665 53.89529
27.481349 53.895323
BRUSH(1,0)
REGION 1
7
27.482719 53.895969
27.482733 53.895848
27.48086 53.895873
27.480864 53.896206
27.482455 53.896172
27.48274 53.896158
27.482719 53.895969
BRUSH(1,0)
REGION 1
20
27.48149 53.91488
27.481865 53.912721
27.482274 53.91061
27.482597 53.908979
27.476075 53.908531
27.476068 53.908576
27.47571 53.908569
27.475698 53.908809
27.475119 53.908789
27.475062 53.909189
27.474959 53.90946
27.474848 53.910712
27.474803 53.910798
27.474735 53.911475
27.47452 53.913315
27.474446 53.913486
27.474365 53.914428
27.474382 53.914554
27.477837 53.914722
27.48149 53.91488
BRUSH(1,0)
REGION 1
11
27.483199 53.909008
27.483062 53.908986
27.482567 53.911551
27.481993 53.914928
27.488496 53.915252
27.488795 53.913495
27.489528 53.909474
27.489413 53.909457
27.489074 53.909427
27.488602 53.909402
27.483199 53.909008
BRUSH(1,0)
REGION 1
19
27.493063 53.909696
27.491699 53.909605
27.490979 53.90954
27.489914 53.915345
27.496336 53.91561
27.496728 53.912706
27.497091 53.910311
27.49709 53.910275
27.497059 53.910225
27.497044 53.910185
27.497005 53.910145
27.496905 53.910091
27.496852 53.910069
27.496798 53.910047
27.496691 53.910016
27.495891 53.909965
27.49564 53.909941
27.495647 53.909901
27.493063 53.909696
BRUSH(1,0)
REGION 1
54
27.501481 53.910375
27.501131 53.910386
27.500635 53.910334
27.498003 53.910195
27.497639 53.910273
27.497597 53.910655
27.497575 53.910718
27.497433 53.911885
27.497142 53.914269
27.497013 53.915504
27.497051 53.916147
27.49706 53.916255
27.497068 53.91634
27.497078 53.916493
27.497117 53.916601
27.497133 53.916673
27.497204 53.916834
27.497243 53.916915
27.497321 53.917103
27.49743 53.917247
27.497554 53.917426
27.497639 53.917552
27.497748 53.917709
27.497925 53.917915
27.498033 53.918027
27.499932 53.919772
27.500032 53.919884
27.500109 53.919924
27.500154 53.919942
27.500208 53.919951
27.500269 53.919955
27.500315 53.919955
27.500406 53.919936
27.500474 53.919909
27.500557 53.91985
27.502306 53.918425
27.504188 53.916899
27.504979 53.916246
27.506073 53.915356
27.50657 53.914951
27.508172 53.913636
27.508262 53.913559
27.508292 53.913514
27.508307 53.91346
27.508339 53.912392
27.50843 53.911137
27.508451 53.910975
27.5085 53.910584
27.508035 53.91055
27.506775 53.910589
27.506661 53.910589
27.505533 53.9105
27.502447 53.910277
27.501481 53.910375
BRUSH(1,0)
REGION 1
19
27.512457 53.91772
27.512083 53.918009
27.510564 53.919257
27.511378 53.919755
27.511696 53.91992
27.513802 53.920311
27.513961 53.920198
27.51403 53.920233
27.514332 53.919998
27.51449 53.919888
27.514652 53.919752
27.514781 53.919688
27.515581 53.919078
27.515366 53.918975
27.514937 53.91873
27.51476 53.918654
27.514442 53.918487
27.513244 53.917966
27.512457 53.91772
BRUSH(1,0)
REGION 1
26
27.516556 53.912487
27.511994 53.913012
27.511205 53.915385
27.510774 53.915625
27.510686 53.915558
27.511026 53.915332
27.51172 53.913014
27.508686 53.913353
27.508689 53.913577
27.50869 53.913649
27.508653 53.913708
27.508608 53.913762
27.508524 53.91381
27.507575 53.914583
27.505588 53.91618
27.504683 53.916913
27.504623 53.916967
27.506318 53.917693
27.507337 53.918133
27.510097 53.919351
27.511258 53.91844
27.511786 53.918024
27.513576 53.916535
27.514896 53.915462
27.515461 53.914394
27.516556 53.912487
BRUSH(1,0)
REGION 1
69
27.489493 53.91808
27.490132 53.919258
27.490559 53.919993
27.491558 53.920057
27.49168 53.920065
27.491802 53.920092
27.491909 53.920132
27.492016 53.920176
27.492192 53.920243
27.492766 53.920465
27.493467 53.92077
27.494026 53.921056
27.494149 53.921161
27.494788 53.921687
27.495766 53.92264
27.497238 53.922166
27.497685 53.921973
27.498132 53.921769
27.498888 53.921285
27.499461 53.920822
27.499529 53.920772
27.499612 53.920704
27.499657 53.920659
27.499717 53.920603
27.499739 53.920544
27.499746 53.920486
27.499738 53.920427
27.499622 53.920315
27.49951 53.920208
27.499364 53.920053
27.499279 53.919982
27.499252 53.919928
27.499324 53.919905
27.4994 53.919869
27.499407 53.919828
27.49936 53.919748
27.499183 53.919593
27.498875 53.919338
27.498721 53.919197
27.498552 53.919027
27.49839 53.918893
27.498221 53.918729
27.498044 53.918577
27.49789 53.918448
27.497667 53.918266
27.497409 53.918011
27.497246 53.917819
27.497146 53.917689
27.497068 53.917563
27.496968 53.917442
27.496897 53.917303
27.496765 53.917092
27.49668 53.916922
27.496648 53.916855
27.496625 53.916792
27.496569 53.916612
27.496553 53.916513
27.496513 53.916342
27.496496 53.916262
27.496496 53.916208
27.49648 53.916136
27.496441 53.916087
27.496402 53.916037
27.496333 53.915997
27.496249 53.915975
27.496074 53.915944
27.489857 53.915655
27.489484 53.917972
27.489493 53.91808
BRUSH(1,0)
REGION 1
73
27.481586 53.91818
27.481565 53.918302
27.481561 53.918654
27.48155 53.919001
27.481551 53.919111
27.481556 53.919228
27.481588 53.919336
27.481612 53.91943
27.481652 53.919567
27.481707 53.91971
27.481754 53.9198
27.481816 53.919917
27.481878 53.920016
27.481955 53.920137
27.482183 53.920403
27.482299 53.92052
27.48253 53.920766
27.482997 53.921247
27.483648 53.92193
27.484203 53.922506
27.484577 53.922889
27.485236 53.923545
27.485541 53.923517
27.485731 53.923514
27.485747 53.923606
27.485915 53.923654
27.487102 53.923546
27.490233 53.923277
27.491496 53.923171
27.493504 53.922982
27.494684 53.922867
27.494798 53.922853
27.494935 53.922832
27.495113 53.922809
27.495254 53.922764
27.495348 53.922732
27.495428 53.922655
27.495396 53.922599
27.495296 53.922469
27.49511 53.922209
27.494948 53.922073
27.494621 53.921786
27.494352 53.921603
27.494115 53.921453
27.493962 53.9214
27.493589 53.921163
27.493352 53.921034
27.493191 53.920958
27.492969 53.920851
27.492731 53.92074
27.492237 53.920524
27.491557 53.920288
27.491442 53.920266
27.490764 53.920208
27.490341 53.920192
27.490263 53.920067
27.489738 53.919134
27.489157 53.917992
27.489388 53.916923
27.489 53.91692
27.488974 53.916704
27.488979 53.916452
27.489478 53.91616
27.489541 53.91567
27.487784 53.915578
27.486039 53.91548
27.485613 53.915473
27.485392 53.915424
27.483083 53.915332
27.482005 53.915274
27.481919 53.916027
27.481711 53.917177
27.481586 53.91818
BRUSH(1,0)
REGION 1
50
27.473786 53.918713
27.473792 53.918843
27.473794 53.91907
27.473796 53.919228
27.473853 53.919544
27.473956 53.919859
27.474062 53.920121
27.474132 53.920274
27.474249 53.920503
27.474382 53.920828
27.474521 53.920962
27.47563 53.922084
27.476 53.922463
27.476874 53.923244
27.477478 53.923792
27.47804 53.924289
27.482898 53.923887
27.483104 53.923873
27.483986 53.923804
27.484538 53.923734
27.484614 53.923707
27.484632 53.923669
27.484608 53.923574
27.484516 53.923507
27.48437 53.923359
27.483602 53.922547
27.483232 53.92215
27.482828 53.921763
27.482349 53.921216
27.482153 53.921058
27.481705 53.92056
27.481551 53.920397
27.481462 53.920276
27.481369 53.920155
27.481307 53.920029
27.481221 53.919872
27.481136 53.91974
27.481104 53.919601
27.481057 53.919461
27.481017 53.91932
27.481011 53.919167
27.48101 53.919059
27.481001 53.918911
27.48103 53.918774
27.481052 53.918099
27.481262 53.916543
27.481366 53.91529
27.474664 53.914917
27.47426 53.914882
27.473786 53.918713
BRUSH(1,0)
REGION 1
17
27.483415 53.924753
27.48523 53.924615
27.4879 53.924393
27.4879 53.924357
27.487892 53.924321
27.487891 53.924262
27.487884 53.92424
27.487883 53.924195
27.487821 53.924094
27.487775 53.924054
27.487705 53.923973
27.487659 53.923928
27.487598 53.923906
27.487529 53.923897
27.485623 53.924062
27.48331 53.924238
27.483415 53.924753
BRUSH(1,0)
REGION 1
7
27.479956 53.925358
27.481217 53.924991
27.483164 53.924803
27.483067 53.924284
27.480719 53.924469
27.479361 53.924938
27.479956 53.925358
BRUSH(1,0)
REGION 1
9
27.480042 53.926171
27.480535 53.925987
27.480967 53.925759
27.480735 53.925508
27.480485 53.925581
27.480284 53.925393
27.479427 53.925686
27.479636 53.925935
27.480042 53.926171
BRUSH(1,0)
REGION 1
7
27.483016 53.925445
27.483143 53.924961
27.481226 53.925139
27.480756 53.92531
27.481141 53.925699
27.481749 53.925584
27.483016 53.925445
BRUSH(1,0)
REGION 1
8
27.482863 53.926115
27.482979 53.925609
27.481838 53.925697
27.481454 53.925748
27.481484 53.92606
27.481728 53.926054
27.481806 53.926225
27.482863 53.926115
BRUSH(1,0)
REGION 1
5
27.48604 53.925868
27.485825 53.925348
27.483291 53.925558
27.483115 53.926105
27.48604 53.925868
BRUSH(1,0)
REGION 1
16
27.483455 53.924914
27.48332 53.925407
27.485329 53.925244
27.487045 53.925111
27.4871 53.925266
27.486232 53.925332
27.486307 53.925842
27.487152 53.925803
27.487288 53.925715
27.487278 53.925494
27.487749 53.925405
27.487794 53.925391
27.487794 53.925346
27.487794 53.925319
27.487682 53.924594
27.483455 53.924914
BRUSH(1,0)
REGION 1
47
27.480743 53.926515
27.481851 53.927093
27.482601 53.927463
27.483601 53.927969
27.484325 53.928294
27.484868 53.928517
27.485285 53.928636
27.486008 53.928557
27.487072 53.92842
27.487635 53.928348
27.488099 53.928306
27.489846 53.928152
27.492958 53.92789
27.495899 53.927621
27.496523 53.927571
27.496433 53.927394
27.495331 53.92694
27.495242 53.926583
27.495239 53.926313
27.493369 53.926279
27.492974 53.926096
27.491825 53.926166
27.491415 53.925619
27.491285 53.925543
27.491233 53.925368
27.491331 53.925291
27.490945 53.924555
27.491022 53.924281
27.491021 53.924175
27.491304 53.923958
27.491109 53.923597
27.490435 53.92364
27.488016 53.923828
27.488131 53.92454
27.487895 53.924572
27.487984 53.925327
27.487863 53.92544
27.48743 53.925813
27.487316 53.925832
27.486882 53.925871
27.486727 53.925944
27.485874 53.925972
27.485106 53.926041
27.483291 53.926185
27.48202 53.9263
27.48158 53.926401
27.480743 53.926515
BRUSH(1,0)
REGION 1
45
27.495242 53.926583
27.495331 53.92694
27.496433 53.927394
27.496523 53.927571
27.498505 53.927404
27.501454 53.927162
27.501963 53.927117
27.502268 53.927098
27.502488 53.927061
27.502762 53.927028
27.503013 53.927002
27.503249 53.926965
27.50353 53.926919
27.503849 53.926848
27.504107 53.926798
27.504282 53.926747
27.504418 53.926688
27.504509 53.926641
27.504607 53.926586
27.50466 53.926528
27.50475 53.926433
27.504848 53.926304
27.50515 53.925779
27.505253 53.925484
27.505238 53.925194
27.505104 53.924878
27.504393 53.924281
27.504233 53.924273
27.503728 53.924452
27.503285 53.924623
27.503171 53.924673
27.502997 53.924754
27.502595 53.924891
27.502451 53.924957
27.502042 53.925111
27.501867 53.92518
27.50145 53.925345
27.501299 53.925414
27.500241 53.92582
27.498754 53.926258
27.498404 53.926327
27.498226 53.926355
27.496093 53.926337
27.495239 53.926313
27.495242 53.926583
BRUSH(1,0)
REGION 1
6
27.491109 53.923597
27.491304 53.923958
27.491846 53.924073
27.492242 53.924046
27.492068 53.923514
27.491109 53.923597
BRUSH(1,0)
REGION 1
7
27.491644 53.924723
27.491569 53.924209
27.491166 53.924211
27.491185 53.924518
27.491108 53.924514
27.491119 53.924726
27.491644 53.924723
BRUSH(1,0)
REGION 1
5
27.491973 53.926093
27.492566 53.926014
27.491934 53.92505
27.491372 53.925208
27.491973 53.926093
BRUSH(1,0)
REGION 1
5
27.494112 53.925675
27.494046 53.926208
27.49528 53.92621
27.495369 53.925686
27.494112 53.925675
BRUSH(1,0)
REGION 1
10
27.496515 53.924433
27.494194 53.924614
27.494219 53.924803
27.494118 53.925567
27.495177 53.925588
27.495195 53.925131
27.495994 53.92513
27.496017 53.924779
27.496481 53.924775
27.496515 53.924433
BRUSH(1,0)
REGION 1
6
27.493547 53.924974
27.49344 53.925498
27.493981 53.925559
27.494097 53.924785
27.49358 53.924803
27.493547 53.924974
BRUSH(1,0)
REGION 1
5
27.496544 53.924307
27.496458 53.923811
27.493658 53.924038
27.493782 53.924517
27.496544 53.924307
BRUSH(1,0)
REGION 1
15
27.49473 53.923843
27.496415 53.923669
27.496336 53.923431
27.496302 53.923135
27.49551 53.923201
27.495115 53.923232
27.492204 53.923478
27.492284 53.923799
27.493 53.923753
27.493071 53.923976
27.493763 53.923925
27.4937 53.923701
27.494194 53.923652
27.494228 53.923892
27.49473 53.923843
BRUSH(1,0)
REGION 1
8
27.496807 53.924657
27.496704 53.926161
27.498467 53.926194
27.499435 53.925889
27.499123 53.925645
27.497596 53.924372
27.496835 53.924398
27.496807 53.924657
BRUSH(1,0)
REGION 1
6
27.499591 53.925864
27.500379 53.92557
27.499598 53.924933
27.498486 53.923984
27.49774 53.92434
27.499591 53.925864
BRUSH(1,0)
REGION 1
11
27.499243 53.923622
27.498872 53.923801
27.498782 53.923846
27.498653 53.923914
27.49883 53.924093
27.498984 53.924198
27.500523 53.925511
27.501281 53.925222
27.49975 53.9239
27.499372 53.923576
27.499243 53.923622
BRUSH(1,0)
REGION 1
9
27.499845 53.923329
27.499482 53.923504
27.499601 53.923575
27.500094 53.924009
27.501429 53.925152
27.502187 53.924863
27.501702 53.924456
27.500178 53.923157
27.499845 53.923329
BRUSH(1,0)
REGION 1
7
27.502362 53.924804
27.503097 53.92452
27.502377 53.923912
27.501053 53.922728
27.500315 53.923093
27.501311 53.923921
27.502362 53.924804
BRUSH(1,0)
REGION 1
5
27.50005 53.922305
27.498797 53.922908
27.49932 53.923363
27.500554 53.92275
27.50005 53.922305
BRUSH(1,0)
REGION 1
9
27.499169 53.923422
27.498683 53.922958
27.497108 53.923687
27.497461 53.923941
27.496792 53.924009
27.496818 53.924261
27.497427 53.924218
27.497708 53.924163
27.499169 53.923422
BRUSH(1,0)
REGION 1
14
27.49945 53.922485
27.499196 53.922257
27.498355 53.922618
27.497329 53.923065
27.497306 53.923097
27.497299 53.923119
27.497299 53.923151
27.4973 53.923187
27.4973 53.923238
27.497301 53.92327
27.497317 53.923337
27.497364 53.923445
27.498387 53.922993
27.49945 53.922485
BRUSH(1,0)
REGION 1
26
27.499318 53.922214
27.499572 53.922435
27.500102 53.922193
27.500132 53.922143
27.500139 53.92208
27.500184 53.922044
27.500252 53.92199
27.500274 53.921942
27.500273 53.921866
27.500242 53.921808
27.500211 53.921776
27.50018 53.92174
27.500134 53.921705
27.500096 53.921669
27.500042 53.921633
27.499935 53.921598
27.499905 53.921665
27.49986 53.921719
27.4998 53.921778
27.499748 53.921855
27.499672 53.921925
27.499597 53.921983
27.499544 53.922047
27.499491 53.922087
27.499423 53.922128
27.499318 53.922214
BRUSH(1,0)
REGION 1
28
27.496523 53.922911
27.496665 53.923617
27.496969 53.923555
27.49719 53.923513
27.497273 53.923513
27.497211 53.923419
27.497172 53.923311
27.497147 53.923181
27.497154 53.923129
27.497177 53.923084
27.497237 53.923043
27.497358 53.922975
27.498082 53.922651
27.498961 53.922285
27.499097 53.92221
27.499195 53.922142
27.499271 53.922097
27.499346 53.922043
27.499422 53.921989
27.49952 53.921894
27.499662 53.921738
27.499805 53.92154
27.499568 53.92146
27.49897 53.921806
27.498539 53.922046
27.498229 53.922203
27.49757 53.922514
27.496523 53.922911
BRUSH(1,0)
REGION 1
13
27.492862 53.92593
27.493942 53.925811
27.493981 53.925559
27.49344 53.925498
27.493547 53.924974
27.492155 53.925067
27.492232 53.925175
27.492294 53.92526
27.492356 53.92537
27.492503 53.92554
27.492565 53.925625
27.492654 53.925729
27.492862 53.92593
BRUSH(1,0)
REGION 1
22
27.49913 53.894543
27.499115 53.894575
27.499218 53.894586
27.49931 53.894596
27.49947 53.894596
27.499557 53.894573
27.499644 53.894521
27.499987 53.893631
27.499898 53.893549
27.499877 53.89336
27.499875 53.893162
27.499984 53.891867
27.499485 53.891491
27.499287 53.891492
27.499219 53.891492
27.499132 53.891535
27.499095 53.891598
27.499276 53.893374
27.499363 53.893373
27.499208 53.893749
27.499197 53.894064
27.49913 53.894543
BRUSH(1,0)
REGION 1
25
27.45813 53.917039
27.461645 53.916448
27.464526 53.916027
27.464309 53.91228
27.464193 53.912144
27.464016 53.912007
27.463938 53.910101
27.463934 53.90976
27.463985 53.909215
27.463981 53.90884
27.46415 53.908295
27.464318 53.908054
27.464433 53.907782
27.464715 53.907508
27.464832 53.907371
27.46327 53.907242
27.461425 53.907078
27.459805 53.906846
27.458361 53.906749
27.45744 53.906719
27.457578 53.908865
27.457655 53.91067
27.457811 53.914077
27.458007 53.916325
27.45813 53.917039
BRUSH(1,0)
REGION 1
20
27.424065 53.905186
27.423706 53.904678
27.421654 53.905301
27.421568 53.905517
27.421432 53.905623
27.421159 53.905757
27.423093 53.907462
27.423526 53.907865
27.424183 53.907706
27.424053 53.907571
27.423219 53.906673
27.423313 53.906634
27.423529 53.906897
27.423802 53.907188
27.424328 53.90773
27.424351 53.907797
27.424579 53.907771
27.425814 53.907544
27.425683 53.907408
27.424065 53.905186
BRUSH(1,0)
REGION 1
6
27.4555 53.901662
27.456402 53.901674
27.456399 53.901026
27.455433 53.901048
27.455338 53.901098
27.4555 53.901662
BRUSH(1,0)
REGION 1
43
27.437753 53.903364
27.437891 53.904705
27.438048 53.904806
27.438185 53.904817
27.440227 53.904706
27.440353 53.904678
27.441677 53.904657
27.445505 53.904737
27.445958 53.904738
27.446186 53.904725
27.447053 53.90467
27.447741 53.904643
27.44838 53.904607
27.449061 53.904573
27.451255 53.904449
27.454297 53.904287
27.45443 53.904262
27.454452 53.904181
27.454659 53.902407
27.454711 53.901501
27.454681 53.900826
27.454475 53.899216
27.454463 53.89911
27.454348 53.89903
27.45426 53.899008
27.454032 53.899013
27.45307 53.89908
27.451756 53.899319
27.450618 53.899599
27.449525 53.899914
27.448254 53.900258
27.447661 53.900366
27.447157 53.900478
27.446522 53.900544
27.445701 53.900621
27.444241 53.900746
27.44337 53.900808
27.442823 53.900866
27.440952 53.900943
27.439663 53.901015
27.438701 53.90103
27.437484 53.901086
27.437753 53.903364
BRUSH(1,0)
REGION 1
19
27.424199 53.904473
27.424025 53.904562
27.423984 53.904643
27.424112 53.904883
27.424605 53.905555
27.42484 53.905905
27.424925 53.906013
27.424974 53.906028
27.425244 53.905948
27.425927 53.905739
27.426158 53.905696
27.426192 53.905668
27.426165 53.905183
27.426084 53.904673
27.426047 53.904314
27.426038 53.904217
27.425952 53.903919
27.424525 53.904353
27.424199 53.904473
BRUSH(1,0)
REGION 1
12
27.420545 53.903082
27.420461 53.902968
27.419257 53.901961
27.418316 53.902286
27.4184 53.902328
27.41954 53.903385
27.421702 53.905179
27.422643 53.904875
27.422374 53.904584
27.422067 53.90436
27.421327 53.903742
27.420545 53.903082
BRUSH(1,0)
REGION 1
18
27.420531 53.905685
27.421381 53.905421
27.421441 53.905338
27.421421 53.905257
27.420025 53.904046
27.419104 53.903206
27.418077 53.902376
27.416981 53.902798
27.417365 53.90313
27.418404 53.904023
27.418596 53.904175
27.41982 53.905357
27.419555 53.90543
27.419777 53.90567
27.419152 53.905906
27.419295 53.90617
27.420611 53.905741
27.420531 53.905685
BRUSH(1,0)
REGION 1
13
27.436273 53.895784
27.436277 53.89578
27.433066 53.896145
27.432515 53.896212
27.429518 53.896286
27.429218 53.896307
27.42886 53.896282
27.428367 53.896493
27.427515 53.898071
27.436377 53.89987
27.436419 53.899899
27.43628 53.897337
27.436273 53.895784
BRUSH(1,0)
REGION 1
22
27.428188 53.907077
27.428243 53.906836
27.427982 53.904203
27.428 53.904082
27.427982 53.902936
27.427054 53.902955
27.426134 53.902999
27.426169 53.903095
27.426241 53.904354
27.426282 53.905021
27.426357 53.905801
27.427057 53.905753
27.427088 53.905823
27.426571 53.905903
27.426503 53.905892
27.426225 53.905868
27.426133 53.905828
27.424998 53.906129
27.425973 53.907485
27.427855 53.907317
27.428052 53.90723
27.428188 53.907077
BRUSH(1,0)
REGION 1
45
27.446327 53.916907
27.446411 53.916918
27.447125 53.917126
27.447926 53.917323
27.448796 53.917497
27.44907 53.917519
27.450353 53.917608
27.450719 53.917611
27.450901 53.91757
27.450995 53.917462
27.451025 53.917057
27.451107 53.916463
27.451408 53.914913
27.451637 53.913894
27.451896 53.913489
27.451966 53.913244
27.452537 53.912082
27.452804 53.911463
27.452947 53.911273
27.454085 53.909776
27.454751 53.908556
27.455204 53.907799
27.45545 53.907312
27.455551 53.90677
27.455468 53.906501
27.454825 53.906497
27.452037 53.906568
27.449025 53.906701
27.445655 53.906887
27.443027 53.907048
27.438855 53.907271
27.438173 53.907885
27.438414 53.909655
27.439125 53.915543
27.439132 53.915923
27.439171 53.916028
27.439248 53.916066
27.439659 53.916069
27.440157 53.916067
27.440663 53.916065
27.441436 53.916069
27.442853 53.916158
27.443722 53.916278
27.446136 53.916799
27.446327 53.916907
BRUSH(1,0)
REGION 1
11
27.418364 53.908405
27.418371 53.908408
27.417897 53.907654
27.41659 53.90787
27.416362 53.907966
27.415345 53.908268
27.415335 53.908376
27.415294 53.908486
27.415606 53.908941
27.415648 53.908941
27.418364 53.908405
BRUSH(1,0)
REGION 1
14
27.416687 53.90689
27.416463 53.906931
27.415863 53.907066
27.414956 53.90729
27.414968 53.907346
27.415059 53.907802
27.415114 53.90799
27.415303 53.908212
27.416278 53.907928
27.416563 53.907825
27.417854 53.907609
27.417483 53.906968
27.417238 53.906769
27.416687 53.90689
BRUSH(1,0)
REGION 1
56
27.454068 53.89265
27.454113 53.892569
27.453668 53.892575
27.452855 53.892664
27.45222 53.892729
27.451585 53.892752
27.45144 53.892334
27.447654 53.892967
27.446288 53.893292
27.445004 53.893528
27.443133 53.893929
27.443042 53.894005
27.443043 53.894088
27.443318 53.894582
27.443521 53.895539
27.443384 53.895503
27.443023 53.895518
27.442749 53.895555
27.442381 53.89564
27.442234 53.895746
27.44196 53.895778
27.441463 53.895904
27.440915 53.895895
27.439816 53.895939
27.439709 53.895879
27.439834 53.895802
27.439834 53.895777
27.439784 53.895751
27.43951 53.895763
27.439149 53.895744
27.438738 53.89575
27.438396 53.89543
27.438466 53.895225
27.43834 53.895134
27.437072 53.895428
27.437048 53.896069
27.437228 53.899422
27.437285 53.89977
27.437358 53.899817
27.440172 53.899784
27.440401 53.899821
27.440479 53.899958
27.440538 53.900591
27.444135 53.900418
27.444253 53.900435
27.445189 53.900371
27.446735 53.90019
27.44765 53.900002
27.450697 53.899188
27.452022 53.898861
27.454317 53.89858
27.454169 53.896682
27.453881 53.894161
27.453865 53.893646
27.45396 53.892947
27.454068 53.89265
BRUSH(1,0)
REGION 1
11
27.45547 53.900924
27.456398 53.900934
27.456375 53.898943
27.455271 53.898936
27.455203 53.898948
27.455116 53.899015
27.455094 53.899121
27.455222 53.900833
27.455314 53.9009
27.455424 53.900925
27.45547 53.900924
BRUSH(1,0)
REGION 1
9
27.456333 53.895181
27.456293 53.891542
27.456069 53.891577
27.455528 53.891799
27.455071 53.892122
27.454845 53.892411
27.454649 53.893005
27.454671 53.895203
27.456333 53.895181
BRUSH(1,0)
REGION 1
23
27.486799 53.942235
27.48766 53.941951
27.488187 53.941827
27.488297 53.942096
27.488347 53.942107
27.488529 53.942055
27.488625 53.942162
27.488857 53.94213
27.489225 53.942
27.489278 53.942
27.487825 53.939791
27.487752 53.939751
27.487569 53.939736
27.487296 53.939773
27.48711 53.939839
27.487054 53.939923
27.487182 53.940163
27.485326 53.940532
27.485777 53.941065
27.485739 53.941065
27.485939 53.941188
27.486433 53.941835
27.486799 53.942235
BRUSH(1,0)
REGION 1
15
27.489285 53.941658
27.489338 53.941627
27.491296 53.941117
27.491953 53.94036
27.492226 53.939992
27.493014 53.939632
27.492839 53.939369
27.492463 53.939432
27.492186 53.9395
27.490276 53.939846
27.489547 53.939948
27.489087 53.93997
27.488176 53.939846
27.488456 53.940359
27.489285 53.941658
BRUSH(1,0)
REGION 1
23
27.415033 53.952456
27.41529 53.952988
27.415313 53.953069
27.415511 53.953034
27.415907 53.952957
27.416086 53.952927
27.417 53.952784
27.417826 53.952662
27.418735 53.952434
27.419195 53.952291
27.420012 53.952068
27.420473 53.952023
27.420473 53.951994
27.42006 53.951892
27.419097 53.951666
27.418456 53.951581
27.418269 53.951593
27.417908 53.951689
27.417494 53.95187
27.416946 53.952011
27.415943 53.9523
27.415124 53.952418
27.415033 53.952456
BRUSH(1,0)
REGION 1
12
27.417893 53.953687
27.418755 53.95452
27.419151 53.954842
27.419288 53.954812
27.419516 53.95473
27.419572 53.954649
27.419422 53.954461
27.418529 53.953572
27.418437 53.953548
27.418163 53.953609
27.417904 53.953687
27.417893 53.953687
BRUSH(1,0)
REGION 1
12
27.420655 53.954275
27.418873 53.952539
27.417443 53.952897
27.417877 53.953619
27.418147 53.953542
27.41847 53.953471
27.418558 53.95348
27.418774 53.953666
27.419725 53.95462
27.419729 53.95464
27.419755 53.954651
27.420655 53.954275
BRUSH(1,0)
REGION 1
10
27.421831 53.949813
27.421827 53.949822
27.420049 53.950373
27.421763 53.951794
27.421882 53.95187
27.42202 53.951894
27.422115 53.951867
27.422136 53.951756
27.422164 53.95028
27.421831 53.949813
BRUSH(1,0)
REGION 1
8
27.418396 53.950925
27.418407 53.950932
27.418835 53.951355
27.418867 53.951555
27.420667 53.951991
27.421471 53.9519
27.419779 53.950473
27.418396 53.950925
BRUSH(1,0)
REGION 1
15
27.414662 53.952001
27.414674 53.952001
27.41499 53.952398
27.41563 53.952304
27.416364 53.952101
27.417368 53.951855
27.41796 53.951601
27.418234 53.951552
27.418737 53.951548
27.418751 53.951418
27.41827 53.950963
27.417362 53.951266
27.416647 53.951468
27.415747 53.95177
27.414662 53.952001
BRUSH(1,0)
REGION 1
6
27.427266 53.950429
27.42727 53.950434
27.426809 53.950809
27.427643 53.951143
27.427985 53.950991
27.427266 53.950429
BRUSH(1,0)
REGION 1
20
27.424022 53.945472
27.424033 53.945465
27.424801 53.945276
27.4259 53.944959
27.42622 53.94499
27.426399 53.944998
27.426536 53.944941
27.427049 53.944411
27.426087 53.944253
27.424154 53.943842
27.422145 53.943375
27.422053 53.943384
27.422023 53.943438
27.422458 53.945046
27.422555 53.945133
27.422846 53.945636
27.423228 53.945747
27.423775 53.945601
27.423756 53.945552
27.424022 53.945472
BRUSH(1,0)
REGION 1
9
27.421076 53.945193
27.421072 53.945177
27.422437 53.945188
27.422364 53.945114
27.422257 53.945092
27.422195 53.944957
27.420948 53.944921
27.42098 53.945135
27.421076 53.945193
BRUSH(1,0)
REGION 1
7
27.422186 53.944883
27.422194 53.944883
27.421817 53.943401
27.420738 53.943373
27.42062 53.943381
27.420955 53.944872
27.422186 53.944883
BRUSH(1,0)
REGION 1
6
27.420184 53.941696
27.42018 53.941701
27.420581 53.943257
27.421788 53.943208
27.421407 53.941616
27.420184 53.941696
BRUSH(1,0)
REGION 1
12
27.418537 53.941635
27.418544 53.941635
27.418165 53.940236
27.417567 53.939872
27.416307 53.939629
27.416761 53.940156
27.417229 53.941941
27.417439 53.942826
27.417155 53.943024
27.417448 53.944446
27.419353 53.944749
27.418537 53.941635
BRUSH(1,0)
REGION 1
7
27.420153 53.941604
27.420153 53.941609
27.421356 53.941519
27.420888 53.940422
27.419842 53.940252
27.419873 53.94067
27.420153 53.941604
BRUSH(1,0)
REGION 1
10
27.417273 53.942606
27.417158 53.94215
27.417164 53.941995
27.416822 53.94201
27.413976 53.942173
27.414217 53.943051
27.416396 53.942931
27.416491 53.942939
27.416443 53.94267
27.417273 53.942606
BRUSH(1,0)
REGION 1
6
27.415609 53.941998
27.41564 53.941998
27.41711 53.941912
27.416726 53.940457
27.415271 53.940575
27.415609 53.941998
BRUSH(1,0)
REGION 1
8
27.413975 53.942101
27.413979 53.942096
27.415472 53.942015
27.415149 53.940559
27.414159 53.940635
27.414071 53.940631
27.413664 53.940682
27.413975 53.942101
BRUSH(1,0)
REGION 1
19
27.425538 53.942356
27.425546 53.942356
27.425522 53.942291
27.425384 53.942183
27.425109 53.942076
27.424791 53.942001
27.422017 53.941272
27.42165 53.941194
27.421555 53.941215
27.421552 53.941242
27.421855 53.942655
27.421998 53.943171
27.42497 53.943852
27.427017 53.944243
27.426685 53.943806
27.426191 53.943187
27.425922 53.942999
27.425668 53.942704
27.425538 53.942356
BRUSH(1,0)
REGION 1
9
27.42659 53.943051
27.426593 53.943058
27.429785 53.94394
27.42982 53.943965
27.430307 53.94312
27.427858 53.942567
27.427721 53.942577
27.427223 53.942747
27.42659 53.943051
BRUSH(1,0)
REGION 1
8
27.423176 53.938656
27.42263 53.938148
27.422599 53.938107
27.420931 53.938644
27.421127 53.938735
27.420962 53.938655
27.421613 53.938967
27.423176 53.938656
BRUSH(1,0)
REGION 1
6
27.410834 53.94082
27.410845 53.940826
27.411084 53.94226
27.413883 53.942076
27.413557 53.940648
27.410834 53.94082
BRUSH(1,0)
REGION 1
7
27.41105 53.942327
27.41105 53.942332
27.411373 53.94305
27.411385 53.943113
27.414071 53.942959
27.413884 53.942153
27.41105 53.942327
BRUSH(1,0)
REGION 1
11
27.412582 53.943129
27.411417 53.943209
27.411902 53.944511
27.41203 53.944726
27.412233 53.944881
27.413831 53.945261
27.414147 53.945283
27.414513 53.945223
27.415132 53.944623
27.412918 53.943883
27.412582 53.943129
BRUSH(1,0)
REGION 1
18
27.411863 53.952654
27.412254 53.952878
27.41296 53.953412
27.413098 53.953443
27.413285 53.953422
27.41429 53.95325
27.41488 53.95316
27.415203 53.953085
27.414842 53.95243
27.414552 53.95202
27.414537 53.952027
27.413993 53.95213
27.413277 53.952236
27.411887 53.952409
27.411902 53.952409
27.411808 53.952492
27.411874 53.952654
27.411863 53.952654
BRUSH(1,0)
REGION 1
35
27.420811 53.95422
27.421355 53.954049
27.421711 53.953859
27.421783 53.953778
27.421804 53.953616
27.421785 53.953567
27.421655 53.95354
27.42131 53.952975
27.421194 53.952814
27.420971 53.952657
27.420883 53.952671
27.420515 53.952821
27.420195 53.952862
27.419966 53.952848
27.419878 53.952812
27.419732 53.95268
27.419754 53.952626
27.420005 53.952474
27.420233 53.952393
27.420648 53.952353
27.420965 53.952403
27.421114 53.952506
27.421169 53.952614
27.421264 53.952614
27.421538 53.95255
27.422131 53.952361
27.422131 53.952354
27.42215 53.952021
27.422147 53.952028
27.422028 53.952011
27.421373 53.952038
27.420051 53.952175
27.418972 53.952485
27.420784 53.954213
27.420811 53.95422
BRUSH(1,0)
REGION 1
12
27.423934 53.949633
27.423838 53.949552
27.423764 53.949447
27.423755 53.949256
27.422728 53.949547
27.421949 53.949806
27.422193 53.950131
27.422258 53.950167
27.422531 53.950094
27.422901 53.950059
27.423711 53.950193
27.423934 53.949633
BRUSH(1,0)
REGION 1
14
27.435323 53.950932
27.435692 53.950913
27.437013 53.950674
27.437565 53.950569
27.437838 53.950496
27.43785 53.95048
27.43788 53.950469
27.436011 53.94888
27.433597 53.946904
27.432467 53.94718
27.431825 53.947756
27.433782 53.949414
27.435323 53.950937
27.435323 53.950932
BRUSH(1,0)
REGION 1
19
27.429787 53.941825
27.429056 53.941994
27.428551 53.942147
27.428332 53.942309
27.428257 53.942469
27.428246 53.942559
27.430351 53.943028
27.430713 53.942624
27.430717 53.942618
27.431394 53.941768
27.431024 53.941681
27.430936 53.941686
27.430811 53.941754
27.430679 53.941914
27.430562 53.941984
27.430383 53.941965
27.429966 53.94189
27.429829 53.941845
27.429787 53.941825
BRUSH(1,0)
REGION 1
11
27.42641 53.946425
27.426414 53.946403
27.426341 53.946344
27.425885 53.945422
27.425639 53.945201
27.42418 53.945622
27.425358 53.946777
27.425365 53.946791
27.425839 53.947295
27.426926 53.946938
27.42641 53.946425
BRUSH(1,0)
REGION 1
16
27.426383 53.941465
27.426402 53.941474
27.427043 53.940761
27.426761 53.940027
27.422617 53.94064
27.422605 53.940636
27.421121 53.940452
27.42137 53.941013
27.422157 53.941188
27.42312 53.941441
27.423854 53.941616
27.42495 53.941888
27.425459 53.942055
27.425716 53.942218
27.425852 53.942134
27.426383 53.941465
BRUSH(1,0)
REGION 1
35
27.427327 53.942486
27.427331 53.9425
27.427366 53.942511
27.427526 53.942501
27.427746 53.942464
27.428016 53.942338
27.428152 53.942229
27.427884 53.942113
27.427066 53.94188
27.427435 53.94142
27.428313 53.941554
27.42833 53.94141
27.42831 53.941303
27.427863 53.940819
27.42784 53.940765
27.428106 53.940359
27.428211 53.940114
27.42819 53.940006
27.428044 53.939818
27.426986 53.939975
27.427255 53.940648
27.427087 53.940956
27.426081 53.942176
27.425867 53.942503
27.425899 53.942611
27.425995 53.942691
27.426358 53.942737
27.426354 53.942753
27.426407 53.942757
27.426632 53.94272
27.426864 53.942638
27.426988 53.94253
27.427102 53.942458
27.427243 53.942451
27.427327 53.942486
BRUSH(1,0)
REGION 1
28
27.452425 53.977074
27.452387 53.977065
27.452246 53.977025
27.452077 53.976891
27.451451 53.976549
27.450942 53.97639
27.450781 53.976298
27.450671 53.976053
27.450602 53.976004
27.450469 53.97605
27.450008 53.976096
27.449688 53.976149
27.449414 53.97622
27.449187 53.976381
27.449116 53.976489
27.449101 53.976493
27.448949 53.976602
27.449 53.976725
27.449686 53.978473
27.450734 53.978717
27.451129 53.978511
27.451236 53.97856
27.451282 53.978546
27.451593 53.978403
27.451779 53.978319
27.451992 53.977912
27.452341 53.977346
27.452425 53.977074
BRUSH(1,0)
REGION 1
19
27.438123 53.95042
27.439074 53.950529
27.439471 53.950591
27.439685 53.950653
27.440129 53.950817
27.440428 53.950944
27.440654 53.95109
27.440854 53.951199
27.440873 53.951199
27.442119 53.950812
27.442142 53.950812
27.438836 53.947752
27.438016 53.947056
27.437971 53.947063
27.43755 53.947321
27.436094 53.948091
27.436094 53.948106
27.435647 53.948357
27.438123 53.95042
BRUSH(1,0)
REGION 1
20
27.437351 53.94645
27.436616 53.945834
27.436436 53.945738
27.436421 53.945725
27.436401 53.945714
27.436031 53.945661
27.435894 53.945668
27.43443 53.946395
27.434407 53.946373
27.433732 53.946688
27.435581 53.94823
27.435623 53.948254
27.435741 53.948188
27.435953 53.948078
27.436199 53.947933
27.436749 53.947641
27.437864 53.947041
27.437943 53.94696
27.437678 53.946736
27.437351 53.94645
BRUSH(1,0)
REGION 1
25
27.428856 53.946313
27.429745 53.946013
27.429637 53.945914
27.429637 53.94591
27.429552 53.94578
27.429313 53.945547
27.429252 53.945527
27.427561 53.944895
27.427391 53.944704
27.427198 53.944465
27.427157 53.944465
27.426666 53.944979
27.426545 53.945051
27.426408 53.945068
27.425996 53.94504
27.425901 53.94506
27.425829 53.94511
27.425806 53.945162
27.425873 53.945297
27.426228 53.945754
27.426301 53.945807
27.426386 53.945942
27.426443 53.94634
27.427051 53.946904
27.428856 53.946313
BRUSH(1,0)
REGION 1
9
27.430184 53.945665
27.433155 53.943993
27.431885 53.944272
27.42955 53.945566
27.42987 53.945868
27.430059 53.945762
27.430055 53.945767
27.43018 53.945667
27.430184 53.945665
BRUSH(1,0)
REGION 1
18
27.426677 53.943435
27.426681 53.943437
27.427438 53.944394
27.427423 53.94439
27.427731 53.944784
27.428558 53.945118
27.428742 53.945165
27.428761 53.945158
27.429017 53.94526
27.429013 53.945263
27.429388 53.945421
27.430738 53.944685
27.431182 53.944457
27.431177 53.944403
27.431104 53.944322
27.430646 53.944236
27.42638 53.943094
27.426677 53.943435
BRUSH(1,0)
REGION 1
12
27.420094 53.944886
27.42009 53.944888
27.420639 53.944963
27.420639 53.944952
27.419911 53.941839
27.419846 53.941862
27.419572 53.941896
27.419504 53.941935
27.419574 53.942501
27.419709 53.942959
27.419915 53.94377
27.420094 53.944886
BRUSH(1,0)
REGION 1
14
27.421482 53.936183
27.421475 53.936183
27.41979 53.936189
27.419756 53.936189
27.419788 53.936292
27.419966 53.936591
27.420131 53.936725
27.420686 53.936957
27.420782 53.937017
27.420978 53.937592
27.42163 53.938342
27.422557 53.938047
27.422325 53.937701
27.421482 53.936183
BRUSH(1,0)
REGION 1
32
27.457837 53.930414
27.457786 53.930585
27.460388 53.931006
27.46213 53.930399
27.46253 53.930764
27.462141 53.931433
27.462594 53.931432
27.463214 53.931297
27.465296 53.930888
27.465468 53.930921
27.466879 53.930781
27.47404 53.930152
27.475 53.930117
27.478949 53.929766
27.480136 53.929662
27.480077 53.929496
27.479732 53.928996
27.478928 53.927934
27.477612 53.92644
27.476184 53.924847
27.474298 53.923088
27.47236 53.921495
27.470654 53.920169
27.469855 53.91954
27.464119 53.921429
27.46243 53.921934
27.459168 53.92308
27.453922 53.924746
27.453213 53.925002
27.454846 53.926985
27.45629 53.928649
27.457837 53.930414
BRUSH(1,0)
REGION 1
33
27.457313 53.912802
27.45704 53.906763
27.456788 53.906658
27.456458 53.90653
27.455982 53.906517
27.456018 53.907015
27.455877 53.907427
27.455763 53.907772
27.455478 53.908269
27.454992 53.909078
27.454491 53.91002
27.453043 53.912143
27.452442 53.913316
27.453306 53.913315
27.453337 53.913793
27.453305 53.915466
27.452856 53.915481
27.452812 53.916106
27.451766 53.91613
27.451751 53.916198
27.451672 53.917061
27.451673 53.917495
27.451758 53.917602
27.451849 53.917634
27.452124 53.917657
27.452671 53.917648
27.452991 53.917647
27.453448 53.917639
27.454266 53.917575
27.455406 53.917476
27.456273 53.917409
27.457724 53.9172
27.457313 53.912802
BRUSH(1,0)
REGION 1
15
27.456375 53.898943
27.456398 53.900934
27.456399 53.901026
27.456402 53.901674
27.4555 53.901662
27.456191 53.904151
27.457761 53.904121
27.461083 53.904025
27.464658 53.903826
27.464931 53.902654
27.465031 53.902114
27.46495 53.899662
27.462227 53.899162
27.459925 53.898863
27.456375 53.898943
BRUSH(1,0)
REGION 1
11
27.456987 53.898549
27.457432 53.896092
27.456829 53.895289
27.454928 53.895335
27.454704 53.895401
27.454818 53.896234
27.455025 53.898211
27.455076 53.898427
27.455222 53.898527
27.455363 53.898565
27.456987 53.898549
BRUSH(1,0)
REGION 1
34
27.456007 53.865337
27.457336 53.866341
27.459088 53.867723
27.461406 53.869591
27.461559 53.869692
27.461651 53.869698
27.461829 53.869653
27.462461 53.869299
27.463149 53.868847
27.465067 53.867811
27.466571 53.867153
27.467693 53.866776
27.468618 53.866417
27.467929 53.86637
27.467955 53.866257
27.469027 53.866244
27.470221 53.865792
27.466832 53.862618
27.465438 53.861652
27.464188 53.860906
27.464168 53.860872
27.462842 53.861336
27.461595 53.861807
27.460641 53.862245
27.459694 53.862646
27.458774 53.863116
27.457957 53.863587
27.457503 53.86382
27.457212 53.864003
27.455998 53.864788
27.455679 53.864997
27.455657 53.865114
27.455673 53.865141
27.456007 53.865337
BRUSH(1,0)
REGION 1
45
27.457511 53.863078
27.458377 53.862571
27.459566 53.861984
27.46077 53.861442
27.46207 53.860942
27.462524 53.860755
27.463112 53.860533
27.463707 53.860332
27.46398 53.860273
27.464052 53.860223
27.464044 53.860167
27.463657 53.859851
27.461816 53.859011
27.461445 53.858808
27.461388 53.858802
27.458725 53.857864
27.457901 53.85757
27.45776 53.85756
27.457581 53.857583
27.457222 53.857755
27.455928 53.858475
27.455386 53.858743
27.454168 53.859344
27.453496 53.859699
27.453223 53.859812
27.452361 53.860198
27.452206 53.860297
27.451401 53.860709
27.451039 53.860976
27.450535 53.861437
27.450268 53.86195
27.450232 53.862087
27.450165 53.862195
27.450061 53.862681
27.450027 53.862747
27.449934 53.863237
27.449943 53.863318
27.450047 53.863396
27.450642 53.863524
27.451057 53.863577
27.451785 53.863693
27.452563 53.863845
27.453622 53.86421
27.454716 53.864671
27.457511 53.863078
BRUSH(1,0)
REGION 1
43
27.455908 53.855878
27.456117 53.855898
27.456196 53.855864
27.456207 53.855808
27.456287 53.855765
27.45656 53.855737
27.457518 53.855746
27.457583 53.85578
27.457638 53.855887
27.457729 53.855923
27.458736 53.855874
27.459189 53.855861
27.459786 53.855879
27.460196 53.855857
27.460379 53.855825
27.46042 53.8558
27.460447 53.855782
27.460505 53.855543
27.458435 53.855394
27.457675 53.855384
27.456105 53.85546
27.455903 53.855473
27.453975 53.855505
27.453982 53.855773
27.454172 53.855776
27.454175 53.855997
27.454422 53.856
27.454445 53.855975
27.454432 53.855868
27.454527 53.85584
27.45466 53.855867
27.454718 53.855947
27.454806 53.855965
27.454851 53.855942
27.454846 53.855778
27.454882 53.855697
27.454928 53.855702
27.455157 53.855757
27.45529 53.855768
27.455325 53.855795
27.455394 53.855873
27.455573 53.855868
27.455908 53.855878
BRUSH(1,0)
REGION 1
23
27.451756 53.855032
27.45173 53.855061
27.451616 53.855204
27.451466 53.855364
27.451101 53.85568
27.45109 53.855689
27.451174 53.85572
27.451816 53.85592
27.451866 53.855961
27.45208 53.855746
27.452445 53.85572
27.452539 53.855688
27.452637 53.85558
27.452682 53.855569
27.452823 53.855602
27.452911 53.855622
27.453003 53.855696
27.453172 53.855785
27.453306 53.855827
27.453551 53.855383
27.452538 53.855209
27.451813 53.855032
27.451756 53.855032
BRUSH(1,0)
REGION 1
75
27.447312 53.854912
27.44809 53.854412
27.448059 53.854271
27.447982 53.854188
27.447618 53.853956
27.447236 53.853735
27.447033 53.853574
27.446818 53.853449
27.446386 53.853163
27.44603 53.852967
27.445563 53.852661
27.444652 53.85209
27.444093 53.851719
27.443367 53.851288
27.441832 53.850283
27.441599 53.850203
27.441588 53.850221
27.441114 53.850436
27.440706 53.850642
27.440391 53.850785
27.439676 53.851223
27.438271 53.852218
27.437732 53.852732
27.437676 53.853301
27.437288 53.85328
27.4372 53.853296
27.437151 53.853352
27.437113 53.853685
27.436494 53.853801
27.43649 53.853804
27.436373 53.853872
27.436048 53.854111
27.435613 53.854402
27.434693 53.855274
27.434268 53.855774
27.433939 53.856286
27.433982 53.856396
27.434755 53.856786
27.435127 53.857014
27.435705 53.85732
27.436 53.857494
27.436537 53.857839
27.436821 53.858047
27.437282 53.858422
27.438327 53.85923
27.438785 53.859633
27.439115 53.85987
27.439472 53.860136
27.439821 53.860377
27.440254 53.860632
27.440653 53.860923
27.441013 53.861099
27.441705 53.861357
27.442202 53.861591
27.442979 53.861955
27.443896 53.862232
27.444491 53.86241
27.444625 53.862418
27.44472 53.862393
27.444896 53.862204
27.445092 53.861769
27.445291 53.861283
27.445323 53.861043
27.445401 53.860584
27.445297 53.859289
27.445291 53.858856
27.445276 53.858559
27.445273 53.857966
27.445223 53.857618
27.445231 53.857399
27.445423 53.856916
27.445458 53.856673
27.445677 53.856292
27.446357 53.855615
27.447312 53.854912
BRUSH(1,0)
REGION 1
43
27.459059 53.853238
27.461098 53.853119
27.461051 53.85265
27.460505 53.852706
27.459911 53.852643
27.459862 53.852643
27.459817 53.852694
27.459819 53.852883
27.459815 53.85291
27.459675 53.85292
27.459587 53.852911
27.459415 53.852815
27.459237 53.852807
27.459005 53.852823
27.458866 53.852922
27.45879 53.85297
27.458517 53.85304
27.458335 53.853001
27.45828 53.852893
27.458189 53.852855
27.457824 53.852868
27.457684 53.852913
27.457578 53.85299
27.457492 53.853071
27.457036 53.853124
27.456353 53.853154
27.456033 53.853128
27.455873 53.853052
27.45573 53.852897
27.455502 53.852916
27.45549 53.852941
27.455508 53.853185
27.455459 53.853239
27.455044 53.85325
27.454638 53.853305
27.454409 53.853275
27.454317 53.85314
27.454222 53.853125
27.454043 53.85315
27.453971 53.853191
27.45399 53.853591
27.455735 53.853485
27.459059 53.853238
BRUSH(1,0)
REGION 1
47
27.455844 53.850988
27.458614 53.850307
27.458171 53.849401
27.457734 53.848623
27.457376 53.847782
27.456382 53.845369
27.455786 53.84543
27.4556 53.845441
27.455099 53.845515
27.454187 53.845653
27.453189 53.84588
27.452734 53.845973
27.45032 53.846557
27.449319 53.846862
27.448769 53.847035
27.448091 53.84726
27.447499 53.847462
27.446362 53.847893
27.445771 53.848162
27.445404 53.848296
27.444586 53.848649
27.44418 53.848785
27.44368 53.849019
27.443627 53.849073
27.44362 53.849124
27.443732 53.849286
27.44413 53.849549
27.444678 53.849949
27.444957 53.850164
27.445424 53.850438
27.445676 53.850583
27.446043 53.850701
27.446413 53.850785
27.44751 53.850976
27.448009 53.851107
27.448548 53.851388
27.449049 53.851615
27.449405 53.851805
27.449695 53.851979
27.450281 53.852406
27.450969 53.85269
27.451102 53.852724
27.451243 53.852703
27.451921 53.852384
27.453425 53.851783
27.454467 53.851406
27.455844 53.850988
BRUSH(1,0)
REGION 1
20
27.455899 53.827191
27.45599 53.827199
27.456062 53.827159
27.456122 53.827022
27.456198 53.826671
27.456102 53.826211
27.456085 53.825375
27.456093 53.823572
27.456162 53.823219
27.456168 53.82306
27.456095 53.823017
27.45556 53.823002
27.45507 53.822974
27.454264 53.822971
27.454233 53.823308
27.454226 53.824159
27.45416 53.826036
27.454413 53.826217
27.455132 53.826664
27.455899 53.827191
BRUSH(1,0)
REGION 1
19
27.457374 53.82078
27.456951 53.820634
27.456485 53.820424
27.456161 53.820234
27.454944 53.821735
27.454594 53.822156
27.454283 53.822546
27.454794 53.822728
27.45556 53.822923
27.455976 53.822917
27.456109 53.82293
27.456158 53.822916
27.456175 53.822698
27.456292 53.822296
27.456396 53.822024
27.456512 53.821835
27.456665 53.821618
27.457002 53.821188
27.457374 53.82078
BRUSH(1,0)
REGION 1
31
27.456788 53.817371
27.456661 53.817264
27.456294 53.817027
27.455974 53.816922
27.455883 53.816914
27.45574 53.817049
27.455132 53.817645
27.454726 53.818102
27.454301 53.8186
27.453737 53.819193
27.453376 53.819612
27.452906 53.820164
27.454529 53.820903
27.455132 53.821159
27.456511 53.819557
27.456616 53.819424
27.45671 53.819339
27.456792 53.819242
27.456863 53.819156
27.45698 53.819044
27.457062 53.818911
27.457167 53.818825
27.457261 53.818706
27.457426 53.818523
27.457542 53.818404
27.457708 53.818219
27.45779 53.8181
27.457717 53.817994
27.457475 53.81778
27.457227 53.817596
27.456788 53.817371
BRUSH(1,0)
REGION 1
40
27.522021 53.917154
27.521305 53.917667
27.521048 53.917843
27.522031 53.918326
27.523072 53.918809
27.523877 53.919174
27.523672 53.91933
27.52083 53.918019
27.519223 53.919124
27.51884 53.919256
27.518695 53.919257
27.51843 53.919352
27.517486 53.920074
27.51668 53.920806
27.517502 53.921358
27.518284 53.921651
27.51908 53.922022
27.52108 53.922926
27.523174 53.923885
27.523117 53.923928
27.523646 53.92415
27.525005 53.924789
27.525277 53.924668
27.525633 53.924489
27.525985 53.924322
27.526329 53.924129
27.52679 53.923882
27.527238 53.923627
27.527613 53.923414
27.528242 53.922964
27.530824 53.920999
27.531744 53.920314
27.530476 53.919697
27.528099 53.918567
27.527464 53.918275
27.5273 53.918209
27.525565 53.917374
27.524977 53.917121
27.523251 53.916331
27.522021 53.917154
BRUSH(1,0)
REGION 1
18
27.517801 53.912161
27.518029 53.912133
27.518276 53.912103
27.517849 53.910809
27.517352 53.909127
27.517195 53.908442
27.51713 53.90811
27.516898 53.90814
27.514803 53.908376
27.514108 53.908464
27.512688 53.908824
27.510128 53.909846
27.509438 53.910144
27.509442 53.91044
27.50884 53.910429
27.508745 53.913168
27.513597 53.912655
27.517801 53.912161
BRUSH(1,0)
REGION 1
17
27.517335 53.9077
27.518425 53.907603
27.518066 53.906569
27.517525 53.904898
27.518022 53.904254
27.518363 53.903796
27.517466 53.903549
27.51728 53.903494
27.516399 53.903288
27.515314 53.905098
27.515023 53.905592
27.51467 53.90625
27.514271 53.907212
27.513897 53.908058
27.515969 53.907849
27.516144 53.907826
27.517335 53.9077
BRUSH(1,0)
REGION 1
20
27.517282 53.903314
27.518433 53.903594
27.518686 53.903177
27.518758 53.903094
27.519443 53.902017
27.519544 53.901882
27.519603 53.901763
27.519652 53.901664
27.519682 53.90161
27.519693 53.901527
27.519631 53.901437
27.519569 53.901386
27.51947 53.901314
27.518556 53.901008
27.518324 53.901283
27.518091 53.90123
27.517541 53.901114
27.517261 53.901587
27.51645 53.90309
27.517282 53.903314
BRUSH(1,0)
REGION 1
11
27.517449 53.900609
27.517247 53.900567
27.516935 53.900492
27.516618 53.900408
27.51638 53.900825
27.51704 53.900997
27.517252 53.901074
27.517425 53.900853
27.517495 53.900732
27.517495 53.900649
27.517449 53.900609
BRUSH(1,0)
REGION 1
48
27.518046 53.900642
27.518311 53.900232
27.518573 53.900274
27.51888 53.899792
27.519097 53.899469
27.519428 53.898936
27.520814 53.896895
27.52018 53.896776
27.517197 53.89621
27.516303 53.896048
27.514237 53.895693
27.514062 53.895648
27.511239 53.895144
27.508928 53.894733
27.508852 53.89472
27.50876 53.894684
27.508699 53.89464
27.508629 53.894555
27.508606 53.894505
27.50859 53.894469
27.508589 53.894413
27.508662 53.89413
27.509111 53.892282
27.507288 53.891966
27.507135 53.891935
27.503577 53.89131
27.505024 53.893864
27.505273 53.894322
27.50585 53.895389
27.506012 53.895602
27.506293 53.896118
27.506799 53.897042
27.50686 53.8971
27.50693 53.897181
27.506984 53.89723
27.507083 53.897302
27.507229 53.897395
27.507359 53.897453
27.508025 53.897711
27.50973 53.898363
27.512063 53.899261
27.512834 53.89941
27.514306 53.899701
27.516153 53.90007
27.516374 53.900114
27.516336 53.900191
27.517162 53.900381
27.518046 53.900642
BRUSH(1,0)
REGION 1
26
27.519077 53.896383
27.520929 53.896721
27.521039 53.896593
27.521293 53.896315
27.521372 53.896218
27.52163 53.895932
27.521777 53.895783
27.521969 53.895589
27.522073 53.895461
27.5226 53.894908
27.522496 53.894873
27.522566 53.894764
27.522327 53.894721
27.522217 53.894694
27.521099 53.894479
27.52089 53.89441
27.518256 53.89395
27.516486 53.893588
27.515518 53.893412
27.515404 53.893399
27.515293 53.893662
27.515078 53.894153
27.514832 53.894645
27.514492 53.895336
27.514388 53.895535
27.519077 53.896383
BRUSH(1,0)
REGION 1
12
27.5167 53.890826
27.516652 53.890977
27.516002 53.892259
27.515628 53.893068
27.517158 53.893386
27.520032 53.893949
27.520355 53.893285
27.520819 53.892429
27.521235 53.891655
27.517128 53.890938
27.516953 53.890888
27.5167 53.890826
BRUSH(1,0)
REGION 1
13
27.509074 53.889995
27.509223 53.890919
27.509499 53.891972
27.509553 53.892013
27.509606 53.892044
27.509694 53.892075
27.509748 53.892097
27.515151 53.892993
27.516327 53.890888
27.516187 53.890743
27.515999 53.890598
27.514512 53.889613
27.509074 53.889995
BRUSH(1,0)
REGION 1
9
27.506614 53.890932
27.506651 53.890882
27.506503 53.890157
27.503194 53.890358
27.503187 53.890767
27.503273 53.890946
27.50333 53.891032
27.506307 53.89141
27.506614 53.890932
BRUSH(1,0)
REGION 1
131
27.483045 53.890087
27.484552 53.891023
27.485298 53.891352
27.485705 53.89135
27.48583 53.891654
27.486217 53.892789
27.486398 53.893301
27.486473 53.893521
27.486508 53.893584
27.486596 53.893624
27.486774 53.893623
27.488596 53.893564
27.49229 53.893434
27.492191 53.892495
27.492096 53.891837
27.491966 53.891462
27.491838 53.891285
27.491412 53.890994
27.491173 53.890763
27.491362 53.890634
27.491853 53.890994
27.492469 53.891572
27.49315 53.891547
27.493269 53.891949
27.492514 53.892087
27.49259 53.892421
27.493689 53.892349
27.49388 53.892416
27.494675 53.892413
27.494678 53.892635
27.494149 53.892682
27.494112 53.89275
27.493922 53.892773
27.493921 53.892706
27.493655 53.892685
27.493653 53.892529
27.493386 53.892463
27.492667 53.892511
27.492757 53.893628
27.494311 53.893756
27.495754 53.893818
27.496473 53.893837
27.497155 53.893857
27.497724 53.894057
27.498374 53.894299
27.498828 53.894432
27.498934 53.893714
27.499081 53.893289
27.498679 53.891501
27.498831 53.891501
27.498828 53.891276
27.4986 53.891277
27.498638 53.890965
27.498612 53.890742
27.498833 53.890759
27.499178 53.890935
27.499322 53.890928
27.498682 53.890499
27.499032 53.890455
27.499691 53.890895
27.499935 53.890914
27.500304 53.890591
27.500113 53.890522
27.500246 53.890422
27.500509 53.890489
27.501029 53.88999
27.502375 53.888781
27.502309 53.888291
27.502316 53.888284
27.502172 53.887595
27.501923 53.886753
27.501223 53.886729
27.5014 53.886523
27.501388 53.886523
27.500024 53.886361
27.499476 53.886314
27.499293 53.886301
27.499286 53.886305
27.498627 53.886248
27.49806 53.886228
27.498048 53.886214
27.496782 53.886355
27.496513 53.886439
27.496377 53.886518
27.496085 53.886594
27.495976 53.886434
27.494227 53.886912
27.492953 53.887311
27.492098 53.887456
27.49097 53.887684
27.490999 53.887517
27.490243 53.8873
27.490311 53.887187
27.489215 53.886877
27.489155 53.886934
27.487025 53.886318
27.486981 53.88648
27.487073 53.886857
27.487242 53.887043
27.487605 53.887172
27.490355 53.887855
27.490639 53.888425
27.490862 53.88864
27.491012 53.888774
27.491047 53.888909
27.491036 53.888929
27.490043 53.888967
27.489174 53.888845
27.488579 53.888661
27.488433 53.88856
27.487995 53.888157
27.487665 53.88781
27.48664 53.886911
27.485712 53.88629
27.485204 53.886072
27.484292 53.885817
27.484079 53.885777
27.483845 53.886768
27.482851 53.886709
27.482668 53.887438
27.48252 53.887434
27.482543 53.887504
27.482297 53.888391
27.482327 53.889072
27.482601 53.889071
27.482678 53.889583
27.482583 53.88959
27.482619 53.889702
27.482957 53.889694
27.482965 53.889701
27.483045 53.890087
BRUSH(1,0)
REGION 1
45
27.484181 53.891024
27.482708 53.89025
27.482389 53.88998
27.482239 53.889767
27.481948 53.889255
27.481893 53.889067
27.481825 53.888716
27.481819 53.888123
27.48184 53.887959
27.48192 53.887556
27.48193 53.887464
27.482058 53.886894
27.48205 53.88689
27.482072 53.886753
27.482079 53.886753
27.48213 53.886521
27.48216 53.886458
27.48222 53.886028
27.48243 53.886029
27.482501 53.885528
27.482394 53.885503
27.480426 53.88539
27.480389 53.885559
27.48027 53.886227
27.480051 53.887494
27.479763 53.888761
27.479796 53.889006
27.479705 53.889436
27.479687 53.889559
27.480438 53.889745
27.480029 53.890662
27.479938 53.89104
27.479912 53.891536
27.480045 53.891558
27.480988 53.891464
27.481424 53.891368
27.481493 53.891357
27.482314 53.891299
27.4823 53.891128
27.48251 53.891128
27.482538 53.891283
27.482591 53.89128
27.482793 53.891257
27.484443 53.891192
27.484181 53.891024
BRUSH(1,0)
REGION 1
27
27.518036 53.890883
27.518292 53.890949
27.518371 53.890906
27.51946 53.891103
27.519457 53.891157
27.520044 53.891258
27.520201 53.891287
27.520966 53.891416
27.521164 53.891467
27.521465 53.891508
27.521787 53.891042
27.521816 53.890965
27.521887 53.890866
27.52225 53.890336
27.52221 53.890325
27.522101 53.890312
27.521844 53.890118
27.52199 53.889998
27.521746 53.889905
27.518187 53.888529
27.51763 53.889102
27.517158 53.890048
27.517118 53.890138
27.516839 53.890663
27.51695 53.890679
27.517124 53.890704
27.518036 53.890883
BRUSH(1,0)
REGION 1
20
27.517355 53.889002
27.517096 53.888915
27.516859 53.888851
27.515831 53.888498
27.515534 53.888394
27.515315 53.888323
27.515148 53.88878
27.515111 53.888873
27.514946 53.889339
27.514945 53.889343
27.514923 53.88942
27.515009 53.889532
27.515549 53.889903
27.515656 53.889974
27.516152 53.8903
27.516508 53.890532
27.516684 53.890228
27.516939 53.889707
27.517038 53.889529
27.517355 53.889002
BRUSH(1,0)
REGION 1
7
27.517465 53.888905
27.517943 53.888436
27.517083 53.888115
27.515933 53.887704
27.515417 53.888188
27.516845 53.888689
27.517465 53.888905
BRUSH(1,0)
REGION 1
10
27.51741 53.888058
27.518051 53.888298
27.518113 53.888255
27.518565 53.887885
27.5184 53.887825
27.5172 53.887373
27.517075 53.887326
27.516535 53.887164
27.516084 53.887575
27.51741 53.888058
BRUSH(1,0)
REGION 1
7
27.517075 53.886713
27.51908 53.887424
27.519814 53.886711
27.517801 53.88596
27.517074 53.886558
27.51693 53.886652
27.517075 53.886713
BRUSH(1,0)
REGION 1
8
27.517446 53.885844
27.516148 53.885358
27.515556 53.885138
27.515007 53.885577
27.515853 53.885917
27.516318 53.885992
27.516983 53.886249
27.517446 53.885844
BRUSH(1,0)
REGION 1
17
27.517038 53.884264
27.517468 53.884415
27.517395 53.88448
27.517042 53.884344
27.516599 53.884212
27.516203 53.884528
27.515713 53.884926
27.516453 53.885213
27.517062 53.885433
27.517629 53.88565
27.518544 53.884826
27.519788 53.88369
27.518003 53.882999
27.517044 53.883838
27.516689 53.884158
27.516889 53.884215
27.517038 53.884264
BRUSH(1,0)
REGION 1
27
27.517027 53.883378
27.517666 53.882847
27.517018 53.882576
27.516912 53.882538
27.516649 53.882427
27.516481 53.882351
27.515773 53.8821
27.515495 53.882353
27.515352 53.882489
27.515351 53.882507
27.514941 53.882891
27.514942 53.882897
27.514776 53.883029
27.514776 53.883031
27.514516 53.883293
27.514504 53.883291
27.513623 53.884129
27.514447 53.884426
27.515454 53.883464
27.515564 53.883407
27.515696 53.883449
27.515709 53.883467
27.514596 53.884484
27.515404 53.884811
27.516756 53.883627
27.51684 53.883577
27.517027 53.883378
BRUSH(1,0)
REGION 1
20
27.517021 53.882383
27.519941 53.883485
27.521104 53.882417
27.521567 53.88197
27.519568 53.881188
27.518147 53.88065
27.516993 53.880183
27.516618 53.880048
27.5162 53.880374
27.515313 53.881027
27.516077 53.88135
27.516587 53.880954
27.516923 53.881065
27.516912 53.881202
27.516587 53.881073
27.516195 53.88141
27.516942 53.881737
27.516964 53.882146
27.516821 53.882289
27.517021 53.882383
BRUSH(1,0)
REGION 1
15
27.517075 53.879299
27.516984 53.879356
27.516441 53.879707
27.516991 53.879969
27.517278 53.880085
27.518943 53.879019
27.518858 53.878966
27.518538 53.878828
27.518354 53.878763
27.518172 53.878739
27.518126 53.878742
27.517816 53.878869
27.517493 53.879046
27.517219 53.879211
27.517075 53.879299
BRUSH(1,0)
REGION 1
49
27.517241 53.873786
27.517104 53.873834
27.516877 53.873945
27.516689 53.874132
27.516515 53.874216
27.516332 53.87424
27.516012 53.874201
27.515557 53.874077
27.515355 53.873956
27.515259 53.87384
27.515258 53.873759
27.515361 53.87354
27.515636 53.873269
27.51606 53.872975
27.516333 53.872886
27.516606 53.872853
27.516601 53.872826
27.51614 53.872725
27.516007 53.87273
27.515106 53.873148
27.513866 53.873821
27.513437 53.873592
27.513241 53.874375
27.513892 53.874777
27.513408 53.875053
27.513658 53.875329
27.51402 53.875707
27.514484 53.87608
27.515577 53.876901
27.516017 53.877153
27.516307 53.877333
27.516963 53.877695
27.517872 53.878114
27.518471 53.877925
27.520289 53.877258
27.52052 53.877183
27.520573 53.877129
27.520597 53.876994
27.520539 53.876806
27.520502 53.876671
27.521053 53.876309
27.522008 53.875673
27.51998 53.874597
27.519621 53.874387
27.519208 53.874157
27.518813 53.873948
27.5182 53.873633
27.517616 53.874002
27.517241 53.873786
BRUSH(1,0)
REGION 1
8
27.516902 53.872773
27.517227 53.872945
27.518348 53.872275
27.517048 53.871523
27.516678 53.871743
27.515873 53.8722
27.516164 53.872356
27.516902 53.872773
BRUSH(1,0)
REGION 1
20
27.517163 53.871352
27.517612 53.871613
27.51822 53.87197
27.518307 53.872022
27.518564 53.872175
27.518697 53.872096
27.518826 53.872019
27.518736 53.871898
27.519034 53.871704
27.51877 53.871566
27.518571 53.871463
27.518484 53.871412
27.518101 53.871211
27.517964 53.871137
27.517478 53.870886
27.517316 53.870803
27.517237 53.870761
27.516028 53.870127
27.515523 53.870421
27.517163 53.871352
BRUSH(1,0)
REGION 1
18
27.518559 53.868416
27.518541 53.868418
27.517013 53.869443
27.51779 53.869911
27.517742 53.870048
27.516866 53.86952
27.516194 53.869971
27.517755 53.870833
27.5186 53.871297
27.518735 53.871199
27.518956 53.871082
27.519174 53.870959
27.519345 53.87086
27.519557 53.870733
27.51992 53.870587
27.520237 53.870487
27.519621 53.869735
27.518559 53.868416
BRUSH(1,0)
REGION 1
9
27.516863 53.869255
27.517447 53.868841
27.517011 53.868579
27.517006 53.868579
27.516937 53.868438
27.517204 53.868314
27.516845 53.867908
27.515666 53.868536
27.516863 53.869255
BRUSH(1,0)
REGION 1
39
27.516842 53.867528
27.517353 53.867306
27.516833 53.86678
27.51621 53.866083
27.514932 53.864706
27.512868 53.866876
27.511629 53.868078
27.51155 53.868184
27.511563 53.868265
27.511716 53.868399
27.512757 53.868947
27.512767 53.868947
27.51528 53.870224
27.515707 53.869948
27.513072 53.868609
27.513064 53.868602
27.513085 53.868366
27.513261 53.868439
27.51593 53.869828
27.516709 53.869343
27.514654 53.868255
27.514196 53.868021
27.514311 53.867895
27.514339 53.867841
27.514438 53.867867
27.515452 53.868439
27.51603 53.868085
27.514412 53.86722
27.514392 53.86722
27.514536 53.867125
27.514536 53.867127
27.514638 53.867165
27.515956 53.867939
27.516072 53.867883
27.516241 53.867938
27.516669 53.867732
27.515442 53.866465
27.515641 53.866326
27.516842 53.867528
BRUSH(1,0)
REGION 1
66
27.525692 53.866268
27.525689 53.86627
27.523889 53.866871
27.5238 53.866775
27.523686 53.866803
27.523586 53.866682
27.523624 53.86667
27.523551 53.866596
27.523513 53.866608
27.522816 53.865867
27.522922 53.865835
27.52196 53.864868
27.522025 53.86485
27.521805 53.864613
27.523434 53.864051
27.52177 53.862401
27.521367 53.862527
27.521221 53.862372
27.521725 53.862197
27.520713 53.86117
27.520547 53.86122
27.520332 53.86101
27.520243 53.861028
27.520049 53.860845
27.520101 53.860813
27.520133 53.860799
27.519186 53.859893
27.518226 53.858841
27.518291 53.858806
27.516518 53.856945
27.516514 53.856949
27.512843 53.858196
27.513441 53.859281
27.513667 53.859577
27.513653 53.859584
27.513703 53.859653
27.514004 53.86003
27.514233 53.860197
27.516295 53.862016
27.516596 53.862046
27.516777 53.862414
27.517175 53.862383
27.517734 53.86299
27.517598 53.86317
27.517552 53.863332
27.517496 53.863561
27.517778 53.863803
27.51832 53.864324
27.518498 53.86429
27.519011 53.864921
27.519786 53.865941
27.519464 53.866045
27.519908 53.866327
27.520825 53.867199
27.521536 53.867967
27.522083 53.868466
27.522738 53.868609
27.523841 53.869375
27.524193 53.869165
27.524672 53.868841
27.52631 53.867767
27.526552 53.867604
27.526759 53.867441
27.526789 53.867387
27.526776 53.867306
27.525692 53.866268
BRUSH(1,0)
REGION 1
51
27.521802 53.854898
27.521712 53.854601
27.521629 53.854199
27.521525 53.853849
27.521522 53.85355
27.521539 53.853388
27.521563 53.853147
27.521625 53.852901
27.52179 53.852633
27.522001 53.85236
27.522482 53.851956
27.522784 53.851743
27.523041 53.851526
27.523547 53.851225
27.523369 53.850989
27.523293 53.850954
27.523111 53.850968
27.522791 53.850942
27.522448 53.850872
27.522213 53.850832
27.521833 53.850652
27.521524 53.850486
27.521167 53.850225
27.521088 53.850178
27.520773 53.850022
27.520411 53.849949
27.520179 53.849954
27.51991 53.849969
27.519455 53.850106
27.519186 53.850233
27.518647 53.850669
27.518341 53.850875
27.517994 53.851144
27.517613 53.851442
27.517069 53.851782
27.516651 53.852078
27.516231 53.852634
27.515857 53.852834
27.515432 53.853089
27.514949 53.853356
27.514676 53.853433
27.514261 53.853451
27.514343 53.853596
27.515572 53.854948
27.517039 53.856455
27.517914 53.857359
27.518485 53.857188
27.519769 53.856753
27.522265 53.855938
27.52204 53.855474
27.521802 53.854898
BRUSH(1,0)
REGION 1
15
27.480205 53.855102
27.480157 53.854992
27.479999 53.854831
27.479912 53.854802
27.479775 53.854805
27.47959 53.854862
27.479413 53.854737
27.479326 53.854726
27.478831 53.855009
27.478741 53.855108
27.478792 53.855241
27.478876 53.855263
27.47926 53.855661
27.480447 53.85533
27.480205 53.855102
BRUSH(1,0)
REGION 1
79
27.518899 53.843817
27.518912 53.843748
27.51898 53.843642
27.519131 53.84354
27.519271 53.843521
27.521172 53.843491
27.52077 53.84219
27.521899 53.842055
27.521762 53.84164
27.524092 53.841363
27.524525 53.841312
27.525797 53.84121
27.525911 53.841196
27.52588 53.841133
27.52653 53.841052
27.526943 53.841012
27.528048 53.840868
27.527843 53.840126
27.527705 53.839693
27.527484 53.838916
27.527444 53.838794
27.527412 53.838567
27.526607 53.838687
27.52647 53.838713
27.525753 53.83879
27.517846 53.839582
27.516928 53.839682
27.516494 53.839727
27.515346 53.839828
27.514429 53.839941
27.513485 53.840084
27.511406 53.840333
27.507332 53.840746
27.505861 53.840939
27.5062 53.84142
27.506993 53.841273
27.507066 53.84141
27.50682 53.841447
27.506285 53.841532
27.50666 53.842083
27.507167 53.84196
27.507229 53.842045
27.50712 53.84209
27.507352 53.842458
27.507458 53.842424
27.507519 53.842484
27.507387 53.842543
27.50732 53.842626
27.507363 53.842732
27.507945 53.843502
27.508188 53.843436
27.508279 53.843429
27.509032 53.843233
27.509294 53.843272
27.50943 53.843433
27.510028 53.843276
27.510151 53.84315
27.510293 53.843163
27.510433 53.843243
27.510881 53.84312
27.511358 53.843012
27.511582 53.842962
27.511784 53.8428
27.511599 53.842515
27.511386 53.84248
27.511305 53.842352
27.511527 53.842288
27.511636 53.842396
27.512147 53.842268
27.512435 53.842191
27.512738 53.842576
27.512648 53.842596
27.513018 53.843071
27.513507 53.842939
27.513573 53.843046
27.51308 53.843181
27.513382 53.843579
27.51354 53.843783
27.518899 53.843817
BRUSH(1,0)
REGION 1
28
27.516411 53.826586
27.516441 53.826658
27.517071 53.826563
27.516999 53.82646
27.517202 53.826396
27.518287 53.826223
27.518313 53.826117
27.51841 53.825872
27.518503 53.82579
27.518689 53.825724
27.519945 53.825497
27.520729 53.825354
27.520706 53.825323
27.520353 53.824634
27.51835 53.825015
27.518225 53.825043
27.518067 53.82507
27.517922 53.8251
27.517797 53.825132
27.517679 53.825132
27.515692 53.825468
27.515918 53.825959
27.514904 53.826145
27.514977 53.826327
27.515242 53.826894
27.516135 53.826841
27.516195 53.8266
27.516411 53.826586
BRUSH(1,0)
REGION 1
21
27.516316 53.825273
27.518681 53.82489
27.518474 53.824754
27.518208 53.824458
27.518192 53.824399
27.517885 53.823796
27.517802 53.823429
27.516531 53.823639
27.516299 53.823676
27.516028 53.823695
27.516186 53.824195
27.516126 53.824202
27.515024 53.824406
27.515118 53.824467
27.515385 53.824544
27.51558 53.82464
27.515726 53.824772
27.515788 53.824949
27.515851 53.825099
27.515922 53.825326
27.516316 53.825273
BRUSH(1,0)
REGION 1
11
27.516295 53.823597
27.516814 53.823508
27.516288 53.822212
27.516118 53.821718
27.51595 53.821272
27.515082 53.821379
27.515313 53.821989
27.515531 53.822495
27.515839 53.823166
27.515996 53.823621
27.516295 53.823597
BRUSH(1,0)
REGION 1
7
27.518169 53.819638
27.518705 53.819018
27.51811 53.818815
27.516491 53.818345
27.516236 53.818663
27.515975 53.818959
27.518169 53.819638
BRUSH(1,0)
REGION 1
6
27.581143 53.947605
27.581036 53.946993
27.578006 53.947227
27.578183 53.947651
27.578743 53.94763
27.581143 53.947605
BRUSH(1,0)
REGION 1
7
27.581 53.946863
27.580918 53.946398
27.578726 53.946544
27.577739 53.946637
27.577978 53.947139
27.578736 53.947055
27.581 53.946863
BRUSH(1,0)
REGION 1
8
27.580889 53.946272
27.580803 53.94574
27.578718 53.945903
27.577483 53.946023
27.577468 53.946025
27.577703 53.946529
27.578724 53.946425
27.580889 53.946272
BRUSH(1,0)
REGION 1
6
27.580774 53.945598
27.580693 53.945194
27.57871 53.945303
27.57853 53.945335
27.57857 53.945755
27.580774 53.945598
BRUSH(1,0)
REGION 1
15
27.578872 53.945122
27.578793 53.944619
27.578716 53.944628
27.578567 53.944615
27.577586 53.944236
27.577536 53.944243
27.576514 53.943839
27.576399 53.943808
27.575135 53.943349
27.574732 53.943694
27.574721 53.943726
27.575992 53.944219
27.578482 53.945162
27.578722 53.945143
27.578872 53.945122
BRUSH(1,0)
REGION 1
7
27.579855 53.940381
27.579786 53.940037
27.579382 53.939731
27.578653 53.940135
27.578491 53.940232
27.578658 53.94046
27.579855 53.940381
BRUSH(1,0)
REGION 1
13
27.580242 53.939072
27.579232 53.938358
27.579254 53.938329
27.579193 53.93828
27.57889 53.938461
27.579474 53.938867
27.578644 53.939395
27.578534 53.939448
27.577904 53.939087
27.577533 53.939309
27.57839 53.94014
27.578651 53.939968
27.580242 53.939072
BRUSH(1,0)
REGION 1
7
27.579299 53.938846
27.578792 53.938509
27.578633 53.938609
27.578022 53.939032
27.578525 53.939353
27.578642 53.939288
27.579299 53.938846
BRUSH(1,0)
REGION 1
43
27.56735 53.934488
27.567354 53.934218
27.567299 53.932422
27.566919 53.932424
27.565758 53.932425
27.565274 53.93242
27.564753 53.932423
27.564597 53.932423
27.564266 53.932423
27.56411 53.932423
27.563908 53.932422
27.563921 53.932572
27.563923 53.932662
27.563942 53.933266
27.563955 53.933623
27.563979 53.934286
27.563985 53.93476
27.56399 53.935148
27.563994 53.935597
27.564032 53.936129
27.564072 53.936922
27.564701 53.936917
27.564701 53.937494
27.564868 53.937509
27.564856 53.937995
27.565468 53.938176
27.56547 53.938376
27.565452 53.938444
27.565487 53.938769
27.565489 53.938927
27.565448 53.939008
27.565395 53.939033
27.565295 53.939256
27.565315 53.939397
27.565347 53.939467
27.565485 53.939558
27.567509 53.939544
27.567505 53.939261
27.567506 53.938998
27.567491 53.938133
27.567434 53.936927
27.567427 53.936673
27.56735 53.934488
BRUSH(1,0)
REGION 1
11
27.563681 53.935374
27.563537 53.935373
27.563536 53.935332
27.56244 53.935338
27.56247 53.935605
27.562508 53.935894
27.562801 53.935897
27.562909 53.935964
27.562948 53.936359
27.56371 53.936346
27.563681 53.935374
BRUSH(1,0)
REGION 1
11
27.562312 53.935455
27.562322 53.935343
27.562117 53.935353
27.561074 53.935357
27.561058 53.935611
27.561092 53.936367
27.561889 53.936368
27.561891 53.935964
27.562001 53.935896
27.562348 53.935892
27.562312 53.935455
BRUSH(1,0)
REGION 1
10
27.560786 53.935614
27.560758 53.935345
27.560069 53.935376
27.560039 53.935617
27.560069 53.935923
27.559216 53.935954
27.559221 53.93638
27.560715 53.93636
27.560776 53.936369
27.560786 53.935614
BRUSH(1,0)
REGION 1
11
27.558114 53.935626
27.558124 53.935378
27.557169 53.935385
27.557211 53.93563
27.557423 53.936393
27.559 53.936372
27.559061 53.936381
27.559056 53.935963
27.558191 53.935967
27.558126 53.935682
27.558114 53.935626
BRUSH(1,0)
REGION 1
16
27.556898 53.935631
27.556834 53.9354
27.556145 53.935401
27.55614 53.935634
27.556155 53.935911
27.556464 53.935919
27.556465 53.936006
27.555787 53.936003
27.555733 53.936017
27.555746 53.936405
27.556493 53.936397
27.556508 53.936085
27.556641 53.936084
27.55668 53.936405
27.557122 53.93639
27.556898 53.935631
BRUSH(1,0)
REGION 1
10
27.556003 53.935636
27.556019 53.935401
27.554805 53.935407
27.554818 53.935641
27.554839 53.936414
27.555578 53.936401
27.555565 53.935979
27.555709 53.935895
27.55601 53.935896
27.556003 53.935636
BRUSH(1,0)
REGION 1
13
27.554639 53.935642
27.554656 53.935394
27.554337 53.935389
27.554231 53.935445
27.553142 53.935441
27.553121 53.93528
27.553703 53.93527
27.553716 53.934821
27.552415 53.934829
27.552436 53.935652
27.552459 53.935921
27.554631 53.935918
27.554639 53.935642
BRUSH(1,0)
REGION 1
52
27.552204 53.935653
27.552228 53.93485
27.550873 53.934852
27.550865 53.935131
27.550867 53.935223
27.55086 53.935265
27.551461 53.935267
27.551433 53.935422
27.548014 53.935418
27.547871 53.935672
27.547624 53.936096
27.54777 53.936124
27.548102 53.936188
27.548686 53.936298
27.548748 53.936073
27.548672 53.936044
27.54866 53.936008
27.549262 53.935992
27.549426 53.935993
27.549647 53.935999
27.549648 53.936105
27.549437 53.936274
27.548971 53.936193
27.548866 53.936328
27.548927 53.936339
27.549236 53.936401
27.54997 53.936541
27.55013 53.936552
27.550124 53.936359
27.550123 53.936273
27.55012 53.936037
27.550121 53.935813
27.550228 53.93581
27.550225 53.935862
27.550226 53.93596
27.550232 53.936421
27.550237 53.936551
27.550572 53.936545
27.550713 53.936543
27.551064 53.936536
27.551144 53.936534
27.551139 53.93612
27.551131 53.936078
27.550784 53.936075
27.550673 53.936082
27.550665 53.935999
27.550764 53.935992
27.551095 53.935993
27.55129 53.936003
27.551328 53.93603
27.552178 53.936021
27.552204 53.935653
BRUSH(1,0)
REGION 1
8
27.547467 53.935674
27.54747 53.935674
27.547633 53.935343
27.546011 53.935032
27.545784 53.935448
27.546963 53.935676
27.547418 53.935769
27.547467 53.935674
BRUSH(1,0)
REGION 1
7
27.545729 53.935565
27.545665 53.935682
27.545508 53.936009
27.547005 53.936276
27.54712 53.936309
27.54734 53.935919
27.545729 53.935565
BRUSH(1,0)
REGION 1
6
27.545599 53.935532
27.543775 53.935215
27.543579 53.93562
27.544848 53.935904
27.54534 53.935989
27.545599 53.935532
BRUSH(1,0)
REGION 1
20
27.543222 53.935693
27.543644 53.934505
27.543699 53.934377
27.543803 53.934125
27.54207 53.933767
27.539823 53.933348
27.538547 53.934515
27.537968 53.935077
27.54009 53.935454
27.540246 53.935489
27.540338 53.935506
27.540639 53.93557
27.541155 53.935703
27.541393 53.935753
27.541744 53.935805
27.541905 53.935829
27.542157 53.935873
27.542222 53.935891
27.543051 53.936078
27.543222 53.935693
BRUSH(1,0)
REGION 1
10
27.540375 53.935705
27.537871 53.935219
27.537391 53.935719
27.53715 53.935931
27.539071 53.936284
27.54087 53.93664
27.542727 53.936978
27.543042 53.936242
27.541705 53.935994
27.540375 53.935705
BRUSH(1,0)
REGION 1
27
27.578219 53.924109
27.578024 53.924321
27.577682 53.92465
27.577434 53.924885
27.577081 53.925253
27.576683 53.925641
27.576518 53.925788
27.576307 53.925937
27.576095 53.926037
27.575702 53.926221
27.574392 53.926703
27.574619 53.92692
27.577763 53.929971
27.577825 53.930022
27.578141 53.930349
27.578514 53.930628
27.578613 53.930776
27.579662 53.930971
27.581106 53.930531
27.587154 53.928729
27.584615 53.926479
27.580764 53.923093
27.579982 53.922433
27.579903 53.922452
27.579721 53.922538
27.579548 53.922674
27.578219 53.924109
BRUSH(1,0)
REGION 1
22
27.578382 53.921033
27.577104 53.919994
27.570018 53.921594
27.57224 53.924384
27.572991 53.925333
27.57377 53.92634
27.573924 53.926479
27.574027 53.926501
27.57413 53.9265
27.574244 53.926466
27.575558 53.925995
27.575702 53.92594
27.575819 53.925897
27.575963 53.925826
27.576065 53.92577
27.576204 53.925655
27.5767 53.925162
27.577322 53.924456
27.578414 53.923351
27.57924 53.922441
27.579698 53.922201
27.578382 53.921033
BRUSH(1,0)
REGION 1
34
27.577626 53.919734
27.578372 53.920345
27.579036 53.920765
27.579388 53.920651
27.579979 53.921042
27.580637 53.921594
27.582977 53.920414
27.583304 53.920624
27.583938 53.920257
27.584084 53.920074
27.584915 53.92019
27.585215 53.91959
27.586427 53.91912
27.586412 53.919129
27.58645 53.919115
27.586492 53.919151
27.586647 53.919087
27.58662 53.919058
27.587067 53.918889
27.587098 53.918914
27.587434 53.918778
27.586021 53.917487
27.585964 53.917514
27.585826 53.917425
27.58589 53.917389
27.584531 53.91648
27.584478 53.916503
27.584374 53.916436
27.584332 53.916449
27.584018 53.916251
27.582681 53.916999
27.581313 53.917747
27.579771 53.918579
27.577626 53.919734
BRUSH(1,0)
REGION 1
48
27.57545 53.915685
27.574697 53.915938
27.574625 53.915957
27.574007 53.916162
27.573772 53.916235
27.574058 53.916514
27.576448 53.918756
27.576852 53.919124
27.577134 53.919399
27.577535 53.91922
27.578245 53.918868
27.578351 53.918823
27.578496 53.918805
27.583664 53.916012
27.583626 53.915998
27.583319 53.915788
27.583372 53.915764
27.583307 53.915712
27.583348 53.915671
27.582166 53.914908
27.581963 53.914797
27.579753 53.914319
27.578773 53.915917
27.578506 53.91586
27.578931 53.915192
27.579111 53.914949
27.579215 53.91476
27.579528 53.914284
27.579562 53.914236
27.578795 53.914087
27.578476 53.914412
27.578292 53.914589
27.576814 53.916925
27.576685 53.916897
27.57829 53.914429
27.578577 53.914034
27.578284 53.913979
27.578196 53.913956
27.577841 53.913877
27.577601 53.913829
27.577235 53.913761
27.57701 53.913715
27.576617 53.914206
27.576505 53.914333
27.576026 53.914915
27.575963 53.915029
27.575559 53.915541
27.57545 53.915685
BRUSH(1,0)
REGION 1
15
27.577978 53.912497
27.577323 53.913275
27.577155 53.913519
27.577884 53.913648
27.578068 53.913721
27.578281 53.913768
27.582279 53.914586
27.582784 53.91422
27.582237 53.913723
27.58078 53.912302
27.579512 53.911094
27.578753 53.911479
27.578371 53.911991
27.578072 53.912385
27.577978 53.912497
BRUSH(1,0)
REGION 1
31
27.573905 53.911214
27.572974 53.911847
27.572774 53.911963
27.573023 53.91211
27.573914 53.912656
27.574044 53.912752
27.574178 53.912817
27.574259 53.912841
27.574381 53.912883
27.576537 53.913371
27.577883 53.911673
27.577645 53.91149
27.578245 53.911169
27.578976 53.910824
27.578953 53.910797
27.5791 53.910711
27.578966 53.910604
27.579007 53.91057
27.578229 53.910012
27.577941 53.909822
27.577845 53.909753
27.577265 53.909356
27.577148 53.90937
27.577064 53.909375
27.576973 53.909376
27.576805 53.909376
27.576531 53.909366
27.576 53.909749
27.575868 53.909832
27.574764 53.91061
27.573905 53.911214
BRUSH(1,0)
REGION 1
20
27.577813 53.908507
27.577859 53.908567
27.57791 53.90863
27.577945 53.908706
27.577946 53.908785
27.57794 53.908872
27.577929 53.908931
27.577915 53.908973
27.577881 53.909023
27.577847 53.909084
27.578219 53.909357
27.578361 53.909442
27.579493 53.910213
27.579696 53.910317
27.579938 53.910222
27.579973 53.910242
27.580998 53.90977
27.581947 53.909329
27.578844 53.90772
27.577813 53.908507
BRUSH(1,0)
REGION 1
35
27.575859 53.907198
27.575825 53.907232
27.576108 53.907372
27.57615 53.90734
27.576912 53.907718
27.576851 53.907743
27.577101 53.907879
27.577142 53.907859
27.577652 53.908112
27.577798 53.908006
27.577945 53.907906
27.578043 53.907839
27.579952 53.906368
27.57742 53.905139
27.577259 53.905282
27.577056 53.905451
27.576999 53.905496
27.576495 53.905923
27.576568 53.905966
27.576214 53.90623
27.576467 53.906339
27.576516 53.906303
27.576688 53.906372
27.576632 53.906417
27.576835 53.906526
27.577949 53.907053
27.577772 53.907177
27.57673 53.906663
27.576071 53.90633
27.575921 53.906456
27.575722 53.90665
27.575624 53.906732
27.575489 53.906858
27.575357 53.906971
27.575859 53.907198
BRUSH(1,0)
REGION 1
8
27.577635 53.905008
27.578165 53.905304
27.580147 53.906192
27.580743 53.90581
27.581489 53.905244
27.578863 53.90397
27.57852 53.904226
27.577635 53.905008
BRUSH(1,0)
REGION 1
49
27.578081 53.899266
27.577727 53.899536
27.577655 53.899577
27.576912 53.899992
27.576795 53.900048
27.576527 53.900182
27.576444 53.900232
27.576441 53.900284
27.576441 53.900338
27.576445 53.900364
27.57648 53.900403
27.577134 53.900687
27.577246 53.900742
27.578107 53.901213
27.578716 53.9015
27.579929 53.902063
27.580912 53.902464
27.582258 53.902963
27.583562 53.903477
27.584087 53.902951
27.585047 53.901937
27.584684 53.901743
27.583213 53.900972
27.581233 53.900007
27.580396 53.89973
27.58005 53.899682
27.579803 53.899735
27.579722 53.899621
27.580054 53.899419
27.581284 53.899802
27.581555 53.899905
27.583615 53.900916
27.585017 53.90164
27.585413 53.901377
27.586016 53.900678
27.585878 53.900598
27.585129 53.900349
27.584233 53.900173
27.584034 53.90012
27.583705 53.899973
27.583404 53.899647
27.583254 53.899542
27.582711 53.899326
27.583011 53.899001
27.582782 53.898921
27.580625 53.898295
27.580319 53.898166
27.579324 53.8986
27.578081 53.899266
BRUSH(1,0)
REGION 1
35
27.573142 53.898853
27.57356 53.899073
27.574498 53.899527
27.574797 53.899418
27.575343 53.899262
27.575706 53.899112
27.576205 53.898879
27.576363 53.898775
27.576899 53.898496
27.577552 53.898129
27.577797 53.897973
27.578062 53.897868
27.578468 53.897439
27.581036 53.895791
27.58127 53.895596
27.581288 53.89558
27.582358 53.894222
27.582593 53.893873
27.582588 53.893814
27.582538 53.893754
27.581933 53.893451
27.580932 53.893365
27.579524 53.894201
27.579568 53.894329
27.579176 53.89459
27.577306 53.895718
27.57747 53.895809
27.577331 53.895886
27.57673 53.89617
27.576584 53.896038
27.572912 53.897587
27.571857 53.898001
27.57178 53.898219
27.572006 53.898313
27.573142 53.898853
BRUSH(1,0)
REGION 1
18
27.577982 53.892315
27.577177 53.892744
27.576355 53.893225
27.574139 53.894412
27.576462 53.895782
27.576523 53.895742
27.577025 53.895465
27.577134 53.895404
27.577821 53.895012
27.577881 53.894976
27.57802 53.894874
27.578239 53.89476
27.578521 53.894568
27.578288 53.894146
27.578165 53.893504
27.578205 53.892755
27.578196 53.892355
27.577982 53.892315
BRUSH(1,0)
REGION 1
40
27.579299 53.889327
27.577876 53.88978
27.577755 53.889848
27.576262 53.890361
27.575545 53.89062
27.574697 53.891011
27.573526 53.891621
27.574209 53.892049
27.574919 53.892513
27.575651 53.892098
27.577715 53.890918
27.577964 53.890766
27.578208 53.890612
27.57837 53.890514
27.578901 53.890348
27.579374 53.890202
27.57997 53.89003
27.580288 53.889972
27.580654 53.889968
27.580878 53.89001
27.581337 53.890183
27.58175 53.890318
27.581982 53.890351
27.582074 53.890364
27.582253 53.890377
27.582663 53.89031
27.582981 53.890178
27.58353 53.889991
27.58356 53.889936
27.58354 53.889912
27.583417 53.889805
27.582733 53.889556
27.582763 53.889468
27.582701 53.88939
27.581716 53.889122
27.580945 53.889238
27.580395 53.889021
27.580341 53.888965
27.579363 53.889293
27.579299 53.889327
BRUSH(1,0)
REGION 1
31
27.562651 53.890294
27.562567 53.890339
27.562464 53.890284
27.561776 53.890686
27.560859 53.891214
27.560202 53.891562
27.560138 53.891594
27.559866 53.891742
27.559938 53.891779
27.559373 53.892126
27.5593 53.89209
27.559077 53.892224
27.5587 53.89245
27.559358 53.892705
27.560138 53.893034
27.560252 53.893081
27.560765 53.89328
27.56091 53.89334
27.561364 53.893475
27.561624 53.893566
27.561822 53.8933
27.561912 53.893212
27.562758 53.892206
27.563161 53.891933
27.563791 53.892359
27.564161 53.891618
27.564214 53.891342
27.564213 53.891267
27.56419 53.891211
27.564093 53.891117
27.562651 53.890294
BRUSH(1,0)
REGION 1
17
27.562107 53.890004
27.56139 53.889585
27.560385 53.889871
27.55844 53.890392
27.557388 53.890706
27.557172 53.890752
27.556576 53.890863
27.555833 53.891021
27.555982 53.891324
27.55641 53.891501
27.557821 53.89207
27.558211 53.892234
27.559135 53.891698
27.559252 53.891634
27.560366 53.891016
27.560528 53.890919
27.562107 53.890004
BRUSH(1,0)
REGION 1
7
27.545906 53.890759
27.546266 53.890656
27.545484 53.890127
27.544755 53.890604
27.544795 53.890764
27.544995 53.890927
27.545906 53.890759
BRUSH(1,0)
REGION 1
12
27.541151 53.889937
27.541079 53.889897
27.540698 53.88924
27.538906 53.889606
27.539529 53.890788
27.539778 53.89125
27.539833 53.891362
27.539935 53.89159
27.540788 53.891413
27.541641 53.891221
27.54185 53.891186
27.541151 53.889937
BRUSH(1,0)
REGION 1
33
27.526706 53.890717
27.526688 53.890502
27.526629 53.890394
27.526494 53.890233
27.52634 53.89013
27.52517 53.889573
27.524263 53.889179
27.523293 53.889199
27.522214 53.890002
27.522358 53.890163
27.522511 53.890333
27.522397 53.890617
27.522186 53.890867
27.522127 53.89093
27.521695 53.891554
27.522105 53.891622
27.522246 53.89165
27.52302 53.891771
27.523219 53.891806
27.524029 53.891948
27.525355 53.89216
27.525535 53.892204
27.52584 53.89227
27.527878 53.892841
27.52995 53.89342
27.530102 53.893444
27.530189 53.893426
27.530219 53.893392
27.530139 53.893325
27.527252 53.891759
27.526809 53.891574
27.526746 53.89148
27.526706 53.890717
BRUSH(1,0)
REGION 1
57
27.579725 53.888356
27.576822 53.888308
27.574387 53.888297
27.574327 53.888687
27.572676 53.889587
27.572317 53.889788
27.572052 53.889931
27.57178 53.890067
27.57128 53.890247
27.570961 53.890325
27.56967 53.890725
27.56963 53.890831
27.569179 53.89097
27.568812 53.890808
27.5686 53.890867
27.568293 53.890976
27.567899 53.891082
27.567774 53.891134
27.567562 53.8912
27.566847 53.891484
27.56647 53.891693
27.565862 53.892023
27.565575 53.892171
27.565409 53.892284
27.565274 53.892406
27.5652 53.892525
27.565178 53.892613
27.56518 53.89273
27.565193 53.892842
27.565198 53.892947
27.565207 53.893035
27.565281 53.893154
27.565389 53.893288
27.565474 53.893377
27.565846 53.893643
27.567349 53.893133
27.568023 53.892909
27.568152 53.892875
27.569155 53.892596
27.571572 53.891904
27.571849 53.891827
27.572603 53.891625
27.572545 53.891558
27.573097 53.891356
27.573227 53.89144
27.57402 53.891001
27.5741 53.891048
27.57441 53.890887
27.574337 53.890847
27.575511 53.8902
27.575852 53.890138
27.575887 53.89018
27.580107 53.888806
27.580258 53.888749
27.579935 53.888461
27.579931 53.888461
27.579725 53.888356
BRUSH(1,0)
REGION 1
66
27.581108 53.887043
27.580879 53.886343
27.581061 53.886326
27.580915 53.885274
27.580717 53.885269
27.580697 53.885134
27.580659 53.884817
27.580656 53.88463
27.580869 53.883696
27.580987 53.883106
27.581087 53.882836
27.581217 53.882593
27.581373 53.882322
27.581543 53.882159
27.581864 53.881728
27.582135 53.881457
27.58242 53.881105
27.582644 53.880832
27.582855 53.880642
27.58318 53.880436
27.583418 53.880032
27.583503 53.879809
27.5837 53.879426
27.583931 53.879101
27.584032 53.878939
27.584245 53.878643
27.584459 53.878372
27.584687 53.878072
27.584739 53.877995
27.584071 53.87783
27.583507 53.877722
27.583536 53.877576
27.583231 53.877501
27.583075 53.877479
27.583034 53.877592
27.582103 53.877309
27.581661 53.877318
27.580922 53.878077
27.580808 53.878154
27.580626 53.878449
27.58005 53.878964
27.579734 53.879238
27.579606 53.87934
27.579337 53.879447
27.579236 53.879553
27.579112 53.879659
27.57868 53.880106
27.57819 53.880765
27.578033 53.881027
27.577832 53.881301
27.577378 53.882076
27.57702 53.882633
27.576749 53.88285
27.576513 53.88346
27.576342 53.884052
27.576327 53.884681
27.576293 53.884978
27.576318 53.88514
27.576412 53.885409
27.576561 53.885759
27.576694 53.886028
27.576831 53.886297
27.577001 53.886539
27.57726 53.886861
27.577542 53.887157
27.581108 53.887043
BRUSH(1,0)
REGION 1
15
27.578711 53.879524
27.576674 53.878762
27.576435 53.878815
27.576513 53.879307
27.576431 53.879444
27.576531 53.879543
27.576763 53.879811
27.577013 53.880053
27.577133 53.880214
27.57722 53.880403
27.577268 53.880618
27.577309 53.880834
27.577325 53.880932
27.577386 53.880932
27.578711 53.879524
BRUSH(1,0)
REGION 1
26
27.578169 53.879122
27.578823 53.879364
27.578985 53.879219
27.579065 53.879228
27.580519 53.877773
27.580007 53.877602
27.579353 53.878217
27.578796 53.878071
27.578592 53.878238
27.578214 53.878103
27.578635 53.877721
27.579082 53.877856
27.579334 53.877634
27.579506 53.877685
27.579712 53.877484
27.57964 53.877446
27.577773 53.87685
27.577489 53.876763
27.576756 53.877481
27.576475 53.877779
27.576426 53.87786
27.576434 53.878184
27.576474 53.878345
27.576567 53.878453
27.576732 53.878555
27.578169 53.879122
BRUSH(1,0)
REGION 1
6
27.577886 53.876126
27.577483 53.876597
27.577771 53.8767
27.577912 53.876742
27.578416 53.876292
27.577886 53.876126
BRUSH(1,0)
REGION 1
12
27.579231 53.873257
27.579496 53.873168
27.579974 53.871569
27.579971 53.871569
27.577697 53.871357
27.571639 53.870779
27.571157 53.872711
27.576967 53.873156
27.577008 53.873052
27.577343 53.873087
27.577336 53.873114
27.579231 53.873257
BRUSH(1,0)
REGION 1
45
27.577692 53.871211
27.58089 53.871468
27.580963 53.871281
27.581155 53.870768
27.580919 53.870746
27.580917 53.870629
27.580995 53.870465
27.58098 53.870445
27.578351 53.870037
27.57802 53.868779
27.577981 53.868687
27.577898 53.868431
27.577894 53.868152
27.577886 53.8675
27.577844 53.867127
27.577916 53.866801
27.578028 53.866357
27.578183 53.865916
27.578255 53.865659
27.578412 53.865402
27.578565 53.865122
27.579247 53.864319
27.579056 53.864302
27.579041 53.864301
27.578942 53.864299
27.57876 53.864295
27.577673 53.864264
27.577599 53.864269
27.575006 53.864014
27.573982 53.863909
27.573243 53.863838
27.5729 53.865507
27.573984 53.865587
27.574083 53.865585
27.57382 53.867054
27.573502 53.868617
27.575409 53.868772
27.575546 53.86876
27.575617 53.868717
27.575638 53.868555
27.575764 53.868573
27.575646 53.869178
27.575321 53.870559
27.575262 53.870975
27.577692 53.871211
BRUSH(1,0)
REGION 1
23
27.577599 53.864269
27.577673 53.864264
27.578277 53.864284
27.578383 53.864286
27.57876 53.864295
27.578942 53.864299
27.579041 53.864301
27.579056 53.864302
27.579224 53.864314
27.579243 53.864317
27.580294 53.863237
27.580418 53.862811
27.579231 53.862727
27.577709 53.862601
27.576452 53.862598
27.57616 53.862671
27.576134 53.862653
27.573571 53.862425
27.573294 53.863656
27.574033 53.86372
27.573982 53.863909
27.575006 53.864014
27.577599 53.864269
BRUSH(1,0)
REGION 1
7
27.577573 53.862485
27.579785 53.862643
27.580055 53.861401
27.57759 53.861221
27.57705 53.861175
27.576762 53.862437
27.577573 53.862485
BRUSH(1,0)
REGION 1
10
27.580604 53.861272
27.58104 53.860512
27.577543 53.860255
27.575165 53.860085
27.575104 53.860308
27.576333 53.860407
27.576237 53.860909
27.575076 53.860816
27.575043 53.860906
27.580604 53.861272
BRUSH(1,0)
REGION 1
31
27.524251 53.854886
27.523898 53.85455
27.523815 53.854593
27.523583 53.85461
27.523521 53.854545
27.523319 53.854424
27.523061 53.854531
27.523011 53.854441
27.522868 53.854253
27.522731 53.854213
27.522608 53.854153
27.522374 53.853911
27.522366 53.853827
27.522514 53.853804
27.522421 53.853692
27.522399 53.853422
27.52242 53.853285
27.522557 53.853246
27.522739 53.853246
27.522351 53.852809
27.522301 53.852804
27.522256 53.852829
27.522088 53.853129
27.522018 53.85337
27.522022 53.853721
27.522086 53.854044
27.52224 53.85453
27.522272 53.854718
27.522377 53.854934
27.522553 53.855425
27.524251 53.854886
BRUSH(1,0)
REGION 1
9
27.527214 53.85491
27.529056 53.854333
27.528506 53.853683
27.524609 53.854923
27.524688 53.855009
27.525128 53.855584
27.525995 53.855315
27.527048 53.854958
27.527214 53.85491
BRUSH(1,0)
REGION 1
12
27.529141 53.854443
27.527618 53.854902
27.526633 53.855254
27.525391 53.855637
27.526217 53.856434
27.526963 53.856143
27.527036 53.856196
27.526283 53.856489
27.526929 53.857123
27.529267 53.856461
27.530847 53.855978
27.529141 53.854443
BRUSH(1,0)
REGION 1
113
27.549726 53.853684
27.549706 53.853577
27.549648 53.853494
27.549511 53.853474
27.546042 53.85377
27.545859 53.853762
27.545744 53.853695
27.54551 53.852769
27.545681 53.852764
27.545868 53.853489
27.54588 53.853593
27.545964 53.853629
27.548814 53.853371
27.549212 53.85334
27.549619 53.853269
27.54969 53.853212
27.549708 53.85308
27.549675 53.852891
27.549608 53.852646
27.549667 53.852538
27.550383 53.851932
27.55023 53.85189
27.549632 53.851778
27.549175 53.851663
27.548762 53.85148
27.548187 53.851116
27.547055 53.850196
27.546128 53.850283
27.54598 53.850257
27.546002 53.850163
27.546921 53.850075
27.545165 53.848446
27.544056 53.848963
27.542948 53.849447
27.542463 53.849671
27.541687 53.849981
27.541509 53.850029
27.538848 53.850469
27.539196 53.851329
27.540443 53.85129
27.540538 53.851276
27.540595 53.851299
27.540637 53.851285
27.540911 53.851284
27.54164 53.8512
27.541872 53.851208
27.541937 53.851255
27.542042 53.851441
27.542142 53.851875
27.542315 53.85209
27.542407 53.852105
27.542768 53.852081
27.54295 53.852038
27.543086 53.851954
27.543354 53.85182
27.543673 53.851776
27.543897 53.851683
27.544312 53.851429
27.544449 53.851413
27.54459 53.85143
27.545094 53.851653
27.545481 53.851921
27.54562 53.852107
27.545588 53.852245
27.545373 53.852432
27.545236 53.852453
27.544875 53.852419
27.544643 53.852424
27.54437 53.852497
27.544207 53.852601
27.544105 53.852681
27.543894 53.852839
27.543603 53.853015
27.543191 53.853184
27.542918 53.853248
27.542644 53.853278
27.542753 53.853494
27.542988 53.85374
27.543073 53.853902
27.543108 53.854252
27.543151 53.85436
27.543551 53.854833
27.543558 53.854843
27.543639 53.85491
27.543777 53.85497
27.544005 53.855016
27.544279 53.855031
27.544553 53.855014
27.544689 53.854982
27.544917 53.85492
27.545144 53.854899
27.545555 53.854888
27.545783 53.854891
27.54592 53.854929
27.546142 53.855045
27.54628 53.855091
27.546462 53.855093
27.546918 53.855055
27.547283 53.855037
27.547328 53.855037
27.547374 53.855037
27.54742 53.855037
27.547465 53.855037
27.547511 53.855036
27.547967 53.855012
27.548286 53.854999
27.548605 53.855007
27.54897 53.854992
27.549244 53.854961
27.549471 53.854933
27.549764 53.854889
27.549874 53.854889
27.549726 53.853684
BRUSH(1,0)
REGION 1
32
27.556279 53.854772
27.556366 53.854699
27.556652 53.854426
27.55659 53.854348
27.555032 53.853731
27.553774 53.853179
27.553449 53.853043
27.553319 53.852938
27.553021 53.852112
27.553 53.851972
27.552937 53.851786
27.550771 53.851957
27.550585 53.851985
27.550491 53.852064
27.550268 53.852225
27.549881 53.85255
27.54984 53.852656
27.549999 53.853614
27.552248 53.853435
27.552269 53.853548
27.550065 53.853732
27.549978 53.85376
27.549978 53.853787
27.550006 53.853922
27.550184 53.8548
27.550741 53.854921
27.552559 53.855283
27.554603 53.855193
27.554598 53.855099
27.555844 53.854987
27.556057 53.85496
27.556279 53.854772
BRUSH(1,0)
REGION 1
44
27.578253 53.849804
27.578119 53.849683
27.57775 53.8494
27.577585 53.849277
27.57739 53.849213
27.576549 53.849566
27.575353 53.85005
27.574955 53.850203
27.574686 53.850307
27.57449 53.850374
27.574353 53.850421
27.574202 53.850478
27.574062 53.85054
27.573956 53.850583
27.573816 53.850644
27.573672 53.850708
27.573334 53.851042
27.573671 53.851221
27.573735 53.851234
27.573823 53.851238
27.573956 53.851242
27.574149 53.851194
27.574347 53.851146
27.574521 53.85108
27.57471 53.851022
27.574876 53.850918
27.574971 53.850857
27.575107 53.850796
27.575225 53.850789
27.57532 53.850788
27.575415 53.850783
27.575608 53.85076
27.575756 53.850716
27.576002 53.850625
27.576123 53.850578
27.576203 53.850546
27.576312 53.850455
27.576391 53.850381
27.576508 53.85029
27.576609 53.8502
27.576711 53.850143
27.576775 53.850359
27.576974 53.850464
27.578253 53.849804
BRUSH(1,0)
REGION 1
63
27.578115 53.825818
27.578107 53.825794
27.578084 53.825445
27.578053 53.825392
27.577643 53.825432
27.577142 53.825477
27.577061 53.825345
27.576972 53.825387
27.57688 53.825396
27.576651 53.825298
27.576605 53.825215
27.576248 53.825257
27.576283 53.825327
27.576296 53.825489
27.576229 53.825536
27.576187 53.825529
27.57606 53.825469
27.576044 53.825386
27.575993 53.825225
27.575886 53.825151
27.57584 53.825167
27.575803 53.825273
27.575809 53.825383
27.575787 53.825464
27.575699 53.82546
27.575468 53.82549
27.575426 53.825465
27.575383 53.825385
27.575422 53.825193
27.575379 53.825088
27.57525 53.825028
27.575021 53.825017
27.57495 53.825058
27.574951 53.825139
27.574953 53.825301
27.574876 53.825571
27.574743 53.825572
27.574587 53.825543
27.574496 53.825616
27.574336 53.825569
27.574112 53.825552
27.574017 53.82558
27.573699 53.825649
27.573654 53.825701
27.57372 53.825835
27.573679 53.825943
27.57298 53.825946
27.572997 53.82576
27.572916 53.825679
27.572783 53.825686
27.572685 53.825761
27.5726 53.825977
27.572552 53.826034
27.572411 53.825987
27.57233 53.826548
27.572876 53.826469
27.573468 53.826385
27.573787 53.826334
27.57392 53.826318
27.57497 53.826133
27.575831 53.82601
27.576424 53.825985
27.578115 53.825818
BRUSH(1,0)
REGION 1
9
27.640499 53.967201
27.64022 53.96607
27.63995 53.965591
27.639679 53.964782
27.639405 53.964761
27.639389 53.964726
27.639008 53.964714
27.638921 53.967233
27.640499 53.967201
BRUSH(1,0)
REGION 1
54
27.639769 53.953864
27.640589 53.953529
27.640854 53.953415
27.641403 53.953188
27.641588 53.953086
27.641871 53.952862
27.642123 53.952631
27.642529 53.952215
27.642861 53.951726
27.643104 53.951432
27.643364 53.95095
27.643417 53.950637
27.643335 53.950276
27.643217 53.950034
27.64281 53.94951
27.642748 53.949481
27.642631 53.949504
27.642525 53.94961
27.642088 53.94995
27.641509 53.950218
27.640728 53.950463
27.638645 53.951126
27.637807 53.951394
27.63697 53.951703
27.636406 53.951964
27.634457 53.952924
27.634279 53.952993
27.632492 53.953778
27.631246 53.954285
27.630541 53.954527
27.628386 53.955218
27.627919 53.955344
27.627471 53.955446
27.626996 53.955502
27.625976 53.955566
27.625515 53.955609
27.624918 53.955684
27.624428 53.955766
27.623783 53.955956
27.624185 53.956392
27.624696 53.95694
27.625159 53.957397
27.62561 53.957765
27.626124 53.958017
27.626461 53.95812
27.626995 53.958214
27.627407 53.958252
27.62788 53.958275
27.628272 53.958248
27.628686 53.958187
27.629058 53.958086
27.630817 53.957438
27.63644 53.955263
27.639769 53.953864
BRUSH(1,0)
REGION 1
22
27.639685 53.948136
27.640993 53.947688
27.642217 53.947281
27.642627 53.947124
27.642819 53.946964
27.642889 53.946826
27.64303 53.946556
27.6433 53.945988
27.643867 53.944906
27.64407 53.944444
27.644383 53.94369
27.644466 53.943366
27.64452 53.942869
27.643693 53.943113
27.643272 53.943014
27.642244 53.943326
27.642062 53.943387
27.641308 53.943623
27.639625 53.944167
27.631602 53.946461
27.634253 53.949714
27.639685 53.948136
BRUSH(1,0)
REGION 1
29
27.639606 53.942798
27.641243 53.942286
27.642472 53.941917
27.644065 53.941444
27.644566 53.941308
27.644638 53.941268
27.644655 53.94113
27.644776 53.940781
27.644799 53.940568
27.644844 53.940244
27.644872 53.940078
27.644969 53.939672
27.644996 53.939432
27.644895 53.9393
27.644882 53.939187
27.644794 53.938866
27.644394 53.938354
27.644001 53.938037
27.643513 53.937774
27.641719 53.936981
27.640069 53.93641
27.63951 53.936221
27.639333 53.936125
27.635881 53.939232
27.633086 53.941705
27.633023 53.941805
27.632745 53.943216
27.63488 53.944169
27.639606 53.942798
BRUSH(1,0)
REGION 1
40
27.631388 53.935423
27.631504 53.935255
27.631822 53.934849
27.633076 53.935195
27.633311 53.935095
27.633439 53.935038
27.634036 53.934179
27.633973 53.934067
27.632733 53.933835
27.632755 53.933798
27.631769 53.933547
27.631679 53.933629
27.631105 53.933454
27.631116 53.933413
27.630264 53.933175
27.63029 53.933136
27.630019 53.933057
27.629962 53.933084
27.629503 53.93296
27.629521 53.9329
27.628398 53.932597
27.628132 53.932933
27.628656 53.933075
27.628466 53.933334
27.628402 53.933422
27.627753 53.934272
27.628452 53.93449
27.628396 53.934549
27.629401 53.93482
27.630233 53.933896
27.630489 53.933974
27.630229 53.93442
27.630175 53.934414
27.629782 53.934883
27.630463 53.9351
27.630894 53.934606
27.63105 53.934643
27.630651 53.935192
27.630814 53.935259
27.631388 53.935423
BRUSH(1,0)
REGION 1
9
27.628551 53.935272
27.628733 53.935351
27.628874 53.93527
27.629077 53.935089
27.628281 53.934769
27.627022 53.93431
27.626813 53.934374
27.627799 53.934864
27.628551 53.935272
BRUSH(1,0)
REGION 1
8
27.627956 53.935923
27.628658 53.935426
27.628347 53.935273
27.628115 53.935141
27.626611 53.934368
27.625967 53.934797
27.626801 53.935281
27.627956 53.935923
BRUSH(1,0)
REGION 1
8
27.627168 53.936498
27.627862 53.936004
27.626539 53.935283
27.626172 53.935047
27.625835 53.934878
27.625217 53.93529
27.625013 53.935413
27.627168 53.936498
BRUSH(1,0)
REGION 1
6
27.623942 53.935826
27.624692 53.935293
27.62355 53.934581
27.622719 53.935037
27.623085 53.935302
27.623942 53.935826
BRUSH(1,0)
REGION 1
11
27.622891 53.936387
27.623144 53.936268
27.623166 53.936228
27.62342 53.936087
27.62345 53.936103
27.623684 53.935964
27.622636 53.935304
27.622456 53.935173
27.622274 53.935306
27.621655 53.935674
27.622891 53.936387
BRUSH(1,0)
REGION 1
10
27.619828 53.936617
27.622076 53.935307
27.622355 53.935113
27.621687 53.934725
27.621357 53.934866
27.620979 53.935057
27.620542 53.935316
27.620399 53.935422
27.61922 53.936087
27.619828 53.936617
BRUSH(1,0)
REGION 1
22
27.616209 53.936511
27.618236 53.936001
27.618611 53.935859
27.619784 53.935319
27.621611 53.934202
27.622875 53.933418
27.623233 53.933211
27.623617 53.932886
27.624057 53.932484
27.624692 53.931642
27.622296 53.931006
27.62206 53.931275
27.621626 53.931853
27.621375 53.932137
27.619122 53.933486
27.617748 53.934331
27.617589 53.934397
27.61718 53.934534
27.615208 53.935031
27.615302 53.935217
27.615391 53.935343
27.616209 53.936511
BRUSH(1,0)
REGION 1
14
27.607469 53.938726
27.615758 53.936628
27.614942 53.935345
27.614906 53.935269
27.614347 53.934473
27.613548 53.933436
27.610422 53.934195
27.610803 53.934735
27.60957 53.935054
27.609098 53.934528
27.60574 53.935319
27.605551 53.935396
27.605093 53.935545
27.607469 53.938726
BRUSH(1,0)
REGION 1
29
27.606128 53.937757
27.604507 53.9356
27.602185 53.936183
27.602119 53.936103
27.60454 53.935498
27.603227 53.93367
27.601169 53.934316
27.601012 53.934249
27.603146 53.933524
27.602657 53.932904
27.602016 53.932248
27.600755 53.931013
27.596633 53.932505
27.596915 53.932811
27.598038 53.933894
27.597947 53.933935
27.596416 53.93245
27.600639 53.930903
27.600045 53.93034
27.598405 53.930925
27.597822 53.931171
27.595034 53.932211
27.597282 53.934289
27.597762 53.935437
27.598956 53.937059
27.598914 53.937105
27.599794 53.93858
27.600348 53.939254
27.606128 53.937757
BRUSH(1,0)
REGION 1
7
27.594614 53.935455
27.594893 53.935943
27.596841 53.935442
27.597072 53.935351
27.596712 53.934896
27.594358 53.935062
27.594614 53.935455
BRUSH(1,0)
REGION 1
7
27.593474 53.936294
27.594073 53.936143
27.593655 53.935459
27.593438 53.935163
27.592803 53.935227
27.592852 53.935463
27.593474 53.936294
BRUSH(1,0)
REGION 1
7
27.591262 53.935471
27.592142 53.936641
27.593348 53.936324
27.592701 53.935464
27.592595 53.935217
27.591334 53.935382
27.591262 53.935471
BRUSH(1,0)
REGION 1
10
27.591888 53.936739
27.590983 53.935474
27.591046 53.93537
27.589762 53.935329
27.589291 53.935342
27.588332 53.935434
27.588242 53.935486
27.588304 53.93613
27.589278 53.936019
27.591888 53.936739
BRUSH(1,0)
REGION 1
22
27.583965 53.935954
27.584328 53.936355
27.586027 53.936097
27.586044 53.935926
27.586047 53.935872
27.586111 53.935498
27.586116 53.935384
27.586408 53.935261
27.587014 53.935042
27.587332 53.934951
27.587515 53.934928
27.587698 53.934938
27.587881 53.934991
27.587969 53.93504
27.58814 53.935022
27.590584 53.934725
27.590514 53.934606
27.589805 53.933953
27.585499 53.935384
27.585117 53.935503
27.584787 53.935638
27.583965 53.935954
BRUSH(1,0)
REGION 1
10
27.583609 53.935668
27.58407 53.93551
27.584384 53.935378
27.591387 53.933017
27.591405 53.932956
27.587543 53.929118
27.584369 53.930017
27.579987 53.931345
27.579731 53.931895
27.583609 53.935668
BRUSH(1,0)
REGION 1
20
27.641722 53.90884
27.641722 53.908829
27.64132 53.908665
27.640329 53.908315
27.639338 53.907939
27.638286 53.907558
27.637274 53.908606
27.637385 53.908659
27.639088 53.909343
27.639158 53.909357
27.640563 53.909884
27.640674 53.909929
27.641121 53.909596
27.641889 53.909819
27.642621 53.909181
27.642685 53.909145
27.6427 53.909134
27.64221 53.908916
27.64174 53.908766
27.641722 53.90884
BRUSH(1,0)
REGION 1
15
27.639762 53.905789
27.639482 53.905652
27.639027 53.905486
27.637314 53.904804
27.63656 53.90533
27.636587 53.90535
27.637265 53.905627
27.637368 53.905672
27.637034 53.905993
27.638236 53.906463
27.638311 53.906422
27.638506 53.906257
27.638536 53.906226
27.639042 53.906476
27.639762 53.905789
BRUSH(1,0)
REGION 1
10
27.639894 53.905708
27.640028 53.905541
27.639124 53.905119
27.637724 53.90451
27.637419 53.904754
27.637779 53.904896
27.639026 53.905391
27.639347 53.905506
27.63989 53.905708
27.639894 53.905708
BRUSH(1,0)
REGION 1
54
27.643641 53.884697
27.642791 53.884515
27.6433 53.88324
27.643501 53.882466
27.642331 53.882056
27.642399 53.882013
27.642292 53.881971
27.642259 53.882014
27.641156 53.881498
27.640587 53.881272
27.638646 53.880431
27.638366 53.880538
27.638102 53.880436
27.637946 53.880385
27.637846 53.880336
27.637724 53.880287
27.637617 53.880256
27.637529 53.880225
27.636997 53.880021
27.636676 53.879917
27.6368 53.879773
27.635131 53.879021
27.634145 53.878613
27.632783 53.879744
27.631621 53.880694
27.631535 53.880807
27.631596 53.880832
27.630444 53.88171
27.63049 53.881741
27.632803 53.882649
27.633787 53.883062
27.633894 53.883131
27.63397 53.883142
27.63558 53.883759
27.635155 53.884092
27.635013 53.884043
27.634979 53.884057
27.63297 53.885686
27.633724 53.885981
27.634473 53.88627
27.634691 53.886073
27.634959 53.886186
27.635093 53.886257
27.633377 53.887622
27.634714 53.88829
27.634055 53.888846
27.634073 53.889001
27.633703 53.889251
27.635942 53.890208
27.636339 53.890408
27.638951 53.891535
27.640355 53.892056
27.640868 53.891074
27.643641 53.884697
BRUSH(1,0)
REGION 1
17
27.613514 53.890434
27.613509 53.890307
27.612817 53.890317
27.612653 53.890327
27.612082 53.890335
27.611329 53.890345
27.610093 53.890362
27.609416 53.890379
27.609419 53.890454
27.609549 53.891629
27.61099 53.891579
27.613218 53.891535
27.613241 53.891582
27.613576 53.891576
27.613611 53.891382
27.61358 53.891329
27.613514 53.890434
BRUSH(1,0)
REGION 1
10
27.609165 53.89039
27.608583 53.890386
27.608423 53.890396
27.606259 53.890438
27.606256 53.890469
27.606316 53.8913
27.606352 53.891723
27.6092 53.891646
27.609166 53.890608
27.609165 53.89039
BRUSH(1,0)
REGION 1
29
27.605958 53.89047
27.605833 53.889803
27.60556 53.886933
27.606158 53.886467
27.606199 53.886397
27.607152 53.885603
27.605683 53.885001
27.605358 53.884857
27.605084 53.884537
27.604978 53.884317
27.604468 53.884319
27.604432 53.884178
27.604667 53.884098
27.604498 53.883937
27.604254 53.883616
27.604081 53.883458
27.603948 53.883458
27.603637 53.883593
27.603442 53.883753
27.603356 53.883915
27.603317 53.884964
27.603263 53.887325
27.603383 53.888376
27.603487 53.889673
27.603532 53.890482
27.603687 53.891783
27.604102 53.891783
27.60601 53.891725
27.605958 53.89047
BRUSH(1,0)
REGION 1
31
27.596453 53.888444
27.595983 53.889216
27.595983 53.889218
27.596095 53.889318
27.595789 53.889792
27.595614 53.889802
27.595041 53.890798
27.594804 53.891256
27.595684 53.8914
27.597929 53.891785
27.598962 53.891926
27.598988 53.891863
27.599331 53.890393
27.599406 53.890287
27.599415 53.890166
27.599473 53.889914
27.599732 53.888714
27.599745 53.888583
27.599387 53.888554
27.599567 53.887721
27.599924 53.887728
27.600037 53.88728
27.600024 53.887183
27.599317 53.887236
27.599291 53.887288
27.598175 53.887152
27.598156 53.887192
27.597272 53.887057
27.596796 53.88791
27.59668 53.888086
27.596453 53.888444
BRUSH(1,0)
REGION 1
18
27.594911 53.890471
27.594989 53.890329
27.595048 53.890135
27.59526 53.889786
27.595421 53.889549
27.593826 53.889237
27.593228 53.889114
27.593161 53.889245
27.593106 53.889382
27.592923 53.8897
27.592878 53.889728
27.592718 53.889708
27.592359 53.890258
27.592184 53.890543
27.592052 53.890796
27.594407 53.891177
27.594567 53.890897
27.594911 53.890471
BRUSH(1,0)
REGION 1
13
27.592071 53.890536
27.592249 53.89023
27.592809 53.889424
27.593074 53.889007
27.5909 53.888548
27.589973 53.888372
27.589719 53.888738
27.589356 53.889236
27.589039 53.889683
27.588744 53.890175
27.590527 53.890543
27.591903 53.89079
27.592071 53.890536
BRUSH(1,0)
REGION 1
12
27.585478 53.889363
27.587657 53.890564
27.588871 53.89125
27.589514 53.891581
27.590042 53.891799
27.590508 53.891966
27.591107 53.892082
27.59181 53.890917
27.589204 53.8904
27.588319 53.890258
27.588037 53.890203
27.585478 53.889363
BRUSH(1,0)
REGION 1
8
27.584116 53.890341
27.583856 53.890493
27.583717 53.890574
27.583396 53.89078
27.583894 53.891057
27.584714 53.890623
27.584683 53.89057
27.584116 53.890341
BRUSH(1,0)
REGION 1
28
27.638566 53.875176
27.638956 53.875175
27.640267 53.874915
27.640052 53.874538
27.640157 53.87447
27.639659 53.873668
27.638545 53.873905
27.638193 53.873977
27.635632 53.874472
27.634566 53.874664
27.634422 53.874694
27.632488 53.875073
27.632574 53.875286
27.632529 53.875318
27.632763 53.875748
27.63332 53.876694
27.6335 53.876792
27.633708 53.876731
27.633913 53.876669
27.634 53.876632
27.634208 53.876537
27.634457 53.876385
27.634634 53.876263
27.634841 53.87612
27.634957 53.87598
27.63478 53.875812
27.637823 53.875299
27.638566 53.875176
BRUSH(1,0)
REGION 1
11
27.638816 53.87095
27.638501 53.870969
27.638122 53.871052
27.635874 53.871561
27.634372 53.871859
27.635432 53.873697
27.638535 53.873168
27.639064 53.873035
27.639806 53.872836
27.640535 53.872526
27.638816 53.87095
BRUSH(1,0)
REGION 1
12
27.638486 53.869954
27.641035 53.872215
27.643973 53.871002
27.646534 53.869988
27.643807 53.867568
27.641198 53.868641
27.642269 53.869622
27.642069 53.869699
27.641043 53.868698
27.638482 53.869716
27.63831 53.869761
27.638486 53.869954
BRUSH(1,0)
REGION 1
9
27.638478 53.869573
27.638994 53.869385
27.639606 53.869157
27.640977 53.868588
27.639579 53.867319
27.638449 53.867736
27.636774 53.868397
27.638179 53.86964
27.638478 53.869573
BRUSH(1,0)
REGION 1
11
27.639078 53.866872
27.641106 53.866054
27.640785 53.865961
27.640286 53.865865
27.639642 53.865725
27.639367 53.865611
27.639206 53.865507
27.639063 53.865339
27.63842 53.865585
27.637913 53.865747
27.639078 53.866872
BRUSH(1,0)
REGION 1
6
27.638419 53.865488
27.640504 53.8647
27.638375 53.862798
27.635859 53.863752
27.637832 53.865675
27.638419 53.865488
BRUSH(1,0)
REGION 1
59
27.638371 53.862573
27.640149 53.861842
27.640161 53.861838
27.641277 53.861317
27.642588 53.861099
27.643185 53.859365
27.643154 53.859048
27.642772 53.8587
27.642254 53.858305
27.639923 53.857123
27.638999 53.856575
27.638276 53.856197
27.637445 53.855718
27.637429 53.855691
27.637171 53.855731
27.635082 53.856104
27.63351 53.856539
27.633276 53.856624
27.633143 53.85666
27.633166 53.856685
27.633396 53.856774
27.633706 53.856927
27.634451 53.85776
27.634856 53.857962
27.635816 53.858358
27.636413 53.858631
27.636738 53.858767
27.636902 53.858858
27.636953 53.858966
27.63698 53.859265
27.636983 53.859505
27.637033 53.859777
27.637012 53.85991
27.637013 53.859991
27.636995 53.860396
27.636975 53.86056
27.636818 53.861046
27.636656 53.861398
27.636303 53.861775
27.635761 53.862426
27.634827 53.863323
27.633066 53.864985
27.632987 53.865091
27.636571 53.868268
27.638258 53.867641
27.639184 53.867321
27.639947 53.867067
27.641109 53.866544
27.641842 53.866228
27.641179 53.86609
27.639015 53.866978
27.638433 53.866419
27.635567 53.863801
27.635664 53.863712
27.638297 53.862709
27.637868 53.862224
27.637167 53.861575
27.637308 53.861547
27.638371 53.862573
BRUSH(1,0)
REGION 1
103
27.620194 53.854219
27.62026 53.854075
27.615903 53.852853
27.614572 53.854491
27.613082 53.856286
27.618203 53.857731
27.618664 53.85724
27.619404 53.857459
27.619352 53.857516
27.618749 53.857352
27.618236 53.857917
27.613275 53.856519
27.610866 53.859486
27.610844 53.859546
27.615767 53.860947
27.615088 53.861713
27.615001 53.861691
27.61545 53.86116
27.615353 53.861008
27.61125 53.859812
27.611017 53.859725
27.610712 53.859655
27.608433 53.862455
27.608412 53.862547
27.611594 53.863442
27.611771 53.86327
27.612545 53.863482
27.612819 53.863152
27.612964 53.863192
27.612507 53.863756
27.612519 53.863795
27.61773 53.865684
27.61779 53.865628
27.618817 53.864761
27.61924 53.8643
27.619356 53.864138
27.619377 53.864003
27.619309 53.863787
27.619124 53.863273
27.618936 53.862899
27.618873 53.862708
27.618794 53.862522
27.618655 53.862304
27.618533 53.862035
27.6183 53.861665
27.618412 53.861507
27.618492 53.86121
27.618602 53.860913
27.618646 53.860775
27.618827 53.860127
27.618827 53.860075
27.618743 53.860035
27.618606 53.860049
27.618287 53.860046
27.61815 53.860043
27.617917 53.859976
27.617714 53.859851
27.617498 53.859661
27.617443 53.8595
27.617529 53.859394
27.617746 53.859125
27.618101 53.858689
27.618296 53.858436
27.618393 53.858344
27.618567 53.858257
27.618791 53.858225
27.619023 53.858248
27.619661 53.858441
27.619903 53.858628
27.620078 53.858648
27.620405 53.858673
27.620435 53.858632
27.620453 53.858556
27.620467 53.858502
27.620527 53.858416
27.620595 53.858368
27.620632 53.858337
27.620818 53.858259
27.621227 53.858192
27.621545 53.858058
27.621808 53.857868
27.622066 53.857543
27.622275 53.85722
27.622563 53.856895
27.622857 53.856677
27.623584 53.856431
27.623689 53.856354
27.623718 53.856275
27.623778 53.855922
27.623857 53.855842
27.624038 53.855767
27.624585 53.855693
27.624737 53.855676
27.624987 53.85565
27.624994 53.855628
27.624811 53.855559
27.624468 53.855448
27.624055 53.855324
27.623502 53.855154
27.622815 53.854975
27.62175 53.85465
27.621441 53.854571
27.620194 53.854219
BRUSH(1,0)
REGION 1
23
27.614072 53.853137
27.613743 53.853028
27.613792 53.852956
27.613696 53.852914
27.614073 53.852431
27.614133 53.85237
27.611908 53.851703
27.606598 53.850227
27.606288 53.850622
27.605372 53.851701
27.604088 53.853359
27.604206 53.853581
27.607323 53.854525
27.610791 53.855508
27.610837 53.855537
27.611738 53.855785
27.611828 53.855692
27.612143 53.855358
27.612146 53.855292
27.611985 53.855217
27.612056 53.855147
27.612335 53.855224
27.614072 53.853137
BRUSH(1,0)
REGION 1
53
27.606833 53.854527
27.606299 53.854384
27.606097 53.854322
27.604471 53.853838
27.604162 53.853725
27.604074 53.853701
27.603894 53.853352
27.604283 53.852864
27.604077 53.852811
27.603964 53.852884
27.60314 53.852634
27.603388 53.852491
27.604376 53.852747
27.604593 53.852453
27.604667 53.852341
27.605575 53.851217
27.605683 53.851088
27.605904 53.85084
27.606244 53.85044
27.606491 53.850185
27.601871 53.848867
27.601081 53.849145
27.596505 53.854578
27.595588 53.85563
27.59563 53.855659
27.59764 53.85621
27.59764 53.856207
27.597881 53.856267
27.597862 53.856276
27.60123 53.857197
27.601197 53.85726
27.595509 53.855737
27.593345 53.858304
27.600098 53.86025
27.60108 53.859147
27.601155 53.859019
27.602341 53.859375
27.602563 53.859133
27.602665 53.859153
27.602535 53.859318
27.60706 53.860645
27.60706 53.860649
27.607812 53.860866
27.609144 53.859233
27.605646 53.858239
27.605582 53.858316
27.605571 53.858322
27.605075 53.858186
27.605086 53.858181
27.605228 53.858007
27.609234 53.85912
27.611824 53.855989
27.606833 53.854527
BRUSH(1,0)
REGION 1
31
27.638929 53.848946
27.639281 53.848866
27.639917 53.848678
27.639634 53.848354
27.639026 53.845801
27.638862 53.845003
27.638684 53.844065
27.638639 53.843364
27.638519 53.842239
27.638476 53.841617
27.638335 53.841322
27.638178 53.841257
27.638049 53.841246
27.637784 53.841018
27.637492 53.841049
27.63744 53.840863
27.637808 53.840836
27.637856 53.840766
27.637834 53.840043
27.632929 53.840022
27.632929 53.841027
27.632998 53.841332
27.633493 53.843242
27.63367 53.843917
27.634165 53.845805
27.634338 53.846444
27.634853 53.84835
27.635029 53.848987
27.635104 53.849195
27.635472 53.849149
27.638929 53.848946
BRUSH(1,0)
REGION 1
33
27.643516 53.839883
27.64416 53.839774
27.644985 53.83984
27.645004 53.837656
27.644151 53.837477
27.643022 53.837422
27.643027 53.83751
27.642571 53.837526
27.642666 53.83894
27.642525 53.83893
27.642462 53.83805
27.642375 53.837545
27.642327 53.837176
27.642275 53.836752
27.641524 53.836772
27.641599 53.837454
27.637991 53.837545
27.637352 53.837522
27.636756 53.837507
27.634651 53.837462
27.633769 53.837462
27.633507 53.837457
27.632869 53.83746
27.632868 53.837629
27.632868 53.837681
27.632882 53.83835
27.63289 53.838397
27.632918 53.838955
27.632922 53.839002
27.632973 53.839622
27.632998 53.839752
27.638029 53.839842
27.643516 53.839883
BRUSH(1,0)
REGION 1
12
27.637989 53.837419
27.639016 53.837432
27.639642 53.837388
27.641524 53.837322
27.641429 53.836775
27.640359 53.836819
27.639569 53.836843
27.639516 53.836843
27.637982 53.836927
27.637841 53.836921
27.637879 53.837413
27.637989 53.837419
BRUSH(1,0)
REGION 1
7
27.639184 53.836722
27.639293 53.836404
27.639357 53.836161
27.637971 53.836233
27.63782 53.836238
27.637839 53.836806
27.639184 53.836722
BRUSH(1,0)
REGION 1
13
27.640051 53.836048
27.640029 53.835664
27.639289 53.835665
27.639211 53.835549
27.637962 53.835558
27.637661 53.835547
27.637675 53.835684
27.637688 53.835821
27.63777 53.835964
27.63781 53.836101
27.63838 53.836099
27.63895 53.836074
27.640051 53.836048
BRUSH(1,0)
REGION 1
35
27.642257 53.834785
27.639214 53.834756
27.63877 53.834767
27.637816 53.83473
27.637585 53.834736
27.63507 53.834698
27.634941 53.834712
27.633504 53.834681
27.6329 53.834676
27.632885 53.835676
27.632882 53.8368
27.632906 53.836898
27.633248 53.83691
27.633252 53.837141
27.633491 53.837145
27.633481 53.837203
27.635654 53.837227
27.635772 53.837238
27.635765 53.837283
27.637706 53.837299
27.637721 53.836499
27.637363 53.836468
27.637382 53.835395
27.637959 53.835385
27.639437 53.835384
27.639448 53.835606
27.639706 53.835596
27.639772 53.835238
27.641482 53.83529
27.643684 53.83526
27.643793 53.834911
27.642827 53.834815
27.642829 53.834728
27.642259 53.834699
27.642257 53.834785
BRUSH(1,0)
REGION 7
40
27.701074 53.956591
27.701189 53.956457
27.701237 53.956338
27.70225 53.954997
27.703165 53.953706
27.703519 53.953243
27.704181 53.950374
27.701371 53.949502
27.700967 53.949293
27.700624 53.949695
27.700615 53.949165
27.700107 53.94901
27.696376 53.947981
27.695773 53.948679
27.695702 53.948729
27.695118 53.949411
27.694442 53.950258
27.693584 53.951225
27.693126 53.951659
27.69261 53.952309
27.692122 53.952797
27.69207 53.952849
27.691958 53.952982
27.691522 53.953394
27.691182 53.953823
27.690934 53.954072
27.690751 53.954286
27.690764 53.954392
27.690826 53.954448
27.693003 53.955024
27.692758 53.955437
27.692748 53.955506
27.694165 53.955714
27.694613 53.955377
27.696926 53.956344
27.697107 53.956441
27.698905 53.957148
27.700262 53.957118
27.700743 53.95672
27.701074 53.956591
7
27.700696 53.953927
27.700815 53.953972
27.70085 53.954025
27.700847 53.954039
27.700742 53.954572
27.700709 53.954662
27.700696 53.953927
6
27.700876 53.950425
27.701163 53.950517
27.701738 53.950698
27.701599 53.950818
27.700745 53.950549
27.700876 53.950425
7
27.700673 53.952592
27.701228 53.952735
27.700886 53.953886
27.700695 53.953828
27.700689 53.953495
27.700683 53.953131
27.700673 53.952592
8
27.700628 53.949943
27.700863 53.949669
27.701001 53.9497
27.701118 53.949661
27.702022 53.949921
27.701425 53.950477
27.700633 53.950242
27.700628 53.949943
7
27.700656 53.951561
27.7036 53.952442
27.70362 53.952469
27.703459 53.952637
27.703012 53.953019
27.700671 53.95246
27.700656 53.951561
27
27.70064 53.950633
27.700961 53.950716
27.700953 53.950712
27.701268 53.950815
27.701593 53.950913
27.701593 53.950906
27.701991 53.951029
27.701983 53.951029
27.70229 53.951115
27.70229 53.951108
27.703317 53.951502
27.703574 53.951593
27.703585 53.951586
27.703669 53.952042
27.703467 53.95205
27.703435 53.951913
27.703292 53.952051
27.703264 53.952184
27.703264 53.952202
27.703219 53.952213
27.702851 53.952099
27.70251 53.951968
27.700653 53.951399
27.700648 53.951095
27.700642 53.950757
27.700641 53.950702
27.70064 53.950633
BRUSH(1,0)
REGION 1
18
27.701402 53.942249
27.700486 53.941941
27.699301 53.941624
27.697562 53.941048
27.696446 53.940305
27.695431 53.939738
27.69432 53.939342
27.692823 53.939101
27.691229 53.938957
27.689377 53.938929
27.688981 53.940674
27.687737 53.942061
27.686395 53.943448
27.686625 53.943541
27.692368 53.945329
27.697391 53.946602
27.697675 53.946295
27.701402 53.942249
BRUSH(1,0)
REGION 1
101
27.697115 53.939755
27.697104 53.939744
27.696641 53.939594
27.696544 53.939518
27.696599 53.939358
27.696556 53.939302
27.696551 53.939221
27.696743 53.938609
27.696801 53.93844
27.696542 53.938408
27.695084 53.938268
27.694568 53.937898
27.694732 53.93767
27.694697 53.937596
27.694849 53.936867
27.694851 53.936521
27.694847 53.936476
27.694819 53.936417
27.694946 53.936253
27.694977 53.93601
27.694958 53.935524
27.694934 53.935473
27.694888 53.935451
27.694789 53.935456
27.694656 53.935452
27.694246 53.935549
27.694063 53.935563
27.693743 53.935538
27.693657 53.935431
27.693625 53.935296
27.693613 53.935242
27.693527 53.935166
27.693583 53.935053
27.693662 53.935012
27.69407 53.935033
27.694298 53.935018
27.694615 53.935039
27.694891 53.935129
27.695024 53.935146
27.695165 53.935103
27.695241 53.935114
27.695382 53.935126
27.695927 53.935132
27.696251 53.935142
27.696334 53.93511
27.696416 53.935004
27.696462 53.934985
27.696687 53.935004
27.696914 53.934945
27.696994 53.934904
27.697049 53.934468
27.69715 53.934404
27.698994 53.934506
27.699291 53.934486
27.699577 53.934491
27.699718 53.934526
27.699795 53.934582
27.699773 53.934827
27.701081 53.93482
27.701078 53.934602
27.701011 53.933735
27.700344 53.933476
27.699141 53.933025
27.698809 53.932986
27.698421 53.932989
27.697995 53.933007
27.697506 53.933104
27.697309 53.933173
27.696341 53.933567
27.696083 53.933645
27.695541 53.933765
27.695039 53.933812
27.692783 53.933637
27.691989 53.933924
27.690976 53.934359
27.69035 53.934713
27.690069 53.934943
27.689942 53.935085
27.689708 53.935462
27.689612 53.936182
27.689405 53.93732
27.689241 53.938503
27.689314 53.938579
27.68941 53.938599
27.690092 53.938651
27.690599 53.938669
27.691237 53.938737
27.691744 53.93879
27.691973 53.938798
27.692381 53.938841
27.693071 53.938893
27.6938 53.938956
27.694262 53.939001
27.694624 53.939028
27.694903 53.939083
27.69522 53.939144
27.695729 53.939287
27.696178 53.93952
27.696582 53.939736
27.696886 53.939975
27.697115 53.939755
BRUSH(1,0)
REGION 1
75
27.682996 53.93498
27.682838 53.935363
27.682757 53.935552
27.6824 53.936361
27.682278 53.936578
27.68204 53.936957
27.681936 53.937121
27.681684 53.937366
27.681322 53.937853
27.681114 53.938176
27.680814 53.938476
27.68027 53.939072
27.680095 53.939314
27.680016 53.939643
27.680052 53.939964
27.680271 53.94034
27.680399 53.940503
27.6807 53.940767
27.681181 53.941081
27.681853 53.941419
27.682451 53.941641
27.682638 53.941691
27.683002 53.941795
27.685118 53.942394
27.686393 53.942792
27.686539 53.942658
27.686871 53.942227
27.687213 53.941899
27.687476 53.941657
27.688019 53.941032
27.688371 53.940625
27.688567 53.940247
27.688681 53.939763
27.688814 53.939005
27.688811 53.938816
27.688862 53.938651
27.688851 53.938465
27.688931 53.938168
27.688972 53.937871
27.689043 53.937331
27.689144 53.936685
27.689177 53.936602
27.689187 53.936521
27.689276 53.935871
27.689296 53.935684
27.68942 53.935306
27.689623 53.934942
27.689727 53.93482
27.689873 53.934676
27.690102 53.934472
27.690377 53.934286
27.690323 53.934262
27.688955 53.934166
27.688966 53.93411
27.689213 53.934124
27.690398 53.934192
27.690546 53.934162
27.69132 53.933782
27.69163 53.933652
27.691664 53.933625
27.69166 53.933605
27.688978 53.933445
27.685598 53.933224
27.685191 53.933249
27.684822 53.933267
27.684397 53.933364
27.68406 53.933485
27.683989 53.933521
27.683853 53.933598
27.683687 53.933725
27.683538 53.933872
27.683411 53.934027
27.683167 53.93448
27.682977 53.93498
27.682996 53.93498
BRUSH(1,0)
REGION 1
54
27.653635 53.935141
27.652415 53.93515
27.65232 53.93515
27.648426 53.935171
27.648331 53.935172
27.644898 53.93519
27.64514 53.93412
27.645153 53.934063
27.644624 53.934017
27.644574 53.93399
27.644559 53.933964
27.644596 53.933909
27.645036 53.933036
27.645283 53.932758
27.643614 53.93239
27.642425 53.9352
27.642393 53.936209
27.643217 53.936771
27.644035 53.936974
27.645054 53.937123
27.645496 53.937413
27.645914 53.938081
27.646163 53.939264
27.645913 53.940121
27.645897 53.941135
27.646343 53.941937
27.64673 53.941846
27.647369 53.941755
27.647776 53.941737
27.648557 53.941744
27.649424 53.94184
27.650248 53.941912
27.650751 53.941937
27.652033 53.942092
27.652357 53.942094
27.652582 53.942116
27.653085 53.942077
27.653407 53.942019
27.654352 53.941574
27.654663 53.94141
27.65507 53.94106
27.655173 53.940843
27.655379 53.940058
27.655585 53.939326
27.65575 53.938626
27.655815 53.938356
27.65605 53.937546
27.65626 53.937111
27.657111 53.936097
27.657086 53.936014
27.656024 53.935717
27.655941 53.935811
27.655244 53.935599
27.653635 53.935141
BRUSH(1,0)
REGION 1
15
27.689095 53.88956
27.691824 53.88767
27.691861 53.8876
27.691685 53.887507
27.68727 53.885259
27.684917 53.884106
27.684795 53.884071
27.684659 53.884083
27.684042 53.884484
27.678212 53.888772
27.68092 53.890069
27.685274 53.892115
27.685457 53.892132
27.685567 53.892118
27.689095 53.88956
BRUSH(1,0)
REGION 1
14
27.674348 53.890106
27.671052 53.8884
27.670254 53.88795
27.668969 53.888892
27.668873 53.889028
27.668859 53.889136
27.670096 53.888288
27.671154 53.888849
27.672701 53.889559
27.67364 53.890109
27.676387 53.891602
27.676863 53.891898
27.677255 53.891647
27.674348 53.890106
BRUSH(1,0)
REGION 1
6
27.67324 53.889986
27.673013 53.890114
27.671264 53.891267
27.67215 53.891783
27.674129 53.890476
27.67324 53.889986
BRUSH(1,0)
REGION 1
7
27.672816 53.890114
27.673152 53.889919
27.67227 53.889438
27.671235 53.890123
27.670232 53.890725
27.671175 53.89122
27.672816 53.890114
BRUSH(1,0)
REGION 1
7
27.670984 53.890124
27.672095 53.889424
27.671156 53.888936
27.669181 53.89018
27.670155 53.890689
27.670934 53.89017
27.670984 53.890124
BRUSH(1,0)
REGION 1
9
27.668905 53.890138
27.668598 53.889955
27.668132 53.889782
27.667837 53.890144
27.666045 53.892143
27.666843 53.891649
27.667385 53.891246
27.668992 53.890226
27.668905 53.890138
BRUSH(1,0)
REGION 1
8
27.667719 53.890144
27.668074 53.889754
27.667404 53.889433
27.666682 53.89015
27.663988 53.893098
27.665023 53.893173
27.665943 53.89217
27.667719 53.890144
BRUSH(1,0)
REGION 1
14
27.667072 53.889615
27.666675 53.8895
27.665717 53.889953
27.665545 53.890156
27.664668 53.891151
27.664757 53.891209
27.664855 53.891896
27.664755 53.892085
27.664594 53.892252
27.664395 53.892386
27.664162 53.892558
27.663877 53.89282
27.663912 53.893093
27.667072 53.889615
BRUSH(1,0)
REGION 1
9
27.665663 53.889926
27.666456 53.889544
27.666217 53.889359
27.665376 53.889521
27.664603 53.890161
27.664296 53.890448
27.664666 53.890778
27.664876 53.890811
27.665663 53.889926
BRUSH(1,0)
REGION 1
6
27.657644 53.889522
27.656842 53.889446
27.656632 53.890207
27.65638 53.891192
27.657199 53.891282
27.657644 53.889522
BRUSH(1,0)
REGION 1
7
27.656477 53.890208
27.6567 53.889429
27.655851 53.889357
27.655656 53.890212
27.655431 53.891128
27.656221 53.891188
27.656477 53.890208
BRUSH(1,0)
REGION 1
16
27.655772 53.889317
27.655188 53.889259
27.654939 53.889276
27.65234 53.889169
27.651307 53.888745
27.651092 53.889072
27.650062 53.890242
27.648564 53.891794
27.648988 53.891908
27.649912 53.892182
27.651473 53.890383
27.651622 53.890412
27.653074 53.890839
27.655303 53.891106
27.655443 53.890402
27.655772 53.889317
BRUSH(1,0)
REGION 1
35
27.699331 53.872193
27.700212 53.871658
27.701399 53.87097
27.701701 53.870806
27.701931 53.870715
27.70275 53.870562
27.704479 53.870187
27.705708 53.869951
27.705829 53.869914
27.70545 53.86911
27.705205 53.86876
27.705162 53.868738
27.704976 53.868775
27.703568 53.869152
27.702249 53.869454
27.701158 53.869739
27.700797 53.869759
27.700524 53.86981
27.700263 53.869951
27.699305 53.870658
27.696348 53.872645
27.696177 53.872639
27.696082 53.872665
27.69602 53.872777
27.69604 53.872885
27.696237 53.873044
27.696365 53.873198
27.69664 53.873327
27.696842 53.873312
27.697045 53.87323
27.697276 53.873182
27.697539 53.873227
27.697735 53.873361
27.697859 53.873241
27.699331 53.872193
BRUSH(1,0)
REGION 1
17
27.699303 53.870482
27.700028 53.869977
27.700058 53.869952
27.699905 53.869886
27.699775 53.869833
27.699656 53.86977
27.699295 53.869994
27.698727 53.870355
27.697443 53.871297
27.697392 53.87145
27.697311 53.871581
27.696871 53.871894
27.696812 53.871982
27.696859 53.872056
27.697265 53.871826
27.698138 53.871253
27.699303 53.870482
BRUSH(1,0)
REGION 1
29
27.699487 53.869681
27.700535 53.869606
27.700652 53.869542
27.700736 53.869326
27.700748 53.869112
27.700687 53.868895
27.700503 53.868601
27.700453 53.868545
27.699635 53.868743
27.699275 53.868838
27.697255 53.869358
27.696367 53.86962
27.69658 53.870102
27.69667 53.870245
27.696877 53.870394
27.697084 53.870499
27.697929 53.870845
27.698485 53.870453
27.698925 53.870147
27.698913 53.870109
27.698847 53.870062
27.698733 53.870015
27.698236 53.870103
27.697767 53.87023
27.697575 53.870325
27.697422 53.87027
27.69746 53.870232
27.699227 53.86983
27.699487 53.869681
BRUSH(1,0)
REGION 1
14
27.699207 53.86467
27.699285 53.864654
27.699669 53.864645
27.700185 53.863435
27.700232 53.863334
27.699495 53.86316
27.699843 53.862338
27.699469 53.862253
27.69952 53.862122
27.699287 53.862065
27.699159 53.862034
27.69885 53.862397
27.697802 53.864732
27.699207 53.86467
BRUSH(1,0)
REGION 1
18
27.698679 53.842888
27.698403 53.842977
27.697598 53.8432
27.697698 53.843484
27.697521 53.844274
27.697354 53.844715
27.697225 53.845693
27.697964 53.84833
27.697996 53.848413
27.698932 53.848266
27.700874 53.848039
27.702259 53.847853
27.701594 53.846173
27.701506 53.846086
27.704208 53.845625
27.702755 53.841867
27.701456 53.842151
27.698679 53.842888
BRUSH(1,0)
REGION 1
35
27.697789 53.843017
27.70016 53.842352
27.701938 53.841854
27.703768 53.841292
27.704363 53.841179
27.70478 53.841118
27.70608 53.840892
27.706668 53.840794
27.707126 53.840693
27.707014 53.840399
27.70656 53.839004
27.706092 53.837844
27.706034 53.837597
27.705632 53.837454
27.705311 53.837336
27.704272 53.836583
27.702764 53.83558
27.701407 53.835775
27.697091 53.836471
27.694233 53.836813
27.694179 53.836939
27.694318 53.83803
27.695169 53.840112
27.696138 53.841272
27.698808 53.84085
27.699652 53.840703
27.69984 53.840603
27.699926 53.840701
27.699844 53.840827
27.698444 53.84109
27.69816 53.841141
27.696232 53.841429
27.697556 53.842957
27.697656 53.843008
27.697789 53.843017
BRUSH(1,0)
REGION 1
20
27.701398 53.934879
27.70149 53.934996
27.701798 53.935163
27.702119 53.935235
27.703084 53.935353
27.704592 53.93536
27.706017 53.935387
27.706249 53.935399
27.707483 53.935412
27.707558 53.935373
27.707504 53.935333
27.707523 53.935308
27.707585 53.93484
27.707641 53.934276
27.707633 53.934276
27.707641 53.934054
27.701452 53.933702
27.701349 53.933682
27.701344 53.934601
27.701398 53.934879
BRUSH(1,0)
REGION 1
17
27.722013 53.935213
27.721754 53.934702
27.721602 53.934487
27.721382 53.934298
27.721367 53.934304
27.721133 53.934189
27.720858 53.934125
27.719975 53.934184
27.719395 53.934311
27.719711 53.934765
27.719939 53.93485
27.720932 53.935255
27.721398 53.935538
27.721766 53.93567
27.722041 53.935723
27.722178 53.935713
27.722013 53.935213
BRUSH(1,0)
REGION 1
8
27.722402 53.935673
27.723247 53.934743
27.723183 53.934521
27.72183 53.934212
27.721747 53.934478
27.72204 53.93503
27.722182 53.935324
27.722402 53.935673
BRUSH(1,0)
REGION 1
14
27.713773 53.85394
27.713415 53.853735
27.713104 53.853568
27.711126 53.853748
27.711398 53.854446
27.711526 53.854839
27.711873 53.854861
27.712832 53.854898
27.714334 53.854883
27.714376 53.854696
27.714347 53.854561
27.714066 53.854347
27.714237 53.854139
27.713773 53.85394
BRUSH(1,0)
REGION 1
10
27.715011 53.853885
27.715012 53.853932
27.715024 53.854096
27.714937 53.85411
27.715013 53.854553
27.715943 53.854471
27.715836 53.854195
27.715727 53.853928
27.715718 53.853863
27.715011 53.853885
BRUSH(1,0)
REGION 1
18
27.719094 53.853908
27.718827 53.853125
27.71852 53.852313
27.717682 53.852255
27.71694 53.852188
27.715638 53.852104
27.715606 53.852686
27.715633 53.852937
27.715674 53.853297
27.715972 53.853927
27.716 53.854037
27.716265 53.854602
27.716342 53.8549
27.717068 53.854896
27.718243 53.854851
27.71915 53.854728
27.719434 53.854684
27.719094 53.853908
BRUSH(1,0)
REGION 1
48
27.720149 53.853704
27.719653 53.852709
27.719577 53.852305
27.719524 53.852114
27.719488 53.851764
27.718888 53.850118
27.718487 53.848947
27.718457 53.848736
27.718132 53.847802
27.718091 53.847823
27.717726 53.847861
27.717454 53.847928
27.717375 53.848005
27.717374 53.84814
27.717499 53.848543
27.71769 53.849268
27.717936 53.850051
27.718035 53.850242
27.718131 53.850536
27.718169 53.850753
27.71878 53.852638
27.718924 53.853039
27.719154 53.85355
27.719275 53.853907
27.719328 53.854017
27.719552 53.854449
27.719726 53.854824
27.719946 53.855254
27.720372 53.856144
27.720466 53.856278
27.720521 53.856386
27.720721 53.856951
27.72091 53.857352
27.72099 53.857595
27.721075 53.857675
27.721167 53.857706
27.721227 53.857867
27.721381 53.858163
27.722678 53.857967
27.722582 53.857706
27.722457 53.857494
27.722302 53.857357
27.722073 53.857269
27.721865 53.857149
27.721632 53.856853
27.721458 53.856477
27.720853 53.855114
27.720149 53.853704
BRUSH(1,0)
