VERSION 300
DELIMITER ","
 CoordSys Earth Projection 1, 1001                                                                                                                                                                      
COLUMNS 3
    название char(64)
    ID decimal(11,0)
    HEIGHTS_M_ decimal(9,1)
DATA
REGION 1
114
27.673773 53.844198
27.673881 53.84427
27.674762 53.84473
27.674796 53.844761
27.675071 53.844856
27.675527 53.844858
27.675923 53.844687
27.676091 53.844525
27.676222 53.844355
27.676306 53.844175
27.676484 53.843637
27.676599 53.843466
27.676666 53.843385
27.676763 53.843312
27.677002 53.84308
27.677131 53.843032
27.677578 53.842946
27.678049 53.842952
27.678491 53.843046
27.679044 53.843214
27.679327 53.843291
27.679598 53.843375
27.680876 53.843718
27.681024 53.843742
27.68186 53.843978
27.682134 53.844057
27.682287 53.844076
27.682438 53.844057
27.683304 53.84383
27.683456 53.843813
27.684171 53.843621
27.684462 53.843554
27.684742 53.843478
27.685169 53.843366
27.68529 53.843311
27.685368 53.843232
27.685351 53.842859
27.685323 53.842767
27.685261 53.842682
27.685043 53.842135
27.68496 53.841959
27.68481 53.8416
27.684744 53.841515
27.684339 53.841374
27.684194 53.841343
27.684076 53.841287
27.68353 53.841109
27.683407 53.841053
27.682702 53.840855
27.682178 53.840651
27.681231 53.840345
27.680666 53.840188
27.680128 53.839989
27.679987 53.839956
27.679835 53.839953
27.67971 53.840012
27.679483 53.840262
27.679339 53.840292
27.679187 53.840284
27.678626 53.840126
27.678322 53.840121
27.678198 53.84018
27.678115 53.840261
27.678067 53.840349
27.677978 53.840426
27.677643 53.840843
27.677418 53.841085
27.67739 53.841175
27.677395 53.841265
27.67767 53.841346
27.678535 53.841541
27.679088 53.841718
27.679683 53.841831
27.679954 53.84192
27.680114 53.841952
27.680251 53.842001
27.680552 53.84206
27.680987 53.842183
27.68114 53.8422
27.681548 53.842324
27.6817 53.84235
27.681971 53.842441
27.682124 53.842471
27.682369 53.842584
27.682344 53.842674
27.682254 53.842751
27.682102 53.842759
27.68195 53.842742
27.681252 53.842543
27.681099 53.842515
27.680393 53.842317
27.680241 53.842289
27.679985 53.842191
27.679681 53.842164
27.679238 53.842027
27.678639 53.841882
27.678215 53.841752
27.677766 53.841676
27.677488 53.841603
27.677358 53.841552
27.677213 53.841522
27.677061 53.841511
27.676932 53.841562
27.676877 53.841647
27.676353 53.842113
27.676192 53.842267
27.67597 53.842405
27.675375 53.842938
27.674797 53.843368
27.674684 53.843432
27.674286 53.843764
27.673881 53.844045
27.673798 53.844122
27.673773 53.844198
BRUSH(1,0)
REGION 1
14
27.680023 53.843822
27.679945 53.843939
27.68009 53.843974
27.680546 53.844032
27.680825 53.844123
27.68094 53.844187
27.681093 53.844218
27.681252 53.844219
27.681404 53.844236
27.681548 53.844206
27.681441 53.844137
27.680553 53.843951
27.680282 53.843867
27.680023 53.843822
BRUSH(1,0)
REGION 1
12
27.697672 53.833723
27.697575 53.833795
27.697587 53.833885
27.697672 53.833961
27.698021 53.834154
27.698325 53.834182
27.698477 53.834158
27.698529 53.834075
27.698508 53.833985
27.698045 53.833741
27.697907 53.833697
27.697672 53.833723
BRUSH(1,0)
REGION 1
8
27.680177 53.830631
27.680388 53.830978
27.680473 53.831054
27.680601 53.831004
27.680426 53.830749
27.680406 53.830659
27.680336 53.830577
27.680177 53.830631
BRUSH(1,0)
REGION 1
17
27.677738 53.829104
27.677812 53.829023
27.677746 53.828943
27.676547 53.828711
27.676395 53.828703
27.676257 53.828659
27.676105 53.828635
27.675977 53.828694
27.676028 53.828779
27.676636 53.82883
27.676788 53.828856
27.677022 53.828983
27.677146 53.828924
27.677291 53.828956
27.677525 53.829076
27.677669 53.829109
27.677738 53.829104
BRUSH(1,0)
REGION 1
10
27.677845 53.828479
27.677702 53.828512
27.677612 53.828589
27.67761 53.828692
27.677836 53.828816
27.677988 53.828845
27.678028 53.828755
27.677898 53.828706
27.677892 53.828522
27.677845 53.828479
BRUSH(1,0)
REGION 1
54
27.677363 53.828004
27.677226 53.827957
27.677073 53.827936
27.676638 53.828039
27.676327 53.828034
27.676175 53.828015
27.675462 53.827835
27.67531 53.82784
27.675174 53.827879
27.675023 53.827902
27.674711 53.827893
27.674255 53.827851
27.674118 53.827806
27.674006 53.827742
27.674029 53.827474
27.673885 53.827504
27.673831 53.827684
27.67371 53.827743
27.673403 53.82777
27.673282 53.827827
27.673223 53.827912
27.673072 53.82794
27.672454 53.828222
27.672439 53.828272
27.67244 53.828312
27.672507 53.828491
27.67258 53.828545
27.672633 53.82854
27.672878 53.828429
27.673108 53.828304
27.673244 53.828263
27.673364 53.828201
27.674064 53.828004
27.674375 53.828009
27.67452 53.82804
27.674831 53.828054
27.675606 53.828041
27.675743 53.828082
27.675684 53.828168
27.675399 53.828397
27.675284 53.828577
27.675263 53.828665
27.67537 53.828734
27.675522 53.828719
27.676061 53.828249
27.676185 53.828186
27.676321 53.828147
27.676473 53.828141
27.677063 53.828259
27.677215 53.828272
27.677367 53.828264
27.677423 53.828179
27.677421 53.828084
27.677363 53.828004
BRUSH(1,0)
REGION 1
7
27.658561 53.838874
27.658545 53.838838
27.658419 53.838799
27.658306 53.838851
27.658342 53.838934
27.658486 53.838946
27.658561 53.838874
BRUSH(1,0)
REGION 1
59
27.6581 53.823536
27.658105 53.823574
27.658125 53.82363
27.658136 53.823645
27.65814 53.823668
27.658152 53.823686
27.658161 53.823746
27.658196 53.823805
27.658273 53.823867
27.658288 53.823885
27.658296 53.823905
27.658311 53.823921
27.658377 53.823963
27.658407 53.823974
27.65843 53.82399
27.658492 53.824063
27.658515 53.824077
27.658549 53.824088
27.658592 53.824117
27.658627 53.824168
27.658634 53.824188
27.658708 53.82428
27.658754 53.824309
27.65877 53.824327
27.658823 53.824356
27.65885 53.824367
27.658869 53.824385
27.658908 53.824436
27.658943 53.824468
27.658955 53.824503
27.65897 53.824521
27.658989 53.824535
27.65902 53.824543
27.659054 53.824548
27.659084 53.824545
27.659111 53.824534
27.659126 53.824518
27.659125 53.82446
27.659116 53.824419
27.659063 53.824368
27.659055 53.82435
27.658847 53.824187
27.658824 53.824169
27.658724 53.82406
27.658638 53.823953
27.658611 53.823915
27.658538 53.823845
27.65848 53.823774
27.65843 53.823722
27.658418 53.823684
27.658406 53.823666
27.658386 53.82359
27.658366 53.823554
27.658347 53.823536
27.65832 53.823523
27.658294 53.823514
27.658229 53.823506
27.658134 53.823508
27.6581 53.823536
BRUSH(1,0)
REGION 1
52
27.643072 53.82231
27.643084 53.822395
27.643066 53.822433
27.643063 53.822472
27.643063 53.822489
27.64309 53.822498
27.643124 53.822498
27.643154 53.822502
27.643363 53.822486
27.643522 53.822456
27.643552 53.822444
27.64362 53.82243
27.643681 53.822412
27.643756 53.822374
27.643782 53.822313
27.643781 53.822293
27.643789 53.822274
27.643792 53.822214
27.643795 53.822196
27.643782 53.822079
27.643753 53.822021
27.643716 53.82199
27.643669 53.821914
27.643661 53.821896
27.643646 53.821878
27.643619 53.821869
27.643451 53.821874
27.643384 53.821886
27.643305 53.821922
27.643281 53.821938
27.643217 53.821956
27.643172 53.821986
27.643147 53.821993
27.643082 53.821995
27.643014 53.821987
27.642953 53.821969
27.642869 53.82194
27.642837 53.821934
27.64277 53.821932
27.642747 53.821943
27.642748 53.822008
27.642756 53.822026
27.642821 53.8221
27.642883 53.822147
27.642899 53.822165
27.642921 53.822176
27.642956 53.822212
27.643014 53.822234
27.643037 53.822247
27.643048 53.822263
27.643057 53.822308
27.643072 53.82231
BRUSH(1,0)
REGION 1
32
27.647514 53.825615
27.647542 53.825624
27.647639 53.825623
27.647849 53.825613
27.647883 53.825608
27.647898 53.82559
27.647894 53.825572
27.64792 53.825561
27.648079 53.825513
27.648147 53.825506
27.64836 53.8255
27.64842 53.825488
27.648451 53.825477
27.648458 53.825459
27.648453 53.825439
27.64843 53.825426
27.648403 53.825417
27.648351 53.825388
27.648288 53.825368
27.648258 53.825364
27.648095 53.825369
27.64803 53.82538
27.64796 53.825401
27.64786 53.825426
27.647767 53.825443
27.647698 53.825445
27.647532 53.825469
27.647466 53.825482
27.647444 53.825496
27.647452 53.825552
27.647479 53.825586
27.647514 53.825615
BRUSH(1,0)
REGION 1
25
27.642156 53.826019
27.642191 53.826016
27.642217 53.826007
27.642228 53.825971
27.64223 53.825926
27.64222 53.82578
27.642238 53.825679
27.642233 53.825623
27.642204 53.825616
27.642067 53.825619
27.641934 53.825615
27.641904 53.825618
27.641881 53.825634
27.64187 53.825654
27.641871 53.825735
27.641882 53.825908
27.641877 53.825944
27.641879 53.825982
27.641875 53.826
27.641883 53.826018
27.641906 53.826031
27.641941 53.826035
27.642005 53.826031
27.642145 53.826016
27.642156 53.826019
BRUSH(1,0)
REGION 1
25
27.658447 53.822166
27.658459 53.822184
27.658509 53.82221
27.658539 53.822203
27.658572 53.822131
27.65859 53.822095
27.658597 53.822057
27.658596 53.822001
27.658626 53.821927
27.658641 53.821909
27.658646 53.821796
27.658646 53.821758
27.65863 53.821742
27.658604 53.821734
27.658573 53.821732
27.658551 53.821743
27.658551 53.821761
27.658586 53.821792
27.658593 53.821812
27.658595 53.821886
27.658561 53.82194
27.658511 53.822096
27.658484 53.822109
27.658458 53.822145
27.658447 53.822166
BRUSH(1,0)
REGION 1
63
27.658907 53.820508
27.658937 53.820508
27.658964 53.820501
27.65899 53.820487
27.659001 53.820471
27.659004 53.820415
27.659012 53.820397
27.659007 53.820321
27.658975 53.820267
27.658944 53.820231
27.658914 53.8202
27.658894 53.82016
27.658894 53.820142
27.658878 53.820104
27.658866 53.820066
27.658854 53.820048
27.658846 53.819991
27.658835 53.819758
27.658842 53.81972
27.658889 53.81963
27.658934 53.81958
27.658976 53.819548
27.659009 53.819514
27.659016 53.819494
27.659016 53.819451
27.659041 53.819355
27.65904 53.819276
27.659075 53.819134
27.659098 53.819101
27.659095 53.818968
27.659085 53.818797
27.659074 53.81878
27.659054 53.818766
27.659028 53.818757
27.658963 53.818758
27.658948 53.818776
27.658941 53.818794
27.65895 53.81887
27.658962 53.818951
27.658969 53.819115
27.658907 53.819284
27.658877 53.819322
27.658852 53.819401
27.658853 53.819461
27.658846 53.819544
27.658847 53.819562
27.658824 53.819599
27.658817 53.819639
27.658788 53.8197
27.658769 53.819718
27.658751 53.819756
27.658732 53.819772
27.658714 53.819817
27.65872 53.819963
27.658733 53.820051
27.658733 53.820071
27.658745 53.820089
27.658772 53.820149
27.658796 53.820185
27.658804 53.820205
27.658838 53.820236
27.658857 53.82025
27.658907 53.820508
BRUSH(1,0)
REGION 1
21
27.658924 53.818655
27.659018 53.818641
27.65909 53.818606
27.659109 53.818591
27.659123 53.818573
27.659115 53.818537
27.659092 53.818499
27.659065 53.818467
27.659049 53.818429
27.659048 53.818373
27.659032 53.818337
27.659002 53.818328
27.658972 53.818329
27.658949 53.818342
27.658915 53.818372
27.658921 53.818509
27.658918 53.818547
27.658907 53.818565
27.658926 53.818601
27.658923 53.818621
27.658924 53.818655
BRUSH(1,0)
REGION 1
76
27.658673 53.817921
27.658703 53.81793
27.658734 53.81793
27.65876 53.817919
27.658786 53.817865
27.658777 53.817791
27.658715 53.817724
27.658684 53.817647
27.658671 53.817589
27.658664 53.817569
27.658647 53.817511
27.658592 53.817392
27.658565 53.817356
27.658546 53.817311
27.65852 53.81715
27.658493 53.817094
27.658404 53.817002
27.658319 53.816884
27.658284 53.81685
27.658231 53.816823
27.658192 53.816792
27.65815 53.816752
27.658111 53.816718
27.658049 53.816629
27.658034 53.816613
27.657991 53.816539
27.65796 53.816504
27.657921 53.816427
27.657827 53.816291
27.657766 53.816242
27.657708 53.816175
27.657589 53.816079
27.657546 53.816023
27.657527 53.816007
27.657492 53.815929
27.657476 53.815889
27.657457 53.815875
27.65743 53.815864
27.657335 53.815851
27.65724 53.815849
27.657206 53.815852
27.657149 53.815866
27.657145 53.815884
27.657165 53.815899
27.657226 53.815924
27.657253 53.815937
27.657283 53.81597
27.657342 53.816042
27.657376 53.816071
27.65743 53.816147
27.657481 53.816196
27.657519 53.816254
27.657539 53.81627
27.657627 53.816335
27.657685 53.816391
27.65775 53.81644
27.657871 53.81663
27.657921 53.816706
27.657957 53.816787
27.658034 53.816863
27.658115 53.816974
27.65815 53.817008
27.658162 53.817026
27.658204 53.817057
27.658219 53.817077
27.658309 53.817238
27.658325 53.817279
27.658376 53.817364
27.658442 53.817509
27.658454 53.817525
27.658509 53.81766
27.658514 53.8177
27.658584 53.817852
27.658596 53.817868
27.658615 53.817886
27.658673 53.817921
BRUSH(1,0)
REGION 1
68
27.708245 53.832089
27.70712 53.832082
27.706968 53.832321
27.706923 53.832533
27.70697 53.832834
27.707033 53.832995
27.707201 53.833262
27.707438 53.833505
27.707656 53.83361
27.708159 53.833712
27.708297 53.833754
27.708386 53.83383
27.708345 53.833907
27.708347 53.833992
27.708521 53.834178
27.708622 53.834285
27.708648 53.834503
27.708711 53.834608
27.708862 53.83474
27.709168 53.835118
27.709372 53.835229
27.70945 53.835341
27.709479 53.835503
27.709591 53.836015
27.709716 53.836182
27.710084 53.836412
27.710336 53.836648
27.710555 53.836802
27.710692 53.836819
27.711054 53.836842
27.71147 53.836965
27.711608 53.836989
27.711596 53.836965
27.711442 53.836864
27.711255 53.836809
27.710938 53.836773
27.710615 53.836732
27.710492 53.836672
27.710387 53.836536
27.709993 53.836194
27.709974 53.836188
27.709754 53.835971
27.70969 53.835782
27.709707 53.835677
27.709677 53.835513
27.709736 53.835407
27.710054 53.835313
27.710159 53.835236
27.710145 53.835099
27.710055 53.834962
27.710001 53.834695
27.709831 53.834507
27.70977 53.834321
27.709635 53.834185
27.709452 53.833916
27.709321 53.833818
27.709184 53.833808
27.709122 53.83377
27.709152 53.833718
27.709325 53.833629
27.709369 53.833523
27.709334 53.833305
27.709222 53.833196
27.708962 53.833078
27.708611 53.832811
27.70841 53.832623
27.708274 53.832246
27.708245 53.832089
BRUSH(1,0)
REGION 1
105
27.722444 53.813457
27.722379 53.813458
27.721868 53.813553
27.721686 53.813568
27.72137 53.813542
27.721143 53.813575
27.720781 53.813719
27.72043 53.813901
27.720113 53.814204
27.719868 53.814349
27.719773 53.814543
27.719801 53.814835
27.719927 53.81505
27.720074 53.815458
27.720479 53.815804
27.720647 53.816019
27.720688 53.816208
27.720682 53.816747
27.720734 53.817098
27.720707 53.817262
27.720769 53.817554
27.720856 53.817742
27.72117 53.818118
27.721338 53.818362
27.721396 53.818631
27.721567 53.818846
27.721583 53.818897
27.721482 53.818974
27.72112 53.819125
27.72103 53.819202
27.720971 53.819315
27.720858 53.819387
27.720844 53.819441
27.720885 53.819632
27.720809 53.81979
27.720714 53.819826
27.720486 53.819812
27.72035 53.819858
27.720132 53.820014
27.719676 53.820201
27.719449 53.820252
27.719379 53.82036
27.719242 53.82039
27.719015 53.820403
27.718958 53.82045
27.718922 53.820556
27.718845 53.820696
27.718815 53.820705
27.718694 53.820762
27.718425 53.820811
27.718289 53.820828
27.718143 53.820943
27.718208 53.820974
27.718481 53.820966
27.718804 53.820964
27.718982 53.820895
27.719153 53.820732
27.719335 53.820677
27.71941 53.82063
27.719595 53.820552
27.719909 53.82051
27.720091 53.820441
27.720296 53.820251
27.720604 53.820041
27.721147 53.819828
27.721402 53.819642
27.721633 53.819585
27.721761 53.819519
27.722017 53.819169
27.722289 53.818653
27.722347 53.818468
27.722433 53.818196
27.722589 53.817788
27.722612 53.817599
27.722566 53.817332
27.722496 53.816815
27.722421 53.816469
27.722464 53.816332
27.722502 53.816087
27.72236 53.81582
27.722167 53.815633
27.722113 53.815174
27.722 53.815013
27.721862 53.814911
27.721589 53.814728
27.721534 53.814647
27.721529 53.814569
27.721636 53.814379
27.721846 53.814268
27.722345 53.814128
27.722507 53.814039
27.722595 53.814061
27.722827 53.814075
27.7231 53.814049
27.723692 53.814014
27.723966 53.814012
27.724239 53.814011
27.724873 53.813996
27.725283 53.813971
27.726012 53.813953
27.726334 53.813908
27.726589 53.81372
27.727089 53.813429
27.725631 53.813438
27.722444 53.813457
BRUSH(1,0)
REGION 1
14
27.705298 53.865975
27.705271 53.866191
27.705291 53.866242
27.705387 53.866273
27.70557 53.866279
27.70563 53.866225
27.705694 53.865957
27.70569 53.865766
27.705629 53.865712
27.705404 53.865718
27.705344 53.865765
27.705298 53.865952
27.705302 53.865981
27.705298 53.865975
BRUSH(1,0)
REGION 1
5
27.700194 53.862851
27.701125 53.863
27.701276 53.862739
27.700322 53.862569
27.700194 53.862851
BRUSH(1,0)
REGION 1
18
27.69807 53.854898
27.698293 53.854839
27.69852 53.854772
27.698842 53.854705
27.698859 53.854597
27.6986 53.854356
27.698467 53.854303
27.6981 53.854388
27.69774 53.854462
27.697377 53.85454
27.697275 53.854579
27.697284 53.85466
27.697427 53.854841
27.697566 53.854935
27.697695 53.854952
27.69771 53.854957
27.697725 53.854952
27.69807 53.854898
BRUSH(1,0)
REGION 1
26
27.637403 53.852024
27.637416 53.851835
27.637301 53.851512
27.637219 53.851404
27.637086 53.851385
27.636717 53.851394
27.636584 53.851365
27.636477 53.851289
27.636406 53.851155
27.636416 53.851018
27.636328 53.850989
27.636097 53.851033
27.635736 53.851055
27.635691 53.851109
27.635763 53.851349
27.635867 53.851673
27.635903 53.851834
27.635967 53.852052
27.636099 53.852213
27.636194 53.852246
27.636921 53.852332
27.637107 53.85232
27.63724 53.85229
27.637382 53.8521
27.6374 53.852048
27.637403 53.852024
BRUSH(1,0)
REGION 1
15
27.525913 53.851274
27.526328 53.851385
27.526694 53.851442
27.526782 53.851448
27.526823 53.851423
27.526769 53.85134
27.526494 53.851238
27.525991 53.851107
27.525529 53.850916
27.525399 53.850849
27.525392 53.850903
27.525549 53.851064
27.525748 53.851191
27.525905 53.851265
27.525913 53.851274
BRUSH(1,0)
REGION 1
17
27.52732 53.850989
27.527258 53.850854
27.527147 53.850749
27.527059 53.850723
27.526964 53.850754
27.526938 53.850806
27.526768 53.850897
27.526742 53.850953
27.526804 53.851032
27.526854 53.851115
27.526862 53.851167
27.526958 53.851191
27.52714 53.851156
27.527276 53.851109
27.527295 53.851057
27.527313 53.850996
27.52732 53.850989
BRUSH(1,0)
REGION 1
14
27.526244 53.848144
27.526108 53.848181
27.525893 53.848343
27.52586 53.848476
27.525922 53.848559
27.526154 53.848608
27.526291 53.848603
27.526359 53.84856
27.526385 53.848508
27.526247 53.848403
27.526212 53.848349
27.526287 53.848214
27.526252 53.848153
27.526244 53.848144
BRUSH(1,0)
REGION 1
25
27.534176 53.838321
27.534132 53.838184
27.534135 53.838076
27.534229 53.83797
27.534145 53.837939
27.53405 53.837957
27.53382 53.838116
27.533547 53.838202
27.53346 53.838254
27.533473 53.838387
27.533327 53.838579
27.533176 53.838741
27.533082 53.838818
27.533056 53.83887
27.53314 53.838913
27.533232 53.838912
27.53342 53.838786
27.533689 53.838654
27.533867 53.83864
27.534141 53.838677
27.534236 53.838658
27.534262 53.83855
27.534207 53.838364
27.534176 53.838326
27.534176 53.838321
BRUSH(1,0)
REGION 1
19
27.529 53.835381
27.528905 53.835395
27.528891 53.835448
27.528957 53.835612
27.528921 53.835774
27.528952 53.835855
27.52906 53.835929
27.529197 53.835962
27.52974 53.83589
27.530013 53.835851
27.530081 53.835801
27.53008 53.835695
27.530033 53.835612
27.529907 53.835557
27.529721 53.83554
27.529268 53.835548
27.529127 53.835511
27.529012 53.835392
27.529 53.835381
BRUSH(1,0)
REGION 1
22
27.528479 53.832522
27.528764 53.832527
27.529079 53.832481
27.529079 53.832425
27.529021 53.832376
27.528468 53.832151
27.527919 53.831998
27.527416 53.831856
27.527191 53.831828
27.527096 53.831839
27.526994 53.831914
27.527029 53.831997
27.527202 53.832158
27.52729 53.832194
27.527336 53.832275
27.527338 53.832407
27.52738 53.832463
27.5277 53.832494
27.528156 53.832514
27.528426 53.832522
27.528472 53.832522
27.528479 53.832522
BRUSH(1,0)
REGION 1
22
27.548189 53.830616
27.548248 53.830478
27.548218 53.830157
27.548151 53.829941
27.54802 53.829804
27.547661 53.829631
27.547245 53.8295
27.546655 53.829365
27.546518 53.829354
27.546306 53.829474
27.546107 53.829666
27.546089 53.829747
27.546163 53.829936
27.546444 53.830229
27.54675 53.83044
27.546954 53.830601
27.547058 53.830789
27.547195 53.830813
27.547602 53.830825
27.548106 53.830683
27.548189 53.830634
27.548189 53.830616
BRUSH(1,0)
REGION 1
22
27.529992 53.82654
27.529949 53.826434
27.529907 53.826378
27.529674 53.826307
27.529446 53.826302
27.52931 53.826329
27.529253 53.826379
27.529202 53.826541
27.529222 53.826701
27.529273 53.826808
27.529507 53.826998
27.529683 53.827083
27.529751 53.827096
27.529778 53.827101
27.529861 53.82706
27.529982 53.827001
27.530119 53.826994
27.530156 53.82694
27.530117 53.826859
27.530005 53.826697
27.529992 53.826547
27.529992 53.82654
BRUSH(1,0)
REGION 1
26
27.521858 53.827893
27.521267 53.828064
27.520724 53.82844
27.520614 53.828517
27.520206 53.828683
27.51966 53.828815
27.519559 53.828897
27.519498 53.828978
27.51951 53.82903
27.519632 53.829101
27.519819 53.829134
27.520093 53.829126
27.520729 53.828968
27.521138 53.828825
27.521547 53.82867
27.521998 53.828498
27.522584 53.828221
27.522772 53.828058
27.522756 53.827948
27.52269 53.827905
27.522641 53.827874
27.522408 53.827781
27.522317 53.827781
27.521908 53.827873
27.521877 53.827889
27.521858 53.827893
BRUSH(1,0)
REGION 1
25
27.572931 53.816271
27.573014 53.8163
27.573102 53.816309
27.573231 53.816254
27.573358 53.816119
27.573395 53.81601
27.573454 53.815902
27.573461 53.815819
27.573388 53.815741
27.573296 53.815716
27.573114 53.815733
27.57303 53.81569
27.57296 53.815585
27.572903 53.815536
27.572816 53.815545
27.572726 53.815681
27.57275 53.815761
27.572785 53.815813
27.573059 53.815884
27.573109 53.815937
27.573076 53.816073
27.572922 53.816172
27.572896 53.816226
27.572908 53.816258
27.572931 53.816271
BRUSH(1,0)
REGION 1
18
27.540233 53.827114
27.540259 53.827057
27.540338 53.826951
27.540314 53.826871
27.54023 53.82679
27.540142 53.826752
27.539914 53.826731
27.539819 53.82676
27.539797 53.826841
27.539836 53.826947
27.539887 53.827084
27.539888 53.827189
27.539938 53.827243
27.540079 53.827261
27.540215 53.827224
27.540245 53.827143
27.540245 53.827123
27.540233 53.827114
BRUSH(1,0)
REGION 1
60
27.53338 53.829517
27.534362 53.829916
27.534598 53.829942
27.534681 53.82991
27.534736 53.829773
27.53476 53.829478
27.534799 53.829208
27.534878 53.8288
27.534895 53.828638
27.53487 53.828477
27.534786 53.828371
27.534694 53.828333
27.534462 53.828309
27.534283 53.828295
27.533594 53.828225
27.533229 53.828146
27.53269 53.827867
27.532461 53.827803
27.532137 53.82775
27.531548 53.827696
27.531225 53.827713
27.531088 53.827721
27.530818 53.827659
27.530596 53.827547
27.530366 53.827364
27.530092 53.827324
27.529864 53.827301
27.529583 53.827218
27.529402 53.827165
27.529086 53.827113
27.528626 53.827115
27.528307 53.827098
27.527717 53.826988
27.527027 53.82684
27.526525 53.826777
27.526205 53.826738
27.525935 53.826692
27.525478 53.826646
27.525247 53.826676
27.524929 53.826792
27.524774 53.826928
27.524551 53.827019
27.524525 53.8271
27.524549 53.827154
27.524855 53.82733
27.525127 53.827494
27.525188 53.827531
27.525374 53.827578
27.526013 53.827616
27.526561 53.827694
27.527522 53.827994
27.527931 53.82815
27.528483 53.828271
27.529305 53.828389
27.530036 53.828521
27.530448 53.828589
27.530676 53.828647
27.531862 53.829022
27.53264 53.829235
27.53338 53.829517
BRUSH(1,0)
REGION 3
102
27.609868 53.874203
27.61014 53.874087
27.610506 53.873849
27.610758 53.873661
27.611078 53.87339
27.611564 53.873039
27.611929 53.872774
27.612218 53.872503
27.612712 53.87212
27.613068 53.871768
27.61341 53.871442
27.613556 53.871279
27.613638 53.871146
27.614014 53.870794
27.614514 53.870357
27.614737 53.870268
27.614968 53.870233
27.615561 53.870212
27.615835 53.870218
27.616062 53.870136
27.61625 53.869948
27.616316 53.869784
27.616461 53.869515
27.616635 53.869164
27.616863 53.868866
27.616976 53.868789
27.617526 53.868647
27.618072 53.86854
27.618345 53.868492
27.618432 53.868464
27.618712 53.86811
27.618886 53.867734
27.618959 53.86749
27.619092 53.867218
27.61909 53.867058
27.618978 53.866951
27.618887 53.866953
27.618664 53.867069
27.618477 53.867234
27.618323 53.867449
27.618156 53.867719
27.617981 53.868019
27.617835 53.868155
27.617612 53.868246
27.617202 53.868345
27.616971 53.868411
27.616698 53.868473
27.616475 53.868562
27.616392 53.868643
27.616352 53.868724
27.616293 53.868884
27.616261 53.869049
27.616221 53.869211
27.616158 53.869317
27.615997 53.869507
27.615782 53.869618
27.615187 53.869776
27.614595 53.869887
27.614277 53.869996
27.614175 53.870076
27.614052 53.870213
27.613889 53.870302
27.613777 53.87041
27.613664 53.87049
27.613542 53.87076
27.613386 53.871055
27.612802 53.871762
27.612667 53.871925
27.612585 53.872033
27.612269 53.872273
27.611914 53.872473
27.611533 53.872699
27.610758 53.873079
27.610486 53.873193
27.610237 53.873344
27.609953 53.873751
27.609872 53.87394
27.609725 53.874078
27.609348 53.874309
27.608812 53.874595
27.608279 53.87489
27.607735 53.87516
27.607565 53.875244
27.607156 53.875402
27.606862 53.875583
27.606497 53.87585
27.606384 53.875988
27.606359 53.876069
27.60647 53.876136
27.606607 53.876171
27.606744 53.876161
27.606975 53.876115
27.607277 53.875938
27.607486 53.875589
27.607682 53.875457
27.608449 53.875116
27.608849 53.874856
27.609298 53.874568
27.609604 53.874402
27.609845 53.874246
27.609868 53.87421
27.609868 53.874203
8
27.615746 53.870106
27.615776 53.870052
27.615931 53.870022
27.616023 53.87003
27.616009 53.870105
27.615899 53.87015
27.615792 53.870151
27.615746 53.870106
8
27.610404 53.873629
27.610338 53.873567
27.610416 53.87342
27.610603 53.87341
27.61068 53.873482
27.610666 53.873601
27.610576 53.873667
27.610404 53.873629
BRUSH(1,0)
REGION 5
84
27.62547 53.855672
27.625042 53.855787
27.624522 53.855844
27.624096 53.855846
27.623953 53.855959
27.623911 53.856213
27.623865 53.856465
27.623536 53.856606
27.623207 53.85672
27.622874 53.856808
27.621754 53.858048
27.621327 53.858246
27.620857 53.85836
27.620668 53.858447
27.620621 53.858616
27.620623 53.858755
27.62077 53.858979
27.620677 53.859119
27.619181 53.86095
27.619088 53.861119
27.619141 53.8614
27.619932 53.863753
27.620029 53.863894
27.620407 53.864004
27.62079 53.864198
27.621127 53.864392
27.621319 53.86456
27.621274 53.86487
27.621087 53.865067
27.620853 53.865207
27.620663 53.865265
27.620425 53.865322
27.62019 53.865436
27.620144 53.865634
27.6201 53.865773
27.619818 53.866056
27.619725 53.866196
27.619727 53.866308
27.619917 53.866336
27.620061 53.866279
27.620341 53.866193
27.621512 53.865065
27.621606 53.864925
27.621697 53.86467
27.621649 53.864446
27.621502 53.864278
27.621359 53.864112
27.621216 53.863944
27.621259 53.863746
27.621351 53.863467
27.62149 53.863381
27.621584 53.863297
27.621677 53.863128
27.62163 53.863043
27.621484 53.862904
27.6212 53.86271
27.620957 53.86243
27.620812 53.862149
27.620663 53.861786
27.620755 53.861531
27.620931 53.861335
27.621094 53.861062
27.62151 53.860554
27.621898 53.860044
27.622326 53.859639
27.622496 53.859519
27.622612 53.859381
27.623436 53.858498
27.624215 53.857628
27.62458 53.857312
27.624905 53.857218
27.624921 53.857218
27.62511 53.857133
27.625489 53.857102
27.625582 53.856906
27.625624 53.856652
27.62562 53.856317
27.625711 53.856092
27.625948 53.855836
27.626134 53.855527
27.626137 53.855507
27.625917 53.855433
27.625867 53.855484
27.62547 53.855672
13
27.620195 53.863198
27.620032 53.863242
27.619914 53.863204
27.619924 53.863137
27.620037 53.863044
27.620203 53.862969
27.620401 53.862957
27.620435 53.862936
27.620632 53.862931
27.620581 53.863034
27.620509 53.863122
27.620385 53.863184
27.620195 53.863198
12
27.620495 53.863727
27.620296 53.86369
27.620201 53.863623
27.620169 53.863513
27.620167 53.863419
27.620292 53.863382
27.620441 53.863375
27.620597 53.863417
27.620599 53.863536
27.62063 53.863639
27.620613 53.86372
27.620495 53.863727
14
27.624597 53.856871
27.624684 53.856828
27.624865 53.856741
27.624951 53.856664
27.624969 53.85657
27.625059 53.856504
27.625296 53.856568
27.625314 53.856748
27.625282 53.85693
27.6251 53.856974
27.624831 53.857018
27.624599 53.857019
27.624526 53.856966
27.624597 53.856871
21
27.620896 53.863323
27.620906 53.863195
27.620821 53.863083
27.620808 53.863009
27.620704 53.862899
27.620714 53.8628
27.620774 53.862707
27.620941 53.8627
27.62109 53.862737
27.621289 53.862858
27.621309 53.862952
27.621292 53.863051
27.621305 53.863211
27.621231 53.863303
27.621224 53.863389
27.621171 53.863438
27.621077 53.863502
27.620963 53.863509
27.620921 53.863446
27.620908 53.863386
27.620896 53.863323
BRUSH(1,0)
REGION 1
37
27.603231 53.878351
27.602844 53.878704
27.602554 53.878885
27.602141 53.878993
27.602024 53.879063
27.601873 53.879201
27.601859 53.879282
27.60189 53.879333
27.602027 53.879375
27.60239 53.87943
27.602663 53.879395
27.602939 53.879276
27.60321 53.879057
27.603408 53.878762
27.60353 53.878491
27.603666 53.87845
27.603803 53.878411
27.603942 53.878273
27.604031 53.878084
27.604337 53.877934
27.604697 53.877824
27.604904 53.8777
27.605164 53.877516
27.605449 53.877164
27.605613 53.876891
27.605634 53.876783
27.605504 53.876723
27.605367 53.876724
27.60528 53.876747
27.605114 53.876875
27.604708 53.877257
27.604369 53.877464
27.604025 53.877672
27.603554 53.878023
27.603272 53.878238
27.603231 53.878344
27.603231 53.878351
BRUSH(1,0)
REGION 1
13
27.633853 53.865228
27.633975 53.8653
27.634066 53.865295
27.634138 53.865258
27.634149 53.865204
27.634106 53.865124
27.634022 53.865077
27.633934 53.865071
27.633839 53.865084
27.633806 53.865136
27.633833 53.865217
27.633853 53.865231
27.633853 53.865228
BRUSH(1,0)
REGION 1
6
27.627451 53.888285
27.627685 53.888106
27.627314 53.887982
27.627115 53.888147
27.627447 53.888278
27.627451 53.888285
BRUSH(1,0)
REGION 1
6
27.627218 53.887942
27.626912 53.887817
27.626721 53.887987
27.627019 53.888098
27.627207 53.88794
27.627218 53.887942
BRUSH(1,0)
REGION 1
6
27.626602 53.887931
27.626613 53.887931
27.626806 53.887786
27.626545 53.887678
27.626338 53.887825
27.626602 53.887931
BRUSH(1,0)
REGION 1
12
27.585246 53.876226
27.585227 53.876228
27.585263 53.876358
27.585387 53.876571
27.585402 53.876576
27.585474 53.876512
27.58548 53.876431
27.585497 53.87624
27.585462 53.876162
27.585389 53.876122
27.585294 53.876144
27.585246 53.876226
BRUSH(1,0)
REGION 1
20
27.538715 53.855541
27.538788 53.855581
27.539108 53.855631
27.539383 53.855704
27.539702 53.855734
27.540067 53.855742
27.540204 53.855725
27.540223 53.855698
27.540131 53.855683
27.54004 53.855688
27.539812 53.855664
27.539766 53.855664
27.539584 53.85567
27.539401 53.855625
27.539126 53.855521
27.538989 53.855517
27.538852 53.85552
27.538761 53.855514
27.538719 53.855532
27.538715 53.855541
BRUSH(1,0)
REGION 1
17
27.5577 53.856568
27.557672 53.856514
27.557535 53.856465
27.557444 53.856463
27.557315 53.85652
27.557141 53.856618
27.557062 53.856667
27.557032 53.856721
27.557048 53.856775
27.557121 53.856824
27.557259 53.856885
27.55735 53.856864
27.557383 53.856783
27.557439 53.856729
27.557666 53.85662
27.557704 53.856581
27.5577 53.856568
BRUSH(1,0)
REGION 1
13
27.5369 53.855416
27.536943 53.85547
27.536989 53.855481
27.53708 53.855467
27.537171 53.855482
27.537216 53.85546
27.53722 53.855406
27.537093 53.855339
27.537002 53.855321
27.536956 53.855324
27.536911 53.855349
27.536908 53.8554
27.5369 53.855416
BRUSH(1,0)
REGION 1
11
27.536822 53.857163
27.536868 53.857151
27.536996 53.857043
27.536999 53.857016
27.536908 53.856992
27.536817 53.857021
27.536742 53.857102
27.536761 53.857156
27.536807 53.857158
27.536818 53.857156
27.536822 53.857163
BRUSH(1,0)
REGION 1
20
27.532488 53.856534
27.532628 53.856507
27.532811 53.856513
27.532857 53.856504
27.532887 53.856477
27.532848 53.856423
27.532711 53.856383
27.532619 53.856388
27.532559 53.856438
27.532513 53.856422
27.532463 53.856341
27.532417 53.85633
27.532372 53.856355
27.532361 53.856382
27.532278 53.856432
27.532263 53.856486
27.532298 53.856513
27.53248 53.856528
27.532484 53.856525
27.532488 53.856534
BRUSH(1,0)
REGION 1
16
27.538052 53.862818
27.538109 53.862764
27.538097 53.86271
27.538024 53.86263
27.538019 53.862576
27.538075 53.862468
27.538006 53.862425
27.537915 53.86243
27.537869 53.862446
27.537851 53.862527
27.53786 53.862608
27.537812 53.862716
27.537877 53.862768
27.538011 53.86283
27.538034 53.862825
27.538052 53.862818
BRUSH(1,0)
REGION 1
16
27.517362 53.863013
27.517317 53.862827
27.517248 53.862666
27.517148 53.862587
27.517055 53.862565
27.516964 53.862586
27.516927 53.86264
27.516958 53.862721
27.516993 53.862802
27.517017 53.862909
27.517191 53.863151
27.517269 53.863198
27.517313 53.863191
27.517371 53.86311
27.517361 53.863018
27.517362 53.863013
BRUSH(1,0)
REGION 1
13
27.479585 53.854112
27.479833 53.853871
27.480055 53.853679
27.480074 53.853652
27.480024 53.85363
27.479797 53.853729
27.47942 53.853996
27.479266 53.854131
27.479267 53.854183
27.479339 53.854216
27.479434 53.854216
27.479525 53.854182
27.479585 53.854112
BRUSH(1,0)
REGION 1
13
27.483013 53.853145
27.483236 53.853092
27.483551 53.852999
27.483782 53.852951
27.483842 53.852899
27.483811 53.852845
27.483716 53.852816
27.483625 53.852853
27.48341 53.852964
27.48291 53.853087
27.482785 53.85315
27.482876 53.853163
27.483013 53.853145
BRUSH(1,0)
REGION 1
22
27.485204 53.852737
27.485479 53.852857
27.485662 53.852872
27.485847 53.852831
27.485983 53.852774
27.486028 53.852718
27.486005 53.852639
27.48589 53.852564
27.485753 53.852535
27.485612 53.852544
27.485385 53.852601
27.485066 53.852587
27.484929 53.852608
27.484706 53.852687
27.484338 53.852702
27.484171 53.852788
27.484191 53.852815
27.484278 53.852821
27.484783 53.852783
27.485098 53.852733
27.485193 53.852735
27.485204 53.852737
BRUSH(1,0)
REGION 1
14
27.487469 53.852059
27.487447 53.852192
27.487471 53.852275
27.487521 53.852283
27.487608 53.85227
27.487668 53.852213
27.487773 53.852051
27.48776 53.851916
27.487682 53.851811
27.487545 53.851764
27.487454 53.851785
27.487421 53.851868
27.487476 53.85203
27.487469 53.852059
BRUSH(1,0)
REGION 1
13
27.48702 53.853058
27.486937 53.853085
27.486889 53.853191
27.486902 53.853352
27.486975 53.853399
27.487111 53.853412
27.48743 53.85338
27.487616 53.853365
27.48765 53.853314
27.487619 53.853231
27.487454 53.853099
27.48718 53.853055
27.48702 53.853058
BRUSH(1,0)
REGION 1
12
27.487859 53.854007
27.488088 53.854087
27.488408 53.85418
27.488545 53.854182
27.488817 53.854089
27.48887 53.854032
27.488839 53.853979
27.488195 53.853844
27.487738 53.853736
27.487651 53.853763
27.487717 53.853897
27.487859 53.854007
BRUSH(1,0)
REGION 1
46
27.51059 53.854355
27.511043 53.854326
27.511501 53.854304
27.511909 53.854282
27.512139 53.854236
27.512684 53.854066
27.513318 53.853953
27.513397 53.85391
27.513418 53.853831
27.51338 53.85367
27.51314 53.853372
27.513057 53.853159
27.5129 53.852942
27.512757 53.85288
27.51258 53.852865
27.512351 53.852881
27.511716 53.853032
27.510757 53.853231
27.510166 53.853388
27.509664 53.85344
27.508845 53.853497
27.508667 53.853558
27.508539 53.853669
27.508399 53.853703
27.508126 53.853713
27.508054 53.853754
27.508032 53.853806
27.508066 53.853859
27.508484 53.854118
27.508607 53.854253
27.508569 53.854307
27.508429 53.854343
27.507836 53.85433
27.507608 53.854319
27.507476 53.85436
27.507442 53.85439
27.507537 53.854416
27.508039 53.854434
27.508449 53.854433
27.508764 53.854425
27.508997 53.854503
27.509215 53.854618
27.50931 53.85462
27.509856 53.85447
27.510352 53.854392
27.51059 53.854355
BRUSH(1,0)
REGION 1
20
27.474953 53.840454
27.475126 53.840328
27.475208 53.84019
27.475112 53.840114
27.474884 53.840054
27.47466 53.840049
27.473931 53.840114
27.473704 53.840189
27.473504 53.84032
27.473245 53.840564
27.473152 53.840753
27.473183 53.840833
27.47332 53.840882
27.473507 53.84092
27.473782 53.841038
27.47396 53.841042
27.4741 53.84101
27.474391 53.840836
27.474734 53.840628
27.474953 53.840454
BRUSH(1,0)
REGION 1
13
27.464272 53.8336
27.464459 53.833734
27.464592 53.833779
27.464779 53.833789
27.465093 53.833718
27.465127 53.833662
27.464917 53.833539
27.464656 53.833327
27.464568 53.833316
27.464387 53.83338
27.464225 53.833472
27.464225 53.833553
27.464272 53.8336
BRUSH(1,0)
REGION 1
37
27.508979 53.852937
27.508876 53.852951
27.508839 53.853007
27.508889 53.853027
27.509066 53.853002
27.509162 53.853029
27.509174 53.853085
27.509114 53.853134
27.508936 53.853176
27.508749 53.853149
27.508566 53.853078
27.508521 53.853087
27.508629 53.853249
27.508668 53.853305
27.508759 53.853338
27.50926 53.853275
27.509674 53.853251
27.510169 53.853135
27.510538 53.853041
27.510944 53.853028
27.511175 53.852985
27.511236 53.852935
27.511144 53.852882
27.510753 53.852908
27.510434 53.852905
27.510206 53.852905
27.509977 53.852933
27.509613 53.852935
27.509587 53.852964
27.509683 53.85304
27.509732 53.853062
27.509707 53.853116
27.509616 53.853146
27.509483 53.853144
27.509303 53.853068
27.509089 53.85295
27.508979 53.852937
BRUSH(1,0)
REGION 1
13
27.405887 53.855193
27.40607 53.855248
27.406207 53.855241
27.406313 53.855171
27.406312 53.855066
27.406101 53.854905
27.405918 53.854833
27.405827 53.854843
27.405789 53.854899
27.405775 53.855034
27.405825 53.855139
27.405887 53.855188
27.405887 53.855193
BRUSH(1,0)
REGION 1
18
27.452367 53.854502
27.451959 53.854414
27.451773 53.85445
27.451595 53.854512
27.451618 53.854563
27.451684 53.854646
27.45173 53.854751
27.452276 53.854895
27.452965 53.855005
27.453285 53.855058
27.453468 53.855032
27.453505 53.854981
27.453493 53.854844
27.453381 53.854736
27.453061 53.854632
27.452512 53.854537
27.452371 53.854504
27.452367 53.854502
BRUSH(1,0)
REGION 1
16
27.399623 53.849047
27.399494 53.849103
27.399411 53.849214
27.399409 53.849349
27.399486 53.849481
27.399662 53.849572
27.399795 53.849599
27.399886 53.849581
27.400011 53.849475
27.400238 53.849393
27.400287 53.849339
27.400221 53.849204
27.400042 53.849072
27.399813 53.849033
27.399627 53.849047
27.399623 53.849047
BRUSH(1,0)
REGION 1
20
27.395995 53.848646
27.395944 53.848459
27.39586 53.848413
27.395631 53.848391
27.395499 53.848427
27.395442 53.84851
27.39552 53.848672
27.395703 53.848804
27.395822 53.848875
27.395926 53.849037
27.396021 53.849052
27.396158 53.849029
27.396211 53.84898
27.396149 53.84893
27.396012 53.84889
27.395931 53.848808
27.395939 53.848756
27.395995 53.848673
27.395987 53.848657
27.395995 53.848646
BRUSH(1,0)
REGION 1
18
27.399005 53.850253
27.398908 53.850361
27.398802 53.850467
27.398784 53.85055
27.398876 53.850655
27.399105 53.850769
27.399288 53.850795
27.39947 53.850781
27.399694 53.850686
27.399841 53.850549
27.399829 53.85047
27.399659 53.850199
27.399533 53.850094
27.399441 53.850076
27.399255 53.850092
27.399055 53.850214
27.399009 53.850257
27.399005 53.850253
BRUSH(1,0)
REGION 1
15
27.403816 53.825964
27.404305 53.825724
27.404316 53.825673
27.403922 53.825458
27.40354 53.825228
27.403254 53.825054
27.403135 53.82498
27.40304 53.825005
27.402791 53.82515
27.402685 53.825231
27.402923 53.825475
27.403354 53.825716
27.403755 53.825917
27.403805 53.825948
27.403816 53.825964
BRUSH(1,0)
REGION 1
23
27.427762 53.824678
27.428082 53.824405
27.428293 53.824164
27.428239 53.824002
27.428078 53.823868
27.427899 53.823831
27.427625 53.82382
27.427488 53.823868
27.427466 53.823949
27.427542 53.824326
27.42738 53.824513
27.427199 53.824648
27.426748 53.824796
27.426566 53.824882
27.426518 53.824963
27.426556 53.825068
27.426694 53.825108
27.4271 53.825107
27.427328 53.82509
27.427469 53.82504
27.427751 53.824716
27.427769 53.82468
27.427762 53.824678
BRUSH(1,0)
REGION 1
18
27.448949 53.820455
27.449342 53.820682
27.449655 53.820845
27.449743 53.82087
27.44983 53.820833
27.449932 53.820723
27.449965 53.820644
27.449866 53.820568
27.449091 53.82021
27.448819 53.820074
27.448686 53.820047
27.448458 53.820055
27.448428 53.820084
27.448486 53.820192
27.448509 53.820243
27.448865 53.820419
27.448948 53.82045
27.448949 53.820455
BRUSH(1,0)
REGION 1
26
27.434705 53.821967
27.434926 53.822022
27.435095 53.822237
27.435142 53.822423
27.435204 53.822473
27.435291 53.822445
27.435569 53.822148
27.435674 53.821959
27.435661 53.821795
27.435607 53.821714
27.435335 53.821448
27.435186 53.821348
27.435003 53.821308
27.434866 53.821317
27.434772 53.821394
27.434564 53.821583
27.43427 53.821764
27.434046 53.821826
27.433723 53.821863
27.433678 53.821874
27.433678 53.82193
27.433766 53.821955
27.434226 53.821948
27.434545 53.821947
27.434693 53.821971
27.434705 53.821967
BRUSH(1,0)
REGION 1
27
27.430405 53.821886
27.430406 53.821967
27.430406 53.822047
27.430248 53.822145
27.429974 53.822202
27.429922 53.822256
27.429934 53.822307
27.430197 53.822441
27.430376 53.822521
27.430559 53.822534
27.430646 53.822509
27.430796 53.822264
27.430906 53.822192
27.43127 53.822116
27.431364 53.822035
27.431386 53.821927
27.431301 53.821795
27.431173 53.821499
27.431119 53.821443
27.430982 53.82143
27.43071 53.821523
27.430645 53.821577
27.430658 53.821685
27.430594 53.821726
27.430457 53.821778
27.430413 53.82189
27.430405 53.821886
BRUSH(1,0)
REGION 1
18
27.427279 53.817136
27.427388 53.817405
27.427503 53.817512
27.42764 53.817561
27.427777 53.817547
27.428095 53.817452
27.428456 53.817374
27.428591 53.817239
27.428587 53.817156
27.428495 53.81708
27.428358 53.817051
27.428006 53.816857
27.427687 53.8168
27.42755 53.816793
27.427413 53.816837
27.427297 53.817001
27.427279 53.817131
27.427279 53.817136
BRUSH(1,0)
REGION 1
25
27.443467 53.818414
27.443278 53.818542
27.443086 53.818705
27.442724 53.819002
27.442607 53.819079
27.44249 53.819214
27.442525 53.819295
27.442758 53.819375
27.443668 53.819581
27.443897 53.819623
27.444491 53.819773
27.444632 53.819777
27.444719 53.819752
27.444798 53.819644
27.444903 53.819479
27.445041 53.819266
27.445172 53.819077
27.445243 53.818941
27.445231 53.818888
27.444549 53.81865
27.443908 53.818461
27.443634 53.818384
27.443539 53.818382
27.443444 53.818414
27.443467 53.818414
BRUSH(1,0)
REGION 1
13
27.407426 53.829702
27.407424 53.829541
27.407355 53.82946
27.407169 53.829461
27.407044 53.829506
27.407022 53.829641
27.407043 53.82991
27.407089 53.829966
27.407318 53.829983
27.407405 53.829965
27.407409 53.829961
27.407443 53.829934
27.407426 53.829702
BRUSH(1,0)
REGION 1
13
27.470988 53.875519
27.470853 53.875306
27.470704 53.875206
27.470608 53.875174
27.470566 53.87517
27.470529 53.8752
27.470652 53.875332
27.470748 53.875493
27.470883 53.87563
27.470971 53.87565
27.471004 53.875593
27.470977 53.875542
27.470988 53.875519
BRUSH(1,0)
REGION 1
14
27.461355 53.879803
27.461632 53.879728
27.461775 53.879622
27.461971 53.879351
27.462 53.87927
27.46195 53.879189
27.461908 53.879176
27.461772 53.879228
27.461185 53.879597
27.461114 53.879678
27.461103 53.87973
27.461176 53.879779
27.461313 53.879803
27.461355 53.879803
BRUSH(1,0)
REGION 1
146
27.466178 53.880128
27.466481 53.880369
27.466527 53.880387
27.466595 53.880349
27.46667 53.880238
27.46681 53.880188
27.467084 53.880173
27.467537 53.880217
27.46777 53.88024
27.467831 53.880287
27.467874 53.880395
27.467848 53.880447
27.467719 53.880501
27.467536 53.880498
27.467263 53.880548
27.467126 53.880535
27.466985 53.880507
27.466943 53.880511
27.466924 53.880568
27.466987 53.880729
27.466954 53.880837
27.46692 53.880918
27.466947 53.880972
27.467173 53.881061
27.46731 53.88109
27.467405 53.881076
27.467473 53.881028
27.467552 53.880952
27.467689 53.880944
27.46783 53.880939
27.467905 53.880901
27.46798 53.880712
27.468058 53.880601
27.468042 53.880469
27.468083 53.880387
27.468246 53.880288
27.468428 53.880235
27.468614 53.880241
27.468931 53.880278
27.469163 53.880295
27.469232 53.88034
27.469255 53.880421
27.469188 53.880527
27.469047 53.880572
27.468869 53.880573
27.468686 53.880554
27.468599 53.880592
27.46858 53.880648
27.4686 53.880729
27.468693 53.880862
27.468788 53.880897
27.469016 53.880907
27.469195 53.880895
27.469382 53.880899
27.46945 53.880856
27.469449 53.880775
27.469414 53.880694
27.469439 53.880532
27.469445 53.880425
27.469517 53.880343
27.469683 53.880237
27.469717 53.880183
27.469652 53.880102
27.469472 53.880069
27.46897 53.880029
27.468738 53.880005
27.468467 53.880004
27.468387 53.879961
27.468371 53.879907
27.468383 53.87988
27.46847 53.879835
27.468469 53.879781
27.468354 53.879644
27.468368 53.879563
27.468465 53.879374
27.46846 53.879268
27.468395 53.879212
27.468166 53.879139
27.467984 53.87914
27.467665 53.879272
27.467441 53.879342
27.467294 53.879449
27.467234 53.879503
27.467146 53.879519
27.466872 53.879426
27.466768 53.87935
27.466686 53.879159
27.466739 53.879078
27.466761 53.878999
27.466894 53.878969
27.46735 53.878929
27.467369 53.8789
27.467246 53.878792
27.467124 53.878723
27.466757 53.878626
27.466593 53.878521
27.466542 53.878415
27.466591 53.878366
27.466819 53.878356
27.466869 53.878333
27.466842 53.878277
27.466662 53.878239
27.466342 53.878191
27.465883 53.878247
27.465841 53.878261
27.465841 53.878312
27.466136 53.878529
27.466319 53.878589
27.466457 53.87864
27.466607 53.878777
27.466607 53.878802
27.466425 53.878865
27.466242 53.87888
27.465968 53.878843
27.465235 53.878569
27.465089 53.878464
27.464977 53.878278
27.464905 53.87824
27.46481 53.87826
27.4647 53.87834
27.46469 53.878421
27.464813 53.878553
27.464977 53.878651
27.465206 53.878681
27.465343 53.87873
27.465428 53.878811
27.465494 53.878943
27.46564 53.879105
27.465668 53.879242
27.465695 53.879322
27.465628 53.879455
27.46567 53.879536
27.465941 53.879634
27.466262 53.879684
27.466399 53.879747
27.466461 53.879827
27.466435 53.879884
27.46634 53.879884
27.466068 53.879766
27.465977 53.879766
27.465898 53.879812
27.465865 53.879947
27.4659 53.880028
27.466014 53.880092
27.466152 53.880128
27.466178 53.880128
BRUSH(1,0)
REGION 1
23
27.486956 53.874153
27.487039 53.874118
27.487176 53.874113
27.487313 53.874113
27.48745 53.874074
27.487468 53.874045
27.487407 53.873998
27.487312 53.873951
27.487334 53.873924
27.487471 53.873892
27.48752 53.873838
27.4875 53.873811
27.487413 53.873804
27.487227 53.873882
27.486908 53.873932
27.486783 53.873996
27.4867 53.874077
27.48672 53.874183
27.486774 53.874239
27.486869 53.874245
27.48693 53.874195
27.486945 53.874168
27.486956 53.874153
BRUSH(1,0)
REGION 1
24
27.480542 53.875659
27.480683 53.875665
27.480725 53.875652
27.480784 53.875519
27.480795 53.875489
27.480883 53.875478
27.48102 53.875495
27.481069 53.875482
27.481069 53.87543
27.480992 53.87539
27.480855 53.875402
27.480582 53.875432
27.48049 53.875421
27.480364 53.875354
27.480322 53.875352
27.480201 53.875454
27.480096 53.875562
27.479864 53.875617
27.479861 53.875642
27.479949 53.875668
27.480177 53.875647
27.480314 53.875685
27.4805 53.875657
27.480542 53.875659
BRUSH(1,0)
REGION 1
28
27.478506 53.875609
27.478913 53.875599
27.479325 53.87564
27.479416 53.875614
27.479411 53.875563
27.479201 53.875433
27.479113 53.875413
27.47903 53.875447
27.47898 53.875448
27.4789 53.87541
27.478832 53.875448
27.478821 53.875473
27.478642 53.875516
27.478547 53.875542
27.47846 53.875535
27.478337 53.875462
27.47816 53.875249
27.478076 53.875209
27.477985 53.875207
27.47789 53.875245
27.477864 53.875326
27.477948 53.875362
27.477957 53.875414
27.477949 53.87547
27.478129 53.875512
27.478358 53.875592
27.478495 53.875605
27.478506 53.875609
BRUSH(1,0)
REGION 1
24
27.475413 53.875917
27.475546 53.875923
27.475587 53.875871
27.475629 53.87586
27.475724 53.875891
27.475735 53.87581
27.47583 53.875789
27.475845 53.875735
27.475817 53.875679
27.475726 53.875648
27.475589 53.875666
27.475453 53.875723
27.475179 53.875749
27.475039 53.875851
27.474899 53.875887
27.47472 53.875926
27.474664 53.875978
27.474759 53.876
27.475124 53.876006
27.475158 53.875949
27.475222 53.875868
27.475313 53.875861
27.475386 53.87591
27.475413 53.875917
BRUSH(1,0)
REGION 1
25
27.464509 53.875438
27.464263 53.875221
27.464045 53.875102
27.463908 53.87509
27.463589 53.875122
27.463223 53.875063
27.46272 53.874946
27.4624 53.874891
27.462121 53.874769
27.461938 53.874749
27.46176 53.874792
27.461738 53.874874
27.461819 53.875006
27.462083 53.875142
27.46277 53.875402
27.463498 53.875523
27.464092 53.875572
27.46418 53.875612
27.464261 53.87572
27.464356 53.875737
27.464493 53.875712
27.464568 53.875656
27.464586 53.875494
27.464517 53.875442
27.464509 53.875438
BRUSH(1,0)
REGION 1
20
27.496985 53.871708
27.497051 53.871789
27.497177 53.871854
27.497264 53.871876
27.497538 53.871845
27.497721 53.871901
27.497812 53.871864
27.497865 53.871812
27.49794 53.871767
27.497981 53.87163
27.49795 53.871576
27.497855 53.871556
27.497493 53.87154
27.497356 53.871502
27.497206 53.871404
27.497119 53.871402
27.497039 53.87144
27.496987 53.871549
27.496989 53.871711
27.496985 53.871708
BRUSH(1,0)
REGION 1
14
27.498338 53.870461
27.49842 53.87038
27.49842 53.870328
27.4983 53.870138
27.498251 53.870129
27.498114 53.870174
27.497945 53.870364
27.497892 53.870445
27.497916 53.870526
27.498191 53.870624
27.498233 53.870617
27.49833 53.870482
27.498338 53.870455
27.498338 53.870461
BRUSH(1,0)
REGION 1
39
27.499972 53.864901
27.499984 53.864883
27.499949 53.864829
27.499955 53.864719
27.4999 53.864533
27.499926 53.864451
27.500039 53.864379
27.500168 53.864275
27.50033 53.86418
27.500489 53.86408
27.500761 53.863901
27.501143 53.863677
27.501184 53.863596
27.501277 53.863434
27.501352 53.863323
27.501381 53.863242
27.501335 53.863191
27.501244 53.863225
27.501158 53.863331
27.501129 53.863468
27.501035 53.863547
27.500911 53.863683
27.500605 53.863895
27.500427 53.863961
27.500154 53.864057
27.500056 53.864163
27.499878 53.864252
27.499735 53.864414
27.499618 53.864491
27.499387 53.864566
27.499399 53.864577
27.499438 53.86466
27.499409 53.864874
27.499451 53.864903
27.499635 53.864941
27.499715 53.864985
27.499848 53.86498
27.499939 53.864953
27.499972 53.864901
BRUSH(1,0)
REGION 1
17
27.49999 53.863678
27.500021 53.863682
27.500158 53.863711
27.500245 53.863697
27.500696 53.863475
27.500884 53.86331
27.501019 53.863122
27.501059 53.862985
27.50104 53.862931
27.500899 53.862914
27.500857 53.862914
27.500698 53.86298
27.500585 53.863115
27.50045 53.863278
27.500284 53.863373
27.500095 53.863502
27.49999 53.863678
BRUSH(1,0)
REGION 1
18
27.505234 53.856415
27.505388 53.856522
27.505452 53.856513
27.505527 53.856436
27.505491 53.856248
27.505291 53.855979
27.505213 53.855817
27.505226 53.855658
27.505225 53.855493
27.505159 53.855386
27.505129 53.855381
27.505034 53.855411
27.504951 53.855519
27.504927 53.855706
27.505036 53.855978
27.505171 53.856193
27.505246 53.856408
27.505234 53.856415
BRUSH(1,0)
REGION 1
27
27.507163 53.859033
27.506991 53.858946
27.50691 53.858836
27.506966 53.858676
27.507098 53.85857
27.507203 53.858459
27.507203 53.858434
27.506838 53.858494
27.506729 53.858562
27.506658 53.858673
27.506648 53.858835
27.506688 53.858994
27.506761 53.859075
27.506948 53.859126
27.507355 53.859144
27.507473 53.859211
27.507482 53.859292
27.50723 53.859563
27.507167 53.859698
27.507212 53.859718
27.507383 53.85963
27.507594 53.85944
27.507675 53.859251
27.507652 53.859199
27.507541 53.859128
27.507175 53.859037
27.507163 53.859033
BRUSH(1,0)
REGION 1
14
27.450649 53.871553
27.450877 53.871527
27.451005 53.871464
27.451065 53.871383
27.451026 53.871277
27.450918 53.871208
27.45074 53.871209
27.450466 53.871259
27.45041 53.87134
27.450419 53.871448
27.450492 53.87149
27.450626 53.871533
27.450641 53.871546
27.450649 53.871553
BRUSH(1,0)
REGION 1
14
27.435369 53.875368
27.435464 53.875363
27.4356 53.875315
27.435638 53.875234
27.435575 53.8751
27.435513 53.875044
27.43533 53.875011
27.435239 53.875031
27.435145 53.875137
27.435154 53.875245
27.435205 53.875326
27.435293 53.875368
27.435354 53.875379
27.435369 53.875368
BRUSH(1,0)
REGION 1
22
27.446238 53.866681
27.446656 53.86663
27.446842 53.866564
27.446886 53.866427
27.446766 53.866267
27.446685 53.866218
27.446552 53.866196
27.446366 53.866244
27.44582 53.866415
27.445778 53.866413
27.44559 53.866249
27.445448 53.8662
27.445361 53.86621
27.445244 53.866282
27.445047 53.86666
27.445071 53.866714
27.445136 53.86677
27.445277 53.866779
27.445546 53.866715
27.446048 53.866711
27.446227 53.866685
27.446238 53.866681
BRUSH(1,0)
REGION 1
22
27.3952 53.864434
27.3952 53.86445
27.39539 53.864433
27.395553 53.864401
27.395766 53.864354
27.395887 53.864297
27.395928 53.86425
27.395981 53.864218
27.39633 53.864161
27.3966 53.864144
27.396855 53.864096
27.396884 53.864031
27.396883 53.863912
27.396568 53.863665
27.396378 53.863675
27.396314 53.863747
27.396167 53.863795
27.396151 53.863811
27.395992 53.86382
27.395706 53.863781
27.395196 53.863773
27.3952 53.864434
BRUSH(1,0)
REGION 1
20
27.680343 53.952079
27.679566 53.951834
27.679471 53.951841
27.679418 53.951891
27.679368 53.952082
27.679162 53.952299
27.679045 53.95241
27.679058 53.952491
27.679177 53.952559
27.679771 53.952738
27.679954 53.952744
27.68014 53.952727
27.680298 53.952627
27.680464 53.952465
27.680737 53.952364
27.680823 53.952287
27.680803 53.952231
27.680481 53.95211
27.680332 53.952079
27.680343 53.952079
BRUSH(1,0)
REGION 1
22
27.679374 53.945227
27.679015 53.944964
27.678791 53.944749
27.678707 53.944702
27.678635 53.944732
27.678603 53.944925
27.678647 53.94506
27.678757 53.945271
27.679199 53.945756
27.679541 53.946186
27.679652 53.946259
27.679702 53.94627
27.679839 53.946218
27.67989 53.946087
27.679869 53.945948
27.679778 53.945737
27.679776 53.9456
27.679892 53.945464
27.67986 53.945413
27.679734 53.945344
27.67937 53.945218
27.679374 53.945227
BRUSH(1,0)
REGION 1
25
27.681317 53.935509
27.681208 53.935406
27.681218 53.935267
27.681163 53.935188
27.680983 53.935117
27.6808 53.935109
27.680635 53.93527
27.680461 53.935621
27.680493 53.935677
27.68063 53.935717
27.680718 53.935737
27.680913 53.936003
27.681005 53.93603
27.68105 53.936018
27.681123 53.936047
27.681219 53.936076
27.681355 53.936026
27.6814 53.935971
27.681578 53.93593
27.681733 53.93583
27.681785 53.935722
27.681765 53.93567
27.681592 53.935581
27.681309 53.935513
27.681317 53.935509
BRUSH(1,0)
REGION 1
13
27.675086 53.936851
27.675068 53.936663
27.675017 53.936584
27.674891 53.936522
27.674803 53.936554
27.674744 53.936635
27.674746 53.936775
27.674887 53.937014
27.674982 53.937043
27.675074 53.93704
27.675115 53.936986
27.675075 53.936851
27.675086 53.936851
BRUSH(1,0)
REGION 1
12
27.672342 53.973059
27.672725 53.972437
27.672648 53.97241
27.672902 53.972035
27.672927 53.971952
27.672873 53.971903
27.672778 53.971895
27.672736 53.971917
27.672396 53.972362
27.67232 53.972374
27.671967 53.972996
27.672342 53.973059
BRUSH(1,0)
REGION 1
15
27.673626 53.936268
27.673681 53.936383
27.673622 53.936493
27.673558 53.936604
27.673632 53.93668
27.673812 53.936753
27.673858 53.936761
27.673907 53.93675
27.673899 53.936669
27.673851 53.936564
27.673954 53.93632
27.673942 53.936258
27.673846 53.936197
27.673709 53.936214
27.673626 53.936268
BRUSH(1,0)
REGION 1
14
27.689078 53.968772
27.688988 53.968674
27.6889 53.968638
27.688759 53.968666
27.688635 53.968732
27.688387 53.968951
27.688253 53.969195
27.688261 53.969246
27.688335 53.969302
27.68856 53.969344
27.688656 53.969336
27.688731 53.969293
27.689072 53.968884
27.689078 53.968772
BRUSH(1,0)
REGION 1
14
27.725106 53.933589
27.725042 53.933401
27.724965 53.933363
27.724869 53.933352
27.724798 53.933386
27.724549 53.933543
27.72452 53.933626
27.724555 53.933704
27.72474 53.933786
27.724922 53.933794
27.725013 53.933771
27.725107 53.933661
27.72511 53.933609
27.725106 53.933589
BRUSH(1,0)
REGION 1
7
27.655907 53.908083
27.65582 53.908129
27.655788 53.908221
27.655891 53.908288
27.656001 53.908226
27.655983 53.908137
27.655907 53.908083
BRUSH(1,0)
REGION 1
14
27.668194 53.905774
27.668279 53.905856
27.668387 53.905928
27.668532 53.905967
27.668688 53.905973
27.668945 53.905871
27.669035 53.905798
27.669053 53.905708
27.66893 53.905653
27.668618 53.905621
27.668462 53.905617
27.668314 53.905641
27.668224 53.905713
27.668194 53.905774
BRUSH(1,0)
REGION 1
98
27.649701 53.927595
27.649845 53.927563
27.649863 53.927471
27.649819 53.927107
27.649765 53.926555
27.649687 53.926189
27.649686 53.926099
27.649635 53.926014
27.649431 53.925881
27.648988 53.925791
27.648368 53.925776
27.647752 53.925818
27.647604 53.925846
27.64714 53.925859
27.646682 53.925812
27.646541 53.92577
27.646426 53.92571
27.646245 53.925563
27.64609 53.925407
27.645687 53.924661
27.645457 53.924321
27.645367 53.924142
27.64495 53.923757
27.644433 53.923298
27.644329 53.923231
27.644163 53.923077
27.643893 53.922853
27.643757 53.922688
27.643513 53.92215
27.643438 53.921971
27.643322 53.921843
27.643308 53.921704
27.643261 53.92159
27.643221 53.921489
27.643216 53.921399
27.643099 53.921232
27.642735 53.920335
27.642662 53.920255
27.642562 53.920185
27.642194 53.920021
27.642053 53.919986
27.641954 53.919984
27.641901 53.919991
27.641837 53.920077
27.642299 53.921141
27.642331 53.921231
27.642419 53.921307
27.642535 53.921367
27.6426 53.92145
27.642661 53.921665
27.642662 53.921719
27.642659 53.921793
27.642659 53.921809
27.642777 53.92206
27.642871 53.922237
27.642936 53.922508
27.642859 53.922686
27.642807 53.922972
27.642874 53.923153
27.642998 53.923325
27.643347 53.923503
27.643447 53.923572
27.643872 53.923678
27.64418 53.923712
27.644456 53.9238
27.644578 53.92386
27.644741 53.924026
27.644848 53.924093
27.64491 53.924182
27.644919 53.924272
27.644817 53.924544
27.6447 53.924812
27.644663 53.925161
27.645125 53.925744
27.64531 53.925889
27.645425 53.925954
27.645514 53.926032
27.645974 53.926283
27.646235 53.92639
27.646338 53.926459
27.646484 53.926487
27.64664 53.926489
27.646795 53.926468
27.646947 53.926465
27.648483 53.926321
27.648635 53.926316
27.648773 53.926358
27.64885 53.926436
27.648922 53.92689
27.648985 53.927069
27.649078 53.92714
27.649208 53.927189
27.649315 53.927256
27.649438 53.927309
27.649515 53.927385
27.649524 53.927477
27.649602 53.927553
27.649701 53.927595
BRUSH(1,0)
REGION 1
59
27.649859 53.927956
27.649795 53.927963
27.649742 53.928033
27.649751 53.928123
27.649882 53.928479
27.649885 53.928663
27.649849 53.928751
27.649726 53.928918
27.6497 53.929008
27.649626 53.929087
27.649501 53.929142
27.649399 53.929212
27.64927 53.929262
27.649126 53.929296
27.646217 53.929667
27.645781 53.929775
27.645675 53.929845
27.645543 53.929886
27.645387 53.929891
27.644868 53.930087
27.644642 53.930212
27.644153 53.930576
27.644086 53.930662
27.643913 53.930814
27.643786 53.930976
27.643617 53.931132
27.643546 53.93124
27.643559 53.93133
27.643919 53.931451
27.644039 53.931377
27.644177 53.931412
27.644744 53.931166
27.644864 53.931044
27.644961 53.930891
27.645048 53.930372
27.645138 53.930275
27.645239 53.9302
27.645784 53.929986
27.646661 53.929846
27.647568 53.929904
27.647724 53.929895
27.647816 53.929966
27.647965 53.92999
27.648117 53.929989
27.649672 53.929839
27.649976 53.929822
27.650553 53.92974
27.650666 53.929679
27.650917 53.929444
27.651033 53.929273
27.651116 53.928996
27.651116 53.92872
27.651025 53.928543
27.650855 53.928388
27.650595 53.928284
27.650454 53.928254
27.650182 53.928163
27.65002 53.928004
27.649859 53.927956
BRUSH(1,0)
REGION 1
22
27.674715 53.93343
27.674832 53.933371
27.674914 53.933296
27.674885 53.933114
27.674823 53.933029
27.674417 53.932638
27.674305 53.932574
27.674235 53.932491
27.674131 53.932424
27.673987 53.932457
27.673842 53.932422
27.673858 53.932696
27.673964 53.93287
27.674064 53.932937
27.674122 53.933022
27.674248 53.933071
27.674381 53.933023
27.674682 53.933055
27.674752 53.933135
27.674671 53.933311
27.674703 53.933398
27.674715 53.93343
BRUSH(1,0)
REGION 1
5
27.545358 53.910929
27.545108 53.91098
27.545225 53.911242
27.545487 53.911207
27.545358 53.910929
BRUSH(1,0)
REGION 1
5
27.525548 53.91232
27.525731 53.912389
27.525867 53.912265
27.525676 53.91219
27.525548 53.91232
BRUSH(1,0)
REGION 1
5
27.552905 53.910275
27.553051 53.910146
27.552371 53.909934
27.55224 53.910047
27.552905 53.910275
BRUSH(1,0)
REGION 12
278
27.531846 53.929844
27.531829 53.929709
27.531895 53.929493
27.53197 53.929385
27.532189 53.929263
27.532321 53.929199
27.532503 53.929178
27.532777 53.929157
27.532823 53.929157
27.532869 53.929156
27.532914 53.929156
27.533279 53.929125
27.533599 53.929101
27.533918 53.92908
27.5341 53.929066
27.534192 53.929049
27.534183 53.928996
27.534129 53.928942
27.533995 53.928875
27.534086 53.928863
27.534316 53.928954
27.534408 53.928979
27.534589 53.928902
27.534665 53.928854
27.534929 53.928709
27.535103 53.928612
27.535224 53.928503
27.535172 53.928342
27.535094 53.928208
27.535081 53.928046
27.535015 53.927938
27.535014 53.927885
27.535119 53.927776
27.53521 53.927735
27.535301 53.927733
27.535439 53.92775
27.535575 53.927716
27.535722 53.92761
27.535933 53.927393
27.53603 53.927285
27.536135 53.927123
27.536335 53.926989
27.536488 53.9268
27.536703 53.92661
27.536906 53.926448
27.537192 53.926177
27.537267 53.926069
27.537341 53.925907
27.537468 53.925744
27.537534 53.925555
27.537634 53.925339
27.537686 53.925204
27.537637 53.924962
27.537573 53.924746
27.537514 53.924585
27.537293 53.92429
27.537089 53.924102
27.536977 53.923994
27.536586 53.923727
27.536344 53.923571
27.536217 53.923463
27.536067 53.923302
27.535804 53.923034
27.53563 53.922792
27.535571 53.922631
27.535584 53.922496
27.535647 53.922334
27.535794 53.922198
27.53605 53.922009
27.536178 53.921932
27.53636 53.921884
27.536634 53.921858
27.536862 53.921854
27.537 53.92187
27.537275 53.921951
27.537734 53.922131
27.538147 53.922323
27.538312 53.922425
27.5385 53.922559
27.538665 53.922662
27.538872 53.922791
27.539126 53.923006
27.5394 53.923301
27.53954 53.923489
27.539698 53.923677
27.539968 53.923918
27.540148 53.924052
27.540416 53.924186
27.54073 53.924357
27.541052 53.924502
27.541281 53.92455
27.54151 53.924596
27.541738 53.924604
27.542194 53.924546
27.542376 53.924505
27.542604 53.924452
27.542968 53.924388
27.543378 53.924285
27.543651 53.924212
27.543833 53.92413
27.543969 53.924071
27.544271 53.92389
27.544449 53.923801
27.544623 53.923709
27.544793 53.923607
27.544909 53.92353
27.545125 53.923408
27.545264 53.923299
27.545476 53.92317
27.54566 53.923008
27.54589 53.922847
27.545957 53.922766
27.546033 53.922716
27.54613 53.922581
27.546261 53.922446
27.546452 53.922175
27.546644 53.922013
27.546847 53.92185
27.54701 53.921748
27.547296 53.921504
27.547454 53.921369
27.547672 53.921179
27.547898 53.920989
27.548135 53.920831
27.548395 53.920587
27.548514 53.920425
27.548544 53.920344
27.548588 53.920263
27.548557 53.920182
27.548376 53.920048
27.548115 53.919894
27.547932 53.919832
27.547874 53.91975
27.547885 53.919723
27.547977 53.919687
27.547762 53.919586
27.547625 53.919638
27.547534 53.919652
27.547305 53.919631
27.547125 53.919553
27.546953 53.919457
27.54677 53.919395
27.546633 53.919398
27.546451 53.919446
27.54633 53.919519
27.546074 53.919708
27.545946 53.919817
27.545761 53.919952
27.545543 53.920142
27.545275 53.92033
27.545101 53.920429
27.544901 53.92056
27.544735 53.920662
27.544618 53.920739
27.544453 53.920902
27.544283 53.921037
27.544189 53.921118
27.543974 53.921245
27.543747 53.92135
27.543536 53.921479
27.543308 53.921563
27.543035 53.921622
27.542716 53.921642
27.542533 53.921645
27.542213 53.921604
27.541892 53.921524
27.541617 53.92142
27.541467 53.921315
27.541294 53.921127
27.541181 53.920939
27.541092 53.920832
27.540826 53.92059
27.540553 53.920322
27.540342 53.920195
27.539928 53.920006
27.539515 53.919855
27.539103 53.919717
27.53869 53.919598
27.538553 53.91956
27.538187 53.919526
27.538141 53.919526
27.53805 53.919524
27.537959 53.919527
27.537411 53.9195
27.537182 53.919474
27.536587 53.919331
27.536358 53.919285
27.536266 53.919281
27.536084 53.91934
27.535971 53.919417
27.535866 53.919525
27.535684 53.919596
27.535625 53.919704
27.535633 53.919785
27.535592 53.919839
27.535455 53.919846
27.53541 53.91986
27.535275 53.919995
27.535082 53.920128
27.534928 53.920264
27.534841 53.920345
27.534831 53.920426
27.534694 53.920438
27.534558 53.920483
27.534366 53.920615
27.534158 53.920743
27.533946 53.920872
27.533731 53.920999
27.533713 53.921053
27.533687 53.92108
27.53355 53.921097
27.533467 53.921135
27.533255 53.921269
27.533172 53.921314
27.533192 53.921368
27.533135 53.921422
27.533044 53.921447
27.532907 53.921457
27.532859 53.921511
27.532833 53.921592
27.532788 53.921608
27.53265 53.921577
27.532605 53.921581
27.532518 53.921663
27.532299 53.921785
27.532148 53.921889
27.531986 53.921988
27.531813 53.922178
27.531569 53.922422
27.531427 53.922611
27.531235 53.9228
27.531035 53.922963
27.530832 53.923153
27.530755 53.923261
27.530668 53.923423
27.530624 53.923531
27.530603 53.923612
27.530628 53.923827
27.530671 53.923962
27.530723 53.92415
27.530771 53.924285
27.530856 53.924419
27.53106 53.924634
27.53118 53.924741
27.531318 53.924848
27.531453 53.92501
27.531543 53.925198
27.531606 53.925386
27.531631 53.925548
27.531631 53.925817
27.531596 53.926033
27.531598 53.926222
27.531627 53.92641
27.531649 53.926626
27.531689 53.926788
27.531737 53.927003
27.531792 53.92711
27.531835 53.927191
27.531841 53.927353
27.531804 53.927461
27.531704 53.927596
27.531588 53.927839
27.531553 53.928028
27.531494 53.928244
27.531376 53.928487
27.531284 53.928649
27.531231 53.928811
27.531276 53.928919
27.531258 53.929107
27.531222 53.929296
27.531183 53.929485
27.531166 53.929647
27.531195 53.929808
27.531188 53.929862
27.531181 53.92991
27.531832 53.929929
27.531824 53.929889
27.531846 53.929844
18
27.541925 53.923478
27.541834 53.923449
27.541784 53.923398
27.541767 53.923288
27.541793 53.923252
27.54183 53.923202
27.541959 53.923166
27.542062 53.923174
27.542185 53.923248
27.542216 53.923324
27.542157 53.923407
27.542168 53.923412
27.542153 53.923439
27.542115 53.923453
27.542058 53.923469
27.54199 53.923473
27.541937 53.923476
27.541925 53.923478
35
27.534748 53.926428
27.534603 53.926429
27.534493 53.9264
27.534477 53.926384
27.534427 53.92631
27.534414 53.926191
27.53437 53.926057
27.534312 53.925922
27.534257 53.925824
27.534197 53.925635
27.534162 53.92557
27.534058 53.925432
27.533992 53.925317
27.533928 53.925115
27.533934 53.925001
27.533934 53.92496
27.53401 53.924944
27.534162 53.924959
27.534392 53.925057
27.534476 53.925086
27.534697 53.925146
27.535002 53.925189
27.535121 53.925254
27.535179 53.925319
27.535229 53.925381
27.535265 53.925462
27.5353 53.925536
27.535296 53.925848
27.535255 53.925909
27.53518 53.925988
27.535105 53.926074
27.534996 53.926214
27.53488 53.926338
27.534812 53.92639
27.534748 53.926428
22
27.542309 53.924323
27.542149 53.924326
27.542123 53.924328
27.542077 53.924322
27.542039 53.924318
27.542012 53.924289
27.541989 53.924262
27.542007 53.92421
27.542162 53.924099
27.542291 53.924056
27.542469 53.924037
27.542522 53.924037
27.542705 53.924034
27.5428 53.924038
27.542866 53.924092
27.542877 53.924121
27.542881 53.924143
27.542814 53.924188
27.542696 53.924223
27.54259 53.924255
27.542457 53.924287
27.542309 53.924323
25
27.534866 53.924963
27.534317 53.924837
27.534034 53.924782
27.533755 53.924694
27.533683 53.924665
27.533567 53.924562
27.533574 53.924529
27.533581 53.924448
27.533854 53.923748
27.533903 53.923696
27.534031 53.923657
27.534134 53.923657
27.534455 53.923759
27.534643 53.923852
27.534835 53.923979
27.535046 53.924149
27.535151 53.924333
27.535139 53.924582
27.535126 53.924766
27.535097 53.924825
27.535071 53.924863
27.535018 53.924904
27.534976 53.924938
27.534874 53.924963
27.534866 53.924963
25
27.533154 53.928544
27.533097 53.928556
27.533093 53.928574
27.532927 53.928655
27.532904 53.928669
27.53278 53.928775
27.53267 53.928809
27.53245 53.928851
27.532331 53.928824
27.532201 53.928748
27.532154 53.92867
27.532218 53.92856
27.532297 53.928501
27.532509 53.928399
27.532824 53.928334
27.533014 53.928316
27.53326 53.928225
27.533574 53.928095
27.533696 53.928075
27.533765 53.928117
27.533785 53.928198
27.53371 53.928288
27.533608 53.928365
27.533404 53.928449
27.533154 53.928544
45
27.53753 53.920796
27.537355 53.92081
27.536968 53.920881
27.536706 53.920914
27.536459 53.920922
27.53623 53.920885
27.536035 53.920816
27.535904 53.920713
27.53585 53.920624
27.5359 53.920439
27.535941 53.920349
27.536114 53.9202
27.536361 53.920105
27.53663 53.92002
27.53691 53.919968
27.537192 53.919939
27.537443 53.919958
27.538073 53.920097
27.538636 53.92014
27.53893 53.920215
27.539202 53.920308
27.539581 53.920474
27.5398 53.920644
27.540084 53.920874
27.540109 53.921009
27.540087 53.92113
27.540047 53.9212
27.539896 53.921311
27.53979 53.921356
27.53968 53.921375
27.539527 53.921351
27.539291 53.9213
27.539168 53.921262
27.538985 53.9212
27.538844 53.921161
27.538649 53.921112
27.538538 53.921079
27.53832 53.920979
27.53819 53.920921
27.538048 53.920859
27.538037 53.92087
27.537964 53.920852
27.537789 53.920815
27.537648 53.920789
27.53753 53.920796
35
27.531478 53.923929
27.531711 53.923995
27.532504 53.924405
27.532882 53.924559
27.533236 53.924831
27.533413 53.924985
27.533529 53.925173
27.533649 53.92531
27.533709 53.925498
27.534336 53.926645
27.534366 53.926953
27.534168 53.927176
27.534052 53.927316
27.533765 53.927558
27.533416 53.92766
27.533012 53.927851
27.532607 53.928008
27.532145 53.928198
27.531882 53.928217
27.531736 53.928081
27.531702 53.927841
27.531844 53.927634
27.532046 53.927307
27.53204 53.926878
27.531947 53.926416
27.531855 53.926106
27.531822 53.925814
27.531878 53.925522
27.531814 53.925248
27.531401 53.924769
27.531107 53.924375
27.531047 53.924187
27.53119 53.924034
27.531421 53.923929
27.531478 53.923929
33
27.54343 53.923851
27.543301 53.923885
27.543209 53.923886
27.543144 53.923855
27.543129 53.923846
27.543117 53.923796
27.543184 53.923699
27.543323 53.923586
27.543534 53.923401
27.543651 53.92334
27.543681 53.923313
27.543704 53.923286
27.54384 53.923222
27.543927 53.923161
27.544054 53.92299
27.544136 53.92285
27.544185 53.92281
27.544253 53.922758
27.544336 53.922733
27.544435 53.922748
27.544543 53.922828
27.544566 53.92286
27.544567 53.922911
27.544593 53.922929
27.544576 53.923066
27.544505 53.923152
27.544438 53.923244
27.544324 53.923317
27.54412 53.923423
27.543773 53.923636
27.543558 53.923776
27.54343 53.923846
27.54343 53.923851
31
27.534816 53.921931
27.534682 53.921884
27.534632 53.921853
27.534629 53.92184
27.534563 53.921766
27.534619 53.921678
27.534762 53.921579
27.534833 53.921491
27.534912 53.921383
27.534991 53.921335
27.535018 53.921321
27.535264 53.921228
27.535572 53.921193
27.535724 53.92121
27.535858 53.921275
27.536049 53.921306
27.536114 53.921359
27.536122 53.921413
27.536104 53.921451
27.536066 53.921494
27.536006 53.921515
27.535941 53.921533
27.535713 53.921577
27.535528 53.921631
27.535418 53.921701
27.53529 53.921785
27.535188 53.921831
27.535002 53.921903
27.534919 53.921926
27.534915 53.921926
27.534816 53.921931
28
27.541405 53.92446
27.541291 53.924447
27.541169 53.924398
27.541103 53.924347
27.540957 53.924257
27.540677 53.924048
27.540516 53.923931
27.540385 53.923809
27.540341 53.923683
27.540297 53.923517
27.540346 53.92344
27.540417 53.923395
27.540474 53.923357
27.540523 53.923343
27.540565 53.923329
27.540653 53.92336
27.540703 53.923394
27.540833 53.923485
27.541045 53.923637
27.541202 53.923776
27.541472 53.924019
27.541576 53.924149
27.541604 53.924248
27.541598 53.924353
27.541572 53.924396
27.541542 53.924446
27.54147 53.924455
27.541405 53.92446
20
27.533157 53.924286
27.533042 53.924273
27.532813 53.924197
27.532484 53.924055
27.532204 53.923872
27.532107 53.923738
27.532091 53.923657
27.532166 53.923594
27.532413 53.923536
27.532838 53.923472
27.533244 53.923398
27.533438 53.923384
27.533522 53.92339
27.53364 53.92343
27.533653 53.923508
27.533638 53.923818
27.533564 53.924012
27.533429 53.92419
27.53329 53.924265
27.533157 53.924286
BRUSH(1,0)
REGION 1
70
27.632804 53.914159
27.632671 53.914157
27.632444 53.914199
27.632353 53.914228
27.63227 53.91431
27.632268 53.914418
27.632338 53.9145
27.632475 53.914545
27.632613 53.914584
27.632842 53.914635
27.633025 53.914697
27.63311 53.914744
27.633186 53.914786
27.633314 53.914894
27.633469 53.915109
27.633654 53.91527
27.633781 53.915345
27.633964 53.915428
27.634194 53.915516
27.634516 53.91565
27.634699 53.91573
27.634784 53.915772
27.634967 53.915843
27.635335 53.915987
27.635423 53.91603
27.635507 53.91607
27.635691 53.916125
27.635828 53.916165
27.635874 53.916162
27.635965 53.91616
27.636239 53.916136
27.636376 53.916126
27.636513 53.916145
27.636743 53.91623
27.636862 53.916306
27.636999 53.916341
27.637228 53.916358
27.63741 53.916346
27.637493 53.916307
27.637553 53.916226
27.637566 53.916091
27.637523 53.91601
27.637443 53.915965
27.637213 53.915895
27.636892 53.915779
27.636663 53.915749
27.636526 53.915768
27.636163 53.91586
27.635981 53.915905
27.635889 53.915913
27.635798 53.915888
27.635617 53.915793
27.635368 53.915636
27.6351 53.915503
27.634778 53.915383
27.634549 53.915312
27.63432 53.915255
27.634182 53.915213
27.633999 53.91516
27.633872 53.915093
27.633799 53.915053
27.633722 53.914972
27.633617 53.914811
27.633484 53.914542
27.633394 53.914435
27.633236 53.914273
27.633052 53.914202
27.632869 53.914165
27.632827 53.914161
27.632804 53.914159
BRUSH(1,0)
REGION 1
163
27.619153 53.908041
27.619087 53.907988
27.618957 53.907925
27.618781 53.907845
27.618643 53.907808
27.61846 53.907791
27.618278 53.907812
27.618006 53.907903
27.617914 53.907885
27.617803 53.907809
27.617711 53.907792
27.61762 53.907804
27.617534 53.907885
27.617497 53.907993
27.617525 53.908074
27.617609 53.908109
27.617655 53.908116
27.617791 53.908082
27.617882 53.908072
27.617928 53.908079
27.617967 53.908132
27.617968 53.908213
27.618053 53.908294
27.618179 53.908361
27.618317 53.908423
27.618402 53.908468
27.618513 53.908543
27.618594 53.908588
27.618674 53.908633
27.618949 53.908735
27.619225 53.908837
27.619408 53.908883
27.619591 53.908916
27.619774 53.908946
27.620095 53.908997
27.620278 53.909029
27.620598 53.909084
27.620964 53.909152
27.621101 53.909172
27.621331 53.909238
27.62156 53.909302
27.621683 53.909364
27.621809 53.909433
27.62189 53.909482
27.622024 53.90959
27.622155 53.909656
27.622285 53.909764
27.62244 53.909898
27.622547 53.909972
27.622739 53.910101
27.622962 53.910257
27.623035 53.910302
27.623104 53.910356
27.623181 53.9104
27.623254 53.910447
27.623331 53.910492
27.623408 53.910538
27.623488 53.910581
27.623568 53.910618
27.623634 53.910665
27.623714 53.910708
27.623898 53.910774
27.624078 53.910852
27.624216 53.910908
27.624296 53.91095
27.624561 53.911133
27.624642 53.911175
27.624917 53.911282
27.624998 53.91132
27.625181 53.911384
27.625365 53.911468
27.625534 53.911571
27.625855 53.911698
27.626269 53.911864
27.626636 53.912013
27.62705 53.912186
27.627184 53.912249
27.627413 53.912342
27.627536 53.912413
27.627812 53.912522
27.62813 53.912671
27.628451 53.9128
27.628627 53.91288
27.628711 53.912925
27.628792 53.912965
27.628975 53.913024
27.629106 53.913089
27.629236 53.913147
27.629603 53.913291
27.629734 53.913362
27.629864 53.913422
27.630232 53.913587
27.630369 53.913638
27.630737 53.913798
27.630967 53.913889
27.631334 53.914027
27.631471 53.914046
27.631554 53.914003
27.631674 53.913895
27.6317 53.91384
27.631665 53.91376
27.631592 53.913713
27.631362 53.913638
27.631087 53.913556
27.630858 53.913523
27.630675 53.913493
27.630446 53.913402
27.630124 53.91327
27.629711 53.913086
27.629251 53.912897
27.629068 53.912824
27.628838 53.912719
27.628608 53.91263
27.628244 53.912459
27.627969 53.912344
27.627796 53.912255
27.627666 53.91219
27.627436 53.912101
27.627299 53.912053
27.627218 53.91201
27.627134 53.911968
27.62705 53.911926
27.626866 53.911868
27.626407 53.911695
27.626277 53.911626
27.626001 53.911513
27.625725 53.911377
27.625542 53.91131
27.625365 53.911217
27.625231 53.911109
27.625127 53.911029
27.624759 53.910858
27.624483 53.91074
27.624208 53.910624
27.623978 53.91056
27.623841 53.910502
27.623622 53.91038
27.623406 53.910192
27.62311 53.909978
27.622841 53.909763
27.622621 53.909575
27.622352 53.909361
27.622195 53.909258
27.622041 53.909158
27.621926 53.909084
27.621849 53.909035
27.621719 53.908971
27.621631 53.908924
27.621355 53.908835
27.62108 53.908758
27.620714 53.908699
27.62044 53.908653
27.620256 53.908596
27.620034 53.908491
27.619854 53.908409
27.619728 53.908335
27.61959 53.90828
27.619509 53.908237
27.619429 53.908197
27.619348 53.908153
27.619237 53.908079
27.619176 53.908052
27.619153 53.908041
BRUSH(1,0)
REGION 1
82
27.609707 53.90346
27.609477 53.903383
27.60934 53.90334
27.609157 53.903335
27.608882 53.903257
27.608607 53.903146
27.608488 53.90307
27.608384 53.902994
27.608155 53.902919
27.607972 53.902873
27.607834 53.902862
27.607516 53.902909
27.607378 53.902893
27.60715 53.902845
27.606966 53.902792
27.606783 53.902725
27.606553 53.902661
27.606324 53.902586
27.606096 53.902556
27.606004 53.902545
27.605959 53.902563
27.605948 53.902617
27.605998 53.902671
27.606227 53.90271
27.606456 53.902758
27.606594 53.902801
27.606731 53.90284
27.606915 53.902914
27.60719 53.902996
27.607465 53.903091
27.607694 53.903173
27.607832 53.90322
27.608107 53.903277
27.608427 53.90334
27.608931 53.903489
27.609061 53.903551
27.609291 53.903635
27.609474 53.903702
27.609704 53.903811
27.609781 53.903855
27.609928 53.904017
27.610051 53.904151
27.610178 53.904227
27.610301 53.904294
27.610416 53.904367
27.610531 53.904423
27.611018 53.904706
27.611677 53.905045
27.613019 53.905812
27.613648 53.906148
27.614775 53.906792
27.614902 53.906864
27.614982 53.90691
27.615166 53.906968
27.61544 53.907012
27.615623 53.907024
27.61576 53.90701
27.615851 53.906983
27.615922 53.906901
27.615929 53.906847
27.615894 53.906794
27.615805 53.906749
27.615623 53.906727
27.61544 53.906737
27.615349 53.906736
27.615166 53.906739
27.615029 53.906717
27.6148 53.906671
27.61457 53.906575
27.614409 53.906473
27.614229 53.906361
27.612066 53.905148
27.610725 53.904433
27.610303 53.904186
27.610268 53.904132
27.610197 53.903943
27.610107 53.903755
27.609998 53.903594
27.609932 53.90354
27.609749 53.903482
27.609733 53.903469
27.609707 53.90346
BRUSH(1,0)
REGION 1
169
27.602312 53.892976
27.602334 53.893248
27.602325 53.89341
27.602288 53.893491
27.602205 53.893539
27.602023 53.893587
27.601842 53.893635
27.601523 53.893711
27.601296 53.893761
27.601159 53.893805
27.600887 53.893914
27.600804 53.893957
27.600578 53.89412
27.600435 53.894226
27.600349 53.894361
27.600306 53.894523
27.6003 53.894631
27.600275 53.894739
27.600272 53.895117
27.600286 53.895333
27.600296 53.895495
27.600383 53.89571
27.600415 53.895845
27.600455 53.895953
27.60051 53.896087
27.600597 53.89633
27.600684 53.896545
27.600754 53.896706
27.600775 53.896841
27.600749 53.896895
27.600558 53.897119
27.600396 53.897219
27.60026 53.897273
27.59985 53.897356
27.599668 53.897393
27.599441 53.897491
27.599328 53.897565
27.599121 53.897728
27.598925 53.897864
27.598752 53.897959
27.598706 53.89798
27.5987 53.898061
27.59872 53.898141
27.598675 53.898153
27.598537 53.89812
27.598492 53.898122
27.598405 53.898165
27.598254 53.898301
27.598161 53.898436
27.59801 53.89854
27.597675 53.898783
27.597536 53.898918
27.597447 53.899053
27.597287 53.899324
27.597195 53.89954
27.597124 53.899675
27.597056 53.899972
27.597082 53.900161
27.597152 53.900323
27.5972 53.90043
27.597319 53.900565
27.597539 53.900752
27.597692 53.900853
27.597822 53.90092
27.597895 53.900967
27.597972 53.901011
27.598202 53.901114
27.598332 53.90118
27.598607 53.901303
27.598791 53.901374
27.598929 53.901423
27.599009 53.901465
27.59933 53.901592
27.599697 53.901723
27.600018 53.90184
27.600202 53.901914
27.600382 53.902005
27.600466 53.902052
27.600525 53.902159
27.600583 53.90224
27.600672 53.902321
27.600748 53.90237
27.600886 53.902416
27.600932 53.90242
27.601023 53.9024
27.601048 53.902319
27.600921 53.902184
27.600771 53.90205
27.600644 53.901981
27.600568 53.901934
27.600491 53.901894
27.600315 53.901812
27.600131 53.901745
27.599902 53.90165
27.599672 53.901568
27.599443 53.90147
27.599168 53.901377
27.598938 53.901288
27.598663 53.901179
27.598529 53.901108
27.598345 53.901048
27.598219 53.900979
27.598092 53.900871
27.597991 53.900764
27.597854 53.900715
27.597762 53.900684
27.597616 53.90055
27.597404 53.900362
27.597321 53.900173
27.597304 53.900039
27.597309 53.89985
27.597334 53.899688
27.597485 53.899309
27.597562 53.899147
27.597622 53.899039
27.597726 53.898877
27.597842 53.898768
27.597967 53.898691
27.598065 53.89861
27.598204 53.898508
27.598317 53.898431
27.598517 53.8983
27.598611 53.898239
27.598702 53.898218
27.598748 53.89822
27.598827 53.898175
27.59888 53.89812
27.59886 53.898067
27.598821 53.898013
27.598866 53.898004
27.599004 53.898023
27.599095 53.897994
27.599313 53.897831
27.599385 53.897781
27.599572 53.897591
27.599681 53.897512
27.599863 53.897459
27.600182 53.897397
27.6005 53.897301
27.600591 53.897258
27.600669 53.89715
27.600695 53.89708
27.600901 53.896829
27.600864 53.896641
27.600792 53.896425
27.600756 53.896264
27.600677 53.896075
27.600625 53.895914
27.600582 53.895779
27.600502 53.895536
27.600438 53.895294
27.600442 53.895051
27.600424 53.894808
27.600406 53.89462
27.60043 53.894431
27.600463 53.89435
27.600625 53.894214
27.60079 53.894078
27.600873 53.894035
27.600957 53.893994
27.601093 53.89394
27.601274 53.893862
27.601547 53.893785
27.601865 53.893704
27.602047 53.893665
27.60232 53.893561
27.602429 53.893452
27.602404 53.89303
27.602312 53.892976
BRUSH(1,0)
REGION 1
19
27.60334 53.903257
27.603385 53.903261
27.603428 53.903315
27.603463 53.903395
27.603647 53.903444
27.603738 53.903439
27.603813 53.903394
27.603854 53.90334
27.603842 53.903259
27.603773 53.90321
27.60359 53.90317
27.603179 53.903165
27.602996 53.903184
27.602951 53.903198
27.60294 53.903252
27.603009 53.903299
27.603101 53.903312
27.603286 53.903252
27.60334 53.903257
BRUSH(1,0)
REGION 2
47
27.617045 53.913139
27.617078 53.913355
27.617122 53.913489
27.617195 53.91357
27.617272 53.913614
27.61741 53.913654
27.617593 53.913671
27.617775 53.913652
27.617911 53.913607
27.618148 53.913417
27.618273 53.913342
27.618345 53.913301
27.61842 53.913258
27.618533 53.913179
27.61865 53.913102
27.618755 53.912994
27.618855 53.912831
27.618928 53.912588
27.618949 53.91248
27.618933 53.912399
27.618867 53.912346
27.618752 53.912272
27.618672 53.912227
27.618595 53.912185
27.61848 53.912111
27.61833 53.911977
27.618267 53.91187
27.618177 53.911681
27.618088 53.911574
27.617965 53.911505
27.617828 53.911469
27.617691 53.911472
27.617463 53.911514
27.61738 53.911557
27.61729 53.911638
27.617284 53.911746
27.617331 53.911827
27.617462 53.911961
27.617502 53.912096
27.617477 53.912204
27.61741 53.912339
27.617325 53.912501
27.61728 53.912583
27.617294 53.912717
27.617258 53.912852
27.617104 53.913035
27.617045 53.913139
14
27.61792 53.912866
27.617829 53.912868
27.617765 53.912852
27.617751 53.912817
27.61779 53.912725
27.617894 53.91265
27.618046 53.912595
27.618137 53.912592
27.618209 53.912613
27.618232 53.912648
27.618185 53.91272
27.618088 53.912811
27.618028 53.912849
27.61792 53.912866
BRUSH(1,0)
REGION 1
29
27.513111 53.899987
27.512874 53.89992
27.51279 53.899912
27.512714 53.899912
27.512615 53.899917
27.512524 53.899951
27.512479 53.899987
27.512472 53.900041
27.512473 53.900086
27.512519 53.900117
27.512595 53.900122
27.512686 53.900121
27.51277 53.90013
27.512801 53.900152
27.512817 53.900202
27.512817 53.900229
27.512879 53.900264
27.512932 53.900255
27.513008 53.900232
27.513107 53.900263
27.513138 53.900286
27.513214 53.900299
27.513259 53.900267
27.513274 53.90024
27.513304 53.900155
27.513303 53.900119
27.513272 53.900072
27.513218 53.900027
27.513111 53.899987
BRUSH(1,0)
REGION 1
49
27.512438 53.900307
27.51224 53.900294
27.512148 53.900294
27.512034 53.900295
27.511904 53.900287
27.51179 53.900269
27.511714 53.900269
27.511623 53.900265
27.511524 53.90027
27.51144 53.900275
27.511372 53.900307
27.511327 53.900341
27.511266 53.90039
27.511236 53.900426
27.51121 53.900463
27.511176 53.90049
27.511135 53.900517
27.511066 53.900526
27.511013 53.900526
27.51096 53.900527
27.510884 53.900527
27.510823 53.900527
27.510754 53.900541
27.510732 53.900573
27.510748 53.900604
27.510809 53.90064
27.510931 53.900675
27.51103 53.900697
27.511313 53.900736
27.511541 53.900749
27.511815 53.900766
27.512166 53.900787
27.512219 53.900791
27.51228 53.900791
27.512348 53.900772
27.512409 53.900727
27.512439 53.900691
27.512472 53.900637
27.51251 53.900583
27.51254 53.900549
27.512577 53.900513
27.512661 53.900486
27.512706 53.900449
27.512728 53.900391
27.512712 53.900355
27.512666 53.900337
27.512598 53.900324
27.512552 53.90032
27.512438 53.900307
BRUSH(1,0)
REGION 1
21
27.471876 53.898279
27.471891 53.898261
27.471921 53.898234
27.471936 53.898207
27.471944 53.898175
27.47192 53.898135
27.471867 53.898108
27.471813 53.898081
27.471745 53.898068
27.471707 53.898068
27.471631 53.8981
27.471593 53.898127
27.471555 53.898159
27.471533 53.89819
27.471526 53.898253
27.471534 53.898285
27.471595 53.898334
27.471679 53.898338
27.471725 53.898338
27.471801 53.89832
27.471876 53.898279
BRUSH(1,0)
REGION 1
47
27.477079 53.905856
27.477018 53.905825
27.476957 53.905798
27.476888 53.905772
27.476827 53.905745
27.476766 53.905718
27.47672 53.905709
27.476636 53.905687
27.476537 53.905656
27.47643 53.905625
27.476227 53.905559
27.476059 53.90551
27.47596 53.905479
27.475891 53.905461
27.475761 53.905444
27.47567 53.905444
27.475624 53.905453
27.475549 53.90548
27.475541 53.905507
27.475534 53.905534
27.475527 53.90557
27.475528 53.905638
27.475559 53.905701
27.47562 53.905759
27.475682 53.905804
27.475804 53.905866
27.475988 53.90596
27.476194 53.906038
27.47634 53.906082
27.476818 53.906282
27.476887 53.906323
27.476956 53.90634
27.476994 53.906345
27.47707 53.906353
27.477131 53.906353
27.477184 53.906348
27.47723 53.906339
27.477275 53.906312
27.477305 53.90628
27.477312 53.906244
27.477312 53.906199
27.477311 53.90615
27.477303 53.906114
27.477249 53.906024
27.477187 53.905966
27.477133 53.905915
27.477079 53.905856
BRUSH(1,0)
REGION 1
24
27.481617 53.907481
27.481602 53.907513
27.481564 53.907545
27.481557 53.907576
27.481633 53.907576
27.481717 53.907593
27.481763 53.907602
27.481839 53.907588
27.481884 53.907539
27.481891 53.907503
27.48186 53.907449
27.481806 53.907413
27.4817 53.907405
27.481631 53.907387
27.481592 53.907351
27.481584 53.907322
27.481523 53.907264
27.481454 53.907273
27.481447 53.907318
27.481448 53.907365
27.481464 53.907437
27.48154 53.90745
27.481586 53.90745
27.481617 53.907481
BRUSH(1,0)
REGION 1
21
27.466574 53.913602
27.466574 53.913643
27.466567 53.913665
27.46656 53.913701
27.466552 53.913728
27.466568 53.913764
27.466606 53.913773
27.466652 53.913773
27.466674 53.913719
27.466666 53.913687
27.466658 53.913642
27.466695 53.913579
27.466725 53.91353
27.466725 53.913471
27.466701 53.913431
27.466644 53.913427
27.466587 53.913458
27.466565 53.913481
27.466558 53.91353
27.466566 53.913562
27.466574 53.913602
BRUSH(1,0)
REGION 1
31
27.466844 53.914943
27.466791 53.914939
27.46673 53.914935
27.466684 53.914962
27.466677 53.915007
27.466678 53.915034
27.466731 53.915043
27.466799 53.91502
27.466845 53.915024
27.46683 53.915069
27.466815 53.915094
27.466808 53.915126
27.466809 53.915175
27.466839 53.915211
27.466885 53.915224
27.466924 53.915242
27.466947 53.915269
27.467016 53.915305
27.467069 53.915304
27.467084 53.915273
27.467068 53.915192
27.467059 53.915127
27.467074 53.915091
27.467081 53.915059
27.467089 53.915014
27.467073 53.914961
27.467019 53.914925
27.466981 53.914916
27.466928 53.914921
27.466882 53.91493
27.466844 53.914943
BRUSH(1,0)
REGION 1
23
27.46602 53.915421
27.466058 53.915425
27.466149 53.915434
27.466195 53.915434
27.46624 53.915429
27.466278 53.915406
27.466285 53.915361
27.466277 53.915339
27.466224 53.915321
27.466186 53.915312
27.466178 53.915286
27.466162 53.915254
27.466124 53.915232
27.466071 53.915227
27.465995 53.915232
27.465941 53.915232
27.465896 53.915237
27.465889 53.915282
27.465904 53.915318
27.465958 53.91534
27.465996 53.915358
27.466012 53.915399
27.46602 53.915421
BRUSH(1,0)
REGION 1
38
27.463592 53.919315
27.463524 53.91932
27.463463 53.919329
27.463402 53.919338
27.463357 53.919348
27.463273 53.919384
27.463259 53.919415
27.463251 53.919451
27.463221 53.919501
27.463214 53.919523
27.463184 53.919555
27.463146 53.919587
27.463116 53.919609
27.463116 53.919647
27.463155 53.919697
27.463193 53.919715
27.463239 53.919728
27.4633 53.919725
27.463361 53.919725
27.463422 53.919698
27.46349 53.919653
27.463558 53.919617
27.463626 53.919594
27.463717 53.919571
27.463816 53.919548
27.463884 53.919503
27.463907 53.91948
27.463929 53.919446
27.463936 53.919406
27.463936 53.919366
27.463928 53.919343
27.463897 53.919303
27.463851 53.919276
27.463805 53.919276
27.463744 53.919281
27.463691 53.919299
27.463638 53.919308
27.463592 53.919315
BRUSH(1,0)
REGION 1
31
27.489257 53.920336
27.489311 53.920354
27.489342 53.920381
27.48935 53.920403
27.489388 53.920443
27.489472 53.920461
27.489518 53.920456
27.489563 53.920447
27.489616 53.920429
27.489685 53.920386
27.489699 53.920354
27.489707 53.920323
27.489706 53.920278
27.489694 53.920211
27.489647 53.920143
27.489609 53.920107
27.489586 53.920076
27.489524 53.920031
27.489455 53.920014
27.489395 53.920014
27.489334 53.920023
27.489288 53.920055
27.489281 53.920077
27.489281 53.920113
27.489297 53.920149
27.48932 53.920185
27.489321 53.920226
27.48931 53.920257
27.489272 53.920282
27.489166 53.920327
27.489257 53.920336
BRUSH(1,0)
REGION 1
15
27.488932 53.920477
27.488947 53.920513
27.489001 53.920548
27.489085 53.920517
27.489099 53.920485
27.489091 53.920454
27.489083 53.920431
27.489075 53.920395
27.489083 53.920359
27.489067 53.920332
27.488999 53.920342
27.488953 53.920387
27.488938 53.920409
27.488931 53.920432
27.488932 53.920477
BRUSH(1,0)
REGION 1
9
27.463649 53.930074
27.463027 53.930297
27.462966 53.930315
27.462974 53.930351
27.464135 53.93063
27.464174 53.930634
27.464219 53.930598
27.464199 53.930553
27.463649 53.930074
BRUSH(1,0)
REGION 1
22
27.469804 53.91974
27.469675 53.919759
27.469614 53.919777
27.469561 53.919795
27.469539 53.919836
27.469531 53.919872
27.469547 53.919912
27.469578 53.919939
27.469639 53.919957
27.469807 53.919965
27.46999 53.919978
27.470081 53.919982
27.470134 53.919968
27.470141 53.919928
27.470148 53.919869
27.47014 53.919833
27.470101 53.919784
27.470071 53.919757
27.470032 53.919726
27.469971 53.919717
27.469872 53.919722
27.469804 53.91974
BRUSH(1,0)
REGION 1
10
27.472396 53.895172
27.472323 53.895109
27.472251 53.89515
27.472217 53.895173
27.472218 53.895216
27.472218 53.895256
27.472253 53.895278
27.472325 53.895278
27.472397 53.895235
27.472396 53.895172
BRUSH(1,0)
REGION 3
34
27.419859 53.907984
27.420061 53.908035
27.420241 53.908086
27.420553 53.908153
27.420779 53.908244
27.421004 53.908322
27.421202 53.908334
27.421316 53.908321
27.421426 53.908334
27.421605 53.908279
27.421673 53.908214
27.421783 53.908162
27.421759 53.908043
27.42178 53.907845
27.421779 53.907739
27.421644 53.907555
27.421529 53.907464
27.420586 53.906703
27.420476 53.906755
27.420408 53.906807
27.420252 53.906834
27.420161 53.906889
27.419964 53.906968
27.419942 53.907033
27.41992 53.907166
27.419899 53.90735
27.4199 53.907483
27.419878 53.907562
27.419814 53.907614
27.419814 53.907627
27.419723 53.907668
27.419678 53.907706
27.419701 53.907774
27.419859 53.907984
11
27.420153 53.907626
27.420257 53.907733
27.420352 53.907814
27.420376 53.907893
27.420304 53.907933
27.420079 53.907889
27.419972 53.907815
27.419952 53.907739
27.419986 53.907658
27.420069 53.907608
27.420153 53.907626
11
27.421495 53.907909
27.421549 53.907958
27.421532 53.908176
27.421414 53.908235
27.421228 53.908242
27.42114 53.908216
27.421074 53.908135
27.421108 53.908004
27.421179 53.907953
27.421453 53.907898
27.421495 53.907909
BRUSH(1,0)
REGION 1
15
27.446905 53.932466
27.446825 53.932422
27.44655 53.932376
27.446463 53.932396
27.446429 53.932453
27.446487 53.932495
27.446942 53.932709
27.446996 53.932817
27.447039 53.932895
27.447127 53.932929
27.447222 53.932913
27.447327 53.932802
27.447288 53.932723
27.446905 53.93246
27.446905 53.932466
BRUSH(1,0)
REGION 1
15
27.397252 53.924744
27.397059 53.924502
27.396971 53.924419
27.39688 53.92441
27.396678 53.924451
27.396706 53.924552
27.396821 53.924669
27.396876 53.924851
27.396907 53.924886
27.397275 53.92524
27.39734 53.92524
27.397477 53.925199
27.397313 53.924809
27.397252 53.924746
27.397252 53.924744
BRUSH(1,0)
REGION 1
17
27.399572 53.917458
27.399588 53.91797
27.399673 53.918132
27.399868 53.918257
27.400051 53.918304
27.400143 53.918299
27.400264 53.918242
27.400301 53.918105
27.400236 53.917701
27.40008 53.917218
27.400044 53.917081
27.399957 53.917052
27.399824 53.917075
27.399668 53.917177
27.399605 53.917314
27.39958 53.917458
27.399572 53.917458
BRUSH(1,0)
REGION 1
27
27.427166 53.910547
27.427069 53.910385
27.426832 53.910199
27.4263 53.90986
27.425536 53.90911
27.425314 53.908989
27.425131 53.908925
27.424952 53.908914
27.424815 53.908915
27.424677 53.908877
27.424402 53.908772
27.42417 53.908735
27.42385 53.90875
27.423714 53.908782
27.423672 53.908838
27.423853 53.909024
27.424547 53.909615
27.425121 53.909938
27.425876 53.910558
27.426355 53.910932
27.426673 53.911086
27.426852 53.911103
27.426992 53.911071
27.427212 53.910946
27.427264 53.910865
27.427178 53.910547
27.427166 53.910547
BRUSH(1,0)
REGION 1
24
27.409228 53.90842
27.409173 53.908203
27.409255 53.90804
27.409511 53.907772
27.409484 53.907716
27.409389 53.907714
27.409116 53.907836
27.408888 53.907862
27.408737 53.907955
27.408654 53.908117
27.408648 53.908281
27.408783 53.908496
27.408896 53.908765
27.409034 53.908873
27.409263 53.908935
27.409724 53.908987
27.409815 53.908987
27.409861 53.908973
27.409864 53.908944
27.4097 53.90885
27.409573 53.908689
27.409351 53.908573
27.40922 53.908423
27.409228 53.90842
BRUSH(1,0)
REGION 1
20
27.433041 53.9016
27.432629 53.901426
27.432267 53.901364
27.431943 53.901366
27.431445 53.901415
27.431213 53.901438
27.431084 53.901488
27.431096 53.901517
27.431371 53.901574
27.431489 53.901653
27.43167 53.901868
27.431976 53.902031
27.432297 53.902126
27.432521 53.902132
27.432753 53.902075
27.433109 53.901896
27.433131 53.901815
27.433064 53.901654
27.433034 53.901609
27.433041 53.9016
BRUSH(1,0)
REGION 1
11
27.419496 53.90105
27.419626 53.901184
27.419763 53.901217
27.420083 53.90118
27.420208 53.901126
27.420115 53.900964
27.419869 53.900639
27.419823 53.900628
27.419272 53.900745
27.419261 53.900774
27.419496 53.90105
BRUSH(1,0)
REGION 1
12
27.419069 53.90055
27.419215 53.900711
27.419758 53.900572
27.419776 53.900543
27.419453 53.900086
27.419266 53.900021
27.419129 53.900022
27.418859 53.900079
27.418791 53.900119
27.41878 53.9002
27.419011 53.900496
27.419069 53.90055
BRUSH(1,0)
REGION 1
18
27.412449 53.902284
27.412358 53.90226
27.412133 53.90222
27.412003 53.902155
27.411849 53.901967
27.411716 53.901934
27.411621 53.90195
27.411602 53.902002
27.411703 53.902166
27.411813 53.902239
27.411963 53.902342
27.412082 53.90245
27.412169 53.902479
27.412306 53.90246
27.412477 53.902365
27.412453 53.902284
27.412449 53.90228
27.412449 53.902284
BRUSH(1,0)
REGION 1
24
27.402507 53.90171
27.402524 53.901495
27.402487 53.901223
27.402612 53.900712
27.402825 53.900305
27.402819 53.900064
27.402741 53.899792
27.402582 53.899445
27.402572 53.899173
27.402663 53.898635
27.402553 53.898258
27.40222 53.897666
27.40209 53.897558
27.401953 53.897503
27.401865 53.89751
27.401797 53.897535
27.401926 53.901047
27.40163 53.901489
27.401275 53.901841
27.400562 53.902115
27.401396 53.902211
27.401696 53.902111
27.402113 53.901966
27.402507 53.90171
BRUSH(1,0)
REGION 1
11
27.415891 53.896244
27.415886 53.89608
27.41581 53.89604
27.415585 53.896045
27.415521 53.896097
27.415505 53.89645
27.415578 53.896486
27.41581 53.896469
27.415873 53.896361
27.415899 53.896239
27.415891 53.896244
BRUSH(1,0)
REGION 1
12
27.430589 53.893697
27.430727 53.893744
27.430772 53.893746
27.43081 53.893692
27.430725 53.893582
27.430438 53.893406
27.430114 53.893304
27.430068 53.893306
27.430031 53.89336
27.430073 53.893416
27.430566 53.893691
27.430589 53.893697
BRUSH(1,0)
REGION 1
23
27.516671 53.97643
27.516945 53.976427
27.517266 53.976486
27.517541 53.976536
27.517681 53.976524
27.517791 53.976468
27.51781 53.976412
27.517729 53.976333
27.517552 53.976256
27.517189 53.976167
27.516366 53.976088
27.51586 53.97614
27.51574 53.976173
27.515681 53.97619
27.515432 53.976344
27.515277 53.976446
27.515255 53.9765
27.515424 53.976578
27.515565 53.976584
27.516065 53.976433
27.516386 53.976461
27.516679 53.97643
27.516671 53.97643
BRUSH(1,0)
REGION 1
11
27.486907 53.959554
27.487042 53.959365
27.487025 53.959284
27.486976 53.959262
27.486888 53.959296
27.486441 53.959756
27.486434 53.95981
27.486484 53.959824
27.486756 53.959699
27.486895 53.959561
27.486907 53.959554
BRUSH(1,0)
REGION 1
15
27.505607 53.938794
27.505287 53.938752
27.505104 53.938778
27.505044 53.938832
27.505046 53.938967
27.505107 53.939016
27.505332 53.939026
27.505608 53.938919
27.505741 53.938901
27.506111 53.938955
27.50619 53.938919
27.506205 53.938865
27.506182 53.93884
27.505599 53.938807
27.505607 53.938794
BRUSH(1,0)
REGION 1
21
27.509091 53.948325
27.509316 53.94838
27.509544 53.948363
27.509718 53.948284
27.510038 53.948015
27.510569 53.9475
27.510693 53.94739
27.510741 53.947257
27.510705 53.947093
27.510612 53.947013
27.510338 53.946969
27.510155 53.946988
27.509882 53.947045
27.509613 53.947145
27.509409 53.947272
27.509186 53.947385
27.508749 53.947765
27.508657 53.948008
27.508693 53.948142
27.508804 53.948216
27.509091 53.948325
BRUSH(1,0)
REGION 1
18
27.460573 53.937205
27.460665 53.937214
27.460785 53.937141
27.460872 53.937008
27.46097 53.936604
27.461003 53.93652
27.460964 53.936413
27.460838 53.936355
27.460701 53.936356
27.46056 53.936374
27.46033 53.936528
27.460209 53.936665
27.460222 53.936771
27.460348 53.936833
27.460436 53.936869
27.460504 53.937167
27.460596 53.937205
27.460573 53.937205
BRUSH(1,0)
REGION 1
20
27.46777 53.938377
27.467701 53.938332
27.46765 53.938168
27.46752 53.938115
27.467379 53.938113
27.467197 53.938159
27.467046 53.938256
27.467008 53.938308
27.467044 53.938391
27.467177 53.93844
27.467227 53.938494
27.467229 53.938658
27.467298 53.938707
27.467386 53.938718
27.467705 53.938656
27.4678 53.938619
27.467871 53.93854
27.467851 53.93846
27.467782 53.938377
27.46777 53.938377
BRUSH(1,0)
REGION 3
163
27.414676 53.970609
27.414676 53.970591
27.41446 53.970385
27.413959 53.969764
27.413346 53.969171
27.413122 53.968812
27.413122 53.968817
27.413052 53.968743
27.412527 53.96807
27.412538 53.968064
27.411676 53.967237
27.411676 53.967221
27.411265 53.966902
27.410931 53.966662
27.410563 53.966544
27.410289 53.966525
27.409694 53.966554
27.408916 53.966559
27.408729 53.966535
27.408316 53.966433
27.407862 53.966415
27.407629 53.966359
27.407219 53.966165
27.40694 53.966128
27.406665 53.966055
27.406298 53.966013
27.405433 53.966072
27.405251 53.96615
27.405217 53.966156
27.405096 53.966289
27.405097 53.966424
27.405014 53.966458
27.404918 53.966429
27.404775 53.966293
27.404644 53.966131
27.404472 53.966053
27.40401 53.965979
27.403948 53.965927
27.403912 53.965738
27.403983 53.965576
27.403991 53.965565
27.404161 53.965432
27.404221 53.965324
27.404273 53.965218
27.404357 53.96517
27.404626 53.965064
27.404782 53.96496
27.404815 53.964852
27.404787 53.964661
27.404609 53.964421
27.404209 53.964099
27.403949 53.963958
27.40367 53.963914
27.403078 53.963878
27.40225 53.963751
27.401516 53.963614
27.401199 53.963559
27.400557 53.963464
27.399641 53.963299
27.399045 53.963207
27.398766 53.963208
27.39813 53.963279
27.397671 53.963384
27.396757 53.963675
27.396147 53.963947
27.396151 53.964457
27.396278 53.964508
27.396333 53.964403
27.396396 53.964184
27.396476 53.964076
27.396832 53.963918
27.396973 53.963895
27.397009 53.963924
27.396951 53.963967
27.396723 53.964057
27.396537 53.96422
27.39643 53.964407
27.396433 53.964434
27.396479 53.964452
27.396706 53.964361
27.396885 53.964169
27.397017 53.964137
27.397098 53.964173
27.397064 53.964225
27.396893 53.96432
27.396874 53.964349
27.396956 53.96443
27.397052 53.964454
27.397188 53.964418
27.397275 53.964399
27.397321 53.964422
27.397315 53.964473
27.397234 53.964523
27.397102 53.96453
27.396868 53.964504
27.396734 53.964464
27.396593 53.964505
27.396557 53.964532
27.396613 53.964581
27.397068 53.964706
27.397251 53.964716
27.397484 53.964653
27.397646 53.964553
27.397681 53.964472
27.397698 53.96431
27.397762 53.964265
27.397899 53.964258
27.397995 53.964285
27.398061 53.964394
27.398188 53.964457
27.398222 53.964538
27.398127 53.964572
27.397948 53.96459
27.397724 53.96469
27.397508 53.964803
27.397055 53.964949
27.396868 53.964949
27.396738 53.964923
27.396535 53.964831
27.396246 53.964767
27.396155 53.964767
27.396322 53.981167
27.410121 53.981144
27.422157 53.981101
27.422153 53.981022
27.422188 53.980397
27.422075 53.980101
27.421832 53.979884
27.421521 53.979676
27.420882 53.979114
27.420839 53.978977
27.420879 53.97879
27.421015 53.978628
27.421174 53.978526
27.421204 53.978448
27.421215 53.978423
27.420752 53.978335
27.420296 53.978426
27.41999 53.978427
27.419761 53.978338
27.41915 53.978296
27.419073 53.978206
27.418766 53.978072
27.418688 53.977848
27.418761 53.977578
27.419064 53.977305
27.419364 53.976854
27.419283 53.976315
27.418897 53.97582
27.418358 53.975327
27.417502 53.974024
27.417262 53.973699
27.416582 53.972836
27.416498 53.972394
27.416258 53.972087
27.416254 53.972085
27.416254 53.972087
27.416111 53.972207
27.415859 53.97183
27.41542 53.9714
27.414966 53.970968
27.41468 53.970614
27.414676 53.970609
24
27.40111 53.976346
27.401317 53.976397
27.401394 53.976486
27.401456 53.976619
27.401484 53.976702
27.401484 53.976747
27.401397 53.976866
27.401344 53.976918
27.401268 53.976972
27.401284 53.977024
27.401399 53.977098
27.401461 53.977149
27.401423 53.977194
27.401287 53.977201
27.40098 53.977121
27.400762 53.976942
27.400623 53.976846
27.400583 53.976734
27.400594 53.976631
27.400696 53.97654
27.400809 53.976443
27.400908 53.976398
27.401022 53.976359
27.40111 53.976346
28
27.415491 53.977468
27.415798 53.977708
27.415986 53.977736
27.416028 53.977763
27.416028 53.977819
27.416094 53.977859
27.416277 53.977881
27.416368 53.977861
27.41643 53.977885
27.416445 53.977912
27.41643 53.977973
27.416115 53.978066
27.414792 53.978567
27.414473 53.978677
27.41429 53.978754
27.413875 53.978791
27.413787 53.978771
27.413698 53.978693
27.413705 53.97861
27.413887 53.978479
27.41403 53.978289
27.414372 53.978092
27.414636 53.977768
27.414717 53.97755
27.414759 53.977495
27.415261 53.977413
27.415399 53.977435
27.415491 53.977468
BRUSH(1,0)
REGION 1
13
27.406892 53.955488
27.406837 53.95538
27.406645 53.955167
27.406185 53.95496
27.406048 53.954945
27.40601 53.954972
27.406386 53.955265
27.406717 53.95556
27.406779 53.955612
27.406824 53.955619
27.406884 53.95551
27.406876 53.955481
27.406892 53.955488
BRUSH(1,0)
REGION 1
26
27.421062 53.977192
27.421008 53.97714
27.420365 53.976911
27.420204 53.976885
27.420189 53.976892
27.420084 53.977045
27.420054 53.977153
27.420101 53.977231
27.420247 53.977334
27.420618 53.977459
27.420802 53.977528
27.421029 53.97774
27.421123 53.978039
27.421166 53.978144
27.421186 53.978153
27.421228 53.978162
27.421285 53.978182
27.421312 53.978184
27.421327 53.978186
27.421395 53.978162
27.421414 53.978114
27.421414 53.97806
27.421366 53.977896
27.421335 53.977782
27.421082 53.977371
27.421062 53.977192
BRUSH(1,0)
REGION 1
19
27.426343 53.942751
27.426164 53.942828
27.426127 53.942897
27.426123 53.942911
27.426169 53.942962
27.426307 53.943002
27.426535 53.942975
27.426676 53.942925
27.426937 53.942739
27.427339 53.942563
27.427351 53.942538
27.427327 53.942486
27.427243 53.942451
27.427102 53.942458
27.426988 53.94253
27.426864 53.942638
27.426632 53.94272
27.426407 53.942757
27.426343 53.942751
BRUSH(1,0)
REGION 1
16
27.453342 53.97609
27.453522 53.976141
27.453844 53.976302
27.454071 53.976517
27.454115 53.976678
27.454128 53.976784
27.454209 53.976891
27.454259 53.976916
27.454438 53.976882
27.454543 53.976771
27.454691 53.976341
27.45463 53.97629
27.453941 53.976137
27.453402 53.97602
27.453346 53.976086
27.453342 53.97609
BRUSH(1,0)
REGION 1
50
27.448811 53.974409
27.448678 53.974391
27.448308 53.97439
27.448079 53.974378
27.447945 53.974329
27.447695 53.974141
27.44747 53.973791
27.447063 53.972069
27.446996 53.971853
27.446967 53.971635
27.446994 53.970961
27.44699 53.97061
27.447049 53.970421
27.447044 53.969936
27.447041 53.969642
27.447039 53.969451
27.44706 53.969291
27.446869 53.968912
27.446626 53.968618
27.446621 53.968535
27.446119 53.967917
27.44584 53.967567
27.445444 53.967247
27.445321 53.967169
27.445208 53.96721
27.445289 53.967297
27.445285 53.967302
27.445431 53.967436
27.445755 53.967734
27.446021 53.968056
27.446399 53.968484
27.44653 53.968619
27.446604 53.968755
27.446868 53.969157
27.446928 53.969402
27.446885 53.970451
27.446906 53.97064
27.44685 53.97075
27.446813 53.97156
27.446939 53.97226
27.44707 53.972718
27.447248 53.973419
27.447371 53.973821
27.447638 53.974197
27.447961 53.974401
27.448144 53.974447
27.448556 53.974455
27.448785 53.974467
27.448802 53.97443
27.448811 53.974409
BRUSH(1,0)
REGION 1
32
27.453923 53.952259
27.453945 53.952254
27.453991 53.952252
27.454308 53.952282
27.454399 53.952289
27.45454 53.952238
27.45465 53.952164
27.454829 53.95215
27.454889 53.952107
27.45485 53.951999
27.45468 53.951813
27.454588 53.951778
27.454314 53.951801
27.454084 53.95171
27.453996 53.951697
27.453677 53.951729
27.453646 53.95173
27.453558 53.951712
27.453191 53.951644
27.452918 53.951687
27.452834 53.951733
27.452801 53.951839
27.452894 53.952027
27.453075 53.952188
27.453248 53.952262
27.453389 53.952261
27.453457 53.952229
27.453483 53.952173
27.453529 53.952198
27.453602 53.95228
27.453698 53.952296
27.453923 53.952259
BRUSH(1,0)
REGION 2
135
27.456897 53.946927
27.457321 53.946721
27.457582 53.94658
27.458173 53.946315
27.458305 53.946153
27.458536 53.946073
27.458805 53.945962
27.458991 53.945905
27.459673 53.945604
27.459983 53.945456
27.460843 53.945147
27.461059 53.945021
27.461115 53.944939
27.461024 53.944924
27.460883 53.944947
27.460656 53.945006
27.460336 53.945071
27.46017 53.945143
27.460042 53.945305
27.459951 53.945346
27.45981 53.945313
27.459699 53.945244
27.459604 53.945238
27.459557 53.945157
27.459556 53.945051
27.459615 53.944889
27.459584 53.944833
27.459458 53.944771
27.459233 53.944741
27.458913 53.944751
27.458776 53.944724
27.458661 53.944653
27.458594 53.944411
27.458532 53.94395
27.458466 53.94387
27.458328 53.943812
27.458146 53.943797
27.457781 53.943877
27.457465 53.943879
27.457234 53.943913
27.457071 53.944004
27.457041 53.944031
27.456868 53.944216
27.456384 53.944709
27.454173 53.94436
27.454033 53.944387
27.453939 53.944523
27.453925 53.94466
27.45388 53.944714
27.453785 53.944732
27.453724 53.944782
27.453741 53.944888
27.453704 53.944998
27.453598 53.94507
27.453369 53.945105
27.45319 53.945078
27.453111 53.945128
27.452977 53.945151
27.452703 53.94513
27.452562 53.945171
27.452108 53.94511
27.451967 53.945101
27.451918 53.945182
27.451835 53.945214
27.451693 53.945217
27.451629 53.945264
27.451668 53.945293
27.45166 53.945318
27.451573 53.945336
27.451344 53.945337
27.451253 53.945353
27.451326 53.9454
27.451692 53.945473
27.451697 53.945527
27.451609 53.945559
27.451625 53.94561
27.451748 53.945682
27.451981 53.945742
27.452435 53.945805
27.452508 53.945839
27.452497 53.945868
27.452451 53.945877
27.452223 53.945871
27.451998 53.945863
27.451815 53.945922
27.45182 53.945976
27.451985 53.946081
27.452008 53.946137
27.451914 53.946216
27.451822 53.946232
27.451547 53.946179
27.451452 53.946187
27.451491 53.946267
27.451465 53.946324
27.451382 53.946362
27.45136 53.946443
27.451288 53.946477
27.451013 53.946436
27.450918 53.946445
27.450918 53.94647
27.450995 53.94655
27.451076 53.946631
27.451053 53.946687
27.45097 53.946732
27.451016 53.946784
27.451521 53.946885
27.451937 53.946956
27.452029 53.946993
27.452018 53.94702
27.4519 53.947093
27.451626 53.94715
27.451452 53.947238
27.451392 53.94732
27.451394 53.947562
27.45135 53.947697
27.451325 53.947808
27.451371 53.947888
27.45154 53.947984
27.451723 53.948015
27.451994 53.947998
27.452222 53.947991
27.452543 53.948043
27.452673 53.948101
27.452689 53.948155
27.452585 53.948398
27.452586 53.948452
27.45267 53.948495
27.452762 53.94851
27.452902 53.948478
27.453176 53.948425
27.453493 53.948426
27.453633 53.94841
27.45577 53.947462
27.456539 53.947093
27.456897 53.946927
36
27.455123 53.945066
27.455135 53.94512
27.455002 53.945175
27.454814 53.945106
27.454765 53.945187
27.45467 53.945201
27.454441 53.945157
27.454396 53.945166
27.45434 53.945276
27.454252 53.945292
27.454172 53.945245
27.454121 53.945165
27.453935 53.945197
27.453847 53.945159
27.453835 53.945107
27.453846 53.945078
27.454025 53.945062
27.454394 53.945065
27.454451 53.945011
27.454538 53.944986
27.45463 53.945003
27.454726 53.945034
27.454904 53.944991
27.454885 53.944937
27.45465 53.944695
27.454652 53.944504
27.455388 53.944611
27.456026 53.944717
27.456072 53.944726
27.456072 53.944755
27.455753 53.94483
27.455575 53.944921
27.455168 53.944992
27.455107 53.945033
27.455134 53.945071
27.455123 53.945066
BRUSH(1,0)
REGION 6
672
27.638228 53.853011
27.639119 53.852926
27.639742 53.852904
27.640185 53.852812
27.640337 53.852798
27.64048 53.852766
27.640951 53.852759
27.641259 53.852728
27.642482 53.85273
27.642783 53.852767
27.643102 53.852767
27.643272 53.852744
27.643393 53.852705
27.643545 53.852677
27.643767 53.852544
27.644491 53.851951
27.644619 53.851901
27.644796 53.851754
27.644863 53.851668
27.645085 53.851539
27.645167 53.851458
27.645251 53.851282
27.645354 53.85074
27.645426 53.85047
27.645618 53.850119
27.645743 53.849954
27.646643 53.849166
27.647401 53.848757
27.647495 53.848685
27.648373 53.848235
27.648679 53.848094
27.649001 53.847902
27.649243 53.847784
27.64945 53.847646
27.649589 53.847604
27.649691 53.847536
27.649933 53.847425
27.64997 53.847389
27.650181 53.847314
27.650275 53.847241
27.650754 53.847003
27.650895 53.846966
27.651045 53.846952
27.651159 53.846888
27.651414 53.846658
27.651474 53.846572
27.65156 53.846495
27.651953 53.845992
27.652133 53.845843
27.652344 53.845709
27.65242 53.845628
27.652547 53.845576
27.65269 53.845485
27.652772 53.845408
27.653192 53.845197
27.653322 53.845091
27.653575 53.844991
27.653728 53.844967
27.65415 53.844857
27.654455 53.844842
27.65454 53.844765
27.654767 53.844645
27.654911 53.844613
27.655205 53.844512
27.655326 53.844489
27.65559 53.844396
27.655742 53.844386
27.656048 53.844427
27.656648 53.844529
27.656786 53.844569
27.657236 53.844634
27.657372 53.844678
27.658111 53.844833
27.65928 53.845216
27.659445 53.845307
27.659468 53.845338
27.659736 53.845514
27.659874 53.845554
27.660026 53.845546
27.660093 53.845465
27.660236 53.845419
27.662117 53.84544
27.663029 53.845473
27.663333 53.84546
27.663787 53.845384
27.666062 53.845333
27.667923 53.845327
27.668684 53.845195
27.669225 53.845019
27.669598 53.844853
27.669734 53.844809
27.670228 53.844575
27.670633 53.844295
27.670984 53.844106
27.671127 53.844069
27.671256 53.844015
27.671334 53.843936
27.671219 53.843871
27.67118 53.843782
27.671409 53.843657
27.671706 53.843437
27.671936 53.843315
27.672385 53.84293
27.672508 53.842759
27.673012 53.842186
27.673126 53.842252
27.673025 53.842522
27.672965 53.842608
27.672781 53.84276
27.6726 53.843021
27.671987 53.843447
27.672042 53.843536
27.672194 53.843545
27.67242 53.84342
27.672697 53.843196
27.672987 53.842765
27.673077 53.842688
27.673427 53.842504
27.67349 53.842419
27.673354 53.84197
27.673447 53.84161
27.673594 53.84134
27.673889 53.841022
27.674241 53.840717
27.674735 53.840247
27.674883 53.840214
27.675194 53.840421
27.67532 53.840477
27.675465 53.840507
27.675525 53.840498
27.67552 53.840422
27.675435 53.840346
27.675064 53.840175
27.674964 53.840104
27.674944 53.840007
27.67495 53.839908
27.675677 53.839089
27.675782 53.839016
27.676087 53.839039
27.676238 53.839034
27.676375 53.838995
27.676526 53.838981
27.676732 53.839004
27.676792 53.838991
27.676765 53.838928
27.676642 53.83887
27.676339 53.838897
27.676199 53.83894
27.676047 53.838959
27.675929 53.838903
27.675927 53.838809
27.676224 53.838594
27.676857 53.838321
27.677001 53.838291
27.677167 53.838225
27.677981 53.838045
27.678241 53.837945
27.678479 53.837824
27.678651 53.837673
27.678661 53.837583
27.678629 53.837493
27.678639 53.837403
27.67883 53.83725
27.679272 53.836659
27.679515 53.836424
27.679613 53.836353
27.679784 53.836141
27.679928 53.836107
27.680024 53.836178
27.680164 53.836137
27.680231 53.836051
27.680714 53.835168
27.680919 53.83492
27.680952 53.834832
27.681074 53.834656
27.681197 53.834291
27.681218 53.833923
27.681191 53.833649
27.680925 53.833168
27.680774 53.832998
27.681078 53.833048
27.681361 53.83312
27.681464 53.833196
27.681562 53.833371
27.681539 53.833829
27.681629 53.833754
27.681693 53.833484
27.681691 53.83339
27.681663 53.8333
27.681535 53.833128
27.680971 53.832974
27.680822 53.832948
27.680685 53.832906
27.680457 53.832669
27.67985 53.832242
27.678985 53.831588
27.678767 53.831453
27.678701 53.831372
27.678471 53.831241
27.677806 53.830764
27.677554 53.830651
27.676704 53.830431
27.675961 53.830271
27.675385 53.830124
27.67508 53.830078
27.674943 53.830037
27.674824 53.829974
27.674822 53.829849
27.674738 53.829791
27.674601 53.829798
27.674504 53.829871
27.674352 53.829887
27.674047 53.829819
27.67391 53.829771
27.673761 53.829749
27.673487 53.829676
27.673335 53.829662
27.672469 53.829453
27.672415 53.829368
27.672447 53.829247
27.672311 53.82931
27.672225 53.829387
27.672074 53.829386
27.671353 53.82921
27.670763 53.829092
27.670488 53.829006
27.670002 53.828768
27.669898 53.828699
27.669267 53.82842
27.668996 53.828278
27.668721 53.828187
27.66848 53.828069
27.66838 53.827993
27.668109 53.827898
27.667244 53.827501
27.667099 53.827457
27.66638 53.82709
27.666112 53.826982
27.665886 53.826857
27.664148 53.826171
27.663625 53.825983
27.663239 53.825814
27.662949 53.825741
27.662678 53.825658
27.66254 53.825598
27.662258 53.825521
27.661457 53.825238
27.661215 53.825106
27.661115 53.825035
27.661053 53.824948
27.661024 53.824768
27.661026 53.8244
27.660938 53.824126
27.660876 53.824032
27.660552 53.823722
27.660337 53.823586
27.660149 53.823441
27.660023 53.823379
27.659748 53.823284
27.658934 53.82274
27.658854 53.822703
27.658723 53.822593
27.658674 53.822569
27.658597 53.8225
27.65852 53.822457
27.658385 53.822301
27.658358 53.822288
27.658267 53.822279
27.65819 53.822244
27.658027 53.822
27.65787 53.821675
27.657831 53.821581
27.657769 53.821514
27.657723 53.821487
27.657629 53.821339
27.657573 53.821135
27.657465 53.821008
27.657432 53.820624
27.657608 53.820194
27.657658 53.82
27.657681 53.819811
27.657652 53.819401
27.657624 53.819297
27.657646 53.819219
27.657603 53.818895
27.657612 53.818758
27.657591 53.818417
27.657604 53.818287
27.657627 53.818273
27.657714 53.818014
27.657788 53.817877
27.657834 53.817679
27.657833 53.817618
27.65787 53.817564
27.657863 53.817358
27.657722 53.817102
27.657568 53.816924
27.657403 53.816785
27.657135 53.816465
27.657017 53.816392
27.656916 53.816287
27.656832 53.816263
27.656771 53.816193
27.656583 53.816066
27.656475 53.815955
27.656358 53.815773
27.656273 53.815437
27.65631 53.815369
27.656347 53.815335
27.656339 53.815259
27.656319 53.815244
27.656319 53.815203
27.656401 53.815117
27.656527 53.814946
27.656677 53.814837
27.656789 53.814713
27.656848 53.814578
27.656883 53.814378
27.656857 53.814214
27.656787 53.814062
27.656738 53.813835
27.656233 53.813838
27.656306 53.813932
27.656374 53.814352
27.656397 53.814408
27.656399 53.814527
27.656315 53.814731
27.65627 53.814779
27.656218 53.814802
27.656173 53.814851
27.655868 53.815051
27.655786 53.815132
27.655832 53.815385
27.655871 53.815437
27.655917 53.815459
27.655963 53.815531
27.655998 53.815836
27.656042 53.815935
27.656115 53.816022
27.656173 53.816066
27.656208 53.816143
27.656262 53.816194
27.656266 53.816216
27.656351 53.816297
27.656481 53.816386
27.656743 53.816614
27.656823 53.816645
27.656901 53.816732
27.657154 53.816926
27.657309 53.8171
27.657355 53.817174
27.65744 53.817259
27.657488 53.817387
27.657493 53.817463
27.657456 53.817515
27.657412 53.817648
27.657199 53.81784
27.657154 53.817887
27.657075 53.818164
27.657069 53.818265
27.657021 53.818335
27.656952 53.818582
27.656931 53.818657
27.656939 53.818715
27.656958 53.818733
27.657005 53.819056
27.657052 53.819134
27.657068 53.819213
27.657119 53.819291
27.657163 53.819462
27.657272 53.819605
27.657283 53.819802
27.657251 53.819955
27.657207 53.820045
27.657111 53.820493
27.657116 53.820533
27.657064 53.820646
27.657078 53.82081
27.657007 53.820882
27.656931 53.821094
27.656883 53.821163
27.656857 53.82124
27.656875 53.821399
27.656824 53.82153
27.656776 53.821602
27.656785 53.821719
27.656862 53.821781
27.657029 53.821792
27.657116 53.821766
27.657286 53.821741
27.657381 53.821743
27.657485 53.821787
27.657515 53.82182
27.657606 53.822038
27.65766 53.822085
27.657668 53.822123
27.657795 53.822243
27.657827 53.822304
27.657966 53.82244
27.658077 53.82252
27.658185 53.822666
27.6585 53.822902
27.658707 53.823013
27.659321 53.823437
27.659722 53.823589
27.659837 53.823661
27.660112 53.82376
27.660308 53.823905
27.660443 53.824066
27.660464 53.824439
27.660413 53.824525
27.660425 53.824799
27.6609 53.8256
27.661059 53.825761
27.661285 53.825888
27.661429 53.82593
27.661886 53.825979
27.662197 53.825975
27.662473 53.82589
27.662625 53.825871
27.662769 53.825904
27.663018 53.826017
27.663285 53.826106
27.663823 53.8263
27.664588 53.826635
27.665505 53.826976
27.66562 53.827045
27.665998 53.827207
27.666143 53.827249
27.666239 53.82732
27.667007 53.827639
27.667122 53.827704
27.667386 53.827797
27.668098 53.828159
27.668358 53.828272
27.668584 53.828397
27.669214 53.828627
27.670178 53.829109
27.670449 53.829204
27.670746 53.829258
27.671883 53.829557
27.672469 53.829693
27.672621 53.829688
27.6729 53.82977
27.67306 53.829787
27.673189 53.829838
27.673738 53.829927
27.674306 53.830094
27.674611 53.830144
27.674882 53.83023
27.675869 53.830492
27.676612 53.830643
27.677017 53.830777
27.677158 53.830808
27.677562 53.830949
27.677796 53.831069
27.679275 53.83215
27.67956 53.832367
27.680182 53.832799
27.680463 53.83302
27.680532 53.8331
27.680629 53.833172
27.680826 53.833424
27.680917 53.833608
27.6809 53.834255
27.68053 53.835068
27.6804 53.835239
27.680379 53.835329
27.680281 53.835402
27.679997 53.835473
27.6799 53.835543
27.679823 53.835723
27.679547 53.836051
27.679379 53.836204
27.67932 53.836294
27.678975 53.836609
27.678853 53.836787
27.678633 53.837035
27.678593 53.837123
27.678212 53.837518
27.677833 53.83781
27.67783 53.837904
27.677702 53.837954
27.677073 53.838064
27.676843 53.838132
27.676552 53.838199
27.676089 53.838451
27.675792 53.838671
27.675195 53.839325
27.675005 53.839587
27.674042 53.840637
27.673746 53.840888
27.673532 53.841021
27.673234 53.841349
27.673038 53.841705
27.672739 53.842023
27.672578 53.842381
27.671981 53.843034
27.671388 53.843491
27.671016 53.843747
27.670959 53.843756
27.670764 53.843903
27.670282 53.844144
27.669688 53.844585
27.669194 53.844808
27.668918 53.844888
27.668836 53.844965
27.668416 53.845082
27.667962 53.845143
27.667498 53.845152
27.66702 53.845177
27.666545 53.845178
27.666242 53.8452
27.664692 53.845219
27.663461 53.845204
27.662487 53.845288
27.660602 53.845267
27.659995 53.845304
27.659865 53.845248
27.659868 53.845154
27.659952 53.844978
27.660019 53.844899
27.660173 53.84453
27.660226 53.844305
27.66023 53.844067
27.660314 53.843828
27.660428 53.843619
27.660428 53.84334
27.6603 53.843173
27.660089 53.843039
27.659966 53.842984
27.659558 53.842853
27.658759 53.842559
27.658191 53.842394
27.657593 53.842289
27.657288 53.842248
27.657136 53.842215
27.656522 53.842192
27.656369 53.84221
27.655966 53.842341
27.655857 53.842483
27.655973 53.842655
27.655995 53.842839
27.655977 53.842929
27.655701 53.843256
27.655597 53.843324
27.655328 53.843413
27.655208 53.84347
27.655231 53.84356
27.655384 53.843561
27.655528 53.843529
27.655772 53.843409
27.656038 53.84318
27.656131 53.843005
27.656141 53.842632
27.656123 53.842538
27.656179 53.842452
27.656292 53.842386
27.656435 53.842349
27.657211 53.842361
27.657508 53.842418
27.65766 53.842432
27.657797 53.842481
27.65795 53.842501
27.658647 53.842685
27.659847 53.843106
27.660065 53.843237
27.660124 53.843322
27.660142 53.843501
27.660055 53.843772
27.660037 53.844338
27.65986 53.844691
27.659745 53.844863
27.659661 53.845083
27.659609 53.845142
27.659139 53.844951
27.658299 53.844709
27.657541 53.844567
27.657274 53.844476
27.655763 53.844255
27.655459 53.844275
27.654907 53.844447
27.654579 53.844561
27.654518 53.844595
27.654111 53.844725
27.653954 53.844715
27.653843 53.844648
27.653687 53.844633
27.653556 53.844676
27.653348 53.844817
27.65322 53.844865
27.653066 53.84502
27.652727 53.845206
27.652491 53.845399
27.65224 53.845512
27.65179 53.845764
27.651381 53.846265
27.651063 53.846579
27.650392 53.846967
27.650163 53.847085
27.650017 53.847175
27.649755 53.847276
27.648866 53.847763
27.648614 53.847868
27.648437 53.848017
27.648192 53.848135
27.647975 53.848264
27.647445 53.848445
27.647339 53.84845
27.647106 53.848617
27.646823 53.8487
27.646744 53.848777
27.646635 53.84884
27.646439 53.848998
27.646113 53.849222
27.645465 53.849846
27.645406 53.849931
27.645312 53.850006
27.645137 53.850263
27.644928 53.850985
27.644652 53.851312
27.644623 53.851402
27.644349 53.851622
27.644102 53.851852
27.643637 53.852219
27.64315 53.852448
27.642855 53.85251
27.642551 53.852532
27.642399 53.852526
27.642262 53.852482
27.641792 53.852114
27.641662 53.852058
27.641534 53.851893
27.641419 53.851824
27.640974 53.85173
27.640956 53.85182
27.641216 53.851919
27.641361 53.85195
27.641457 53.852021
27.641519 53.852109
27.641546 53.852378
27.641532 53.852468
27.641396 53.852511
27.640925 53.852521
27.640323 53.852636
27.640179 53.852677
27.639568 53.852752
27.639264 53.852747
27.63896 53.852706
27.638801 53.852727
27.638664 53.852768
27.638224 53.852792
27.637959 53.852841
27.637685 53.852863
27.637365 53.852811
27.637 53.852763
27.636772 53.852798
27.636455 53.852899
27.636227 53.852954
27.636041 53.852964
27.635768 53.852968
27.635317 53.853024
27.635286 53.853031
27.635349 53.853397
27.63544 53.853383
27.635854 53.853367
27.636127 53.853384
27.636447 53.853375
27.63708 53.853275
27.637492 53.853147
27.637943 53.853066
27.638228 53.853011
15
27.657238 53.818639
27.657188 53.818615
27.657183 53.8185
27.657208 53.818408
27.657234 53.81837
27.657256 53.818358
27.657287 53.818367
27.657306 53.81838
27.657315 53.818475
27.6573 53.818493
27.657301 53.818531
27.657286 53.818569
27.657286 53.81859
27.657264 53.81863
27.657238 53.818639
22
27.657571 53.817824
27.657575 53.817867
27.657568 53.817885
27.657568 53.817905
27.657557 53.817941
27.657531 53.817977
27.657475 53.818049
27.657385 53.818104
27.657351 53.818106
27.657324 53.8181
27.657301 53.818086
27.657293 53.818068
27.657289 53.81803
27.657337 53.817951
27.657336 53.817902
27.657344 53.817884
27.657385 53.817832
27.65743 53.817807
27.65746 53.8178
27.657525 53.8178
27.657551 53.817809
27.657571 53.817824
10
27.641761 53.852278
27.641883 53.852334
27.641957 53.852414
27.642004 53.852504
27.641993 53.852593
27.641842 53.852603
27.641746 53.85253
27.641699 53.85244
27.641701 53.852346
27.641761 53.852278
10
27.661145 53.825493
27.661294 53.825519
27.661661 53.825686
27.661924 53.825776
27.661834 53.825822
27.661796 53.825826
27.661485 53.825817
27.661362 53.825757
27.661266 53.825686
27.661145 53.825493
43
27.65712 53.821077
27.657136 53.821077
27.657166 53.821081
27.657185 53.82109
27.65722 53.82113
27.657217 53.821162
27.657228 53.821182
27.657248 53.8212
27.657271 53.821238
27.657321 53.821307
27.65733 53.821345
27.657315 53.821384
27.6573 53.821399
27.6573 53.82142
27.657313 53.821478
27.657382 53.821545
27.657387 53.821603
27.657372 53.821646
27.657365 53.821662
27.657312 53.821682
27.657244 53.821685
27.657179 53.821674
27.657149 53.821663
27.657114 53.821661
27.657019 53.821634
27.656969 53.821608
27.656954 53.821592
27.656953 53.821574
27.656961 53.821556
27.657013 53.821484
27.657047 53.82145
27.657046 53.821448
27.65705 53.821432
27.657072 53.821396
27.657072 53.82136
27.657064 53.821322
27.657048 53.821306
27.657017 53.821271
27.657009 53.821232
27.657028 53.821217
27.657038 53.82116
27.657068 53.821127
27.65712 53.821077
BRUSH(1,0)
REGION 4
336
27.635275 53.854385
27.635346 53.854267
27.635331 53.853972
27.635305 53.853811
27.635227 53.853622
27.635252 53.853514
27.635349 53.853397
27.635286 53.853031
27.635152 53.852975
27.635041 53.852866
27.635 53.852704
27.634962 53.852464
27.634932 53.852219
27.634849 53.851952
27.634751 53.851519
27.634707 53.851357
27.634646 53.851117
27.63461 53.850956
27.634552 53.8509
27.634323 53.850845
27.633871 53.850847
27.633502 53.850856
27.633006 53.850967
27.632365 53.851044
27.631868 53.851049
27.631365 53.85096
27.630586 53.850957
27.630274 53.850952
27.63 53.850951
27.629502 53.850943
27.629042 53.85088
27.628584 53.850734
27.628296 53.850556
27.627558 53.850265
27.627019 53.849985
27.626639 53.84972
27.626252 53.84949
27.625765 53.849219
27.625403 53.849117
27.625295 53.849046
27.625301 53.848967
27.625409 53.848751
27.6257 53.848399
27.62586 53.848207
27.625969 53.848074
27.62619 53.847854
27.626343 53.847692
27.626446 53.847424
27.626713 53.846989
27.626955 53.846664
27.627085 53.846441
27.627188 53.846193
27.627283 53.845947
27.627404 53.845623
27.627465 53.845382
27.627519 53.845193
27.627543 53.845004
27.627532 53.844807
27.627556 53.844573
27.627579 53.844384
27.627637 53.844168
27.627692 53.844006
27.627627 53.843754
27.627555 53.843492
27.627574 53.843247
27.627595 53.843085
27.627616 53.842979
27.627553 53.842829
27.627244 53.842491
27.626533 53.841958
27.626231 53.841791
27.626067 53.841715
27.625081 53.841329
27.624212 53.841154
27.623805 53.841118
27.623258 53.841139
27.622891 53.841208
27.622619 53.841324
27.622296 53.841562
27.622235 53.841594
27.622012 53.841658
27.621781 53.841673
27.621461 53.841623
27.620137 53.841279
27.619905 53.841258
27.619409 53.841339
27.619265 53.84138
27.618626 53.841546
27.618437 53.841677
27.61835 53.841695
27.618255 53.841685
27.618032 53.841735
27.617844 53.841613
27.617707 53.841582
27.617389 53.841671
27.617246 53.841807
27.61711 53.841832
27.616927 53.841779
27.61679 53.841773
27.616157 53.84184
27.615241 53.841817
27.615016 53.841756
27.614751 53.841611
27.614339 53.841431
27.613977 53.841377
27.613521 53.841354
27.613335 53.841391
27.612976 53.841544
27.612521 53.841614
27.612385 53.841601
27.612061 53.841531
27.611787 53.841519
27.611244 53.841517
27.610514 53.841532
27.610013 53.841508
27.609599 53.841534
27.60942 53.841499
27.609251 53.841408
27.608885 53.841008
27.60868 53.840791
27.608242 53.840418
27.607798 53.840173
27.607382 53.840031
27.606746 53.839909
27.60606 53.839737
27.605414 53.839466
27.604839 53.839103
27.604208 53.838812
27.603924 53.838631
27.603741 53.838564
27.603604 53.838563
27.603514 53.838597
27.60341 53.838789
27.603378 53.838978
27.603362 53.839139
27.603335 53.839382
27.603243 53.839626
27.603115 53.839691
27.602891 53.839724
27.602838 53.839722
27.602729 53.839839
27.602821 53.839893
27.602858 53.840084
27.602827 53.840273
27.602828 53.840405
27.602917 53.840515
27.603096 53.840563
27.603191 53.840545
27.603249 53.840358
27.603269 53.840115
27.603278 53.839926
27.603412 53.839764
27.603566 53.839664
27.603971 53.839536
27.604052 53.839579
27.604011 53.83966
27.60394 53.839768
27.604006 53.839873
27.604241 53.84009
27.604296 53.840222
27.604201 53.840241
27.604108 53.840352
27.604147 53.840459
27.60426 53.840645
27.60425 53.840753
27.604145 53.840864
27.604009 53.840903
27.603554 53.840943
27.603417 53.840933
27.60323 53.840846
27.603142 53.840844
27.603019 53.840977
27.602939 53.841247
27.602995 53.841465
27.603122 53.84157
27.603621 53.841687
27.604084 53.841878
27.604276 53.842038
27.604308 53.842171
27.60428 53.842362
27.604314 53.842575
27.604446 53.842817
27.604647 53.843059
27.604916 53.843242
27.605099 53.843308
27.605415 53.843323
27.605688 53.843276
27.606056 53.843306
27.606606 53.843483
27.606813 53.843601
27.60699 53.843789
27.607175 53.843974
27.607316 53.844245
27.607437 53.844512
27.607511 53.844647
27.607674 53.844835
27.607767 53.845023
27.607834 53.845133
27.60796 53.845197
27.608185 53.845288
27.608496 53.845527
27.608803 53.845741
27.609359 53.846329
27.609681 53.846566
27.610094 53.846737
27.610781 53.84694
27.611421 53.847069
27.611737 53.847104
27.612519 53.847324
27.613019 53.847524
27.613614 53.84764
27.613983 53.847703
27.614155 53.847792
27.614374 53.84791
27.614648 53.847981
27.615147 53.848061
27.616704 53.848237
27.61734 53.848378
27.617752 53.848474
27.617889 53.848474
27.618025 53.848437
27.618213 53.848306
27.618441 53.848037
27.618534 53.847902
27.618364 53.847658
27.618351 53.847552
27.618408 53.847334
27.618577 53.847144
27.619136 53.846712
27.619454 53.846571
27.619632 53.846557
27.619815 53.846583
27.620132 53.84672
27.620407 53.846854
27.620642 53.847041
27.620835 53.847231
27.620878 53.847337
27.62085 53.847474
27.620644 53.847715
27.62059 53.847907
27.620543 53.848096
27.620397 53.848229
27.619944 53.848443
27.619622 53.848498
27.619439 53.848493
27.619078 53.848434
27.618941 53.848468
27.61883 53.848631
27.618863 53.848821
27.618895 53.848954
27.619049 53.849115
27.619218 53.849247
27.619306 53.849275
27.619443 53.849259
27.619567 53.849189
27.619597 53.849134
27.619549 53.848973
27.61957 53.848867
27.619626 53.848784
27.619717 53.848754
27.619824 53.848823
27.619944 53.848933
27.62031 53.849066
27.62043 53.849173
27.620581 53.849415
27.620784 53.849535
27.621059 53.849583
27.621291 53.849622
27.621894 53.850349
27.62192 53.850565
27.621876 53.850673
27.621781 53.850703
27.621508 53.850691
27.621383 53.850741
27.62132 53.850851
27.621364 53.851013
27.621389 53.851145
27.62137 53.851415
27.621353 53.851579
27.621405 53.851743
27.621579 53.851938
27.621876 53.852031
27.622196 53.852076
27.622395 53.852147
27.622579 53.852243
27.622994 53.852591
27.623439 53.852836
27.623855 53.852973
27.624084 53.853057
27.624542 53.853185
27.624914 53.853415
27.625193 53.853543
27.625244 53.853653
27.625257 53.853788
27.625377 53.853893
27.62561 53.853975
27.626475 53.854161
27.626661 53.854172
27.627113 53.854149
27.627569 53.85414
27.627756 53.854168
27.627875 53.854257
27.627903 53.854358
27.62784 53.854425
27.627033 53.854558
27.626733 53.854625
27.626457 53.854698
27.626288 53.854823
27.626168 53.854976
27.626139 53.855075
27.626486 53.855161
27.62668 53.854926
27.627075 53.854895
27.627372 53.854894
27.627718 53.85495
27.627967 53.855066
27.628116 53.855153
27.628319 53.85521
27.628566 53.855238
27.628714 53.855237
27.629011 53.855265
27.629752 53.855232
27.629999 53.855231
27.630396 53.855346
27.630423 53.855361
27.630594 53.855354
27.630799 53.855321
27.630954 53.8553
27.631261 53.855227
27.631641 53.855191
27.631841 53.855084
27.632217 53.854779
27.63289 53.854559
27.633493 53.854457
27.634683 53.854451
27.635275 53.854385
10
27.620229 53.846057
27.620154 53.846109
27.620104 53.846109
27.620039 53.846026
27.620089 53.845864
27.620172 53.845787
27.620263 53.84578
27.620317 53.845863
27.620266 53.846025
27.620229 53.846057
13
27.622235 53.845235
27.622426 53.845324
27.622511 53.845431
27.622512 53.845485
27.622403 53.845558
27.622217 53.845608
27.62214 53.845525
27.622157 53.845417
27.622065 53.845339
27.622034 53.845258
27.622082 53.845202
27.622177 53.845208
27.622235 53.845235
18
27.612366 53.842408
27.612515 53.842513
27.612539 53.842564
27.612509 53.842621
27.612373 53.842668
27.612103 53.842672
27.611643 53.842618
27.611048 53.842491
27.610922 53.842426
27.61091 53.842373
27.610962 53.842291
27.611098 53.842235
27.611467 53.842269
27.611828 53.842242
27.612014 53.842266
27.612289 53.842352
27.612354 53.842403
27.612366 53.842408
BRUSH(1,0)
REGION 4
42
27.641879 53.919816
27.642004 53.919762
27.642002 53.91967
27.641733 53.918957
27.641727 53.918865
27.641768 53.918777
27.642108 53.918362
27.642129 53.918272
27.642108 53.918117
27.64192 53.917772
27.64163 53.917446
27.64146 53.917292
27.641226 53.917169
27.64113 53.917096
27.640736 53.916956
27.640434 53.91692
27.640159 53.91684
27.639945 53.91652
27.639756 53.916371
27.639493 53.916285
27.63934 53.916279
27.63919 53.916283
27.639145 53.916292
27.639084 53.916319
27.638881 53.916482
27.638836 53.916563
27.638857 53.916644
27.639004 53.916805
27.639077 53.916872
27.639203 53.916935
27.639267 53.916955
27.639386 53.917013
27.639474 53.917087
27.640099 53.917355
27.640518 53.917627
27.640614 53.917696
27.640928 53.91811
27.641167 53.918542
27.641415 53.919075
27.641479 53.919257
27.641707 53.919788
27.641879 53.919816
15
27.641133 53.917797
27.641135 53.917707
27.641284 53.917731
27.641436 53.917739
27.641588 53.917715
27.641741 53.917733
27.641825 53.917806
27.64194 53.918075
27.641892 53.918165
27.6418 53.918141
27.641696 53.91807
27.64163 53.917987
27.6414 53.917865
27.641244 53.917861
27.641133 53.917797
13
27.641043 53.917633
27.640935 53.917568
27.640877 53.917483
27.640645 53.91724
27.640628 53.917148
27.640772 53.917116
27.641021 53.917224
27.641455 53.917489
27.641521 53.91757
27.641427 53.917644
27.641344 53.917647
27.641199 53.917623
27.641043 53.917633
15
27.641504 53.918655
27.641533 53.918565
27.641497 53.918477
27.641431 53.918392
27.641281 53.91802
27.641356 53.917941
27.641578 53.918064
27.641652 53.918149
27.641771 53.918209
27.641923 53.91823
27.642008 53.918299
27.641839 53.918446
27.64172 53.918618
27.641614 53.918686
27.641504 53.918655
BRUSH(1,0)
REGION 1
181
27.639684 53.948645
27.639889 53.94857
27.640067 53.948502
27.640203 53.948393
27.640475 53.948279
27.640665 53.948229
27.640897 53.948181
27.64114 53.948146
27.64133 53.948127
27.641475 53.948126
27.641551 53.948107
27.641623 53.948078
27.641729 53.948026
27.641873 53.947982
27.642067 53.947947
27.641948 53.94786
27.641822 53.947888
27.641686 53.947938
27.641519 53.947984
27.641367 53.948016
27.641219 53.948046
27.640979 53.948074
27.640861 53.948093
27.640705 53.948119
27.640591 53.948137
27.640462 53.948176
27.640284 53.948233
27.640182 53.948281
27.640035 53.948369
27.639937 53.948451
27.63977 53.948515
27.639683 53.948569
27.639573 53.948585
27.639391 53.948626
27.639072 53.948718
27.638906 53.948815
27.638801 53.948897
27.638664 53.94894
27.638025 53.948998
27.637757 53.949188
27.637678 53.949236
27.63745 53.949307
27.63704 53.949402
27.636629 53.949435
27.636447 53.949477
27.63622 53.949557
27.635946 53.949614
27.635855 53.949644
27.635718 53.949659
27.635491 53.949725
27.635308 53.949775
27.634853 53.949877
27.634488 53.949976
27.634216 53.950065
27.633305 53.950351
27.633077 53.950402
27.632804 53.950478
27.632486 53.950594
27.632335 53.95073
27.632292 53.950865
27.632281 53.951189
27.632206 53.951297
27.632142 53.951352
27.63207 53.951397
27.631991 53.951438
27.631878 53.95151
27.631605 53.951604
27.631286 53.951687
27.631104 53.951751
27.630785 53.951854
27.630603 53.951902
27.630376 53.95198
27.630057 53.952067
27.629784 53.952136
27.62951 53.952212
27.629329 53.952282
27.629147 53.952337
27.62901 53.952383
27.628828 53.952427
27.628509 53.952541
27.628236 53.952633
27.627963 53.952735
27.627645 53.952813
27.627326 53.952907
27.627007 53.953006
27.626825 53.953068
27.626643 53.953118
27.62637 53.953207
27.626234 53.953271
27.626087 53.953366
27.62591 53.953556
27.625858 53.953664
27.62587 53.953718
27.625967 53.953799
27.626136 53.953897
27.626198 53.953977
27.626202 53.954031
27.626146 53.954085
27.62601 53.95414
27.625852 53.954303
27.625815 53.954438
27.625863 53.954546
27.62594 53.954626
27.626216 53.954753
27.626399 53.954793
27.626469 53.954837
27.626515 53.954859
27.626697 53.954852
27.626731 53.954797
27.626958 53.954699
27.627091 53.954638
27.6272 53.954529
27.627244 53.954448
27.627232 53.954367
27.62715 53.954233
27.62703 53.954126
27.626772 53.953938
27.626613 53.953723
27.626531 53.953535
27.626525 53.953427
27.626548 53.953373
27.626664 53.953264
27.626846 53.953187
27.627165 53.953095
27.627574 53.95298
27.627848 53.952907
27.628439 53.952703
27.628667 53.952632
27.628803 53.952584
27.629031 53.952527
27.62944 53.952387
27.629759 53.952302
27.630078 53.952191
27.630351 53.952101
27.630624 53.95203
27.630761 53.951991
27.630943 53.95192
27.631307 53.951806
27.631808 53.951673
27.632031 53.951573
27.632234 53.95141
27.632314 53.951364
27.632496 53.951291
27.63286 53.951181
27.632958 53.9511
27.633016 53.950937
27.632991 53.950776
27.632986 53.950695
27.633038 53.950613
27.63322 53.950547
27.633403 53.950512
27.633631 53.950473
27.633813 53.950405
27.633949 53.950377
27.634132 53.95036
27.634234 53.950278
27.63437 53.950222
27.634507 53.950212
27.634598 53.950184
27.634719 53.950112
27.634901 53.950061
27.635266 53.949989
27.635676 53.949897
27.63604 53.949792
27.636359 53.949689
27.636632 53.94962
27.636905 53.949544
27.637178 53.949455
27.637451 53.949386
27.637634 53.949342
27.637758 53.949274
27.637864 53.949199
27.638022 53.949097
27.638205 53.949044
27.638387 53.949018
27.638615 53.948992
27.638752 53.948969
27.638979 53.948887
27.63915 53.948794
27.639278 53.948732
27.639684 53.948645
BRUSH(1,0)
REGION 3
359
27.578809 53.952242
27.57873 53.95223
27.578593 53.952197
27.578497 53.952188
27.57825 53.9522
27.577703 53.952356
27.577205 53.952513
27.576792 53.95267
27.576613 53.952734
27.576067 53.952905
27.575379 53.953059
27.575104 53.953083
27.57483 53.953079
27.574234 53.953012
27.574009 53.952989
27.573639 53.952973
27.57346 53.952971
27.573137 53.953081
27.573043 53.953187
27.573022 53.953319
27.573095 53.953366
27.573168 53.953399
27.57318 53.953453
27.573272 53.953484
27.573359 53.953461
27.573748 53.953165
27.573889 53.953138
27.574163 53.953132
27.574939 53.953241
27.575355 53.953266
27.575991 53.95326
27.576358 53.953301
27.576492 53.953357
27.576685 53.953518
27.577058 53.95381
27.57749 53.954184
27.578139 53.954562
27.578758 53.954935
27.578855 53.955035
27.578855 53.955033
27.579025 53.955165
27.57913 53.955299
27.579193 53.955461
27.579179 53.955596
27.579071 53.955785
27.578954 53.955921
27.578864 53.95602
27.578541 53.956437
27.578281 53.956678
27.577953 53.956979
27.577532 53.957381
27.577293 53.957544
27.577309 53.957573
27.577176 53.9576
27.576212 53.957641
27.575804 53.95767
27.574978 53.957739
27.57452 53.957736
27.5742 53.957787
27.574022 53.957862
27.573729 53.958189
27.573624 53.95832
27.573587 53.958428
27.573399 53.95862
27.57334 53.958753
27.573308 53.958998
27.573345 53.959189
27.573268 53.959427
27.573258 53.95954
27.573164 53.959646
27.572213 53.960068
27.571952 53.960258
27.571885 53.960364
27.571887 53.960526
27.571957 53.960631
27.57213 53.960767
27.572356 53.960843
27.572585 53.960887
27.572819 53.960957
27.573385 53.961355
27.573569 53.961486
27.573762 53.961677
27.574149 53.962052
27.574417 53.96248
27.574438 53.962613
27.574434 53.962887
27.574521 53.963125
27.574557 53.963234
27.574671 53.963504
27.574778 53.963827
27.574921 53.964015
27.575417 53.964322
27.575707 53.964588
27.576071 53.965047
27.576179 53.965117
27.576499 53.965117
27.576865 53.965093
27.577227 53.965078
27.577322 53.965071
27.577547 53.965056
27.577962 53.965014
27.578993 53.964974
27.579141 53.964967
27.579332 53.964991
27.579652 53.964969
27.579835 53.964954
27.57988 53.964956
27.580109 53.964942
27.580383 53.964918
27.580748 53.964878
27.581113 53.964844
27.581433 53.964827
27.581753 53.964762
27.582072 53.964727
27.582163 53.964704
27.582757 53.964638
27.583031 53.964619
27.583488 53.964583
27.583625 53.964584
27.583899 53.964574
27.584173 53.964557
27.58431 53.964533
27.584402 53.964533
27.584722 53.964538
27.584951 53.964546
27.585317 53.964578
27.585682 53.964562
27.585774 53.964564
27.586002 53.964549
27.586048 53.964551
27.586322 53.964546
27.586596 53.964528
27.586779 53.964514
27.586825 53.964516
27.58751 53.96449
27.58783 53.964463
27.58815 53.964464
27.588516 53.964435
27.588607 53.964435
27.58879 53.96442
27.589155 53.964369
27.589703 53.964317
27.589749 53.964319
27.590069 53.964308
27.590206 53.964285
27.590342 53.964257
27.590525 53.964234
27.590753 53.964183
27.590935 53.964117
27.591086 53.964022
27.591196 53.963942
27.591332 53.963881
27.591697 53.963805
27.592107 53.963733
27.59229 53.963703
27.592655 53.963681
27.59293 53.96367
27.593112 53.963658
27.593295 53.963637
27.593477 53.963604
27.59366 53.963556
27.593842 53.963497
27.593963 53.963433
27.59411 53.963331
27.594261 53.963195
27.59434 53.963087
27.594413 53.962844
27.594479 53.962682
27.594604 53.962357
27.594656 53.962249
27.594678 53.962141
27.594702 53.961952
27.594714 53.961736
27.594725 53.961412
27.594802 53.961169
27.594877 53.96106
27.595024 53.960956
27.595104 53.960908
27.595286 53.960847
27.595513 53.960765
27.595877 53.960617
27.59615 53.960518
27.596423 53.960398
27.597014 53.960163
27.597333 53.960053
27.597697 53.959901
27.598106 53.959737
27.598288 53.959668
27.598561 53.959575
27.598788 53.959486
27.599061 53.959365
27.599471 53.959203
27.599743 53.959099
27.600153 53.958959
27.600471 53.958825
27.600653 53.958756
27.600927 53.958678
27.601461 53.958426
27.601824 53.95828
27.602279 53.958109
27.602507 53.958027
27.602689 53.957956
27.602917 53.957903
27.603053 53.957869
27.603145 53.957893
27.603268 53.958
27.603391 53.958074
27.603529 53.958114
27.603758 53.958169
27.604033 53.958215
27.604263 53.95827
27.6044 53.958273
27.604582 53.958248
27.604764 53.958184
27.604938 53.958088
27.605108 53.957988
27.605226 53.957914
27.60535 53.957805
27.605462 53.957616
27.605414 53.957508
27.605345 53.957465
27.605208 53.957435
27.605116 53.957437
27.605081 53.957384
27.605001 53.957341
27.604864 53.957333
27.604681 53.957359
27.60427 53.957372
27.603996 53.957387
27.603585 53.957423
27.603357 53.957471
27.603129 53.957554
27.602902 53.95764
27.602629 53.957745
27.602401 53.957836
27.602129 53.957939
27.601901 53.958028
27.601628 53.958122
27.60131 53.958249
27.601037 53.958352
27.600809 53.958429
27.60068 53.958493
27.600499 53.958573
27.600271 53.958639
27.60018 53.958676
27.6001 53.958719
27.5996 53.95891
27.599373 53.958995
27.5991 53.959104
27.598736 53.959245
27.598372 53.95938
27.598235 53.959433
27.597962 53.959524
27.597462 53.959724
27.59728 53.959791
27.597007 53.959898
27.596461 53.960119
27.596188 53.960212
27.59587 53.960335
27.595596 53.960425
27.595323 53.960521
27.595142 53.9606
27.594778 53.960735
27.594732 53.960737
27.594655 53.960688
27.594443 53.9605
27.594243 53.960373
27.59412 53.9603
27.593753 53.960173
27.593478 53.960096
27.593249 53.960059
27.592974 53.960072
27.592517 53.960083
27.592335 53.960098
27.592107 53.960135
27.591741 53.960166
27.591559 53.960187
27.591331 53.960227
27.591102 53.960273
27.59092 53.960303
27.590783 53.960333
27.590418 53.96035
27.590234 53.960297
27.590146 53.960251
27.59 53.960143
27.589866 53.960081
27.589636 53.959992
27.589613 53.959966
27.589383 53.959888
27.58931 53.959839
27.589232 53.959677
27.589184 53.959543
27.589109 53.959354
27.589031 53.959195
27.588892 53.959061
27.588674 53.958936
27.588331 53.958695
27.588069 53.958426
27.587899 53.958265
27.587776 53.958131
27.587579 53.95797
27.58739 53.957782
27.587285 53.957594
27.58721 53.957378
27.587169 53.957217
27.587216 53.957
27.587293 53.956784
27.587337 53.956595
27.587256 53.956557
27.587266 53.956395
27.587311 53.956384
27.587337 53.95633
27.58737 53.956249
27.587315 53.956114
27.587153 53.955899
27.587059 53.955764
27.586812 53.955523
27.586467 53.955282
27.586324 53.955175
27.586148 53.955083
27.585965 53.955059
27.585899 53.954979
27.585891 53.954925
27.585707 53.954885
27.585627 53.954841
27.585599 53.954787
27.585621 53.954733
27.58561 53.954706
27.585472 53.9547
27.585381 53.954691
27.585308 53.95464
27.585307 53.954559
27.585318 53.954532
27.585245 53.954487
27.585175 53.954407
27.584819 53.954222
27.584473 53.954024
27.583925 53.95377
27.58365 53.95365
27.583328 53.953519
27.582865 53.9534
27.582545 53.953388
27.582225 53.953387
27.582042 53.953384
27.581906 53.953407
27.581723 53.953453
27.581586 53.953452
27.581513 53.953402
27.58147 53.953268
27.581385 53.953225
27.581358 53.953172
27.581036 53.953065
27.580853 53.953001
27.58021 53.952757
27.580076 53.952695
27.5798 53.952608
27.579486 53.952491
27.578809 53.95224
27.578809 53.952242
21
27.575168 53.960106
27.575351 53.960056
27.575528 53.959929
27.575665 53.959879
27.575848 53.959871
27.576074 53.959938
27.57617 53.960045
27.576218 53.960151
27.576341 53.960287
27.576347 53.960395
27.576276 53.96053
27.576109 53.960621
27.575881 53.960656
27.575694 53.960634
27.575376 53.960534
27.57531 53.960454
27.575107 53.960356
27.575079 53.960275
27.575123 53.960138
27.575161 53.960111
27.575168 53.960106
165
27.579107 53.96102
27.579335 53.960974
27.579516 53.960892
27.579728 53.960729
27.579863 53.960567
27.579892 53.960486
27.57988 53.960405
27.579737 53.96027
27.579544 53.960083
27.579414 53.960007
27.579004 53.95986
27.57892 53.959798
27.578715 53.95957
27.578446 53.959111
27.578371 53.958898
27.578431 53.958785
27.578597 53.95869
27.578901 53.958595
27.578988 53.958601
27.5794 53.958583
27.579674 53.958598
27.579995 53.958655
27.580132 53.958672
27.580407 53.958731
27.58059 53.958755
27.580728 53.958768
27.580773 53.958767
27.580956 53.958773
27.581185 53.958768
27.581414 53.958775
27.581597 53.958792
27.581734 53.958814
27.581962 53.958773
27.582053 53.958734
27.582223 53.958641
27.58236 53.958597
27.582543 53.95857
27.582679 53.958526
27.582953 53.958475
27.583227 53.958436
27.583546 53.958393
27.583774 53.95837
27.583911 53.958329
27.584089 53.95824
27.584267 53.958147
27.584396 53.958083
27.584714 53.957965
27.584896 53.957919
27.585079 53.957913
27.585262 53.957928
27.585993 53.957857
27.586039 53.957857
27.586405 53.957882
27.586542 53.957903
27.586665 53.957973
27.586754 53.958053
27.586851 53.958215
27.58686 53.958376
27.586882 53.958565
27.586977 53.958834
27.587075 53.95905
27.587166 53.959292
27.587236 53.959427
27.587302 53.959508
27.587432 53.959579
27.587609 53.95967
27.58793 53.959785
27.588297 53.959876
27.588572 53.959908
27.588846 53.959931
27.589305 53.960005
27.589396 53.960039
27.589631 53.960199
27.589846 53.960326
27.590004 53.960461
27.590017 53.960568
27.589915 53.960704
27.589742 53.96084
27.589606 53.960897
27.589522 53.96094
27.589443 53.960985
27.589326 53.961058
27.589053 53.961174
27.588924 53.961242
27.588605 53.961336
27.588427 53.961427
27.588155 53.961556
27.588041 53.961631
27.587921 53.96174
27.58785 53.961821
27.587683 53.961925
27.587544 53.962061
27.587425 53.96225
27.587283 53.962467
27.587111 53.962765
27.587003 53.962981
27.586873 53.963198
27.586734 53.96336
27.586542 53.963523
27.586428 53.9636
27.586311 53.963675
27.586235 53.963721
27.586054 53.963791
27.585826 53.963842
27.585415 53.963898
27.585187 53.963933
27.584913 53.963984
27.584685 53.96403
27.584366 53.964113
27.584229 53.964127
27.583954 53.964112
27.583634 53.96408
27.583405 53.964043
27.582992 53.963935
27.582717 53.963871
27.582579 53.963856
27.582259 53.963874
27.581939 53.963862
27.58171 53.963834
27.581436 53.963819
27.58107 53.96379
27.58084 53.963751
27.580519 53.963662
27.58029 53.963605
27.580153 53.963594
27.57997 53.963609
27.579787 53.963592
27.579467 53.963614
27.579193 53.963664
27.578976 53.963666
27.578483 53.963699
27.578349 53.963691
27.578173 53.963613
27.577923 53.963464
27.577464 53.963371
27.577098 53.96331
27.576688 53.963188
27.576445 53.963003
27.576339 53.962734
27.576371 53.962601
27.576469 53.962491
27.577007 53.962214
27.577101 53.962106
27.577123 53.962025
27.577018 53.96192
27.576612 53.961708
27.576553 53.961603
27.576563 53.961522
27.576416 53.961361
27.576159 53.961187
27.576066 53.961082
27.576028 53.960837
27.576058 53.960756
27.576236 53.960667
27.576464 53.960637
27.576644 53.960652
27.577149 53.960834
27.577425 53.960949
27.577842 53.961042
27.578163 53.961045
27.578483 53.961036
27.578662 53.96102
27.578845 53.961024
27.578935 53.961035
27.579107 53.96102
BRUSH(1,0)
REGION 1
19
27.517206 53.897276
27.517828 53.897431
27.518373 53.896678
27.518308 53.896571
27.518079 53.896504
27.51785 53.896452
27.517713 53.8964
27.517667 53.896396
27.517484 53.896428
27.517394 53.89651
27.517377 53.896644
27.517348 53.896752
27.517284 53.896804
27.517201 53.896892
27.517161 53.896982
27.517109 53.897094
27.517103 53.897175
27.51711 53.897229
27.517206 53.897276
BRUSH(1,0)
REGION 1
25
27.458783 53.980958
27.459454 53.980958
27.459128 53.980788
27.458073 53.980429
27.457706 53.980338
27.457523 53.980283
27.457267 53.980225
27.456677 53.980082
27.455896 53.979854
27.455302 53.979569
27.454725 53.979169
27.454509 53.978897
27.454081 53.978497
27.454035 53.97849
27.453808 53.978646
27.453745 53.978781
27.453812 53.979021
27.45426 53.97948
27.454659 53.97974
27.454935 53.979864
27.456026 53.98017
27.45727 53.980461
27.457499 53.980521
27.458236 53.980743
27.458783 53.980958
BRUSH(1,0)
REGION 1
92
27.516924 53.851618
27.517213 53.851401
27.517527 53.851103
27.517897 53.850877
27.518274 53.850614
27.518511 53.850397
27.518914 53.850074
27.519135 53.849959
27.51963 53.849804
27.519909 53.849764
27.520318 53.849736
27.520772 53.849774
27.521049 53.849845
27.521371 53.849972
27.521848 53.850251
27.522078 53.85041
27.522411 53.850613
27.522728 53.850733
27.523189 53.850835
27.523368 53.850828
27.523732 53.850774
27.524281 53.850549
27.524625 53.850346
27.525072 53.850132
27.52582 53.849677
27.525932 53.849567
27.525947 53.849461
27.525822 53.849192
27.525806 53.849111
27.525881 53.849002
27.525949 53.848948
27.525959 53.848892
27.525898 53.84884
27.525757 53.84883
27.525438 53.848872
27.525247 53.848717
27.525067 53.848655
27.524926 53.848655
27.524472 53.848821
27.524162 53.848976
27.52398 53.849017
27.523573 53.849019
27.523203 53.848953
27.522837 53.848826
27.522629 53.848611
27.521626 53.848334
27.521225 53.848117
27.520942 53.847878
27.520749 53.847746
27.520428 53.847608
27.520246 53.847593
27.519977 53.847645
27.519336 53.84788
27.518213 53.848359
27.518026 53.848425
27.517903 53.848558
27.51772 53.848608
27.5174 53.84885
27.517197 53.849096
27.516952 53.849284
27.516618 53.849392
27.516111 53.84952
27.515925 53.849599
27.515773 53.849789
27.515748 53.84995
27.515789 53.850195
27.515661 53.850411
27.515484 53.850544
27.514892 53.850807
27.514469 53.851103
27.514178 53.851428
27.51407 53.851725
27.51405 53.851886
27.513906 53.852049
27.513663 53.852265
27.513619 53.8524
27.513705 53.852561
27.514001 53.852911
27.514113 53.853126
27.514236 53.853197
27.514377 53.853217
27.514555 53.853182
27.514683 53.853126
27.515104 53.852774
27.515373 53.852344
27.515534 53.852154
27.515938 53.851885
27.516259 53.851763
27.516529 53.851706
27.516645 53.851685
27.516771 53.851679
27.516924 53.851618
BRUSH(1,0)
REGION 1
53
27.495527 53.855038
27.495403 53.854872
27.495287 53.854655
27.49521 53.854576
27.49503 53.854514
27.494711 53.854518
27.494254 53.854396
27.493751 53.854252
27.49359 53.854149
27.493038 53.853996
27.492722 53.853948
27.492584 53.853897
27.492317 53.853765
27.492042 53.853679
27.491769 53.853707
27.491632 53.853698
27.49156 53.853737
27.491581 53.853874
27.491506 53.853953
27.491499 53.854009
27.491572 53.854087
27.491667 53.854121
27.492166 53.854211
27.492441 53.854322
27.492823 53.854552
27.493694 53.854941
27.493821 53.855044
27.493897 53.855073
27.493954 53.855093
27.493966 53.855097
27.494198 53.855096
27.494377 53.855141
27.494591 53.855243
27.49466 53.855337
27.494672 53.855346
27.494695 53.8554
27.494697 53.855587
27.494729 53.855724
27.494943 53.85588
27.495218 53.855931
27.495716 53.855973
27.496036 53.856057
27.496308 53.856187
27.496628 53.856257
27.496807 53.856277
27.496943 53.856245
27.497019 53.856163
27.496994 53.856002
27.496844 53.855811
27.496836 53.855798
27.496611 53.855686
27.495941 53.855336
27.495527 53.855038
BRUSH(1,0)
REGION 1
55
27.476773 53.855117
27.477011 53.854991
27.477037 53.854912
27.476955 53.854777
27.476768 53.854697
27.476358 53.854676
27.47572 53.854748
27.475129 53.854883
27.474542 53.855047
27.474447 53.855076
27.474334 53.855128
27.473648 53.855341
27.473334 53.855482
27.472921 53.8556
27.472012 53.856002
27.471606 53.856055
27.471058 53.856058
27.470598 53.856059
27.470233 53.85607
27.469594 53.856064
27.468823 53.856109
27.467953 53.856174
27.467682 53.856119
27.467415 53.856001
27.467059 53.855764
27.46678 53.855585
27.466199 53.855264
27.466016 53.855226
27.465879 53.855233
27.465818 53.855279
27.465846 53.855359
27.466255 53.855562
27.466637 53.855795
27.46721 53.856109
27.467703 53.856352
27.467886 53.856399
27.468073 53.856398
27.468984 53.856282
27.469759 53.85624
27.470627 53.856275
27.47181 53.856374
27.472042 53.856299
27.472204 53.856165
27.47234 53.856129
27.4728 53.856107
27.473164 53.85602
27.473706 53.855779
27.474115 53.855609
27.47471 53.855399
27.475074 53.855333
27.475754 53.855287
27.476305 53.855235
27.476666 53.855171
27.476715 53.85515
27.476773 53.855117
BRUSH(1,0)
REGION 1
23
27.46376 53.855171
27.463903 53.855052
27.46391 53.855
27.463849 53.854951
27.463754 53.854931
27.46353 53.854954
27.463393 53.854928
27.463029 53.854969
27.46271 53.855029
27.462573 53.855027
27.462296 53.854994
27.462159 53.855015
27.461985 53.855092
27.461933 53.85518
27.461962 53.855225
27.462031 53.855245
27.462164 53.855287
27.462351 53.855279
27.46294 53.85525
27.463491 53.855248
27.463624 53.855227
27.463715 53.855213
27.46376 53.855171
BRUSH(1,0)
REGION 1
14
27.436834 53.891206
27.436706 53.891132
27.436568 53.891104
27.436431 53.891104
27.436248 53.891055
27.436161 53.891076
27.436077 53.891101
27.436024 53.891142
27.43598 53.891212
27.435957 53.891358
27.43673 53.891425
27.436813 53.891384
27.436835 53.891294
27.436834 53.891206
BRUSH(1,0)
REGION 1
14
27.501139 53.952377
27.500681 53.952312
27.500228 53.952238
27.499949 53.952221
27.49972 53.952148
27.499687 53.952073
27.499456 53.95225
27.499445 53.952263
27.499455 53.952279
27.499783 53.952327
27.50024 53.952343
27.500652 53.952397
27.50117 53.952458
27.501139 53.952377
BRUSH(1,0)
REGION 11
1520
27.592428 53.854599
27.592301 53.854835
27.59213 53.855105
27.592026 53.855349
27.591912 53.855646
27.591846 53.855808
27.591562 53.856158
27.591559 53.856241
27.591606 53.856347
27.591879 53.856618
27.591907 53.856752
27.591844 53.856885
27.591615 53.857105
27.59143 53.857182
27.591115 53.857242
27.590747 53.857264
27.590431 53.857247
27.58988 53.857234
27.589061 53.857146
27.587597 53.857117
27.587191 53.857135
27.587004 53.857104
27.586779 53.857018
27.586402 53.856693
27.586044 53.856344
27.585494 53.856111
27.585086 53.855994
27.584579 53.855929
27.583944 53.855864
27.583396 53.855831
27.582936 53.855851
27.582667 53.8559
27.582527 53.855965
27.582061 53.856399
27.581874 53.856672
27.581879 53.857048
27.581953 53.857158
27.582103 53.85729
27.582466 53.857463
27.582828 53.857561
27.583971 53.857733
27.58493 53.857838
27.585707 53.857965
27.586031 53.85802
27.586489 53.858209
27.586893 53.85853
27.587373 53.858906
27.587623 53.859202
27.587659 53.859282
27.587637 53.859417
27.587472 53.85958
27.587208 53.859718
27.586708 53.859853
27.58557 53.8601
27.585339 53.860152
27.585021 53.860278
27.584521 53.860408
27.584202 53.86041
27.583932 53.860445
27.583377 53.86076
27.58323 53.860864
27.583202 53.861001
27.583253 53.861163
27.583315 53.861291
27.583365 53.861349
27.583397 53.861459
27.583368 53.861567
27.583221 53.861671
27.582821 53.861864
27.582311 53.862173
27.582146 53.862338
27.582068 53.8625
27.582062 53.862662
27.582004 53.862849
27.581684 53.86312
27.581499 53.863188
27.581366 53.863243
27.581359 53.863297
27.581216 53.863403
27.580713 53.863599
27.580479 53.863755
27.579899 53.864158
27.579455 53.864536
27.579265 53.86489
27.579044 53.865188
27.578717 53.865754
27.578471 53.866189
27.578395 53.866486
27.578375 53.866702
27.578407 53.866888
27.578409 53.866999
27.578329 53.867296
27.578307 53.867401
27.578302 53.867593
27.578278 53.867779
27.578298 53.867914
27.578326 53.868319
27.578405 53.868564
27.578496 53.86886
27.578743 53.869099
27.579202 53.869318
27.57948 53.869415
27.579935 53.86957
27.580168 53.869655
27.58085 53.869795
27.581539 53.869884
27.58245 53.870033
27.58291 53.870049
27.583321 53.870009
27.583453 53.869945
27.58358 53.869809
27.583617 53.86965
27.583751 53.869458
27.584334 53.868972
27.584591 53.868824
27.584988 53.868613
27.585431 53.868204
27.585702 53.867935
27.585992 53.867718
27.586509 53.867416
27.587195 53.866934
27.587248 53.866876
27.587613 53.866633
27.587795 53.866592
27.58802 53.866584
27.588202 53.866608
27.588332 53.866677
27.589011 53.867128
27.589246 53.867372
27.589684 53.867747
27.589834 53.867839
27.590598 53.868107
27.591197 53.868269
27.591468 53.868407
27.591775 53.868637
27.592043 53.868732
27.592185 53.868837
27.592267 53.868999
27.592222 53.869109
27.592064 53.869243
27.591792 53.869363
27.591516 53.869443
27.590927 53.869504
27.590377 53.869626
27.589469 53.869993
27.58861 53.870359
27.587794 53.870738
27.586977 53.871109
27.586428 53.871287
27.585706 53.871596
27.585086 53.871943
27.584918 53.872162
27.58492 53.872375
27.585034 53.872618
27.585169 53.872806
27.58517 53.872916
27.585162 53.87313
27.585242 53.873161
27.585325 53.873122
27.585371 53.87314
27.585373 53.873329
27.585424 53.873464
27.585488 53.873677
27.585632 53.873946
27.585683 53.874083
27.585644 53.87427
27.585687 53.874407
27.585681 53.874539
27.585569 53.874731
27.58555 53.875001
27.585319 53.875353
27.584953 53.875622
27.584635 53.875725
27.584514 53.875793
27.583746 53.876089
27.58315 53.876224
27.582877 53.876239
27.582515 53.876203
27.582008 53.876093
27.581422 53.875787
27.581057 53.875492
27.580953 53.875356
27.580873 53.875086
27.580388 53.874603
27.580201 53.874545
27.580114 53.874552
27.580088 53.874577
27.580134 53.874658
27.580116 53.874739
27.580025 53.874753
27.57993 53.874715
27.579783 53.874554
27.579703 53.874512
27.579425 53.874486
27.578881 53.874522
27.578198 53.874636
27.577743 53.874757
27.577456 53.874824
27.577183 53.87489
27.576683 53.874991
27.575954 53.875129
27.575317 53.875319
27.574327 53.875818
27.574067 53.875974
27.573833 53.876135
27.57357 53.876433
27.573435 53.876595
27.573331 53.876731
27.573032 53.876901
27.572807 53.877091
27.572539 53.877278
27.57232 53.877394
27.572143 53.877557
27.57194 53.877773
27.57187 53.877909
27.57186 53.87807
27.571882 53.878313
27.571961 53.878528
27.572058 53.878663
27.572247 53.878851
27.572497 53.879065
27.572709 53.87928
27.572859 53.879414
27.572925 53.879549
27.57302 53.879845
27.57303 53.87998
27.573025 53.880195
27.573039 53.880438
27.57308 53.880627
27.573162 53.880815
27.573328 53.88103
27.573483 53.881218
27.573702 53.881406
27.573818 53.881567
27.574028 53.881944
27.574038 53.882078
27.573989 53.882483
27.573833 53.883023
27.573748 53.883266
27.573709 53.883455
27.573773 53.883725
27.573802 53.883913
27.573781 53.884048
27.573704 53.884291
27.573641 53.884427
27.573536 53.884503
27.573381 53.88461
27.57322 53.884772
27.573123 53.884962
27.573029 53.885191
27.572844 53.885475
27.572774 53.885637
27.572727 53.885826
27.572722 53.886015
27.572743 53.886231
27.572799 53.886392
27.572911 53.8865
27.573099 53.886661
27.573143 53.886795
27.573125 53.88693
27.573184 53.887038
27.573223 53.887119
27.573256 53.887307
27.573408 53.887657
27.573488 53.887899
27.573516 53.888007
27.573631 53.888141
27.573642 53.88833
27.573601 53.888411
27.57354 53.888466
27.573313 53.888572
27.572586 53.888836
27.572416 53.888932
27.572053 53.889104
27.57194 53.889183
27.571762 53.889274
27.571399 53.889442
27.57099 53.889603
27.570672 53.889738
27.570263 53.889865
27.569809 53.890063
27.56899 53.890325
27.56849 53.890458
27.568194 53.890549
27.567932 53.89062
27.567743 53.890657
27.567753 53.890658
27.567506 53.890726
27.567188 53.890824
27.566916 53.890925
27.566508 53.891113
27.566195 53.891285
27.565741 53.891514
27.565383 53.891707
27.56527 53.891784
27.565218 53.891865
27.565132 53.892027
27.564929 53.892216
27.564783 53.892379
27.56463 53.892595
27.564455 53.892866
27.564438 53.893
27.56449 53.893189
27.564572 53.893323
27.564753 53.893511
27.565114 53.893806
27.565272 53.893908
27.56544 53.894009
27.565667 53.894169
27.566062 53.894388
27.566521 53.894592
27.566636 53.894672
27.566819 53.894741
27.567186 53.894834
27.567552 53.894922
27.567918 53.895014
27.568513 53.895122
27.56897 53.895207
27.569382 53.895302
27.569611 53.89533
27.569931 53.895362
27.570204 53.895323
27.570387 53.895315
27.570752 53.895367
27.570935 53.895369
27.571664 53.895307
27.571937 53.895272
27.572119 53.895221
27.572528 53.895076
27.573028 53.894889
27.573382 53.894688
27.57354 53.894586
27.573994 53.894354
27.574163 53.894255
27.574473 53.894092
27.575013 53.893819
27.57533 53.893663
27.575693 53.893475
27.576024 53.893262
27.576194 53.893162
27.576504 53.89299
27.576632 53.892922
27.576753 53.892848
27.577021 53.892714
27.577289 53.892573
27.577508 53.892453
27.577859 53.892269
27.577984 53.892208
27.579321 53.891453
27.579404 53.891414
27.57996 53.891173
27.580161 53.891112
27.580631 53.891042
27.580981 53.891009
27.58144 53.890987
27.581996 53.890989
27.582227 53.890983
27.582757 53.891055
27.58294 53.891108
27.583116 53.89119
27.583189 53.891233
27.583308 53.891309
27.583971 53.891681
27.584876 53.892244
27.58493 53.892324
27.584963 53.892513
27.584893 53.892621
27.584137 53.893281
27.583136 53.894106
27.581908 53.895247
27.581856 53.895321
27.581603 53.895498
27.581234 53.895792
27.581046 53.895914
27.580909 53.895967
27.580747 53.896046
27.580573 53.896139
27.580366 53.896268
27.580241 53.896334
27.580162 53.896372
27.580086 53.89642
27.580003 53.896461
27.579924 53.896504
27.579811 53.896576
27.579641 53.896669
27.579332 53.896913
27.579261 53.896963
27.579027 53.897115
27.578858 53.897277
27.578674 53.89744
27.578538 53.897549
27.578353 53.89768
27.578059 53.897863
27.577797 53.897973
27.577552 53.898129
27.576899 53.898496
27.576363 53.898775
27.576205 53.898879
27.575706 53.899112
27.575343 53.899262
27.574797 53.899418
27.574434 53.899554
27.574211 53.899663
27.57408 53.899826
27.5737 53.900097
27.573102 53.900585
27.572526 53.901019
27.572052 53.901452
27.571692 53.901804
27.571477 53.901967
27.571324 53.90213
27.571091 53.902319
27.570506 53.902996
27.570517 53.903185
27.570622 53.9034
27.570707 53.903507
27.570892 53.903695
27.571115 53.903856
27.571483 53.90404
27.572031 53.904368
27.572376 53.904559
27.572526 53.904664
27.572599 53.904745
27.572509 53.904819
27.572544 53.904873
27.572725 53.905034
27.572822 53.905195
27.573066 53.905787
27.573201 53.906164
27.573153 53.906272
27.572992 53.906488
27.572913 53.906569
27.572442 53.906839
27.572273 53.907028
27.572171 53.907108
27.571552 53.907445
27.571073 53.907766
27.571032 53.90782
27.570988 53.907929
27.570849 53.908064
27.570483 53.908299
27.570301 53.908336
27.570079 53.908449
27.569784 53.908626
27.569557 53.908708
27.56942 53.908715
27.568963 53.908677
27.568826 53.908624
27.568561 53.908477
27.56778 53.908126
27.567347 53.907874
27.567001 53.90764
27.566737 53.907493
27.566353 53.907227
27.565772 53.906772
27.565543 53.906694
27.565222 53.906556
27.564947 53.906475
27.564167 53.906186
27.563846 53.906098
27.563389 53.906057
27.562842 53.906112
27.562433 53.906221
27.562251 53.906283
27.562024 53.906383
27.561752 53.906481
27.56148 53.906614
27.561261 53.906741
27.560716 53.906977
27.560488 53.907017
27.559941 53.907064
27.559255 53.906964
27.558659 53.90678
27.558476 53.906705
27.558293 53.906679
27.558065 53.906689
27.557791 53.906726
27.557472 53.906743
27.556561 53.906864
27.556379 53.906914
27.556161 53.907102
27.556004 53.907318
27.555687 53.907522
27.555277 53.907901
27.555093 53.908091
27.554954 53.908199
27.554849 53.908334
27.554628 53.908551
27.554324 53.908903
27.554084 53.90912
27.553758 53.909471
27.55368 53.909633
27.553681 53.909768
27.55376 53.90993
27.553857 53.910064
27.554385 53.910601
27.55461 53.91095
27.554619 53.911058
27.554445 53.911148
27.554291 53.911255
27.554288 53.911335
27.554399 53.911658
27.554362 53.911712
27.554192 53.911808
27.553985 53.911997
27.553894 53.912018
27.553711 53.912021
27.553529 53.912055
27.553438 53.912092
27.552915 53.912467
27.552458 53.912442
27.552275 53.912412
27.552091 53.912359
27.551359 53.912254
27.550993 53.912191
27.550673 53.912156
27.550491 53.912175
27.549899 53.912292
27.549535 53.912384
27.549217 53.912493
27.548998 53.912609
27.548809 53.912742
27.548433 53.913094
27.548401 53.913202
27.548148 53.913392
27.547986 53.913496
27.547457 53.913793
27.547307 53.913899
27.546904 53.914251
27.546554 53.914522
27.546457 53.914684
27.546403 53.9149
27.546502 53.91525
27.546492 53.915304
27.546424 53.915349
27.546219 53.915404
27.54622 53.915458
27.546304 53.915539
27.546321 53.915619
27.546303 53.915727
27.546692 53.916103
27.546815 53.916181
27.547271 53.916388
27.547912 53.916569
27.548187 53.916613
27.548416 53.916679
27.548736 53.916738
27.549011 53.916833
27.549379 53.917002
27.549601 53.917127
27.549667 53.917208
27.549726 53.917396
27.549713 53.917504
27.549405 53.917802
27.548892 53.918209
27.548641 53.918452
27.548309 53.918723
27.547944 53.91899
27.547862 53.919096
27.54784 53.919204
27.547858 53.919419
27.547787 53.919521
27.547762 53.919586
27.547977 53.919687
27.548058 53.919601
27.548171 53.919526
27.548444 53.919446
27.548718 53.919386
27.548895 53.919298
27.549189 53.919056
27.549373 53.918867
27.550213 53.918243
27.550503 53.917999
27.550619 53.917837
27.550769 53.917674
27.55079 53.917567
27.550739 53.917136
27.550498 53.916759
27.550294 53.916598
27.549973 53.916454
27.54956 53.916301
27.549377 53.916284
27.549149 53.916289
27.54892 53.91627
27.548279 53.916096
27.547775 53.915945
27.547545 53.915852
27.547411 53.915745
27.547189 53.915395
27.546914 53.915325
27.546822 53.915285
27.546737 53.915177
27.546748 53.915096
27.546833 53.914961
27.54688 53.914745
27.547154 53.914448
27.547312 53.914346
27.547486 53.91421
27.547967 53.913779
27.548189 53.913616
27.548518 53.913417
27.548702 53.913284
27.548975 53.913161
27.549157 53.913122
27.549567 53.913116
27.54975 53.913075
27.550159 53.912947
27.550523 53.912878
27.550614 53.912873
27.551848 53.912973
27.552214 53.91303
27.553267 53.913231
27.553861 53.913303
27.554273 53.913332
27.554684 53.91333
27.554957 53.913307
27.555139 53.913268
27.555412 53.913165
27.555635 53.913054
27.555782 53.912948
27.556207 53.912569
27.556454 53.912325
27.556632 53.912189
27.557536 53.911242
27.557767 53.91089
27.557799 53.910755
27.557717 53.910298
27.55744 53.909787
27.556698 53.908874
27.556413 53.908363
27.556357 53.908121
27.556425 53.907851
27.556526 53.907716
27.556756 53.907499
27.556921 53.907363
27.55728 53.907169
27.557507 53.907089
27.557826 53.907056
27.5581 53.907052
27.558603 53.907106
27.558832 53.907175
27.559153 53.907297
27.559382 53.907354
27.559656 53.907387
27.559977 53.907441
27.560251 53.90746
27.56057 53.907418
27.560979 53.907302
27.561524 53.907093
27.561797 53.907006
27.56216 53.906852
27.562265 53.906775
27.562628 53.906591
27.562991 53.906455
27.563356 53.906417
27.563676 53.906445
27.564042 53.90651
27.564454 53.906623
27.564775 53.906729
27.565185 53.906929
27.56575 53.907385
27.566093 53.907707
27.566489 53.907968
27.566765 53.908153
27.567114 53.908353
27.567435 53.908491
27.56771 53.908586
27.568155 53.908813
27.568706 53.909062
27.56902 53.909236
27.569204 53.909291
27.569616 53.909386
27.569937 53.909477
27.570165 53.909516
27.570667 53.909509
27.570941 53.909461
27.571349 53.909313
27.571784 53.90907
27.572247 53.908718
27.572616 53.908484
27.57274 53.908349
27.57281 53.90816
27.572807 53.907998
27.572697 53.907433
27.572718 53.907271
27.5728 53.907163
27.573251 53.906783
27.573413 53.906682
27.573594 53.906519
27.573679 53.906384
27.573645 53.905791
27.57348 53.905414
27.573424 53.905253
27.573292 53.905065
27.573056 53.90477
27.572621 53.904394
27.572468 53.904294
27.571924 53.904018
27.571468 53.903796
27.571311 53.903693
27.571004 53.903524
27.570896 53.903363
27.570913 53.903282
27.570995 53.90312
27.571241 53.902768
27.571297 53.90266
27.571417 53.902552
27.571732 53.9022
27.571991 53.901956
27.572164 53.901854
27.572412 53.901637
27.572592 53.901421
27.572818 53.901231
27.572934 53.901096
27.573239 53.900885
27.573389 53.90075
27.573676 53.900578
27.573898 53.900417
27.574453 53.900098
27.574769 53.899856
27.575063 53.899682
27.575607 53.899432
27.576276 53.899078
27.576911 53.898792
27.577307 53.898579
27.577684 53.898339
27.578063 53.898151
27.578142 53.898086
27.579681 53.897112
27.580304 53.896756
27.581307 53.896113
27.58211 53.895592
27.583076 53.894738
27.583644 53.894257
27.583719 53.894146
27.584903 53.893154
27.585305 53.892781
27.585391 53.892646
27.585493 53.892349
27.585484 53.892187
27.58544 53.892052
27.585347 53.891945
27.584558 53.891532
27.583479 53.890991
27.582808 53.890628
27.582717 53.890579
27.579986 53.890591
27.579948 53.890591
27.578654 53.891321
27.577976 53.891656
27.577787 53.891751
27.577553 53.891894
27.577369 53.892016
27.577165 53.892149
27.576814 53.892349
27.576546 53.892494
27.57632 53.892591
27.576101 53.892711
27.575905 53.892845
27.575693 53.892967
27.575482 53.893094
27.575218 53.893243
27.5749 53.893369
27.574583 53.893523
27.574274 53.893697
27.57407 53.893828
27.573711 53.894026
27.5735 53.894157
27.573092 53.894359
27.572625 53.894642
27.572307 53.894787
27.572035 53.894865
27.571397 53.894996
27.571033 53.895056
27.570577 53.895089
27.57035 53.895127
27.570258 53.895125
27.569985 53.895128
27.569665 53.895098
27.56939 53.895039
27.569115 53.894968
27.568658 53.894919
27.568384 53.89486
27.567971 53.894736
27.567697 53.894656
27.567238 53.894497
27.566917 53.894377
27.56655 53.894219
27.566136 53.894008
27.565941 53.893878
27.565595 53.893637
27.565388 53.893477
27.565168 53.893262
27.564994 53.89302
27.564954 53.892913
27.564974 53.892697
27.565014 53.892535
27.5651 53.892427
27.56531 53.89221
27.565505 53.892048
27.56623 53.891671
27.566494 53.891531
27.566721 53.891424
27.567175 53.891231
27.567629 53.891069
27.567901 53.89096
27.56831 53.890828
27.568674 53.890732
27.568924 53.890652
27.568953 53.890651
27.569176 53.890569
27.569494 53.890467
27.569995 53.890318
27.570268 53.890245
27.570677 53.890142
27.570951 53.89008
27.57145 53.889866
27.571669 53.889746
27.572078 53.889544
27.572244 53.88944
27.57244 53.889309
27.572849 53.889121
27.573015 53.889019
27.573333 53.888878
27.573582 53.888719
27.573933 53.888542
27.574046 53.888407
27.574105 53.888272
27.574099 53.888137
27.574032 53.887949
27.573983 53.887679
27.573951 53.887544
27.57381 53.887248
27.573697 53.887033
27.573614 53.886764
27.573407 53.886306
27.573298 53.885822
27.57328 53.88566
27.573286 53.885498
27.573334 53.885363
27.57348 53.8852
27.573707 53.885096
27.573935 53.885045
27.574254 53.885019
27.574528 53.88502
27.574665 53.885017
27.574756 53.885019
27.575167 53.88501
27.575349 53.884992
27.575486 53.884951
27.575561 53.884901
27.57568 53.884711
27.575716 53.884549
27.575705 53.88428
27.575662 53.884118
27.575549 53.88393
27.575363 53.883688
27.575178 53.883473
27.574973 53.883204
27.574895 53.88307
27.574905 53.882989
27.574935 53.882935
27.57506 53.882862
27.575691 53.882558
27.576281 53.882257
27.576492 53.882128
27.576812 53.881883
27.577026 53.881667
27.577173 53.881504
27.577214 53.881423
27.577254 53.881315
27.577226 53.881234
27.577134 53.881127
27.57703 53.881019
27.576986 53.880912
27.576988 53.880777
27.577042 53.880507
27.577013 53.880345
27.576909 53.880184
27.576762 53.88005
27.576532 53.879889
27.576366 53.879701
27.576195 53.879432
27.575894 53.879056
27.575786 53.878976
27.57556 53.878855
27.575341 53.878695
27.57521 53.87856
27.575117 53.878399
27.57499 53.878022
27.574988 53.877833
27.575065 53.877563
27.575283 53.877104
27.57533 53.876888
27.575393 53.876779
27.575525 53.876644
27.575661 53.876587
27.575979 53.876491
27.576479 53.876298
27.576752 53.876222
27.576934 53.876188
27.577162 53.876178
27.577389 53.876129
27.57748 53.876091
27.577547 53.875983
27.577538 53.875848
27.577642 53.875686
27.577755 53.875577
27.57798 53.875437
27.578116 53.875401
27.578376 53.875217
27.578517 53.875172
27.578786 53.875159
27.57897 53.875214
27.579103 53.875275
27.579247 53.875463
27.579418 53.87581
27.57952 53.876055
27.579637 53.876268
27.579984 53.876646
27.580367 53.876912
27.580642 53.877012
27.580966 53.877047
27.581327 53.877045
27.582197 53.876935
27.582876 53.876781
27.582997 53.876724
27.583065 53.876675
27.58325 53.876622
27.583565 53.876564
27.584388 53.876349
27.585292 53.875971
27.585333 53.875919
27.585325 53.875865
27.585344 53.875838
27.585526 53.875824
27.585602 53.875781
27.585702 53.875619
27.585769 53.875481
27.58601 53.875293
27.586129 53.875048
27.586205 53.874753
27.586225 53.874561
27.586244 53.87451
27.586173 53.874373
27.586003 53.874106
27.585939 53.873888
27.585876 53.8737
27.585596 53.873164
27.585593 53.872921
27.585461 53.87276
27.585363 53.872517
27.58535 53.872353
27.585367 53.872191
27.585418 53.872058
27.585554 53.871952
27.585822 53.871822
27.587366 53.871165
27.588134 53.870885
27.588547 53.870714
27.589183 53.870529
27.589527 53.870348
27.589742 53.870189
27.590192 53.869987
27.590877 53.869729
27.591605 53.869607
27.592015 53.869562
27.592466 53.869447
27.592621 53.869345
27.592729 53.869156
27.592769 53.868994
27.592713 53.868832
27.592532 53.868671
27.592234 53.8685
27.59174 53.868252
27.59124 53.868055
27.590876 53.867901
27.589956 53.867586
27.589611 53.867388
27.589392 53.867148
27.589252 53.866963
27.589026 53.866804
27.588954 53.866782
27.588788 53.866652
27.58857 53.866494
27.588383 53.866423
27.5882 53.866383
27.58788 53.866375
27.587611 53.866431
27.58738 53.866531
27.587158 53.866692
27.586796 53.866961
27.586317 53.867244
27.585735 53.867551
27.585535 53.867671
27.585117 53.868021
27.584904 53.868319
27.584656 53.868509
27.584156 53.868716
27.583716 53.869031
27.583433 53.868949
27.583527 53.868861
27.583727 53.868727
27.583794 53.868619
27.583801 53.868565
27.583774 53.86854
27.583694 53.868574
27.583627 53.868629
27.583498 53.868695
27.583337 53.868855
27.583246 53.868894
27.583155 53.868896
27.583108 53.868786
27.583058 53.868778
27.582926 53.868834
27.582739 53.868833
27.582286 53.868732
27.581915 53.868599
27.581019 53.86811
27.580541 53.867847
27.580161 53.867586
27.580131 53.867577
27.580131 53.867586
27.580063 53.867602
27.580063 53.867627
27.580113 53.867708
27.580573 53.868
27.580926 53.868239
27.581259 53.86844
27.581474 53.86856
27.58147 53.868556
27.581604 53.86862
27.581974 53.868724
27.582336 53.868844
27.58284 53.868929
27.582867 53.868983
27.58289 53.869037
27.582977 53.869016
27.583038 53.868962
27.583129 53.868968
27.583118 53.869022
27.58304 53.869131
27.582991 53.869212
27.582904 53.869262
27.583 53.869268
27.583181 53.869186
27.583372 53.869007
27.583659 53.869072
27.583539 53.869234
27.583435 53.869396
27.583237 53.869692
27.582968 53.869824
27.582691 53.869868
27.582417 53.869844
27.582147 53.869778
27.581869 53.869752
27.580637 53.869495
27.580226 53.869421
27.579859 53.869332
27.578988 53.86895
27.578769 53.868789
27.578679 53.868603
27.578631 53.868412
27.578584 53.868277
27.578568 53.867929
27.578567 53.867794
27.578598 53.867576
27.578635 53.867434
27.578654 53.867188
27.578648 53.866701
27.578665 53.866514
27.578738 53.866244
27.578896 53.866146
27.578959 53.866009
27.579034 53.865606
27.579242 53.865173
27.579339 53.865011
27.57968 53.864602
27.579992 53.864304
27.580508 53.863955
27.580599 53.863914
27.580778 53.863934
27.580824 53.863943
27.580903 53.863904
27.580924 53.863794
27.581321 53.863589
27.581661 53.863392
27.581887 53.863234
27.582222 53.862935
27.582438 53.86261
27.582754 53.862287
27.582903 53.862096
27.583133 53.861942
27.583451 53.861816
27.583734 53.861597
27.583781 53.861464
27.58373 53.8613
27.583594 53.861112
27.583571 53.861031
27.583671 53.860871
27.583806 53.860733
27.58403 53.860656
27.584808 53.860575
27.585169 53.860526
27.585986 53.860232
27.5869 53.860059
27.5874 53.859902
27.587487 53.859856
27.587522 53.859908
27.587543 53.860097
27.587629 53.860234
27.587902 53.860554
27.588 53.860717
27.587966 53.860799
27.587826 53.860846
27.587739 53.860851
27.587552 53.860792
27.587417 53.86066
27.58716 53.860175
27.58711 53.860148
27.587077 53.860205
27.587102 53.86042
27.587262 53.86069
27.587454 53.860877
27.587733 53.860968
27.587915 53.860974
27.588097 53.860922
27.588199 53.86084
27.588232 53.860732
27.5881 53.860573
27.587916 53.860412
27.587799 53.860168
27.587779 53.859792
27.587868 53.859333
27.58785 53.859063
27.587795 53.85898
27.587461 53.85866
27.587081 53.858392
27.586817 53.858225
27.586778 53.858207
27.586636 53.858066
27.586631 53.857983
27.586735 53.857769
27.586964 53.857581
27.587195 53.85749
27.5876 53.857338
27.588014 53.857318
27.588649 53.857326
27.590479 53.857456
27.591072 53.857451
27.591482 53.857377
27.591796 53.857263
27.592049 53.857109
27.592086 53.85703
27.592182 53.856866
27.592219 53.856758
27.59219 53.856598
27.592066 53.856354
27.592036 53.856113
27.59205 53.856005
27.592236 53.855705
27.592429 53.8553
27.592593 53.855056
27.592633 53.854921
27.592714 53.854732
27.592733 53.854607
27.592777 53.854298
27.592747 53.854083
27.59265 53.853921
27.592385 53.853705
27.591927 53.853532
27.5911 53.853367
27.590007 53.85324
27.589504 53.853101
27.589319 53.85294
27.589284 53.852857
27.589336 53.852778
27.589513 53.852687
27.589968 53.852557
27.590282 53.852457
27.591241 53.852283
27.591502 53.852179
27.591531 53.852095
27.591548 53.851933
27.591592 53.851881
27.591771 53.851854
27.592322 53.851851
27.592824 53.851931
27.593099 53.852029
27.593344 53.852178
27.593757 53.852295
27.593975 53.852454
27.594073 53.852642
27.594102 53.852831
27.594253 53.853016
27.594402 53.853117
27.594952 53.853325
27.595144 53.853452
27.595283 53.853586
27.595562 53.853702
27.595719 53.853787
27.595855 53.853777
27.595942 53.853693
27.595929 53.853588
27.595609 53.853239
27.595435 53.853051
27.59527 53.852953
27.595078 53.852794
27.594845 53.852708
27.594384 53.852303
27.593741 53.851996
27.592783 53.851709
27.592551 53.851674
27.591685 53.851672
27.591047 53.851767
27.590321 53.851969
27.589276 53.8523
27.588735 53.852453
27.588701 53.85248
27.588744 53.85259
27.588772 53.852642
27.588704 53.852692
27.587977 53.85261
27.5877 53.852618
27.587427 53.852655
27.587293 53.852627
27.587236 53.852573
27.587277 53.852517
27.587352 53.852465
27.587351 53.852411
27.587144 53.85229
27.587002 53.852154
27.586914 53.852145
27.586823 53.852166
27.586684 53.852218
27.586365 53.852254
27.585909 53.852229
27.585718 53.852201
27.585269 53.85214
27.584861 53.85205
27.584125 53.85182
27.583534 53.851713
27.582889 53.851511
27.582686 53.851387
27.582523 53.851147
27.582333 53.850525
27.58233 53.850364
27.582328 53.850202
27.582398 53.850013
27.582625 53.849636
27.582685 53.849582
27.582771 53.849505
27.583128 53.8492
27.583599 53.848923
27.583917 53.848825
27.584194 53.848795
27.584513 53.848773
27.584967 53.848651
27.585775 53.848261
27.586275 53.84811
27.587135 53.84798
27.588233 53.847954
27.588689 53.847959
27.588917 53.847944
27.589237 53.847996
27.589873 53.848155
27.590102 53.848167
27.590333 53.848159
27.590471 53.848201
27.590525 53.84828
27.59055 53.848441
27.590689 53.848603
27.590865 53.848685
27.591276 53.848752
27.591728 53.848741
27.592278 53.848705
27.593004 53.848652
27.593326 53.8486
27.59369 53.848581
27.593918 53.848568
27.594282 53.848512
27.594554 53.848426
27.594866 53.848179
27.595084 53.847989
27.595311 53.847889
27.595497 53.847868
27.595584 53.847897
27.59557 53.847951
27.595445 53.848008
27.59526 53.848065
27.595037 53.848165
27.59503 53.848221
27.595122 53.848234
27.595258 53.848206
27.595341 53.848165
27.595708 53.848004
27.595915 53.84787
27.596002 53.847865
27.596189 53.847927
27.596231 53.847925
27.59623 53.847842
27.59619 53.847736
27.596242 53.847626
27.596374 53.847553
27.59651 53.847537
27.596739 53.847592
27.597056 53.847725
27.59738 53.847737
27.597967 53.847658
27.598467 53.847487
27.598912 53.84726
27.599096 53.847097
27.59927 53.846799
27.599752 53.84623
27.599964 53.845879
27.600063 53.845633
27.600207 53.845068
27.600235 53.84485
27.600244 53.844718
27.600336 53.844479
27.60036 53.844288
27.600384 53.844126
27.600465 53.84391
27.600519 53.843696
27.600862 53.843234
27.600924 53.84302
27.600989 53.842828
27.601031 53.842585
27.601082 53.842372
27.601237 53.842099
27.60141 53.841965
27.601626 53.84187
27.601753 53.841732
27.601983 53.841643
27.602256 53.841597
27.602328 53.841543
27.602273 53.841435
27.602252 53.841325
27.602282 53.841242
27.602293 53.841217
27.60258 53.840867
27.602595 53.840811
27.602507 53.84078
27.602416 53.840785
27.602098 53.84089
27.602011 53.840902
27.60192 53.840889
27.601846 53.840808
27.601864 53.8407
27.60203 53.840376
27.602204 53.840051
27.602422 53.839861
27.602558 53.839818
27.602695 53.839828
27.602729 53.839839
27.602838 53.839722
27.602681 53.839631
27.602641 53.839498
27.60271 53.83928
27.602907 53.838931
27.602923 53.838769
27.60288 53.838686
27.602766 53.838619
27.602583 53.838613
27.602405 53.838645
27.602186 53.838754
27.601849 53.83908
27.601674 53.83938
27.601531 53.839704
27.601428 53.839947
27.601363 53.840217
27.601234 53.840488
27.600939 53.840837
27.600653 53.841019
27.600195 53.841192
27.598559 53.841567
27.598416 53.841626
27.598349 53.841761
27.598405 53.841974
27.598703 53.842352
27.598949 53.842565
27.599033 53.842607
27.59917 53.842588
27.599261 53.842577
27.599348 53.84259
27.599387 53.842643
27.599281 53.84294
27.599269 53.843185
27.599387 53.843479
27.599606 53.843912
27.599639 53.844101
27.599643 53.844397
27.599567 53.844665
27.599486 53.8448
27.599294 53.844961
27.599042 53.84511
27.598776 53.845384
27.598318 53.845568
27.597994 53.845777
27.59786 53.845937
27.597793 53.846045
27.597661 53.846093
27.597251 53.846151
27.597115 53.846204
27.596927 53.846364
27.596836 53.846385
27.596654 53.846345
27.596427 53.846191
27.59634 53.84619
27.596317 53.846214
27.596372 53.846297
27.596655 53.846471
27.596838 53.846533
27.596971 53.846517
27.597224 53.846369
27.597393 53.846276
27.59753 53.846253
27.597716 53.846275
27.597843 53.846339
27.597881 53.846393
27.597812 53.846555
27.597692 53.846717
27.597645 53.84688
27.597627 53.846985
27.597575 53.847042
27.597439 53.847092
27.597211 53.847115
27.596709 53.847082
27.595525 53.847171
27.595408 53.847219
27.595371 53.847275
27.595383 53.847354
27.595456 53.847396
27.59578 53.847444
27.595856 53.847493
27.595888 53.847599
27.595809 53.847653
27.595722 53.847656
27.595219 53.847559
27.595078 53.847567
27.594928 53.847702
27.594792 53.847759
27.594565 53.847803
27.593794 53.848115
27.59298 53.848355
27.59243 53.848423
27.591706 53.848505
27.591432 53.848507
27.591245 53.848456
27.591096 53.848353
27.590959 53.848109
27.590737 53.847962
27.590431 53.847828
27.589608 53.847666
27.58897 53.847649
27.588058 53.847672
27.587652 53.847674
27.587424 53.847684
27.586855 53.847757
27.585942 53.847941
27.585033 53.848172
27.58495 53.848189
27.58473 53.848259
27.584568 53.848393
27.584441 53.848526
27.584123 53.848613
27.583441 53.848778
27.582848 53.849028
27.582705 53.849132
27.582631 53.849268
27.582513 53.849513
27.582324 53.84964
27.582083 53.849731
27.581834 53.849937
27.581877 53.850006
27.581883 53.850177
27.581894 53.850435
27.581938 53.850597
27.582084 53.851003
27.582194 53.851243
27.582388 53.851541
27.582633 53.851697
27.583417 53.852024
27.584008 53.852187
27.584424 53.852324
27.584589 53.852418
27.584727 53.85252
27.584822 53.852536
27.584867 53.852515
27.584867 53.85249
27.584702 53.852359
27.584663 53.852276
27.5847 53.852222
27.584749 53.852226
27.58488 53.852333
27.585083 53.852449
27.585678 53.852637
27.586363 53.852717
27.586916 53.852793
27.587339 53.852919
27.587553 53.852969
27.58769 53.852989
27.587963 53.852949
27.588103 53.852962
27.588745 53.853217
27.58891 53.853315
27.589094 53.853397
27.589299 53.853423
27.589337 53.853428
27.589463 53.853445
27.589873 53.85343
27.590375 53.853481
27.590966 53.853577
27.591518 53.853639
27.59193 53.853747
27.592179 53.853897
27.592341 53.854085
27.592412 53.8543
27.592441 53.854462
27.592428 53.854599
34
27.5744 53.877989
27.574271 53.877967
27.574202 53.877927
27.573811 53.877681
27.573745 53.877567
27.573777 53.877419
27.573836 53.877281
27.573951 53.877058
27.574053 53.877004
27.574148 53.87697
27.574296 53.876926
27.574352 53.876908
27.574383 53.876908
27.574524 53.876903
27.574634 53.876898
27.574691 53.876913
27.574771 53.876915
27.574817 53.87693
27.574851 53.876944
27.57487 53.876948
27.574886 53.876984
27.574901 53.877007
27.574909 53.877036
27.574898 53.877069
27.574862 53.877193
27.574803 53.877333
27.574774 53.877479
27.574742 53.877603
27.574732 53.87772
27.574683 53.877796
27.574624 53.877889
27.574537 53.877972
27.574469 53.877982
27.5744 53.877989
10
27.583924 53.8519
27.58402 53.851942
27.584067 53.852025
27.583999 53.852061
27.583911 53.852057
27.583789 53.851992
27.583727 53.85191
27.583734 53.851885
27.583821 53.851878
27.583924 53.8519
54
27.574762 53.881019
27.574659 53.880997
27.574457 53.880919
27.574407 53.880897
27.574357 53.88085
27.574253 53.880731
27.574164 53.880637
27.574106 53.880552
27.574056 53.880501
27.574036 53.880449
27.574035 53.880404
27.574023 53.880353
27.574015 53.880296
27.573982 53.88011
27.573992 53.879962
27.574029 53.879856
27.574058 53.879815
27.574114 53.87973
27.574228 53.87965
27.574284 53.879605
27.574322 53.87958
27.574371 53.879564
27.574458 53.87953
27.574534 53.879512
27.57461 53.879496
27.574716 53.879477
27.574849 53.879477
27.574983 53.879498
27.575032 53.879516
27.575109 53.879538
27.575196 53.879565
27.575273 53.879612
27.575361 53.879656
27.5754 53.879683
27.575431 53.879723
27.575457 53.879746
27.575477 53.879779
27.575489 53.879842
27.575509 53.879898
27.575518 53.879995
27.575557 53.880114
27.575574 53.880545
27.575556 53.880608
27.575519 53.880665
27.5755 53.880698
27.575433 53.880777
27.575402 53.880811
27.575365 53.880834
27.575282 53.880881
27.575221 53.880915
27.5751 53.880961
27.575062 53.880972
27.574918 53.881002
27.574762 53.881019
9
27.587755 53.852743
27.587987 53.852801
27.587954 53.852855
27.587772 53.852878
27.587594 53.852913
27.587453 53.852873
27.587364 53.852795
27.587428 53.852754
27.587755 53.852743
11
27.586645 53.852432
27.586869 53.852456
27.586992 53.852518
27.586984 53.852545
27.586897 53.852575
27.586666 53.852576
27.586395 53.852541
27.58622 53.852466
27.586238 53.852414
27.586375 53.852409
27.586645 53.852432
38
27.582418 53.856319
27.582693 53.856172
27.582783 53.856063
27.583155 53.856043
27.583742 53.856149
27.584484 53.856219
27.585505 53.85636
27.585845 53.856523
27.585876 53.856559
27.586155 53.856686
27.586283 53.856867
27.586501 53.857012
27.586594 53.857122
27.586717 53.857211
27.586995 53.857284
27.587031 53.857394
27.586845 53.857485
27.586629 53.857542
27.58657 53.857633
27.586415 53.857761
27.586325 53.857854
27.58614 53.857927
27.585954 53.857928
27.585675 53.857839
27.585275 53.857767
27.584902 53.857733
27.584594 53.857698
27.584255 53.8577
27.583977 53.857627
27.583699 53.857556
27.583295 53.857502
27.583048 53.857467
27.582895 53.857468
27.582431 53.857398
27.582274 53.857289
27.582209 53.856997
27.582205 53.85663
27.582418 53.856319
12
27.598929 53.84577
27.598863 53.845932
27.598754 53.846004
27.598617 53.846016
27.598525 53.845983
27.598494 53.8459
27.598591 53.845738
27.598696 53.845667
27.598833 53.845658
27.598902 53.8457
27.598929 53.845752
27.598929 53.84577
15
27.588991 53.852809
27.589075 53.852856
27.589157 53.85299
27.58933 53.853151
27.589331 53.853205
27.589255 53.853244
27.58916 53.853235
27.588891 53.85305
27.588525 53.852931
27.588463 53.852848
27.588462 53.852769
27.588541 53.852728
27.58872 53.852748
27.588861 53.85274
27.588991 53.852809
29
27.556602 53.910226
27.556499 53.910227
27.556442 53.910232
27.556369 53.910207
27.556193 53.910114
27.555951 53.909922
27.555789 53.909772
27.555674 53.909662
27.555504 53.909517
27.555526 53.909465
27.555625 53.909418
27.555685 53.909413
27.55575 53.909417
27.555903 53.909439
27.556074 53.909476
27.556658 53.909577
27.556803 53.909619
27.556868 53.909666
27.557022 53.909802
27.557103 53.909887
27.557154 53.910028
27.557098 53.910105
27.557034 53.910139
27.55697 53.910178
27.55689 53.910187
27.556818 53.910196
27.556738 53.910201
27.556613 53.910226
27.556602 53.910226
66
27.573778 53.884408
27.573808 53.884379
27.573865 53.884338
27.573914 53.884293
27.57394 53.88427
27.57397 53.884247
27.573996 53.884207
27.574026 53.884173
27.574045 53.884135
27.574071 53.884094
27.574101 53.884049
27.574149 53.883979
27.574176 53.883952
27.574213 53.883918
27.574243 53.883896
27.57435 53.88387
27.574452 53.883859
27.574513 53.883854
27.574589 53.883865
27.574696 53.883875
27.574742 53.883887
27.574818 53.883909
27.574868 53.883931
27.574917 53.883949
27.574963 53.883971
27.57504 53.884011
27.57509 53.884038
27.57514 53.884071
27.575148 53.884105
27.575179 53.884134
27.575198 53.884167
27.575199 53.884287
27.575162 53.884332
27.575132 53.884372
27.575106 53.884406
27.575038 53.884447
27.575 53.884485
27.574883 53.884544
27.574819 53.884583
27.574781 53.884601
27.574743 53.884624
27.574705 53.884628
27.574645 53.884647
27.574588 53.884665
27.574512 53.884681
27.574425 53.884693
27.574349 53.884704
27.574292 53.884711
27.574185 53.884716
27.57414 53.884712
27.574098 53.884712
27.573983 53.884701
27.573964 53.884695
27.573907 53.884679
27.573877 53.884673
27.573876 53.884661
27.57385 53.884639
27.573792 53.884594
27.57378 53.884576
27.573772 53.884554
27.573753 53.884527
27.573741 53.884502
27.573752 53.884469
27.573752 53.884419
27.57379 53.884408
27.573778 53.884408
BRUSH(1,0)
REGION 2
105
27.581697 53.849861
27.581834 53.849937
27.582083 53.849731
27.581874 53.849734
27.581325 53.849652
27.580955 53.849498
27.580771 53.84943
27.580543 53.849431
27.580229 53.849495
27.579319 53.849893
27.579 53.849944
27.578785 53.850051
27.578692 53.850108
27.578534 53.850016
27.578438 53.850001
27.57768 53.85038
27.577498 53.850457
27.577408 53.850493
27.576964 53.850612
27.57642 53.850882
27.576064 53.851066
27.575289 53.8514
27.574612 53.851691
27.573565 53.851972
27.573288 53.851994
27.572786 53.851947
27.572465 53.851892
27.572248 53.851805
27.572019 53.851745
27.571787 53.851737
27.571425 53.851719
27.571239 53.85172
27.570511 53.851604
27.570097 53.851585
27.569823 53.851613
27.569562 53.851749
27.56929 53.851877
27.569086 53.852006
27.569045 53.852044
27.569125 53.852086
27.569208 53.852039
27.569387 53.852031
27.569573 53.852015
27.56976 53.851769
27.569798 53.851742
27.569931 53.851754
27.570012 53.851804
27.57024 53.851845
27.570416 53.851935
27.570549 53.851936
27.570963 53.851892
27.571466 53.851916
27.571557 53.851952
27.571681 53.85214
27.57175 53.852189
27.571933 53.852245
27.572113 53.852312
27.572243 53.852378
27.572472 53.852452
27.572704 53.85246
27.572837 53.852437
27.572913 53.852389
27.572895 53.852227
27.572975 53.852184
27.573431 53.852153
27.57375 53.85216
27.57393 53.852222
27.573954 53.852328
27.573966 53.852382
27.574184 53.852493
27.574504 53.852542
27.574732 53.852541
27.575005 53.852499
27.575369 53.852356
27.575782 53.852239
27.576417 53.851973
27.576732 53.851906
27.577006 53.851878
27.577176 53.851792
27.577425 53.851618
27.578081 53.851155
27.578994 53.850618
27.579023 53.850535
27.578927 53.85043
27.578926 53.850347
27.578982 53.850295
27.578846 53.850199
27.5789 53.85016
27.579391 53.849944
27.57971 53.849871
27.579933 53.84978
27.580073 53.849743
27.580164 53.84977
27.580123 53.849826
27.580007 53.849959
27.580023 53.850015
27.580065 53.850015
27.580329 53.849881
27.580357 53.849692
27.580481 53.84962
27.580663 53.84959
27.580842 53.849596
27.581075 53.849666
27.581335 53.849807
27.581697 53.849861
17
27.577285 53.851285
27.57721 53.851283
27.57714 53.851278
27.57708 53.851255
27.57705 53.851214
27.577043 53.851161
27.57708 53.851108
27.577162 53.851055
27.577294 53.851013
27.577447 53.850987
27.577545 53.85099
27.577616 53.851017
27.577659 53.851078
27.577654 53.851151
27.577596 53.851215
27.577475 53.851262
27.577285 53.851285
BRUSH(1,0)
REGION 5
337
27.423696 53.959723
27.423703 53.959722
27.423809 53.959711
27.423897 53.959679
27.424312 53.959608
27.424859 53.959456
27.425269 53.959279
27.425587 53.959035
27.425775 53.95874
27.425973 53.958334
27.425885 53.958285
27.425987 53.957853
27.425907 53.957449
27.425782 53.957155
27.425562 53.956886
27.425054 53.956484
27.424871 53.956478
27.424356 53.956079
27.424042 53.955925
27.423445 53.955721
27.422987 53.955666
27.420172 53.955877
27.419627 53.955939
27.419075 53.955968
27.4188 53.956001
27.418434 53.955989
27.417794 53.956047
27.417204 53.956162
27.415924 53.956254
27.415421 53.956238
27.414916 53.956116
27.414299 53.95579
27.413606 53.955502
27.412922 53.955285
27.412647 53.955241
27.412323 53.955269
27.412053 53.955333
27.411791 53.955475
27.411215 53.955848
27.410942 53.955966
27.410817 53.956072
27.41081 53.956124
27.410906 53.956233
27.411282 53.956484
27.411275 53.956509
27.411051 53.956613
27.410959 53.956627
27.410772 53.956585
27.410546 53.956504
27.410181 53.956598
27.409981 53.956751
27.409886 53.956774
27.409519 53.956695
27.409065 53.956667
27.407778 53.956476
27.407369 53.956397
27.407193 53.956321
27.406712 53.955862
27.406051 53.955298
27.40584 53.955173
27.405308 53.954999
27.404624 53.954833
27.403477 53.954457
27.402371 53.954036
27.401457 53.953772
27.399895 53.953431
27.398337 53.953225
27.397516 53.953091
27.397151 53.953011
27.39623 53.952882
27.396031 53.952829
27.396041 53.953851
27.39655 53.954081
27.396718 53.954182
27.396746 53.954262
27.39672 53.954343
27.396458 53.954531
27.39628 53.954617
27.396048 53.954627
27.396087 53.958411
27.396389 53.958532
27.397172 53.958648
27.397539 53.958797
27.398027 53.959115
27.398524 53.959356
27.399446 53.959609
27.400085 53.959843
27.400406 53.959893
27.400776 53.95991
27.402197 53.960161
27.402837 53.96017
27.403246 53.9602
27.403703 53.960194
27.40439 53.960289
27.406221 53.960345
27.406861 53.960246
27.407364 53.960204
27.407459 53.960168
27.407965 53.960065
27.40888 53.960082
27.409246 53.960069
27.410342 53.960225
27.412224 53.960389
27.41259 53.960368
27.413183 53.960242
27.413821 53.959977
27.414315 53.959737
27.41514 53.959516
27.416054 53.959364
27.417608 53.959217
27.418708 53.95904
27.419911 53.958813
27.420185 53.958798
27.420273 53.958823
27.420607 53.959053
27.423328 53.959772
27.423399 53.95989
27.423213 53.959916
27.423171 53.95995
27.423167 53.959974
27.42295 53.96038
27.422754 53.960594
27.4225 53.96075
27.422132 53.960895
27.421908 53.961002
27.421772 53.961139
27.421713 53.961301
27.421734 53.961542
27.421802 53.961813
27.422283 53.962324
27.42269 53.962585
27.423472 53.962949
27.424344 53.96326
27.425079 53.963465
27.4259 53.963641
27.426312 53.963678
27.426774 53.963694
27.427231 53.963641
27.427592 53.963516
27.427781 53.963385
27.427958 53.963171
27.428106 53.963008
27.428197 53.96297
27.42838 53.962947
27.428517 53.962978
27.428594 53.963058
27.428592 53.963193
27.428279 53.963601
27.428269 53.963707
27.428468 53.964167
27.428712 53.964568
27.429151 53.964946
27.429151 53.96496
27.429377 53.965085
27.429653 53.965205
27.430204 53.965358
27.430617 53.965426
27.431672 53.965654
27.432497 53.965804
27.432909 53.96584
27.433184 53.96588
27.433409 53.965902
27.433417 53.965893
27.433634 53.965883
27.433867 53.965918
27.434692 53.966056
27.435013 53.966069
27.435241 53.966014
27.435424 53.965988
27.435741 53.966052
27.436061 53.966042
27.436294 53.966059
27.436473 53.966063
27.436705 53.965986
27.437021 53.965958
27.437667 53.966025
27.438075 53.96605
27.438949 53.966112
27.440139 53.966128
27.440592 53.966077
27.441144 53.965949
27.441369 53.965939
27.441782 53.966039
27.441969 53.966045
27.442106 53.966076
27.442225 53.966147
27.442364 53.966245
27.442501 53.966265
27.443054 53.966283
27.443417 53.966347
27.443785 53.966519
27.444701 53.966884
27.445069 53.967148
27.445208 53.96721
27.445321 53.967169
27.445224 53.967008
27.444998 53.966853
27.444903 53.966582
27.44478 53.966474
27.444569 53.966352
27.444526 53.966273
27.44456 53.96619
27.444704 53.966084
27.445072 53.965934
27.445757 53.965781
27.446306 53.965731
27.446854 53.965633
27.447306 53.965525
27.448083 53.965396
27.448588 53.96521
27.449483 53.964746
27.449813 53.964506
27.450058 53.964287
27.450286 53.964217
27.450404 53.964147
27.45051 53.964072
27.451152 53.96382
27.451367 53.963662
27.451575 53.963443
27.45249 53.963066
27.453025 53.962801
27.453415 53.962575
27.453805 53.962356
27.45581 53.961548
27.456299 53.961283
27.456557 53.961095
27.456875 53.960887
27.457049 53.960763
27.457369 53.960446
27.457794 53.959907
27.457837 53.959664
27.457748 53.959555
27.457137 53.959045
27.457029 53.958954
27.456802 53.958712
27.456732 53.958604
27.456769 53.958523
27.457024 53.958327
27.456747 53.957984
27.45649 53.958111
27.456358 53.958192
27.456179 53.958231
27.456038 53.958231
27.455896 53.958183
27.455892 53.958176
27.455716 53.958071
27.454705 53.95732
27.454317 53.957096
27.453734 53.956741
27.453316 53.95655
27.453133 53.956514
27.452766 53.956464
27.452083 53.956417
27.451622 53.956394
27.451168 53.956441
27.450479 53.956469
27.450159 53.956506
27.449752 53.956629
27.449205 53.95686
27.448836 53.956936
27.448707 53.956992
27.448553 53.957182
27.448095 53.957532
27.447894 53.957964
27.4479 53.958178
27.447766 53.958477
27.447709 53.958527
27.447543 53.958703
27.447484 53.958865
27.447491 53.959188
27.44759 53.959483
27.447631 53.959752
27.447779 53.960455
27.44789 53.96083
27.447846 53.961399
27.447742 53.961667
27.447517 53.961966
27.447138 53.962195
27.446463 53.962517
27.446097 53.962608
27.445181 53.962856
27.444638 53.963072
27.444364 53.963147
27.443542 53.963301
27.442717 53.963567
27.441991 53.963779
27.441439 53.963875
27.441122 53.963872
27.440802 53.963855
27.440806 53.963853
27.440538 53.963825
27.439893 53.963699
27.438796 53.963506
27.438013 53.963351
27.437279 53.963181
27.436687 53.963064
27.436496 53.963058
27.436419 53.963038
27.436198 53.963046
27.435603 53.963032
27.434959 53.963028
27.43446 53.963097
27.434048 53.963094
27.433728 53.9631
27.433129 53.963064
27.432491 53.963019
27.431984 53.963021
27.431389 53.963028
27.431115 53.963029
27.430614 53.962961
27.430243 53.962857
27.429927 53.962813
27.429419 53.962759
27.429236 53.962737
27.428918 53.962643
27.428639 53.962539
27.428217 53.962284
27.428051 53.962123
27.427935 53.961935
27.427709 53.961531
27.427517 53.961318
27.427228 53.961101
27.426876 53.960909
27.4266 53.960811
27.426099 53.9606
27.425516 53.960289
27.425374 53.960252
27.424921 53.960271
27.424688 53.96025
27.424413 53.960177
27.424178 53.96002
27.423951 53.959778
27.423943 53.959785
27.423917 53.959783
27.423917 53.959852
27.423761 53.95986
27.423696 53.959723
16
27.448056 53.962117
27.448376 53.962408
27.448488 53.962549
27.448519 53.962603
27.448521 53.962855
27.448473 53.962949
27.448321 53.963004
27.448127 53.963005
27.448004 53.962951
27.447873 53.962821
27.44783 53.962691
27.447851 53.962552
27.447876 53.962356
27.447916 53.962201
27.448026 53.962117
27.448056 53.962117
33
27.412571 53.956915
27.412653 53.957048
27.412601 53.957266
27.412503 53.95734
27.412316 53.957373
27.41195 53.957354
27.411172 53.957327
27.410394 53.957334
27.409799 53.957262
27.409524 53.957274
27.409117 53.957339
27.40898 53.957328
27.408895 53.957286
27.408895 53.957259
27.409032 53.95722
27.409307 53.957208
27.409535 53.957212
27.409809 53.957143
27.409972 53.957041
27.410142 53.956906
27.41096 53.956703
27.411421 53.956614
27.411477 53.956564
27.411461 53.956483
27.411243 53.956327
27.411013 53.956229
27.410997 53.956202
27.411039 53.95619
27.411453 53.956375
27.411897 53.956619
27.412491 53.956871
27.412571 53.95692
27.412571 53.956915
25
27.422601 53.961637
27.4226 53.961588
27.422604 53.961556
27.422672 53.961516
27.42293 53.96142
27.423805 53.96124
27.423809 53.96124
27.423946 53.961232
27.424084 53.961281
27.424181 53.961443
27.424387 53.961849
27.424534 53.96201
27.425101 53.962338
27.425282 53.96247
27.425306 53.962551
27.425283 53.962607
27.425064 53.962763
27.424927 53.962775
27.424743 53.96276
27.42438 53.96266
27.423779 53.962399
27.423522 53.962252
27.422935 53.961953
27.422671 53.961774
27.422601 53.961637
24
27.45236 53.957666
27.45291 53.957819
27.453328 53.957988
27.453558 53.958149
27.453656 53.958364
27.453678 53.958659
27.453599 53.958742
27.45223 53.959091
27.45177 53.959235
27.451542 53.95926
27.451316 53.95923
27.45067 53.959041
27.450601 53.959003
27.449909 53.958804
27.44969 53.958695
27.449548 53.958589
27.449493 53.958482
27.44953 53.958345
27.449658 53.958182
27.44987 53.958062
27.451239 53.957666
27.451741 53.957594
27.452016 53.957611
27.45236 53.957666
BRUSH(1,0)
REGION 1
172
27.457024 53.958327
27.457415 53.958392
27.457919 53.958512
27.458331 53.958553
27.459244 53.958549
27.459746 53.958502
27.460289 53.958374
27.461017 53.958072
27.461592 53.957746
27.462695 53.956973
27.462872 53.956782
27.462999 53.956541
27.463049 53.956298
27.463028 53.956136
27.463091 53.955918
27.463444 53.955162
27.463614 53.954705
27.463639 53.954218
27.463606 53.954004
27.463673 53.953813
27.463969 53.953437
27.464199 53.953193
27.464458 53.952866
27.464626 53.952598
27.465046 53.952028
27.465214 53.951704
27.465607 53.951139
27.465829 53.950895
27.466161 53.950671
27.466748 53.950395
27.467203 53.950224
27.467654 53.950016
27.467927 53.949992
27.468342 53.950013
27.469207 53.950016
27.469343 53.950006
27.469709 53.950023
27.470714 53.950016
27.471628 53.950125
27.471815 53.950088
27.472494 53.949917
27.473184 53.949974
27.474505 53.950065
27.475103 53.95004
27.475331 53.950012
27.475692 53.950022
27.476655 53.949953
27.477295 53.950013
27.477888 53.949988
27.478437 53.950042
27.479305 53.950063
27.480036 53.950066
27.480584 53.950042
27.481127 53.949958
27.481633 53.949931
27.481812 53.94996
27.482271 53.95012
27.482673 53.950331
27.482931 53.950573
27.483089 53.950761
27.48336 53.951164
27.483599 53.951785
27.483986 53.952296
27.484317 53.952589
27.484861 53.952937
27.485324 53.953121
27.485435 53.953148
27.485424 53.953163
27.485946 53.95293
27.486778 53.952472
27.487588 53.952071
27.4876 53.952065
27.487823 53.951955
27.487709 53.95165
27.487359 53.951329
27.487273 53.951115
27.487294 53.950711
27.487469 53.950034
27.487547 53.949551
27.487555 53.949279
27.487485 53.948823
27.487545 53.948389
27.487538 53.947745
27.487748 53.946906
27.487758 53.946744
27.487662 53.946327
27.487445 53.945977
27.48736 53.945872
27.487482 53.945622
27.486571 53.945458
27.486498 53.94542
27.486474 53.945339
27.486348 53.945288
27.485021 53.945071
27.481867 53.944456
27.481874 53.944449
27.481599 53.944345
27.481183 53.944286
27.48091 53.944305
27.480682 53.944374
27.480028 53.944731
27.478872 53.945466
27.477971 53.945926
27.477424 53.946036
27.476881 53.946102
27.476243 53.946226
27.475692 53.946289
27.475144 53.9463
27.474827 53.946254
27.474274 53.946106
27.47382 53.946018
27.473591 53.945931
27.473043 53.945653
27.471582 53.945008
27.470916 53.944635
27.470471 53.944404
27.469413 53.944013
27.468497 53.943763
27.467719 53.94362
27.467441 53.943646
27.467217 53.943721
27.466218 53.944188
27.465722 53.944386
27.464594 53.944923
27.460617 53.9467
27.460319 53.946596
27.460189 53.946534
27.460147 53.946547
27.460148 53.946628
27.460115 53.946682
27.460294 53.946747
27.460422 53.946908
27.460443 53.94713
27.46034 53.947485
27.459767 53.948674
27.459531 53.948998
27.459347 53.949186
27.45892 53.949861
27.458755 53.950026
27.458046 53.950622
27.457572 53.951188
27.457392 53.95146
27.456961 53.951941
27.456803 53.952104
27.456763 53.952275
27.456767 53.952279
27.456723 53.952441
27.456725 53.95263
27.456682 53.952898
27.456698 53.953329
27.456723 53.953491
27.456751 53.953653
27.456825 53.95383
27.456831 53.954001
27.456814 53.954174
27.456834 53.95423
27.456872 53.95425
27.456889 53.954466
27.456986 53.954596
27.457105 53.954775
27.457177 53.9551
27.457272 53.955718
27.457213 53.955907
27.457154 53.956392
27.457217 53.956634
27.457128 53.956853
27.457007 53.956923
27.456802 53.957325
27.456755 53.957568
27.456771 53.957972
27.456747 53.957984
27.457024 53.958327
BRUSH(1,0)
REGION 1
192
27.640117 53.935216
27.640612 53.935742
27.641008 53.936003
27.641694 53.936336
27.642059 53.936512
27.642656 53.936736
27.643158 53.936935
27.64417 53.937326
27.644449 53.937437
27.644741 53.937606
27.645004 53.937845
27.645485 53.938494
27.645667 53.938923
27.645647 53.939379
27.645572 53.940027
27.645543 53.940625
27.645473 53.941054
27.645441 53.941484
27.645416 53.941596
27.645467 53.941729
27.645668 53.941916
27.645857 53.942075
27.64595 53.942423
27.645996 53.942476
27.64601 53.942883
27.645885 53.943176
27.645584 53.943717
27.645376 53.944365
27.645304 53.94515
27.645187 53.945555
27.645042 53.945747
27.644826 53.945861
27.64447 53.946031
27.6442 53.946329
27.64408 53.946699
27.643888 53.946877
27.643528 53.947513
27.643343 53.947921
27.643797 53.947936
27.644354 53.94694
27.6444 53.946688
27.645367 53.94608
27.645859 53.945628
27.646621 53.944572
27.646761 53.944473
27.647034 53.944381
27.647804 53.944166
27.648081 53.944111
27.648355 53.944084
27.649225 53.944179
27.649725 53.944212
27.650607 53.944351
27.650634 53.944271
27.650635 53.944268
27.650636 53.944264
27.651044 53.944279
27.651364 53.944246
27.6515 53.944189
27.651646 53.944051
27.651679 53.943916
27.651651 53.943811
27.651588 53.943701
27.651586 53.943568
27.651666 53.94353
27.651848 53.943513
27.651986 53.943528
27.652151 53.94361
27.652288 53.943882
27.652399 53.943951
27.652537 53.943966
27.652674 53.943951
27.652943 53.943851
27.653105 53.943747
27.653119 53.943668
27.653099 53.943617
27.652965 53.943507
27.652948 53.943426
27.653005 53.943381
27.6531 53.943378
27.653371 53.943458
27.653509 53.943457
27.653671 53.943369
27.653762 53.943352
27.65385 53.943381
27.653943 53.943486
27.653946 53.943511
27.654038 53.943429
27.653864 53.943302
27.653727 53.943272
27.65359 53.943311
27.653412 53.94337
27.652949 53.943267
27.652813 53.943274
27.652703 53.943331
27.652694 53.943522
27.652788 53.943654
27.652793 53.943764
27.65274 53.943819
27.652557 53.94379
27.652365 53.943663
27.652149 53.94348
27.652011 53.943431
27.651832 53.943414
27.651645 53.943449
27.651475 53.943524
27.651423 53.94361
27.651444 53.943769
27.651515 53.943931
27.651505 53.944012
27.651377 53.944147
27.651191 53.944182
27.650662 53.944189
27.650524 53.944179
27.65047 53.944125
27.650422 53.943939
27.650344 53.943858
27.650024 53.943835
27.649901 53.943771
27.649715 53.943527
27.649566 53.943235
27.649326 53.943021
27.648981 53.942823
27.648701 53.942725
27.648334 53.942648
27.64811 53.94265
27.647559 53.942747
27.647107 53.942882
27.64697 53.942889
27.646787 53.942841
27.646667 53.942776
27.646262 53.942396
27.646254 53.942369
27.646192 53.942323
27.646103 53.942186
27.646023 53.941946
27.645837 53.941758
27.645686 53.94157
27.645591 53.941299
27.645639 53.94044
27.64573 53.939842
27.645767 53.939279
27.64578 53.938873
27.645694 53.938466
27.645623 53.938278
27.645531 53.937984
27.64537 53.937659
27.645123 53.937417
27.644805 53.937271
27.64458 53.937229
27.644393 53.937248
27.644122 53.937211
27.643566 53.936983
27.642789 53.936701
27.641961 53.93636
27.641324 53.936033
27.640723 53.93555
27.640524 53.935214
27.640514 53.935016
27.640518 53.934832
27.640696 53.934234
27.640785 53.934125
27.640864 53.934067
27.640985 53.934001
27.641087 53.933964
27.641634 53.933849
27.641911 53.933771
27.642031 53.933719
27.642122 53.933667
27.642205 53.933601
27.642508 53.93324
27.643059 53.932503
27.643002 53.932485
27.643013 53.932438
27.642986 53.932427
27.642997 53.932411
27.642825 53.93236
27.642638 53.932312
27.64252 53.932346
27.642408 53.932455
27.642317 53.932511
27.642223 53.93255
27.641332 53.932784
27.64119 53.932946
27.640998 53.933098
27.640875 53.933265
27.640679 53.933407
27.640332 53.933822
27.64012 53.934172
27.639939 53.934804
27.639952 53.934891
27.640086 53.93516
27.640117 53.935216
BRUSH(1,0)
REGION 1
111
27.602259 53.887321
27.602239 53.887267
27.602285 53.886997
27.602294 53.886781
27.602278 53.886457
27.602279 53.886239
27.602276 53.886023
27.602263 53.885834
27.602271 53.885594
27.602268 53.885403
27.602241 53.885081
27.602262 53.884919
27.602285 53.884622
27.602336 53.884485
27.602558 53.884214
27.602586 53.884081
27.602637 53.883919
27.602708 53.883784
27.602685 53.883512
27.602593 53.883107
27.602569 53.882732
27.602438 53.882272
27.602223 53.881897
27.602115 53.881761
27.601978 53.881705
27.60189 53.88171
27.601838 53.881791
27.601871 53.882005
27.601901 53.882274
27.60193 53.882465
27.60199 53.882654
27.602162 53.883004
27.602218 53.883271
27.602251 53.883435
27.602276 53.883649
27.602243 53.883732
27.602089 53.883839
27.602071 53.88392
27.602079 53.884295
27.602084 53.884673
27.602085 53.884781
27.602101 53.885104
27.602041 53.885431
27.602057 53.885539
27.602047 53.885916
27.60205 53.886184
27.602058 53.886753
27.602041 53.886967
27.602079 53.887211
27.602062 53.887371
27.602083 53.887533
27.602066 53.887724
27.601961 53.887799
27.601865 53.887788
27.601826 53.887705
27.60181 53.887626
27.601726 53.887591
27.601635 53.887591
27.601563 53.887632
27.601496 53.88774
27.601513 53.887902
27.601503 53.888008
27.601542 53.888064
27.601615 53.888071
27.601611 53.888111
27.601575 53.888273
27.6016 53.888462
27.601602 53.888624
27.601586 53.889136
27.601589 53.889377
27.601593 53.889701
27.601565 53.88989
27.601555 53.890297
27.601559 53.890491
27.601568 53.890621
27.601581 53.890761
27.601655 53.890868
27.601944 53.89111
27.602079 53.891244
27.602153 53.891379
27.60215 53.891487
27.602069 53.891649
27.601938 53.891811
27.601913 53.891946
27.601941 53.892
27.602052 53.892072
27.602235 53.892118
27.602372 53.892119
27.602463 53.892088
27.602538 53.892042
27.60267 53.891907
27.602695 53.891799
27.602696 53.89161
27.602629 53.891421
27.602489 53.89126
27.602332 53.891155
27.60221 53.891084
27.601937 53.890869
27.601782 53.890708
27.601661 53.890491
27.601678 53.890074
27.601679 53.888077
27.601907 53.888053
27.602226 53.888031
27.602302 53.887988
27.602331 53.887934
27.602319 53.887829
27.602357 53.887559
27.602248 53.887343
27.602247 53.887321
27.602259 53.887321
BRUSH(1,0)
REGION 11
593
27.496635 53.952615
27.495996 53.952333
27.495033 53.952038
27.494896 53.95203
27.494483 53.952189
27.493257 53.952844
27.49258 53.953132
27.491939 53.953362
27.491665 53.953399
27.49098 53.953366
27.488965 53.952993
27.488644 53.952862
27.488514 53.952784
27.488421 53.952658
27.488415 53.952497
27.488364 53.952364
27.488215 53.952259
27.487999 53.952047
27.487823 53.951955
27.4876 53.952065
27.487799 53.952155
27.487868 53.952263
27.488024 53.952885
27.487957 53.953017
27.487844 53.953092
27.487666 53.95316
27.487392 53.953173
27.487159 53.953113
27.487047 53.953033
27.486956 53.95302
27.486892 53.953058
27.486934 53.953114
27.487251 53.953214
27.48737 53.953285
27.487508 53.953307
27.487644 53.953297
27.487774 53.953346
27.487803 53.953535
27.487873 53.95364
27.488084 53.953772
27.488127 53.953852
27.488128 53.953987
27.488237 53.954146
27.488514 53.95443
27.488927 53.954572
27.489195 53.954695
27.489515 53.954756
27.491047 53.954873
27.491047 53.954886
27.491458 53.954849
27.492546 53.954505
27.493639 53.954235
27.494094 53.954044
27.49468 53.953691
27.495861 53.953174
27.496544 53.952935
27.496714 53.952853
27.498398 53.952383
27.498716 53.952247
27.498747 53.952276
27.498666 53.952462
27.498709 53.95257
27.498793 53.952601
27.49893 53.952601
27.499221 53.952453
27.499372 53.952291
27.499445 53.952263
27.499456 53.95225
27.499687 53.952073
27.499686 53.95207
27.499714 53.95191
27.49872 53.950299
27.498412 53.95006
27.497922 53.949804
27.497071 53.94928
27.496795 53.949157
27.496316 53.948814
27.495758 53.948329
27.495703 53.948169
27.495693 53.947978
27.49565 53.947898
27.495308 53.947659
27.495288 53.947553
27.49536 53.947513
27.495497 53.947526
27.495581 53.947566
27.495594 53.947671
27.495667 53.947713
27.495804 53.947735
27.495846 53.947708
27.495796 53.947655
27.495708 53.947617
27.495705 53.947401
27.496053 53.947175
27.496188 53.947013
27.496271 53.946978
27.496336 53.947025
27.496464 53.94724
27.496506 53.947251
27.496552 53.947227
27.496388 53.946875
27.496219 53.946779
27.496142 53.946673
27.496129 53.946563
27.496227 53.946457
27.496169 53.946404
27.495989 53.946346
27.495906 53.94638
27.495948 53.946434
27.496044 53.946472
27.496052 53.946499
27.495961 53.946513
27.495592 53.946501
27.495318 53.946567
27.495077 53.946784
27.495044 53.946894
27.49515 53.947161
27.495132 53.947242
27.495007 53.947305
27.494912 53.947299
27.494602 53.947152
27.494046 53.946451
27.493831 53.94634
27.493282 53.946205
27.493113 53.946119
27.493059 53.946038
27.493096 53.945932
27.493265 53.945741
27.493812 53.94537
27.493949 53.945322
27.49477 53.945271
27.494953 53.945275
27.495673 53.94564
27.495898 53.945686
27.496355 53.945743
27.496724 53.945707
27.496815 53.945671
27.496912 53.945538
27.497011 53.945241
27.496967 53.94505
27.496797 53.944835
27.496552 53.94469
27.496369 53.944628
27.495862 53.944581
27.495736 53.944526
27.495562 53.944335
27.495394 53.944246
27.495161 53.944218
27.495071 53.944032
27.495146 53.943951
27.495234 53.943926
27.495325 53.943934
27.495796 53.944206
27.496209 53.94435
27.496392 53.94437
27.496989 53.944277
27.497307 53.944204
27.497673 53.943877
27.497746 53.943668
27.497769 53.943371
27.498289 53.942582
27.498387 53.942492
27.498784 53.942286
27.499151 53.942129
27.499679 53.942041
27.500225 53.94192
27.500449 53.941822
27.500735 53.941551
27.501057 53.941433
27.501418 53.941389
27.502792 53.941419
27.503066 53.94146
27.50343 53.941616
27.503704 53.941606
27.504019 53.941541
27.504569 53.941366
27.505158 53.941311
27.505477 53.941249
27.506063 53.94095
27.506832 53.940686
27.507924 53.940351
27.508597 53.940029
27.508937 53.939823
27.509197 53.939579
27.509978 53.93905
27.510178 53.938887
27.510707 53.938559
27.511165 53.938407
27.511712 53.938285
27.512893 53.938118
27.513901 53.938109
27.51422 53.938049
27.514212 53.938035
27.514519 53.937951
27.514883 53.937796
27.515014 53.937663
27.515103 53.937447
27.515113 53.937362
27.515113 53.937324
27.515105 53.937294
27.515105 53.937252
27.515092 53.937182
27.515006 53.936965
27.51495 53.93648
27.514967 53.935965
27.515006 53.935819
27.514952 53.935793
27.514914 53.935752
27.51489 53.935685
27.514874 53.935622
27.514854 53.935546
27.514853 53.935494
27.514845 53.935431
27.514844 53.935373
27.514851 53.93531
27.514881 53.93526
27.514933 53.935188
27.515001 53.935116
27.515068 53.935035
27.515113 53.934963
27.515181 53.934879
27.515233 53.934811
27.515263 53.934766
27.515338 53.934667
27.515383 53.934604
27.515428 53.934527
27.515465 53.934487
27.515518 53.934432
27.515566 53.934356
27.515612 53.934306
27.515679 53.934232
27.515732 53.934186
27.515815 53.934114
27.515868 53.934069
27.515958 53.93401
27.516011 53.933974
27.516079 53.933933
27.51614 53.933901
27.516208 53.933865
27.516253 53.933829
27.516306 53.933793
27.516367 53.933775
27.516443 53.933761
27.516526 53.93376
27.516618 53.93376
27.516717 53.93376
27.516801 53.933759
27.5169 53.933754
27.516983 53.933736
27.517082 53.933713
27.517181 53.93369
27.517264 53.933667
27.517363 53.933649
27.517454 53.933635
27.517561 53.933617
27.517652 53.933589
27.517939 53.933498
27.518262 53.933436
27.518406 53.93342
27.518662 53.933414
27.519027 53.933451
27.51953 53.933523
27.519805 53.933589
27.520264 53.933735
27.52054 53.93384
27.520769 53.933944
27.521087 53.934114
27.521358 53.934254
27.521447 53.934296
27.521726 53.934484
27.522306 53.934802
27.52295 53.935105
27.523363 53.935256
27.523728 53.93538
27.524234 53.935522
27.524646 53.935625
27.524872 53.935707
27.524948 53.935748
27.525007 53.935774
27.525063 53.93579
27.525244 53.935823
27.525605 53.93586
27.526109 53.935887
27.526524 53.935898
27.527484 53.935887
27.52785 53.935848
27.52798 53.935811
27.528127 53.935761
27.528347 53.93569
27.528664 53.935581
27.529211 53.935464
27.529621 53.935323
27.530121 53.935103
27.530438 53.934978
27.530661 53.934862
27.530932 53.934618
27.531042 53.934542
27.531384 53.934271
27.531746 53.933945
27.53193 53.933729
27.532004 53.933594
27.532085 53.933405
27.532223 53.933162
27.53236 53.932892
27.532446 53.932703
27.532469 53.932487
27.532482 53.932298
27.532418 53.932056
27.532413 53.931921
27.532433 53.931759
27.532419 53.931544
27.53236 53.931355
27.532343 53.931113
27.532211 53.930736
27.532126 53.930602
27.532006 53.930467
27.531947 53.930333
27.531922 53.930171
27.531848 53.930037
27.531832 53.929929
27.531181 53.92991
27.531155 53.929964
27.531138 53.930125
27.531147 53.930557
27.531135 53.930799
27.531138 53.930988
27.531106 53.931527
27.531056 53.931743
27.531066 53.931958
27.531023 53.932147
27.530971 53.932309
27.530883 53.932498
27.53074 53.932715
27.53064 53.932904
27.530459 53.933066
27.530121 53.933308
27.52992 53.933442
27.529759 53.933604
27.529616 53.933708
27.529206 53.933898
27.528979 53.933976
27.528478 53.934106
27.527977 53.934202
27.527749 53.93423
27.527612 53.934231
27.527292 53.934244
27.527019 53.934283
27.526699 53.934291
27.526653 53.934298
27.52662 53.934352
27.526641 53.93446
27.526683 53.934487
27.526774 53.934502
27.526794 53.934556
27.526749 53.93461
27.526613 53.934628
27.52654 53.934579
27.526542 53.934499
27.526552 53.934418
27.526528 53.934337
27.526437 53.934321
27.526165 53.934381
27.526027 53.93444
27.52591 53.934515
27.525729 53.93459
27.525364 53.934672
27.525136 53.934732
27.524955 53.934784
27.52459 53.934848
27.524408 53.934854
27.524178 53.934817
27.52395 53.934739
27.52349 53.934525
27.523122 53.934361
27.522846 53.934245
27.522346 53.934011
27.521979 53.933876
27.521657 53.93374
27.521291 53.933632
27.521061 53.933548
27.520693 53.933379
27.520373 53.933283
27.520052 53.933217
27.519594 53.933069
27.518996 53.932858
27.518722 53.932799
27.518176 53.932632
27.517988 53.932597
27.517761 53.932596
27.517643 53.932617
27.517375 53.932579
27.517224 53.932575
27.517064 53.932553
27.516904 53.932545
27.516774 53.932548
27.516637 53.932553
27.516492 53.932562
27.516318 53.932604
27.516151 53.93264
27.515991 53.932686
27.515779 53.932741
27.515612 53.932795
27.51549 53.932841
27.515339 53.932905
27.51518 53.932964
27.515043 53.933038
27.514979 53.933075
27.514873 53.933129
27.514805 53.933174
27.514677 53.933256
27.514556 53.933337
27.51442 53.933428
27.514337 53.933496
27.514261 53.933568
27.514194 53.933636
27.514127 53.933739
27.514067 53.933872
27.513941 53.934125
27.513766 53.934469
27.513729 53.934546
27.513715 53.934622
27.513708 53.934717
27.513702 53.934834
27.513704 53.93498
27.51369 53.935115
27.513669 53.935232
27.513663 53.93534
27.513664 53.935434
27.513681 53.93554
27.5137 53.935598
27.513739 53.935661
27.513794 53.935764
27.513836 53.935825
27.514055 53.936115
27.514252 53.936624
27.514362 53.937217
27.514346 53.937435
27.514301 53.937487
27.513895 53.93761
27.513527 53.937661
27.513028 53.937677
27.512527 53.937765
27.511934 53.937801
27.51166 53.937769
27.511386 53.93781
27.510655 53.938038
27.510382 53.938152
27.510109 53.938225
27.510011 53.938302
27.509523 53.938868
27.509109 53.939247
27.508096 53.939807
27.507736 53.939941
27.507372 53.939981
27.50723 53.939954
27.507069 53.939858
27.506857 53.93959
27.5067 53.939487
27.506333 53.939365
27.50615 53.939355
27.505652 53.939431
27.505061 53.939582
27.504466 53.939825
27.504149 53.940065
27.503997 53.940389
27.504008 53.940634
27.504245 53.941035
27.504192 53.941091
27.504101 53.941119
27.504014 53.941108
27.503889 53.941176
27.503752 53.941165
27.503389 53.941066
27.503069 53.941056
27.502568 53.941114
27.502385 53.941106
27.501699 53.941001
27.501379 53.941007
27.500969 53.941106
27.500716 53.941246
27.500434 53.941548
27.499888 53.941735
27.49971 53.941756
27.499436 53.941746
27.499341 53.941762
27.499182 53.941859
27.49859 53.942035
27.498216 53.942196
27.497827 53.942436
27.497606 53.942734
27.497442 53.943022
27.497284 53.943807
27.497167 53.943942
27.49699 53.944077
27.496535 53.944187
27.496352 53.944168
27.496076 53.944077
27.495727 53.94382
27.495547 53.943724
27.495322 53.943696
27.495049 53.943738
27.494954 53.943776
27.494771 53.944099
27.494774 53.944289
27.494729 53.944344
27.494873 53.944637
27.494829 53.944801
27.494622 53.944962
27.494482 53.94503
27.493711 53.945204
27.493438 53.945299
27.493043 53.945622
27.492876 53.945718
27.492865 53.945693
27.492767 53.945812
27.492731 53.945974
27.492776 53.946241
27.49288 53.946376
27.493049 53.946472
27.493456 53.946463
27.493689 53.946502
27.493857 53.946589
27.494008 53.94678
27.494071 53.946941
27.494076 53.947076
27.493925 53.947211
27.49373 53.947455
27.493617 53.947833
27.493379 53.948317
27.493415 53.948427
27.493618 53.948549
27.493733 53.948659
27.493886 53.949009
27.494059 53.949131
27.494323 53.949258
27.49446 53.949251
27.494642 53.949198
27.494903 53.949056
27.495016 53.948947
27.495194 53.948567
27.495358 53.948299
27.495464 53.948227
27.495601 53.948273
27.49564 53.948327
27.495611 53.948459
27.49567 53.948594
27.496384 53.949155
27.496658 53.94945
27.497106 53.949652
27.497225 53.94976
27.497812 53.950094
27.498058 53.950309
27.498311 53.951116
27.498459 53.951385
27.49857 53.951495
27.498746 53.951564
27.498643 53.951485
27.498642 53.951404
27.498653 53.951377
27.498744 53.951377
27.498924 53.951446
27.498974 53.951509
27.49899 53.951538
27.499002 53.951601
27.498979 53.951625
27.498746 53.951564
27.498866 53.951657
27.498939 53.951765
27.49888 53.951875
27.498728 53.951977
27.498456 53.952088
27.498364 53.952091
27.498131 53.952022
27.497967 53.951935
27.497951 53.951882
27.497988 53.95183
27.498083 53.951798
27.498171 53.951815
27.498435 53.951947
27.498481 53.951944
27.498488 53.951915
27.498422 53.951834
27.498105 53.951688
27.497922 53.951738
27.497779 53.951844
27.497382 53.95205
27.497508 53.952099
27.497736 53.95206
27.498144 53.952099
27.498281 53.952127
27.498278 53.952183
27.498183 53.952229
27.496635 53.952615
32
27.493904 53.948617
27.493666 53.948401
27.493591 53.948266
27.493621 53.94813
27.493776 53.94789
27.493981 53.947376
27.494182 53.947132
27.494266 53.947091
27.494342 53.947128
27.494694 53.94739
27.494793 53.947461
27.495034 53.947633
27.495107 53.947739
27.495174 53.947875
27.495321 53.947978
27.495333 53.948059
27.495184 53.948164
27.495122 53.948211
27.49509 53.948237
27.495091 53.948315
27.495122 53.948421
27.495104 53.948468
27.495029 53.948501
27.494982 53.948636
27.494979 53.948748
27.494843 53.948856
27.494578 53.94904
27.494439 53.949092
27.494216 53.94901
27.494087 53.948938
27.494004 53.948807
27.493904 53.948617
10
27.494717 53.953273
27.494651 53.953231
27.494689 53.953179
27.494962 53.953103
27.495099 53.953096
27.495179 53.953138
27.49518 53.95319
27.494994 53.953252
27.494854 53.953266
27.494717 53.953273
26
27.507053 53.940359
27.506367 53.940621
27.505776 53.940814
27.505008 53.941171
27.504734 53.941192
27.504596 53.941161
27.504512 53.941081
27.504451 53.940814
27.504436 53.9408
27.504358 53.940612
27.504345 53.940477
27.504297 53.940316
27.504436 53.940151
27.504613 53.940018
27.505655 53.939624
27.506023 53.939571
27.506248 53.939586
27.506534 53.939647
27.506584 53.939667
27.506642 53.939748
27.506648 53.939912
27.506706 53.940044
27.506848 53.940151
27.507123 53.940227
27.507158 53.94028
27.507053 53.940359
11
27.498968 53.95132
27.498873 53.951334
27.498639 53.95118
27.498573 53.951072
27.498527 53.950722
27.498576 53.950699
27.498641 53.950735
27.498731 53.950896
27.498973 53.951102
27.499017 53.951239
27.498968 53.95132
74
27.48849 53.952995
27.488612 53.953069
27.489021 53.953163
27.489433 53.953281
27.48972 53.953353
27.490253 53.953374
27.490539 53.953397
27.490908 53.953443
27.491111 53.953491
27.49148 53.953514
27.491766 53.953513
27.492092 53.953462
27.492338 53.953342
27.492706 53.953194
27.492907 53.953121
27.493191 53.952974
27.493437 53.952926
27.4936 53.952876
27.493842 53.952731
27.494209 53.952511
27.494492 53.952317
27.494654 53.952197
27.494818 53.952147
27.495065 53.952171
27.495352 53.952241
27.495516 53.95229
27.495802 53.952385
27.496254 53.952552
27.496338 53.952574
27.49646 53.952647
27.496312 53.952734
27.496214 53.952791
27.496053 53.952923
27.49599 53.952974
27.495486 53.953047
27.495161 53.953022
27.494993 53.953026
27.49476 53.95303
27.494612 53.95313
27.494546 53.953355
27.494478 53.953416
27.494383 53.953501
27.49425 53.953751
27.494175 53.953832
27.493967 53.95395
27.493518 53.954067
27.493375 53.954103
27.493053 53.954194
27.492913 53.954216
27.492636 53.95426
27.491981 53.954379
27.491762 53.954432
27.491549 53.954484
27.49149 53.954486
27.491294 53.954525
27.491002 53.954583
27.490914 53.954588
27.490591 53.954652
27.490367 53.954678
27.489941 53.95465
27.489777 53.954638
27.489502 53.954576
27.489423 53.954546
27.489033 53.954394
27.488706 53.954178
27.488609 53.954075
27.488394 53.953846
27.488211 53.953603
27.488191 53.953553
27.488144 53.95333
27.488125 53.953239
27.488142 53.953172
27.488254 53.953063
27.48849 53.952995
20
27.526736 53.935387
27.526878 53.935404
27.526942 53.935456
27.526951 53.935487
27.526947 53.935512
27.526883 53.935557
27.526606 53.935599
27.526427 53.935609
27.526424 53.935609
27.526293 53.935587
27.526117 53.935525
27.525994 53.93544
27.525962 53.935332
27.526022 53.935251
27.526156 53.935205
27.526284 53.935218
27.526431 53.935258
27.526572 53.935332
27.526678 53.935358
27.526736 53.935387
21
27.528057 53.935395
27.528019 53.935413
27.527841 53.935483
27.527744 53.935533
27.527653 53.935578
27.52756 53.935586
27.527287 53.935549
27.527206 53.9355
27.527189 53.935448
27.527257 53.935362
27.527556 53.93524
27.527762 53.935158
27.527864 53.935128
27.527894 53.935117
27.528019 53.935094
27.528118 53.935116
27.528204 53.935196
27.528186 53.935275
27.528136 53.935336
27.528124 53.935341
27.528057 53.935395
16
27.498773 53.952527
27.498769 53.952475
27.498873 53.952286
27.499136 53.951962
27.499118 53.951773
27.499163 53.951719
27.499254 53.951701
27.499392 53.951729
27.499511 53.951805
27.499543 53.951953
27.499506 53.952086
27.499295 53.952248
27.499035 53.952492
27.498899 53.95256
27.498854 53.952567
27.498773 53.952527
16
27.495211 53.947423
27.495176 53.94737
27.495273 53.947232
27.495205 53.946936
27.495252 53.946774
27.495327 53.946695
27.495509 53.946638
27.495696 53.946615
27.495921 53.946659
27.496036 53.946732
27.496098 53.946842
27.496054 53.946943
27.495885 53.947182
27.495443 53.947416
27.495306 53.947439
27.495211 53.947423
23
27.495184 53.945211
27.49537 53.945179
27.495507 53.945153
27.495571 53.945072
27.495592 53.944913
27.495707 53.944721
27.495802 53.944678
27.495981 53.944715
27.496256 53.944741
27.496576 53.944809
27.496703 53.944881
27.496818 53.945013
27.496875 53.945338
27.496824 53.9455
27.496741 53.945581
27.49656 53.945656
27.49629 53.945678
27.496107 53.945654
27.495694 53.945552
27.495331 53.945394
27.495163 53.945321
27.495143 53.945267
27.495184 53.945211
BRUSH(1,0)
REGION 1
21
27.666766 53.877522
27.666879 53.877494
27.667034 53.877416
27.667128 53.87738
27.667252 53.877371
27.667512 53.877381
27.667604 53.877368
27.667659 53.87733
27.667649 53.877287
27.6676 53.877243
27.667505 53.87721
27.667331 53.877179
27.667163 53.877159
27.667019 53.877171
27.666864 53.877241
27.666727 53.877343
27.666663 53.877415
27.666646 53.877476
27.666668 53.87752
27.666714 53.877525
27.666766 53.877522
BRUSH(1,0)
REGION 1
30
27.669371 53.874946
27.66935 53.874953
27.669324 53.874953
27.669304 53.874946
27.669276 53.87493
27.669226 53.874902
27.66918 53.874892
27.669115 53.874892
27.669054 53.874907
27.669026 53.874932
27.669026 53.874966
27.669082 53.875063
27.669162 53.875146
27.669241 53.875204
27.669284 53.875219
27.669318 53.875219
27.669374 53.875201
27.669464 53.875142
27.669638 53.87501
27.66971 53.874948
27.669751 53.874887
27.669765 53.874833
27.669742 53.874795
27.669699 53.874777
27.669655 53.87477
27.66961 53.874776
27.669567 53.874797
27.669528 53.874833
27.669455 53.874902
27.669371 53.874946
BRUSH(1,0)
REGION 1
34
27.670139 53.873427
27.670167 53.87342
27.670201 53.873428
27.670217 53.873442
27.670234 53.873473
27.670274 53.87351
27.670324 53.873523
27.670377 53.873524
27.670433 53.873511
27.670484 53.873476
27.670515 53.873436
27.670515 53.873374
27.670497 53.873299
27.67045 53.873237
27.670394 53.873195
27.670333 53.87318
27.67027 53.873174
27.670206 53.873179
27.670136 53.873208
27.670015 53.873287
27.669922 53.873371
27.669882 53.87343
27.669864 53.873492
27.669867 53.873541
27.669894 53.873587
27.66994 53.87362
27.669981 53.873644
27.670017 53.873647
27.670035 53.87364
27.670049 53.873615
27.670061 53.873571
27.670068 53.873498
27.670094 53.873457
27.670139 53.873427
BRUSH(1,0)
REGION 1
15
27.481156 53.853348
27.481246 53.853364
27.481332 53.853359
27.481423 53.853348
27.481545 53.853314
27.481611 53.853272
27.481662 53.853195
27.481666 53.853148
27.481606 53.853116
27.481483 53.853092
27.481402 53.853104
27.48125 53.853167
27.481183 53.853216
27.48115 53.853287
27.481156 53.853348
BRUSH(1,0)
REGION 1
89
27.542222 53.855999
27.542543 53.856119
27.542726 53.856157
27.542909 53.856154
27.543228 53.85613
27.543273 53.85613
27.543638 53.856114
27.544094 53.856076
27.544368 53.856068
27.54455 53.856083
27.544627 53.856124
27.544685 53.856231
27.544751 53.856366
27.544859 53.856442
27.545088 53.856528
27.545141 53.856553
27.545229 53.856584
27.545595 53.856632
27.545914 53.856648
27.54596 53.856648
27.546006 53.856648
27.546234 53.856649
27.54669 53.856636
27.546823 53.856631
27.549504 53.856652
27.551336 53.856644
27.551515 53.856641
27.551834 53.856644
27.552062 53.856645
27.552381 53.856619
27.552609 53.856571
27.553018 53.856436
27.553245 53.856354
27.553608 53.856202
27.553654 53.856184
27.553553 53.856072
27.55319 53.856184
27.55302 53.856284
27.552747 53.856397
27.552338 53.856509
27.552156 53.856532
27.55211 53.856533
27.552065 53.856533
27.552019 53.856533
27.551608 53.856528
27.551563 53.856531
27.549749 53.856528
27.547456 53.856502
27.546072 53.856495
27.54589 53.856482
27.545479 53.856466
27.54525 53.856433
27.545185 53.856415
27.544995 53.856356
27.544891 53.856277
27.544775 53.856143
27.544695 53.856094
27.544466 53.856012
27.544329 53.855999
27.543964 53.856014
27.543736 53.856033
27.543508 53.85605
27.543235 53.85606
27.54287 53.856055
27.542595 53.856025
27.542321 53.855929
27.542054 53.855863
27.54197 53.85585
27.541863 53.855844
27.541741 53.855802
27.541657 53.855773
27.541573 53.855757
27.541421 53.85574
27.541139 53.855687
27.541086 53.855681
27.540991 53.855677
27.540991 53.855713
27.541026 53.855737
27.541033 53.855742
27.541083 53.855771
27.541186 53.855804
27.541339 53.855853
27.541423 53.855875
27.541525 53.855897
27.541583 53.855908
27.541735 53.8559
27.541788 53.855889
27.541997 53.85592
27.542222 53.855999
BRUSH(1,0)
REGION 1
23
27.470352 53.911384
27.470251 53.911476
27.470218 53.911542
27.470242 53.911592
27.470314 53.911633
27.470433 53.911664
27.470526 53.911666
27.470649 53.911642
27.470805 53.911562
27.47092 53.911521
27.471156 53.911488
27.471355 53.911449
27.471537 53.911376
27.471628 53.911289
27.47167 53.911229
27.471627 53.911178
27.4715 53.91113
27.471327 53.911081
27.471114 53.911059
27.470936 53.911066
27.470803 53.911101
27.470601 53.911179
27.470352 53.911384
BRUSH(1,0)
REGION 1
27
27.471296 53.910708
27.471698 53.910696
27.471911 53.910713
27.471994 53.910732
27.472084 53.910773
27.472135 53.910841
27.472188 53.910881
27.472252 53.910894
27.472346 53.91088
27.472455 53.910799
27.47252 53.910679
27.472531 53.91054
27.472484 53.910422
27.472388 53.910331
27.472219 53.910232
27.472009 53.910171
27.471777 53.910148
27.471534 53.910158
27.47121 53.910239
27.470891 53.910381
27.470792 53.910456
27.470768 53.910528
27.470772 53.9106
27.470805 53.910662
27.470904 53.910698
27.47108 53.910719
27.471296 53.910708
BRUSH(1,0)
