VERSION 300
DELIMITER ","
 CoordSys Earth Projection 1, 1001                                                                                                                                                                      
COLUMNS 11
    ID decimal(5,0)
    CODE char(8)
    NAME_CODE char(60)
    AREA char(40)
    DISTRICT char(40)
    F9 char(50)
    F38 decimal(11,0)
    F39 decimal(6,0)
    NAME_F39 char(15)
    F43 decimal(6,0)
    NAME_F43 char(32)
DATA
REGION 1
148
27.946316 55.790607
27.947838 55.792034
27.948635 55.792484
27.949432 55.792484
27.95023 55.792484
27.951824 55.792484
27.952622 55.792484
27.953419 55.792934
27.954214 55.792934
27.955011 55.792934
27.956606 55.792934
27.957403 55.792934
27.9582 55.792484
27.958998 55.792484
27.959793 55.792034
27.961388 55.791584
27.962185 55.791138
27.96298 55.790237
27.962185 55.790237
27.961386 55.788441
27.959791 55.786198
27.964573 55.786644
27.966165 55.784401
27.966164 55.782604
27.9566 55.781258
27.9566 55.779461
27.952663 55.777981
27.952616 55.778114
27.951021 55.778114
27.947039 55.779987
27.947039 55.780811
27.945444 55.780811
27.944649 55.780811
27.943852 55.780811
27.943054 55.780361
27.942257 55.779911
27.942257 55.779461
27.942257 55.779015
27.942257 55.778114
27.94146 55.777668
27.94146 55.777218
27.94146 55.776768
27.94146 55.776318
27.94146 55.775421
27.94146 55.774971
27.940662 55.774525
27.94146 55.774075
27.94146 55.773624
27.94146 55.772728
27.942257 55.772278
27.943052 55.771828
27.943849 55.771381
27.943849 55.770931
27.943849 55.770031
27.942257 55.769585
27.94146 55.769134
27.94146 55.768684
27.94146 55.768238
27.94146 55.767788
27.943052 55.767338
27.943849 55.766888
27.944645 55.766441
27.945442 55.765991
27.946238 55.765541
27.94783 55.765091
27.948627 55.764645
27.949423 55.764194
27.95022 55.763744
27.951016 55.763294
27.951016 55.762398
27.95022 55.761948
27.949423 55.761501
27.948626 55.761051
27.94783 55.760601
27.94783 55.760155
27.947033 55.759705
27.947033 55.758804
27.946238 55.759705
27.944645 55.760155
27.943848 55.760601
27.943848 55.761051
27.943052 55.761501
27.942255 55.761501
27.941458 55.761501
27.939865 55.761501
27.93907 55.761051
27.938272 55.761051
27.937477 55.761051
27.935884 55.760601
27.935087 55.760601
27.93429 55.760155
27.933494 55.760155
27.932697 55.760155
27.931105 55.759705
27.930309 55.759705
27.929512 55.759705
27.928716 55.760155
27.927919 55.760601
27.927919 55.761051
27.927919 55.761501
27.927122 55.762398
27.927122 55.762848
27.927122 55.763298
27.926327 55.763744
27.926325 55.764194
27.926325 55.765091
27.927122 55.765541
27.927918 55.765541
27.928715 55.765991
27.928715 55.766441
27.928715 55.767338
27.928715 55.767788
27.928715 55.768234
27.928715 55.768684
27.928715 55.769134
27.928715 55.770031
27.92951 55.770481
27.92951 55.770931
27.930307 55.771381
27.930307 55.771828
27.930307 55.772728
27.931103 55.773174
27.931103 55.773624
27.932696 55.779461
27.933493 55.786198
27.940664 55.786198
27.941462 55.785301
27.941462 55.784851
27.941462 55.784401
27.941462 55.783955
27.941462 55.783505
27.943054 55.783054
27.943852 55.783054
27.944649 55.783505
27.945446 55.783505
27.946241 55.783955
27.947039 55.784401
27.947039 55.785301
27.947039 55.785748
27.94704 55.786198
27.94704 55.786648
27.94704 55.787098
27.94704 55.787994
27.94704 55.788445
27.94704 55.788891
27.94704 55.789341
27.94704 55.789791
27.946316 55.790607
BRUSH(1,0)
REGION 1
45
28.840471 55.893345
28.836496 55.894272
28.834982 55.897873
28.832584 55.897892
28.826172 55.897041
28.825415 55.898842
28.824634 55.899746
28.818243 55.899792
28.817392 55.897553
28.811809 55.898041
28.812658 55.90028
28.808664 55.90031
28.809523 55.902996
28.805578 55.90527
28.804767 55.904827
28.801611 55.906647
28.797606 55.906223
28.792879 55.909401
28.790472 55.90897
28.788122 55.911228
28.794558 55.912983
28.798563 55.913403
28.798633 55.916546
28.802681 55.918762
28.809076 55.918716
28.809847 55.917362
28.816303 55.920013
28.819521 55.920887
28.821079 55.919079
28.81702 55.916416
28.81856 55.913708
28.820957 55.913692
28.820988 55.915039
28.824974 55.914562
28.824123 55.912323
28.822464 55.909641
28.827249 55.909157
28.827208 55.90736
28.830404 55.907337
28.831951 55.905083
28.839176 55.906376
28.84149 55.902767
28.845474 55.902287
28.844486 55.894211
28.840471 55.893345
BRUSH(1,0)
REGION 1
139
29.999826 55.467102
30.001429 55.467526
30.002218 55.467514
30.003033 55.467949
30.003079 55.468845
30.002312 55.469307
30.001522 55.469322
30.001547 55.469768
30.001593 55.470665
30.001616 55.471115
30.001411 55.482346
30.002226 55.48278
30.003016 55.482769
30.003805 55.482754
30.004597 55.482742
30.006176 55.482716
30.006943 55.482254
30.00771 55.481792
30.008499 55.481777
30.009313 55.482212
30.010103 55.482201
30.01087 55.481739
30.011637 55.481274
30.012403 55.480812
30.01317 55.480351
30.013912 55.479439
30.013889 55.478993
30.013865 55.478542
30.013052 55.478107
30.013029 55.477657
30.013771 55.476749
30.014538 55.476288
30.014515 55.475838
30.01449 55.475388
30.013678 55.474953
30.012863 55.474518
30.012816 55.473621
30.012003 55.473187
30.01198 55.472736
30.011166 55.472301
30.011118 55.471405
30.011095 55.470955
30.010283 55.47052
30.009468 55.470085
30.008656 55.46965
30.008608 55.46875
30.008585 55.468304
30.00856 55.467854
30.008537 55.467407
30.008514 55.466957
30.009256 55.466045
30.009234 55.465599
30.00921 55.465149
30.009975 55.464687
30.009952 55.464237
30.010694 55.463325
30.011484 55.463314
30.013041 55.462837
30.013017 55.462391
30.012995 55.461941
30.013759 55.461479
30.012947 55.461044
30.012899 55.460148
30.012876 55.459698
30.012852 55.459248
30.012829 55.458801
30.012016 55.458366
30.011968 55.457466
30.011156 55.457031
30.009577 55.457058
30.00881 55.457519
30.008043 55.457981
30.007278 55.458446
30.006512 55.458908
30.005722 55.45892
30.004955 55.459381
30.003376 55.459408
30.002563 55.458973
30.001774 55.458988
30.000195 55.459015
29.997175 55.461758
29.996872 55.455925
29.999798 55.451386
30.003721 55.45087
30.006019 55.449486
30.005136 55.447704
30.006645 55.446331
30.008223 55.446304
30.009708 55.444481
30.004831 55.441868
30.002533 55.443256
30.003393 55.444588
30.002626 55.445049
30.004253 55.445923
29.999679 55.449142
29.997358 55.450081
29.996498 55.448746
29.989533 55.451557
29.976042 55.450436
29.97595 55.448643
29.967243 55.448338
29.967358 55.450581
29.969749 55.450989
29.971466 55.453655
29.977945 55.456692
29.97648 55.458961
29.979801 55.462051
29.98073 55.464729
29.978384 55.465218
29.975109 55.463024
29.975807 55.46122
29.97251 55.45858
29.970163 55.459065
29.970417 55.464001
29.964889 55.464092
29.957895 55.466454
29.955504 55.466045
29.950809 55.467022
29.950833 55.467468
29.957312 55.470505
29.964514 55.472183
29.963907 55.475788
29.964022 55.478031
29.971947 55.478348
29.972759 55.478783
29.972597 55.475643
29.97973 55.475971
29.980381 55.473267
29.984377 55.474098
29.991488 55.47398
29.991581 55.475777
29.995554 55.476158
29.99704 55.474335
29.999294 55.472053
29.998316 55.468475
29.989512 55.466377
29.989489 55.465931
29.99655 55.464912
29.999826 55.467102
BRUSH(1,0)
REGION 1
107
27.088932 55.628777
27.088148 55.628323
27.087364 55.627869
27.08658 55.627411
27.085796 55.626957
27.085806 55.626511
27.085013 55.626503
27.084238 55.625599
27.084248 55.625153
27.084257 55.624702
27.084267 55.624252
27.084276 55.623802
27.084286 55.623356
27.081131 55.622433
27.066767 55.625927
27.065884 55.629963
27.039599 55.633816
27.025185 55.639095
27.024286 55.643581
27.029039 55.644066
27.031349 55.647228
27.039311 55.646389
27.044747 55.651817
27.051994 55.647377
27.05279 55.647385
27.054367 55.647842
27.055161 55.64785
27.055944 55.648304
27.05674 55.648312
27.057524 55.648766
27.059111 55.648777
27.059906 55.648781
27.06069 55.649239
27.066328 55.645683
27.073475 55.645737
27.074318 55.643494
27.063995 55.643421
27.062399 55.64386
27.061665 55.641159
27.060881 55.640705
27.060087 55.640701
27.059292 55.640694
27.058499 55.64069
27.056921 55.640228
27.056128 55.640221
27.055332 55.640217
27.054539 55.640209
27.053745 55.640205
27.052156 55.640194
27.051363 55.640186
27.05057 55.640182
27.049776 55.640175
27.048981 55.640171
27.047403 55.639709
27.04661 55.639706
27.045826 55.639248
27.045042 55.638794
27.045054 55.638344
27.044279 55.63744
27.045877 55.637005
27.04668 55.636562
27.047485 55.636116
27.04829 55.635673
27.049887 55.635235
27.050692 55.634792
27.051485 55.6348
27.053083 55.634361
27.05468 55.633923
27.055475 55.63393
27.056278 55.633488
27.057083 55.633041
27.057886 55.632599
27.059485 55.63216
27.060287 55.631718
27.061874 55.631729
27.063463 55.631741
27.064257 55.631748
27.06505 55.631752
27.066637 55.631763
27.067432 55.631771
27.068214 55.632225
27.069794 55.632683
27.070566 55.633587
27.070557 55.634037
27.07134 55.634491
27.072134 55.634499
27.072939 55.634052
27.073742 55.63361
27.073751 55.63316
27.074566 55.632271
27.074575 55.631821
27.075378 55.631378
27.075388 55.630928
27.076986 55.630489
27.077789 55.630047
27.078583 55.630051
27.079378 55.630058
27.080172 55.630062
27.081759 55.630074
27.082542 55.630527
27.083336 55.630535
27.084129 55.630539
27.084923 55.630547
27.086521 55.630108
27.087324 55.629662
27.088127 55.629219
27.088932 55.628777
BRUSH(1,0)
REGION 1
139
27.614449 55.629433
27.618124 55.631458
27.619161 55.631752
27.619951 55.632206
27.620745 55.632206
27.621536 55.632656
27.622333 55.63221
27.623924 55.631767
27.624722 55.631317
27.625519 55.630871
27.626316 55.630425
27.627114 55.629978
27.628706 55.629532
27.629503 55.629086
27.630301 55.628639
27.6311 55.627743
27.631897 55.627296
27.63269 55.627296
27.633486 55.6273
27.634275 55.62775
27.635065 55.628201
27.635856 55.628651
27.636646 55.629105
27.636639 55.630001
27.638227 55.630005
27.639025 55.629559
27.639818 55.629559
27.640615 55.629112
27.640621 55.628216
27.639832 55.627766
27.639835 55.627316
27.639044 55.626865
27.638254 55.626411
27.639055 55.625515
27.639059 55.625069
27.639854 55.624619
27.639858 55.624172
27.640656 55.623726
27.64224 55.624176
27.643034 55.62418
27.643828 55.62418
27.644621 55.624184
27.645414 55.624184
27.647005 55.623741
27.647009 55.623291
27.647806 55.622845
27.649395 55.622398
27.650187 55.622849
27.650976 55.623299
27.651768 55.623753
27.652563 55.623302
27.65336 55.622856
27.654158 55.62241
27.654955 55.621964
27.654961 55.621063
27.655758 55.620617
27.656555 55.620171
27.657351 55.61972
27.657354 55.619274
27.658156 55.618378
27.658157 55.617928
27.658161 55.617477
27.657372 55.617027
27.65658 55.616577
27.655794 55.615677
27.655796 55.615227
27.654213 55.614777
27.653419 55.614773
27.652622 55.615219
27.651829 55.615219
27.651033 55.615665
27.649446 55.615662
27.648651 55.615662
27.647858 55.615658
27.647068 55.615208
27.646275 55.615204
27.644692 55.614754
27.643902 55.6143
27.643108 55.6143
27.642315 55.614296
27.641521 55.614296
27.639935 55.614292
27.639137 55.614739
27.638344 55.614739
27.637547 55.615185
27.636753 55.615181
27.635162 55.615627
27.634369 55.615623
27.633572 55.616074
27.632778 55.61607
27.631979 55.616966
27.630388 55.617413
27.629595 55.617409
27.628012 55.616955
27.627218 55.616955
27.626425 55.616951
27.625627 55.617401
27.62483 55.617847
27.62324 55.61829
27.622446 55.61829
27.621649 55.618736
27.620855 55.618736
27.620058 55.619183
27.618471 55.619179
27.617674 55.619625
27.616881 55.619621
27.616083 55.620068
27.61529 55.620068
27.613701 55.620064
27.612908 55.62006
27.612114 55.62006
27.611317 55.620506
27.610523 55.620502
27.60973 55.620502
27.608143 55.620499
27.60735 55.620495
27.606556 55.620491
27.605763 55.620491
27.604973 55.620041
27.603386 55.620033
27.602592 55.620033
27.601799 55.620029
27.601004 55.620029
27.60021 55.620026
27.598623 55.620022
27.59862 55.620472
27.598616 55.620922
27.598612 55.621368
27.599397 55.622269
27.600187 55.622723
27.600977 55.623173
27.601767 55.623623
27.603352 55.624077
27.604168 55.62447
27.60808 55.626362
27.608896 55.626755
27.609717 55.627151
27.613626 55.629044
27.614449 55.629433
BRUSH(1,0)
REGION 1
218
29.597742 55.285042
29.596973 55.285503
29.596207 55.285961
29.595421 55.285973
29.593847 55.285996
29.593061 55.286003
29.592293 55.286465
29.591507 55.286476
29.590719 55.286484
29.589148 55.286507
29.589952 55.286945
29.589184 55.287403
29.588417 55.287865
29.587648 55.288322
29.587667 55.288773
29.588472 55.289211
29.588491 55.289658
29.589296 55.290096
29.589333 55.290997
29.590137 55.291431
29.590156 55.291882
29.590176 55.292332
29.59098 55.29277
29.591019 55.293667
29.591036 55.294117
29.589462 55.294136
29.588696 55.294598
29.587927 55.295055
29.587158 55.295517
29.587965 55.295952
29.58877 55.296391
29.589575 55.296829
29.59038 55.297268
29.591972 55.297695
29.592777 55.298134
29.593582 55.298573
29.594387 55.299011
29.595194 55.29945
29.595999 55.299889
29.597592 55.300316
29.598396 55.300751
29.599165 55.300293
29.599932 55.299835
29.6007 55.299374
29.602255 55.298904
29.603024 55.298443
29.60379 55.297985
29.604578 55.297974
29.605383 55.298412
29.606188 55.298851
29.607781 55.299278
29.608585 55.299717
29.608604 55.300163
29.607855 55.301071
29.607088 55.301533
29.605514 55.301556
29.604746 55.302013
29.603979 55.302471
29.60321 55.302933
29.602442 55.303391
29.600906 55.30431
29.600925 55.30476
29.600945 55.30521
29.60173 55.305199
29.602518 55.305187
29.603304 55.305176
29.604092 55.305164
29.605683 55.305592
29.60647 55.305584
29.607258 55.305572
29.608044 55.305561
29.608831 55.30555
29.610405 55.305531
29.611191 55.305519
29.611979 55.305508
29.612784 55.305946
29.612803 55.306393
29.612822 55.306843
29.612841 55.307293
29.612877 55.308189
29.612896 55.30864
29.612915 55.309086
29.612934 55.309536
29.612953 55.309986
29.612991 55.310883
29.612223 55.311344
29.612242 55.31179
29.611473 55.312252
29.610706 55.31271
29.609957 55.313618
29.609188 55.314079
29.608419 55.314537
29.609226 55.314976
29.610012 55.314964
29.6108 55.314953
29.611607 55.315392
29.612393 55.31538
29.613966 55.315361
29.614754 55.31535
29.615522 55.314888
29.616308 55.31488
29.617096 55.314869
29.617884 55.314858
29.619457 55.314835
29.620243 55.314823
29.621031 55.314815
29.621799 55.314354
29.622585 55.314343
29.624159 55.314323
29.624966 55.314758
29.625772 55.315197
29.626577 55.315636
29.627384 55.316074
29.62817 55.316063
29.629746 55.31604
29.630512 55.315582
29.631281 55.315121
29.63205 55.314663
29.632816 55.314201
29.632797 55.313755
29.632778 55.313305
29.632759 55.312855
29.631933 55.31197
29.631914 55.31152
29.631895 55.311073
29.631876 55.310623
29.631071 55.310184
29.631033 55.309288
29.631014 55.308838
29.630995 55.308388
29.630188 55.307953
29.630169 55.307503
29.630131 55.306606
29.629326 55.306168
29.629307 55.305717
29.629288 55.305271
29.62925 55.304371
29.628443 55.303932
29.628424 55.303486
29.628405 55.303036
29.628386 55.302586
29.627562 55.301701
29.629116 55.301231
29.629883 55.30077
29.630651 55.300312
29.631437 55.300301
29.632206 55.299839
29.63376 55.29937
29.634527 55.298908
29.635296 55.29845
29.636063 55.297989
29.636848 55.297981
29.638403 55.297508
29.639172 55.29705
29.639938 55.296589
29.640705 55.296131
29.642279 55.296108
29.643047 55.295647
29.643814 55.295189
29.6446 55.295177
29.644581 55.294727
29.645329 55.293819
29.64531 55.293369
29.646078 55.292912
29.646059 55.292461
29.646038 55.292015
29.645233 55.291576
29.644428 55.291138
29.643641 55.291149
29.642048 55.290722
29.641243 55.290283
29.640457 55.290295
29.63965 55.289856
29.638845 55.289417
29.63804 55.288982
29.636467 55.289001
29.63566 55.288567
29.634855 55.288128
29.63407 55.288139
29.633301 55.288597
29.631729 55.28862
29.630961 55.289078
29.630194 55.289539
29.629408 55.289551
29.627853 55.29002
29.627087 55.290482
29.626318 55.290939
29.625532 55.290951
29.624765 55.291409
29.623192 55.291431
29.622404 55.291443
29.621599 55.291004
29.620775 55.290119
29.61997 55.28968
29.619163 55.289242
29.618358 55.288803
29.617554 55.288364
29.616785 55.288826
29.616018 55.289284
29.614464 55.289757
29.613678 55.289764
29.612909 55.290226
29.612105 55.289787
29.6113 55.289349
29.609707 55.288921
29.608902 55.288483
29.608097 55.288048
29.607292 55.287609
29.606468 55.28672
29.605663 55.286282
29.604856 55.285843
29.603266 55.285416
29.602461 55.284981
29.601656 55.284542
29.600868 55.284554
29.600082 55.284561
29.598528 55.285034
29.597742 55.285042
BRUSH(1,0)
REGION 1
57
27.454307 55.353668
27.45031 55.358143
27.446375 55.357677
27.441679 55.354961
27.438509 55.356297
27.435326 55.358528
27.430567 55.360756
27.432909 55.36256
27.44084 55.359001
27.44397 55.360809
27.448689 55.361729
27.453447 55.359501
27.458155 55.361317
27.458139 55.362663
27.461281 55.363575
27.460476 55.364918
27.458084 55.367157
27.454141 55.367138
27.448578 55.370708
27.451704 55.372967
27.441383 55.378315
27.448448 55.381039
27.450037 55.380146
27.455603 55.376575
27.458752 55.377037
27.465834 55.378414
27.468228 55.376179
27.470592 55.376186
27.472933 55.378441
27.480026 55.378918
27.479252 55.377567
27.48481 55.374443
27.491114 55.374916
27.491937 55.371777
27.486423 55.371307
27.477739 55.372173
27.475399 55.369919
27.482512 55.368595
27.481003 55.362751
27.491242 55.363689
27.494381 55.365047
27.492788 55.36639
27.499062 55.369556
27.50223 55.368221
27.50695 55.369137
27.508553 55.366894
27.506203 55.36554
27.505434 55.363739
27.493658 55.359207
27.496862 55.354729
27.48662 55.35424
27.48344 55.356476
27.481075 55.356464
27.477938 55.355106
27.473187 55.356884
27.465332 55.35461
27.454307 55.353668
BRUSH(1,0)
REGION 1
52
27.687546 55.122185
27.687529 55.124882
27.693014 55.124893
27.692989 55.128933
27.683588 55.128017
27.676571 55.122612
27.668732 55.123043
27.669483 55.127537
27.668674 55.131126
27.663195 55.130215
27.662395 55.132462
27.654562 55.131542
27.652939 55.139175
27.659987 55.140537
27.659189 55.142334
27.670954 55.141911
27.670906 55.148647
27.663059 55.149529
27.66382 55.152672
27.669289 55.15583
27.67325 55.150002
27.676388 55.150009
27.681883 55.14912
27.685045 55.145084
27.685829 55.145088
27.688972 55.144196
27.690535 55.145096
27.689733 55.147789
27.68343 55.152267
27.681856 55.153164
27.682625 55.155411
27.682623 55.155861
27.682613 55.157207
27.682608 55.158104
27.685743 55.158562
27.692856 55.150043
27.69755 55.151848
27.699879 55.155895
27.705379 55.15411
27.702267 55.150063
27.710901 55.148731
27.708563 55.14603
27.709356 55.144688
27.714836 55.146042
27.715645 55.142002
27.710182 55.137501
27.71726 55.133472
27.713352 55.131668
27.709413 55.134804
27.69767 55.132538
27.699291 55.123558
27.687546 55.122185
BRUSH(1,0)
REGION 1
44
28.637956 55.158657
28.635611 55.159123
28.63489 55.162716
28.621685 55.170425
28.618532 55.169544
28.61927 55.166847
28.611448 55.168236
28.611494 55.170933
28.60914 55.170944
28.609171 55.172741
28.609177 55.173191
28.606047 55.173656
28.606069 55.175003
28.602161 55.175922
28.602183 55.177269
28.600615 55.177277
28.600666 55.18042
28.597542 55.181335
28.598341 55.182228
28.596016 55.18404
28.599184 55.185818
28.601524 55.184906
28.60008 55.192551
28.611847 55.192036
28.619581 55.185257
28.621158 55.185699
28.621166 55.186146
28.623476 55.183441
28.621105 55.182556
28.624199 55.179844
28.627329 55.179375
28.625691 55.175343
28.629568 55.172626
28.627207 55.172192
28.631868 55.169472
28.632645 55.169018
28.634237 55.170357
28.638113 55.167641
28.636528 55.166748
28.638849 55.16494
28.638842 55.16449
28.641188 55.164028
28.641924 55.161331
28.637956 55.158657
BRUSH(1,0)
REGION 1
78
26.844154 55.097275
26.837828 55.099461
26.837616 55.107098
26.835266 55.107075
26.83375 55.105263
26.832195 55.104801
26.828104 55.111054
26.820246 55.111877
26.819424 55.11322
26.820107 55.116817
26.818514 55.117702
26.816973 55.116791
26.804348 55.119816
26.803448 55.123852
26.801098 55.123829
26.801085 55.124279
26.79637 55.124683
26.795637 55.122879
26.794907 55.121075
26.790218 55.120583
26.790153 55.122826
26.787018 55.122795
26.787763 55.124153
26.794815 55.124218
26.795574 55.125122
26.80106 55.125176
26.803409 55.125198
26.805748 55.125668
26.813572 55.12619
26.824557 55.125843
26.829346 55.122742
26.833387 55.118286
26.836548 55.117416
26.83728 55.119221
26.831659 55.124111
26.825289 55.127647
26.82127 55.131203
26.825935 55.132591
26.840254 55.125088
26.843365 55.126015
26.836199 55.129993
26.838512 55.131359
26.849646 55.125622
26.848898 55.124268
26.856747 55.12389
26.857347 55.13063
26.858132 55.130638
26.861292 55.129768
26.866875 55.126225
26.867718 55.123985
26.888081 55.124615
26.893532 55.126007
26.895977 55.122437
26.887535 55.115623
26.881327 55.113327
26.872709 55.113251
26.871155 55.112785
26.871189 55.111439
26.866514 55.1105
26.866695 55.103764
26.863586 55.102837
26.862827 55.101933
26.853491 55.099606
26.847151 55.102242
26.84683 55.113918
26.846783 55.115715
26.845986 55.116157
26.84207 55.116119
26.841335 55.114319
26.840626 55.111614
26.841496 55.108479
26.840775 55.106228
26.840811 55.104881
26.841631 55.103539
26.843235 55.102207
26.844069 55.100418
26.8449 55.098629
26.844154 55.097275
BRUSH(1,0)
REGION 1
32
30.799736 55.004993
30.795898 55.005981
30.794275 55.005119
30.787443 55.007977
30.786295 55.013844
30.79257 55.014145
30.79018 55.024532
30.781847 55.02832
30.788536 55.034451
30.794033 55.034771
30.798845 55.036457
30.804504 55.039017
30.806097 55.039429
30.809906 55.037994
30.816708 55.034687
30.820515 55.033249
30.811447 55.026726
30.811222 55.023586
30.80485 55.021942
30.806681 55.014713
30.80899 55.01421
30.814484 55.014526
30.818386 55.014435
30.826189 55.014252
30.825377 55.013821
30.824469 55.012047
30.824371 55.0107
30.822683 55.008942
30.812668 55.010979
30.811728 55.008755
30.803892 55.008488
30.799736 55.004993
BRUSH(1,0)
REGION 1
125
28.682007 54.866936
28.673458 54.867886
28.670343 54.867905
28.670408 54.871498
28.670416 54.871948
28.671204 54.872391
28.671211 54.872841
28.672007 54.873733
28.672014 54.874184
28.672022 54.874634
28.672029 54.87508
28.672039 54.87553
28.672054 54.876427
28.672842 54.876873
28.67285 54.877323
28.673635 54.877766
28.673645 54.878216
28.672882 54.87912
28.67289 54.879566
28.673677 54.880013
28.675234 54.880001
28.676014 54.879997
28.676792 54.879993
28.677578 54.880436
28.678366 54.880882
28.679153 54.881325
28.679949 54.882221
28.679957 54.882668
28.680742 54.883114
28.680752 54.88356
28.681538 54.884006
28.681555 54.884903
28.681563 54.885353
28.68157 54.885803
28.681579 54.886253
28.680029 54.886711
28.679243 54.886265
28.679234 54.885819
28.679226 54.885368
28.678438 54.884922
28.678423 54.884026
28.678415 54.883575
28.677628 54.883133
28.67684 54.882687
28.676046 54.881794
28.675266 54.881798
28.674488 54.881802
28.674496 54.882252
28.675291 54.883144
28.676079 54.883591
28.676865 54.884033
28.676872 54.884483
28.676882 54.884933
28.677677 54.885826
28.677685 54.886276
28.67847 54.886719
28.67848 54.887169
28.675388 54.888535
28.673815 54.887646
28.673019 54.886753
28.671453 54.886311
28.667519 54.88409
28.665172 54.883656
28.664394 54.883659
28.662836 54.883667
28.662106 54.886368
28.666033 54.888142
28.664522 54.890846
28.663742 54.89085
28.666136 54.893978
28.675551 54.897514
28.677044 54.893913
28.678593 54.893455
28.676209 54.890774
28.676947 54.888527
28.677732 54.888969
28.67852 54.889412
28.680079 54.889404
28.680866 54.889851
28.681645 54.889843
28.682423 54.889839
28.683203 54.889835
28.684761 54.889824
28.684744 54.888927
28.683966 54.888931
28.683185 54.888935
28.682407 54.888943
28.681627 54.888947
28.680071 54.888954
28.679283 54.888512
28.679275 54.888062
28.680046 54.887608
28.680824 54.887604
28.686277 54.887569
28.68786 54.888908
28.687876 54.889805
28.694126 54.890667
28.697233 54.890198
28.7004 54.892872
28.699636 54.893776
28.702 54.895107
28.71837 54.895454
28.721443 54.893188
28.715193 54.89233
28.713635 54.892342
28.714388 54.890987
28.72217 54.890491
28.722128 54.888245
28.731476 54.888184
28.731423 54.88549
28.731415 54.88504
28.72751 54.884617
28.724379 54.883739
28.722077 54.885551
28.71896 54.885571
28.717394 54.885132
28.719662 54.881523
28.71653 54.880646
28.712625 54.880222
28.721903 54.876572
28.713268 54.873032
28.708521 54.869019
28.708511 54.868572
28.684383 54.869167
28.682007 54.866936
BRUSH(1,0)
REGION 1
22
27.753691 54.892807
27.75601 54.896851
27.759131 54.895958
27.761461 54.897758
27.760679 54.898209
27.776247 54.902721
27.779383 54.898235
27.775495 54.895985
27.777057 54.895088
27.78562 54.897793
27.787968 54.895103
27.780186 54.892395
27.781767 54.887009
27.776316 54.886551
27.774748 54.888798
27.767754 54.884743
27.75919 54.883385
27.757628 54.884277
27.753742 54.882027
27.750616 54.88427
27.756044 54.889668
27.753691 54.892807
BRUSH(1,0)
REGION 1
97
29.714563 54.79657
29.707571 54.796673
29.706795 54.796684
29.703901 54.801666
29.70392 54.802113
29.70256 54.806625
29.697142 54.807152
29.695238 54.799095
29.695995 54.798634
29.689024 54.799183
29.680046 54.807396
29.680065 54.807846
29.669414 54.813385
29.668657 54.813847
29.674211 54.816463
29.674971 54.816002
29.675728 54.815544
29.676468 54.814632
29.677225 54.814175
29.677984 54.813713
29.679518 54.813244
29.680277 54.812782
29.681034 54.812325
29.681793 54.811863
29.682531 54.810955
29.683308 54.810944
29.684086 54.810932
29.685659 54.811359
29.686436 54.811348
29.687214 54.811336
29.68799 54.811325
29.688768 54.811314
29.689545 54.811302
29.691099 54.811279
29.691876 54.811268
29.692653 54.81126
29.69343 54.811249
29.694208 54.811237
29.695782 54.811661
29.696577 54.812099
29.697393 54.812988
29.698172 54.812977
29.698986 54.813862
29.698229 54.814323
29.698248 54.81477
29.697491 54.815231
29.69751 54.815681
29.698326 54.816566
29.699123 54.817005
29.699919 54.81744
29.69994 54.81789
29.699959 54.81834
29.700754 54.818775
29.701552 54.819214
29.70233 54.819202
29.703903 54.81963
29.70468 54.819618
29.705458 54.819607
29.706234 54.819595
29.707012 54.819584
29.708547 54.819115
29.709305 54.818653
29.710062 54.818192
29.710043 54.817745
29.7108 54.817284
29.710762 54.816387
29.711519 54.815926
29.713055 54.815456
29.713831 54.815445
29.714588 54.814983
29.715347 54.814522
29.716105 54.814064
29.717638 54.813591
29.718435 54.81403
29.719193 54.813568
29.719292 54.815811
29.720108 54.8167
29.721043 54.820278
29.718731 54.820763
29.716732 54.828426
29.721575 54.832397
29.729309 54.831387
29.728197 54.823769
29.728176 54.823318
29.726463 54.819752
29.726444 54.819302
29.730211 54.816551
29.72856 54.814331
29.719952 54.81311
29.720629 54.810852
29.72061 54.810406
29.714159 54.805107
29.713381 54.805119
29.717169 54.802818
29.713205 54.801079
29.714583 54.79702
29.714563 54.79657
BRUSH(1,0)
REGION 1
180
29.164045 54.868454
29.172154 54.864052
29.169291 54.861668
29.168512 54.861675
29.177717 54.85709
29.18001 54.855721
29.177635 54.854397
29.182821 54.84581
29.184322 54.843998
29.185032 54.841747
29.185019 54.841297
29.193617 54.842556
29.194395 54.842548
29.19606 54.846123
29.196076 54.846573
29.196144 54.84882
29.196157 54.849266
29.195463 54.851971
29.195477 54.852417
29.20405 54.852779
29.204815 54.852322
29.206259 54.848713
29.206995 54.847359
29.211691 54.848209
29.213247 54.84819
29.214775 54.847279
29.21554 54.846821
29.216926 54.841415
29.216898 54.840519
29.214466 54.837402
29.213661 54.83651
29.212883 54.836517
29.212118 54.836975
29.21134 54.836983
29.210564 54.83699
29.209007 54.837009
29.208229 54.837017
29.207466 54.837475
29.206688 54.837482
29.20591 54.83749
29.20434 54.837055
29.204327 54.836609
29.203535 54.836166
29.202744 54.835728
29.202715 54.834827
29.201923 54.834389
29.201132 54.833946
29.201118 54.833496
29.200312 54.832607
29.199549 54.833065
29.198778 54.833149
29.197228 54.833313
29.195665 54.833477
29.194895 54.833561
29.192518 54.832237
29.191757 54.832695
29.191771 54.833145
29.190201 54.83271
29.189422 54.832718
29.188618 54.831829
29.18784 54.831837
29.187048 54.831394
29.185493 54.831413
29.185507 54.83186
29.184744 54.832317
29.184757 54.832767
29.184771 54.833218
29.184006 54.833672
29.184034 54.834572
29.184048 54.835018
29.184061 54.835468
29.183298 54.835926
29.183311 54.836376
29.183748 54.837944
29.184088 54.839161
29.184198 54.839958
29.18342 54.839966
29.182642 54.839973
29.181866 54.839981
29.181097 54.839901
29.180889 54.839878
29.17873 54.839653
29.177961 54.839573
29.174828 54.839241
29.174059 54.839161
29.174072 54.839611
29.174086 54.840061
29.174112 54.840958
29.174126 54.841408
29.174141 54.841858
29.173376 54.842312
29.173389 54.842762
29.173416 54.843658
29.172653 54.844116
29.171888 54.844574
29.17111 54.844582
29.170345 54.845039
29.168789 54.845055
29.168024 54.845512
29.167248 54.84552
29.166483 54.845974
29.165718 54.846432
29.165732 54.846882
29.166523 54.847324
29.165758 54.847778
29.164993 54.848236
29.16423 54.848694
29.162687 54.849159
29.161909 54.849167
29.161144 54.849621
29.160366 54.849628
29.158823 54.850094
29.159628 54.850983
29.159641 54.851433
29.159655 54.851883
29.159668 54.852333
29.159681 54.852779
29.15971 54.85368
29.159723 54.854126
29.158945 54.854134
29.15818 54.854591
29.157402 54.854599
29.155846 54.854614
29.155081 54.855072
29.154303 54.85508
29.153538 54.855537
29.151995 54.855999
29.151216 54.856007
29.150452 54.856464
29.149673 54.856472
29.148117 54.856487
29.147339 54.856495
29.147352 54.856945
29.146601 54.857849
29.146614 54.858299
29.146626 54.858749
29.146639 54.859196
29.145874 54.859654
29.145901 54.860554
29.145914 54.861
29.145928 54.86145
29.145941 54.8619
29.145176 54.862354
29.144398 54.862362
29.142841 54.862377
29.142063 54.862385
29.141285 54.862392
29.14052 54.86285
29.139767 54.863754
29.14056 54.864197
29.140572 54.864647
29.140585 54.865097
29.140598 54.865543
29.139847 54.866451
29.140638 54.86689
29.141416 54.866882
29.142208 54.867325
29.142988 54.867317
29.143767 54.86731
29.145323 54.867294
29.146101 54.867287
29.146866 54.866829
29.147644 54.866821
29.149203 54.866806
29.149967 54.866348
29.150745 54.866341
29.151523 54.866333
29.152288 54.865879
29.153845 54.865864
29.154623 54.865856
29.155403 54.865849
29.156181 54.865841
29.156959 54.865833
29.158516 54.865814
29.159307 54.866257
29.160086 54.866249
29.160864 54.866241
29.162435 54.866676
29.163214 54.866669
29.164045 54.868454
BRUSH(1,0)
REGION 1
168
30.389725 54.467297
30.388956 54.467312
30.384334 54.467403
30.380032 54.472881
30.379528 54.477383
30.379103 54.483231
30.378385 54.484142
30.376898 54.485073
30.375408 54.486
30.371531 54.485626
30.369244 54.486122
30.368553 54.487484
30.370148 54.48835
30.377934 54.489544
30.379528 54.49041
30.377481 54.494942
30.377508 54.495392
30.381414 54.496208
30.380751 54.49802
30.377722 54.498978
30.37384 54.498608
30.37299 54.497276
30.369881 54.496891
30.365309 54.497879
30.362278 54.49884
30.362331 54.499737
30.360815 54.500217
30.360203 54.502922
30.357918 54.503418
30.356455 54.504795
30.357252 54.505226
30.361107 54.50515
30.36964 54.505878
30.370464 54.50676
30.369772 54.508121
30.368231 54.508152
30.358181 54.507904
30.35358 54.508446
30.353634 54.509342
30.353687 54.510239
30.356026 54.510643
30.357595 54.511059
30.3577 54.512856
30.359241 54.512825
30.368547 54.513538
30.371845 54.517063
30.375116 54.520142
30.374424 54.521503
30.371286 54.520668
30.363441 54.518581
30.361925 54.519058
30.362856 54.521736
30.367642 54.524334
30.378813 54.530399
30.379637 54.531281
30.380463 54.532162
30.382803 54.532566
30.391531 54.53643
30.393845 54.536385
30.395388 54.536354
30.395334 54.535458
30.391182 54.530598
30.391102 54.529255
30.391872 54.52924
30.399532 54.528183
30.401049 54.527706
30.401712 54.525894
30.400915 54.525463
30.3986 54.525509
30.391686 54.526096
30.386179 54.52441
30.383758 54.522663
30.383679 54.521317
30.393732 54.521564
30.397533 54.520588
30.400511 54.518734
30.404125 54.514618
30.408832 54.515869
30.412743 54.516685
30.412106 54.518948
30.412214 54.520741
30.414555 54.521141
30.415298 54.520679
30.416679 54.517956
30.41745 54.517941
30.420589 54.518772
30.420725 54.521015
30.420197 54.52507
30.421049 54.526398
30.426693 54.530327
30.425976 54.531239
30.424595 54.533962
30.425394 54.534397
30.426166 54.534382
30.429197 54.533421
30.429996 54.533852
30.430105 54.535648
30.428616 54.536575
30.428089 54.54063
30.428942 54.541958
30.43131 54.542809
30.432192 54.544586
30.430231 54.550468
30.428959 54.554985
30.42984 54.556763
30.431385 54.556732
30.432129 54.556267
30.433563 54.55444
30.43952 54.550724
30.441036 54.550243
30.445665 54.550148
30.447954 54.549652
30.447843 54.547859
30.445501 54.547459
30.444702 54.547024
30.445446 54.546562
30.44768 54.545166
30.448452 54.545151
30.451593 54.545986
30.453137 54.545952
30.455534 54.547249
30.458593 54.546738
30.459309 54.545826
30.460659 54.542652
30.462092 54.540825
30.462038 54.539928
30.4611 54.537254
30.455895 54.527927
30.456528 54.525669
30.455675 54.524338
30.4508 54.520397
30.447441 54.515976
30.441961 54.51474
30.441908 54.513844
30.442596 54.512482
30.444881 54.511986
30.444773 54.510193
30.445435 54.508381
30.446178 54.507916
30.447693 54.507435
30.44907 54.504711
30.452732 54.501492
30.451853 54.499714
30.450889 54.49659
30.441259 54.490501
30.44038 54.48872
30.440269 54.486927
30.438675 54.486061
30.433254 54.485725
30.430996 54.486668
30.431957 54.489792
30.430443 54.490272
30.428793 54.48851
30.426401 54.487213
30.418776 54.488716
30.417234 54.488747
30.412476 54.486599
30.411732 54.487061
30.408705 54.488022
30.407934 54.488037
30.405541 54.48674
30.402458 54.486801
30.401581 54.485024
30.398232 54.480598
30.395626 54.475712
30.389885 54.469986
30.390549 54.468178
30.389725 54.467297
BRUSH(1,0)
REGION 1
84
30.685944 54.561123
30.682144 54.562107
30.681433 54.563023
30.683186 54.566128
30.682535 54.56794
30.680279 54.568886
30.67235 54.565922
30.67158 54.565941
30.669413 54.568233
30.665701 54.570564
30.666533 54.571442
30.66971 54.57272
30.672028 54.572666
30.67672 54.57346
30.681471 54.575149
30.679304 54.577446
30.678534 54.577461
30.67773 54.57703
30.672235 54.575806
30.667604 54.575913
30.666119 54.576843
30.661547 54.577843
30.660805 54.578308
30.661726 54.580536
30.663269 54.580502
30.665438 54.578205
30.667723 54.577705
30.668554 54.578583
30.667932 54.580845
30.662855 54.585899
30.666746 54.586262
30.669805 54.585743
30.670488 54.584381
30.671261 54.584362
30.674439 54.58564
30.676014 54.586052
30.675362 54.587864
30.676193 54.588745
30.676996 54.589176
30.678541 54.589142
30.679964 54.587311
30.680677 54.586395
30.682222 54.586361
30.689823 54.584393
30.69585 54.582012
30.697273 54.580181
30.696441 54.579304
30.690977 54.578529
30.68165 54.577839
30.682333 54.576477
30.685421 54.576408
30.693203 54.577129
30.697123 54.577938
30.701967 54.580975
30.703693 54.58363
30.70545 54.586735
30.706934 54.5858
30.708538 54.586662
30.711718 54.587936
30.71246 54.587471
30.715428 54.585606
30.71685 54.583778
30.716789 54.582882
30.714382 54.581589
30.708885 54.580368
30.710899 54.575829
30.71158 54.574467
30.713093 54.573982
30.713804 54.573067
30.716091 54.572567
30.718132 54.568478
30.715786 54.568081
30.711958 54.568619
30.707266 54.567825
30.706373 54.566051
30.702242 54.562099
30.699896 54.561707
30.698382 54.562187
30.696188 54.564034
30.695415 54.564053
30.693781 54.562744
30.690664 54.562363
30.687517 54.561535
30.685944 54.561123
BRUSH(1,0)
REGION 1
131
29.700262 54.392555
29.697355 54.396641
29.696586 54.396652
29.70297 54.401947
29.702989 54.402397
29.703028 54.403294
29.703047 54.403744
29.699219 54.404247
29.69845 54.404259
29.697584 54.402027
29.696796 54.401588
29.680489 54.398228
29.678181 54.398262
29.672833 54.399239
29.672083 54.399696
29.672102 54.400146
29.672119 54.400593
29.672909 54.401031
29.673697 54.40147
29.673716 54.40192
29.674522 54.402805
29.67531 54.403244
29.676098 54.403683
29.676869 54.403671
29.677656 54.40411
29.678425 54.404098
29.680002 54.404972
29.680021 54.405422
29.67927 54.405884
29.677749 54.406353
29.677 54.406815
29.676249 54.407272
29.676268 54.407723
29.676287 54.408169
29.677074 54.408607
29.677881 54.409496
29.678671 54.409935
29.679459 54.41037
29.680248 54.410809
29.681055 54.411697
29.681074 54.412144
29.681862 54.412582
29.681881 54.413032
29.6819 54.413479
29.681168 54.414391
29.681187 54.414837
29.681206 54.415287
29.681225 54.415737
29.681244 54.416183
29.681282 54.417084
29.681301 54.41753
29.681318 54.41798
29.682108 54.418419
29.682127 54.418865
29.682934 54.419754
29.683723 54.420193
29.684511 54.420628
29.685301 54.421066
29.686069 54.421055
29.686821 54.420597
29.687571 54.420135
29.689093 54.419666
29.689842 54.419205
29.690594 54.418747
29.691343 54.418285
29.692114 54.418274
29.692902 54.418713
29.694441 54.41869
29.695211 54.418678
29.696001 54.419117
29.696789 54.419556
29.696808 54.420002
29.696827 54.420452
29.696846 54.420902
29.696865 54.421349
29.696133 54.42226
29.696152 54.422707
29.696171 54.423157
29.69619 54.423607
29.69698 54.424042
29.697788 54.424931
29.698557 54.424919
29.698576 54.425365
29.705294 54.42033
29.705275 54.41988
29.705179 54.417637
29.70516 54.417187
29.70743 54.416256
29.707411 54.415806
29.711029 54.410366
29.711778 54.409904
29.719513 54.41069
29.721052 54.410667
29.724726 54.40657
29.725475 54.406113
29.73167 54.406918
29.732458 54.407356
29.740074 54.405445
29.742344 54.404514
29.751812 54.409763
29.752602 54.410202
29.767044 54.405941
29.767813 54.40593
29.766056 54.401016
29.765997 54.39967
29.758186 54.397091
29.756628 54.396667
29.752012 54.396736
29.751243 54.396748
29.748224 54.39814
29.747456 54.398151
29.743609 54.398209
29.740532 54.398254
29.732244 54.40242
29.730726 54.402889
29.721262 54.39764
29.718184 54.397682
29.712202 54.401814
29.711452 54.402275
29.711471 54.402721
29.711548 54.404518
29.707663 54.403675
29.706875 54.40324
29.706818 54.401894
29.707529 54.400536
29.708221 54.398727
29.708183 54.397831
29.706511 54.394711
29.706492 54.39426
29.701818 54.392982
29.700262 54.392555
BRUSH(1,0)
REGION 2
149
29.450502 55.032764
29.44972 55.032772
29.449738 55.033222
29.450535 55.033661
29.450552 55.034111
29.450569 55.034561
29.450604 55.035458
29.450621 55.035908
29.451418 55.036346
29.451435 55.036793
29.451452 55.037243
29.451487 55.038143
29.451502 55.038589
29.451519 55.03904
29.450754 55.039497
29.449989 55.039955
29.450024 55.040855
29.449259 55.041313
29.449276 55.041763
29.448511 55.042221
29.448526 55.042667
29.447762 55.043129
29.446199 55.043148
29.445417 55.043156
29.444635 55.043167
29.443854 55.043175
29.443056 55.042736
29.441492 55.042755
29.44071 55.042767
29.439928 55.042774
29.439945 55.043224
29.439978 55.044121
29.439213 55.044579
29.437651 55.044598
29.436869 55.044609
29.436087 55.044617
29.435287 55.044178
29.434505 55.044189
29.433723 55.044197
29.432161 55.044216
29.431379 55.044228
29.430597 55.044235
29.429815 55.044247
29.42905 55.044704
29.429068 55.045155
29.429083 55.045601
29.428318 55.046059
29.428335 55.046509
29.427585 55.047417
29.427603 55.047867
29.428402 55.048306
29.429184 55.048294
29.429964 55.048286
29.430746 55.048275
29.432327 55.048706
29.433109 55.048698
29.433127 55.049145
29.433142 55.049595
29.432394 55.050503
29.432411 55.050949
29.433991 55.05138
29.434773 55.051373
29.435572 55.051811
29.436369 55.05225
29.437168 55.052689
29.43795 55.052681
29.447233 55.04987
29.448797 55.04985
29.449562 55.049393
29.450344 55.049381
29.451109 55.048924
29.451891 55.048916
29.453453 55.048897
29.454235 55.048885
29.455017 55.048878
29.455799 55.048866
29.456581 55.048855
29.457363 55.048847
29.458145 55.048836
29.463634 55.049217
29.466015 55.050087
29.46921 55.051842
29.474632 55.050426
29.476179 55.049957
29.479374 55.051716
29.487768 55.046219
29.488533 55.045761
29.493971 55.044792
29.4947 55.043438
29.49543 55.04208
29.494648 55.042091
29.494614 55.041191
29.493814 55.040752
29.493797 55.040306
29.493015 55.040314
29.491451 55.040337
29.490688 55.040794
29.489906 55.040802
29.489107 55.040363
29.488291 55.039478
29.487492 55.03904
29.48671 55.039047
29.485947 55.039505
29.485165 55.039516
29.483618 55.039986
29.482836 55.039993
29.482056 55.040005
29.481291 55.040462
29.480509 55.040474
29.478962 55.040943
29.478182 55.040951
29.4774 55.040962
29.476635 55.04142
29.475853 55.041431
29.474272 55.041
29.474238 55.040104
29.47344 55.039665
29.471859 55.039234
29.471842 55.038784
29.471043 55.038345
29.470228 55.03746
29.470211 55.03701
29.469412 55.036571
29.46863 55.036579
29.467085 55.037048
29.46632 55.037506
29.465555 55.037968
29.46479 55.038425
29.464008 55.038433
29.463211 55.037994
29.462412 55.037556
29.462378 55.036659
29.46236 55.036209
29.461561 55.03577
29.461546 55.03532
29.461512 55.034424
29.460712 55.033985
29.459915 55.033546
29.459116 55.033108
29.458317 55.032669
29.457537 55.032677
29.456738 55.032238
29.455938 55.031799
29.454376 55.031818
29.453577 55.03138
29.452812 55.031837
29.452047 55.032295
29.451284 55.032753
29.450502 55.032764
14
29.455101 55.051121
29.450428 55.051628
29.452059 55.053402
29.456001 55.054253
29.456783 55.054245
29.456886 55.056938
29.457668 55.056927
29.463974 55.058197
29.463108 55.055962
29.463091 55.055511
29.466967 55.054565
29.467749 55.054554
29.464535 55.052349
29.455101 55.051121
BRUSH(1,0)
REGION 3
255
30.203331 55.238052
30.202475 55.234367
30.202291 55.233582
30.19882 55.227806
30.194439 55.219803
30.192009 55.218498
30.17664 55.224621
30.167021 55.221203
30.167755 55.220291
30.175428 55.217007
30.180769 55.214214
30.188744 55.216316
30.207704 55.218208
30.2094 55.220425
30.218767 55.219353
30.22259 55.217484
30.227953 55.215138
30.246364 55.221077
30.240267 55.224339
30.24118 55.226566
30.241991 55.227001
30.24984 55.226852
30.256878 55.226269
30.259285 55.227123
30.258841 55.232967
30.258865 55.233418
30.273022 55.233597
30.279039 55.228989
30.270195 55.225567
30.267946 55.227406
30.263079 55.224804
30.261562 55.225731
30.254316 55.222725
30.26049 55.22081
30.260281 55.21722
30.268154 55.217522
30.266821 55.221588
30.274799 55.223682
30.274773 55.223232
30.277807 55.221378
30.27812 55.213287
30.277203 55.21106
30.270117 55.210747
30.258322 55.210522
30.254347 55.209698
30.251993 55.209744
30.24888 55.210251
30.247286 55.209831
30.245613 55.208069
30.24637 55.207603
30.250189 55.205734
30.251759 55.205708
30.255682 55.205631
30.262768 55.205948
30.265122 55.205902
30.265749 55.203194
30.26635 55.200039
30.267004 55.197781
30.268572 55.19775
30.270142 55.19772
30.271526 55.19455
30.272205 55.192741
30.269827 55.192337
30.268887 55.189659
30.261776 55.1889
30.259398 55.188496
30.26013 55.187584
30.261595 55.185757
30.258328 55.183575
30.249367 55.177906
30.249968 55.174751
30.249056 55.172524
30.246418 55.167629
30.2402 55.168648
30.22933 55.170647
30.223845 55.17075
30.22473 55.172531
30.216158 55.173588
30.204426 55.174255
30.198887 55.173462
30.195753 55.173519
30.199344 55.181538
30.199394 55.182434
30.197851 55.182911
30.197043 55.182476
30.195297 55.179367
30.191935 55.175385
30.183994 55.173737
30.18005 55.173359
30.172035 55.170361
30.170418 55.169491
30.17115 55.168579
30.172668 55.167656
30.175804 55.167599
30.180582 55.168858
30.188572 55.171406
30.190113 55.170929
30.192287 55.167744
30.195322 55.16589
30.20225 55.163517
30.202957 55.162155
30.205105 55.158524
30.208767 55.153965
30.208717 55.153069
30.207933 55.15308
30.2048 55.153141
30.200149 55.154125
30.190039 55.155659
30.184555 55.155758
30.177603 55.157684
30.17371 55.158203
30.169916 55.160519
30.166073 55.161938
30.160488 55.16024
30.155737 55.159431
30.147776 55.15733
30.146919 55.155998
30.138985 55.154343
30.137417 55.154373
30.135189 55.156658
30.128822 55.154976
30.126473 55.155018
30.12652 55.155914
30.126595 55.157261
30.12821 55.158131
30.136269 55.162029
30.14102 55.162842
30.142588 55.162811
30.144741 55.15918
30.148708 55.160007
30.148073 55.162712
30.147364 55.164074
30.15229 55.168026
30.155449 55.168419
30.156208 55.167953
30.155251 55.164829
30.155985 55.163918
30.15917 55.164757
30.162304 55.1647
30.163263 55.167828
30.162579 55.169636
30.159468 55.170139
30.152489 55.171616
30.148544 55.171238
30.142124 55.168659
30.130071 55.163487
30.130808 55.162575
30.129999 55.16214
30.12199 55.159138
30.120422 55.159168
30.117411 55.161469
30.111263 55.163822
30.10825 55.166122
30.128309 55.174297
30.129267 55.177422
30.13086 55.177845
30.139582 55.179485
30.150806 55.183773
30.150072 55.184685
30.1402 55.190701
30.133999 55.192158
30.132479 55.193085
30.132528 55.193981
30.131866 55.19624
30.134516 55.20158
30.135622 55.207401
30.135719 55.209194
30.127163 55.210697
30.123239 55.210766
30.119366 55.211735
30.117084 55.213123
30.125152 55.217018
30.119831 55.220257
30.115097 55.219894
30.10894 55.222248
30.096949 55.218418
30.090151 55.22348
30.093387 55.22522
30.094172 55.225204
30.097191 55.222908
30.097975 55.222893
30.109207 55.227184
30.112274 55.225784
30.116911 55.224354
30.117844 55.227032
30.117941 55.228825
30.118063 55.231068
30.115879 55.234253
30.116812 55.236931
30.116148 55.239185
30.117744 55.239609
30.12562 55.239918
30.126381 55.239452
30.127142 55.238991
30.127068 55.237644
30.130037 55.234447
30.130747 55.233089
30.130428 55.227257
30.130991 55.223202
30.133198 55.220467
30.13695 55.217258
30.13842 55.215435
30.137585 55.21455
30.139055 55.212727
30.145969 55.209908
30.147539 55.209881
30.151488 55.210259
30.15303 55.209782
30.156145 55.209274
30.164675 55.207325
30.171738 55.207195
30.18429 55.206966
30.190567 55.206848
30.196716 55.204491
30.196689 55.204041
30.198158 55.202217
30.199549 55.199047
30.199245 55.193665
30.197195 55.185169
30.197954 55.184704
30.200306 55.184662
30.200331 55.185112
30.200535 55.188702
30.202457 55.194954
30.201954 55.199902
30.198311 55.20491
30.196083 55.207195
30.195299 55.207211
30.192263 55.209065
30.186794 55.209614
30.180517 55.209728
30.171837 55.208988
30.167938 55.209511
30.164017 55.209579
30.159359 55.210564
30.15708 55.211952
30.157129 55.212849
30.16576 55.212692
30.169125 55.216675
30.163832 55.220364
30.158238 55.21867
30.151224 55.219696
30.148134 55.22065
30.147474 55.222904
30.144583 55.227448
30.161516 55.235226
30.171497 55.231003
30.180334 55.234432
30.183424 55.233479
30.184208 55.233463
30.190641 55.236042
30.192997 55.235996
30.201025 55.238995
30.20338 55.238949
30.203331 55.238052
10
30.081894 55.142784
30.077242 55.143764
30.078169 55.146442
30.079096 55.14912
30.084604 55.149471
30.087738 55.149418
30.087643 55.147621
30.090584 55.143978
30.088184 55.14312
30.081894 55.142784
11
30.113844 55.225754
30.110066 55.228516
30.106976 55.229469
30.105478 55.230843
30.109745 55.237057
30.112101 55.237015
30.113499 55.233845
30.11566 55.230213
30.114015 55.228897
30.115463 55.226623
30.113844 55.225754
BRUSH(1,0)
REGION 3
149
28.845907 55.474792
28.83176 55.478489
28.81601 55.481297
28.806522 55.481365
28.800997 55.48185
28.789957 55.483276
28.788376 55.483288
28.786795 55.483299
28.785223 55.483757
28.783632 55.483318
28.768627 55.484322
28.759968 55.486176
28.757605 55.486641
28.754433 55.48621
28.75128 55.486683
28.747317 55.486259
28.745735 55.486267
28.745743 55.486717
28.746544 55.487164
28.754562 55.492496
28.760136 55.494255
28.760963 55.496048
28.760201 55.497398
28.756273 55.498772
28.752394 55.502392
28.753203 55.503284
28.756376 55.503712
28.758703 55.50145
28.762647 55.500977
28.770512 55.498676
28.771303 55.498673
28.772141 55.500912
28.769787 55.501827
28.762695 55.50322
28.754049 55.505974
28.750902 55.506893
28.75095 55.509136
28.751739 55.509132
28.754887 55.508213
28.758797 55.505939
28.76116 55.505478
28.765907 55.505444
28.766716 55.506336
28.766764 55.508583
28.76602 55.510834
28.763655 55.511295
28.760555 55.514461
28.758219 55.516273
28.757456 55.517624
28.759056 55.518513
28.762203 55.517593
28.766094 55.514423
28.767668 55.513966
28.768459 55.513958
28.768562 55.518898
28.769421 55.522038
28.775055 55.526489
28.775885 55.528278
28.774368 55.531433
28.772842 55.534138
28.770494 55.5355
28.765755 55.53598
28.761795 55.536007
28.762653 55.539146
28.760279 55.539162
28.761116 55.541401
28.764275 55.540932
28.766678 55.542263
28.773758 55.53997
28.791157 55.538952
28.791128 55.537605
28.789526 55.536716
28.788695 55.534927
28.78631 55.534493
28.787026 55.530895
28.788589 55.529987
28.789331 55.527737
28.787729 55.526852
28.785354 55.526867
28.783772 55.526878
28.780548 55.524204
28.78133 55.52375
28.785297 55.524174
28.786089 55.524166
28.78607 55.52327
28.785259 55.522377
28.783666 55.521938
28.780472 55.520615
28.778879 55.520176
28.777277 55.519287
28.77804 55.517937
28.781988 55.51746
28.781158 55.515667
28.781929 55.514767
28.784313 55.515198
28.785837 55.512493
28.78661 55.511589
28.781834 55.510277
28.780975 55.507137
28.781748 55.506233
28.784101 55.505322
28.785704 55.506207
28.793663 55.508396
28.796808 55.507477
28.795988 55.506134
28.796759 55.505234
28.803049 55.503391
28.805431 55.503826
28.807835 55.505154
28.812672 55.509163
28.814274 55.510048
28.815845 55.509586
28.820562 55.508205
28.820513 55.505962
28.822065 55.504604
28.823585 55.5019
28.826761 55.502323
28.827541 55.501869
28.828262 55.498722
28.826639 55.496937
28.820232 55.493389
28.818621 55.492054
28.819382 55.490704
28.821743 55.490234
28.824125 55.490669
28.825697 55.490208
28.824076 55.488422
28.823995 55.484833
28.825556 55.483921
28.827148 55.48436
28.827167 55.485256
28.827978 55.486149
28.831963 55.487469
28.834345 55.4879
28.835125 55.487446
28.835106 55.486546
28.836687 55.486534
28.83832 55.48877
28.840693 55.48875
28.84066 55.487404
28.842171 55.484249
28.84136 55.483357
28.831852 55.482529
28.83025 55.481644
28.83103 55.481186
28.84675 55.477032
28.848311 55.47612
28.84751 55.475678
28.845907 55.474792
51
28.745222 55.461124
28.744449 55.462028
28.745258 55.462921
28.746077 55.464264
28.743769 55.467422
28.746958 55.468746
28.751728 55.470062
28.752527 55.470509
28.751774 55.472309
28.751793 55.473206
28.757372 55.475414
28.762943 55.477173
28.762972 55.478519
28.760609 55.478985
28.761456 55.481674
28.7654 55.481197
28.776459 55.480675
28.785137 55.479717
28.787499 55.479252
28.790661 55.479229
28.801699 55.477806
28.808825 55.478203
28.814358 55.478165
28.815929 55.477703
28.8151 55.475914
28.817461 55.475449
28.823784 55.475403
28.829317 55.475361
28.830088 55.474457
28.830027 55.471764
28.832388 55.471298
28.826034 55.469997
28.823664 55.470013
28.819733 55.47094
28.810266 55.471909
28.809477 55.471912
28.809456 55.471016
28.807047 55.469234
28.803865 55.468361
28.799923 55.468838
28.796801 55.470654
28.79764 55.472893
28.796858 55.473347
28.789715 55.47205
28.788935 55.472504
28.788164 55.473408
28.787373 55.473415
28.776203 55.468552
28.773031 55.468124
28.76272 55.466396
28.745222 55.461124
21
28.815592 55.53384
28.801342 55.533939
28.798977 55.534405
28.799036 55.537098
28.798273 55.538452
28.807844 55.541527
28.809399 55.540169
28.816543 55.541016
28.816645 55.545506
28.824562 55.545448
28.824522 55.543655
28.821356 55.543678
28.821274 55.540085
28.829193 55.540028
28.828279 55.534645
28.825113 55.534668
28.824411 55.538715
28.822037 55.538731
28.821957 55.535141
28.815622 55.535187
28.815592 55.53384
BRUSH(1,0)
REGION 1
45
30.30307 54.192768
30.300852 54.19416
30.299372 54.195087
30.297077 54.195129
30.293428 54.198345
30.291233 54.200184
30.289703 54.200214
30.286028 54.20298
30.284496 54.203011
30.283016 54.203938
30.283092 54.205284
30.280132 54.207138
30.280207 54.208485
30.279568 54.210743
30.273544 54.212654
30.272854 54.214016
30.272905 54.214912
30.270144 54.220356
30.272516 54.221657
30.26722 54.236584
30.268826 54.2379
30.271351 54.241894
30.273623 54.241402
30.276285 54.234161
30.282538 54.23629
30.286831 54.230816
30.284456 54.229515
30.288033 54.224953
30.291912 54.225777
30.294058 54.223038
30.297119 54.22298
30.297861 54.222515
30.299265 54.220242
30.299086 54.217102
30.30044 54.213932
30.3034 54.212078
30.302559 54.210747
30.306793 54.204372
30.310366 54.199814
30.311028 54.198002
30.309422 54.196686
30.31011 54.195324
30.310034 54.193981
30.307688 54.193127
30.30307 54.192768
BRUSH(1,0)
REGION 1
115
29.802284 54.230686
29.801538 54.231148
29.800005 54.231171
29.799259 54.231632
29.798513 54.23209
29.797768 54.232552
29.797022 54.233013
29.796274 54.233475
29.794762 54.233944
29.794016 54.234406
29.79327 54.234867
29.793289 54.235317
29.79331 54.235764
29.788673 54.234936
29.787907 54.234947
29.7871 54.234062
29.785549 54.233635
29.784783 54.23365
29.780951 54.233707
29.780891 54.232361
29.779339 54.231934
29.777807 54.231956
29.776413 54.235123
29.776432 54.235573
29.769577 54.236572
29.768044 54.236595
29.768143 54.238842
29.768967 54.240177
29.768988 54.240623
29.773565 54.240105
29.774332 54.240093
29.772152 54.242825
29.772171 54.243271
29.777595 54.244537
29.779127 54.244514
29.786474 54.237217
29.78722 54.236755
29.79339 54.23756
29.793549 54.24115
29.79361 54.242496
29.777773 54.248577
29.778738 54.253056
29.787189 54.253376
29.788015 54.254711
29.791868 54.2551
29.792635 54.255089
29.790714 54.263653
29.790754 54.264549
29.773138 54.265266
29.774063 54.268845
29.774851 54.269283
29.788654 54.269073
29.790308 54.271744
29.798016 54.272522
29.797997 54.272076
29.799936 54.263962
29.800642 54.262604
29.801714 54.252255
29.802441 54.251347
29.803974 54.251324
29.804741 54.251308
29.805506 54.251297
29.806272 54.251286
29.807039 54.251274
29.808573 54.251251
29.80934 54.25124
29.810106 54.251228
29.810873 54.251217
29.811659 54.251652
29.813192 54.251629
29.813978 54.252068
29.814766 54.252502
29.815552 54.252941
29.816319 54.25293
29.817831 54.252457
29.818579 54.251995
29.819325 54.251534
29.820091 54.251522
29.820837 54.25106
29.821583 54.250603
29.820797 54.250164
29.820009 54.249725
29.819223 54.24929
29.817669 54.248863
29.816883 54.248428
29.816095 54.24799
29.815309 54.247555
29.814524 54.247116
29.813757 54.247127
29.81299 54.247139
29.812244 54.247601
29.811478 54.247612
29.809965 54.248085
29.809198 54.248096
29.808413 54.247662
29.807646 54.247673
29.806858 54.247234
29.806818 54.246338
29.806032 54.245899
29.806011 54.245453
29.805225 54.245014
29.804419 54.244129
29.803633 54.24369
29.80583 54.241413
29.806578 54.240952
29.808594 54.234631
29.808575 54.234184
29.807787 54.233746
29.807001 54.233311
29.805449 54.232883
29.804663 54.232445
29.803877 54.23201
29.803856 54.23156
29.80307 54.231125
29.802284 54.230686
BRUSH(1,0)
REGION 2
240
31.734999 54.000839
31.734238 54.000862
31.733477 54.000885
31.732718 54.000912
31.731196 54.000958
31.730436 54.00098
31.729675 54.001007
31.728914 54.00103
31.728955 54.001476
31.729036 54.002373
31.728316 54.002846
31.727556 54.002869
31.726795 54.002895
31.725315 54.003391
31.725355 54.003838
31.725395 54.004288
31.724676 54.004757
31.724756 54.005653
31.724798 54.006104
31.724838 54.00655
31.724878 54.006996
31.724919 54.007446
31.724239 54.008366
31.723519 54.008839
31.722759 54.008862
31.721998 54.008884
31.721197 54.008461
31.720476 54.008934
31.719757 54.009407
31.719797 54.009853
31.719076 54.010326
31.718397 54.011246
31.717636 54.011269
31.716875 54.011291
31.716156 54.011765
31.714634 54.011814
31.713913 54.012283
31.713955 54.012733
31.713995 54.01318
31.714035 54.01363
31.714075 54.014076
31.714157 54.014973
31.713396 54.014996
31.712635 54.015018
31.711914 54.015492
31.711153 54.015514
31.709633 54.015564
31.708872 54.015587
31.708111 54.01561
31.70735 54.015636
31.706589 54.015659
31.705067 54.015705
31.704306 54.015728
31.703547 54.015755
31.702785 54.015778
31.702024 54.0158
31.700502 54.01585
31.699782 54.016319
31.699061 54.016792
31.698342 54.017265
31.698422 54.018158
31.6977 54.018631
31.69698 54.019104
31.69626 54.019577
31.697062 54.02
31.697863 54.020424
31.698664 54.020847
31.699425 54.020824
31.700987 54.021225
31.701788 54.021648
31.701828 54.022099
31.701868 54.022545
31.701908 54.022995
31.702749 54.023865
31.704272 54.023819
31.705033 54.023796
31.705794 54.023769
31.706555 54.023746
31.707316 54.023724
31.707356 54.02417
31.707436 54.025066
31.707478 54.025517
31.706757 54.025986
31.706797 54.026436
31.707598 54.026859
31.708399 54.027283
31.7092 54.02771
31.710043 54.02858
31.710844 54.029003
31.712406 54.029404
31.713167 54.029381
31.713969 54.029804
31.71473 54.029781
31.71541 54.028862
31.716131 54.028389
31.716852 54.02792
31.717571 54.027447
31.717531 54.026997
31.718252 54.026527
31.719734 54.026032
31.720494 54.026009
31.721255 54.025982
31.722057 54.026405
31.722859 54.026833
31.72366 54.027256
31.725222 54.027657
31.725264 54.028103
31.725344 54.028999
31.725384 54.029449
31.723862 54.029495
31.723143 54.029968
31.722382 54.029991
31.721621 54.030014
31.72086 54.030041
31.719338 54.030087
31.718577 54.030109
31.717815 54.030136
31.717054 54.030159
31.716293 54.030182
31.714812 54.030678
31.714852 54.031128
31.714131 54.031597
31.714173 54.032047
31.714213 54.032494
31.714293 54.03339
31.714333 54.033836
31.715136 54.034264
31.715897 54.034237
31.717419 54.034191
31.71818 54.034168
31.718941 54.034142
31.719702 54.034119
31.720463 54.034096
31.722025 54.034496
31.722786 54.034473
31.723547 54.034447
31.724308 54.034424
31.725029 54.033951
31.726551 54.033905
31.727312 54.033882
31.728073 54.033855
31.728834 54.033833
31.729555 54.033359
31.731077 54.033314
31.731798 54.032841
31.732519 54.032368
31.733238 54.031899
31.733959 54.031425
31.733919 54.030975
31.734598 54.030056
31.734558 54.02961
31.735277 54.029137
31.735998 54.028664
31.736759 54.028641
31.738281 54.028591
31.739002 54.028122
31.739763 54.028095
31.740524 54.028072
31.741244 54.027599
31.742766 54.027554
31.743527 54.027531
31.744288 54.027504
31.745049 54.027481
31.74581 54.027458
31.747332 54.027409
31.748093 54.027386
31.748812 54.026913
31.749573 54.02689
31.750334 54.026863
31.751856 54.026817
31.752617 54.026794
31.753338 54.026321
31.753296 54.025871
31.754017 54.025402
31.753975 54.024952
31.754696 54.024479
31.754614 54.023582
31.755335 54.023113
31.755293 54.022663
31.755253 54.022217
31.755972 54.021744
31.75589 54.020847
31.75585 54.020401
31.755047 54.019978
31.753527 54.020023
31.752766 54.02005
31.752045 54.020519
31.751284 54.020546
31.750525 54.020569
31.749003 54.020615
31.748961 54.020168
31.749682 54.019695
31.751162 54.019199
31.751883 54.018726
31.752602 54.018257
31.753323 54.017784
31.754042 54.017311
31.754002 54.016865
31.753199 54.016441
31.753117 54.015545
31.753077 54.015095
31.752276 54.014671
31.752234 54.014225
31.751393 54.013351
31.75059 54.012928
31.749789 54.012505
31.748988 54.012081
31.748144 54.011208
31.747343 54.010784
31.746542 54.010361
31.746502 54.009911
31.745659 54.009041
31.74638 54.008568
31.746338 54.008122
31.746298 54.007671
31.746256 54.007225
31.746977 54.006752
31.746895 54.005856
31.746855 54.005409
31.746813 54.004959
31.747534 54.004486
31.746733 54.004063
31.74593 54.003639
31.745171 54.003662
31.743649 54.003712
31.742888 54.003735
31.742128 54.003758
31.741407 54.004231
31.740648 54.004253
31.739126 54.004303
31.739847 54.00383
31.739805 54.003384
31.740526 54.002911
31.740484 54.002464
31.739643 54.001591
31.738882 54.001614
31.738121 54.00164
31.73732 54.001213
31.7358 54.001263
31.734999 54.000839
89
31.740931 54.032555
31.74017 54.032577
31.739491 54.033497
31.73877 54.03397
31.738051 54.034443
31.736526 54.034489
31.735808 54.034962
31.735047 54.034985
31.734285 54.035007
31.733524 54.035034
31.732042 54.03553
31.731322 54.035999
31.730601 54.036472
31.729882 54.036945
31.729161 54.037418
31.729962 54.037842
31.730004 54.038288
31.730805 54.038712
31.732367 54.039112
31.73317 54.039539
31.733971 54.039963
31.734692 54.03949
31.735413 54.039017
31.736092 54.038097
31.736813 54.037624
31.737534 54.037155
31.738253 54.036682
31.739014 54.036659
31.739775 54.036633
31.741299 54.036587
31.7421 54.03701
31.742901 54.037434
31.743704 54.037857
31.743744 54.038307
31.744587 54.039177
31.744627 54.039627
31.74543 54.040051
31.74547 54.040497
31.746313 54.04137
31.746355 54.041817
31.746395 54.042267
31.746435 54.042713
31.746477 54.043163
31.746559 54.04406
31.746599 54.044506
31.746639 54.044952
31.746681 54.045403
31.747482 54.045826
31.746803 54.046745
31.746846 54.047195
31.747607 54.047169
31.749129 54.047123
31.749931 54.047546
31.750692 54.047524
31.751493 54.047947
31.752215 54.047474
31.752936 54.047001
31.752894 54.046555
31.752854 54.046104
31.752811 54.045658
31.753493 54.044739
31.75345 54.044289
31.75341 54.043842
31.753368 54.043392
31.753328 54.042946
31.753246 54.042049
31.753206 54.041603
31.753165 54.041153
31.753124 54.040707
31.753083 54.040256
31.752239 54.039387
31.752199 54.038937
31.751396 54.038513
31.750635 54.038536
31.749073 54.038139
31.74827 54.037712
31.74823 54.037266
31.748148 54.036369
31.748108 54.035923
31.748066 54.035473
31.748026 54.035027
31.747223 54.034603
31.746422 54.034176
31.745619 54.033752
31.744858 54.033779
31.744057 54.033352
31.743256 54.032928
31.741734 54.032978
31.740931 54.032555
BRUSH(1,0)
REGION 1
139
29.702131 54.000862
29.701387 54.00132
29.701407 54.00177
29.700682 54.002678
29.699938 54.003139
29.699196 54.003597
29.698452 54.004059
29.698471 54.004505
29.697746 54.005417
29.697765 54.005863
29.697021 54.006325
29.69704 54.006775
29.69706 54.007221
29.698603 54.007648
29.699383 54.008087
29.700163 54.008526
29.700926 54.008514
29.701706 54.008953
29.70245 54.008492
29.703174 54.007584
29.703919 54.007122
29.704661 54.006664
29.704641 54.006214
29.706167 54.006191
29.706184 54.006641
29.707727 54.007069
29.70849 54.007057
29.709251 54.007046
29.710034 54.007484
29.710777 54.007023
29.71232 54.00745
29.712338 54.0079
29.713119 54.008335
29.713158 54.009235
29.713177 54.009682
29.713957 54.01012
29.713976 54.01057
29.714758 54.011009
29.715519 54.010998
29.716301 54.011433
29.717062 54.011421
29.717844 54.01186
29.719387 54.012287
29.720148 54.012276
29.72093 54.012714
29.72171 54.013153
29.722511 54.014038
29.723274 54.014027
29.724779 54.013557
29.72554 54.013546
29.72476 54.013107
29.724741 54.012657
29.72394 54.011772
29.72316 54.011334
29.723141 54.010883
29.723122 54.010437
29.723103 54.009987
29.723827 54.009079
29.723808 54.008629
29.72455 54.008167
29.72377 54.007732
29.723751 54.007282
29.72295 54.006397
29.722189 54.006409
29.721407 54.00597
29.721369 54.00507
29.720589 54.004635
29.72057 54.004185
29.720551 54.003735
29.720532 54.003288
29.720493 54.002388
29.720474 54.001942
29.721218 54.00148
29.721979 54.001469
29.723484 54.000999
29.724247 54.000988
29.727276 54.000492
29.729542 54.000011
29.728666 53.99733
29.728647 53.99688
29.732456 53.996822
29.729712 53.986084
29.729692 53.985634
29.744146 53.98497
29.744907 53.984959
29.745497 53.980907
29.745476 53.980461
29.74243 53.980507
29.741669 53.980518
29.735672 53.982853
29.734167 53.983322
29.73333 53.981537
29.73255 53.981102
29.722668 53.981697
29.719622 53.981739
29.720516 53.984871
29.720554 53.985767
29.711395 53.985455
29.709091 53.985039
29.699932 53.984722
29.698408 53.984745
29.703411 53.995003
29.699583 53.99461
29.699564 53.99416
29.694788 53.989288
29.694025 53.9893
29.697779 53.987896
29.694601 53.984798
29.696793 53.982521
29.696774 53.982075
29.694395 53.979862
29.693615 53.979424
29.702679 53.977497
29.704201 53.977474
29.707764 53.971584
29.704662 53.97028
29.703121 53.969852
29.69573 53.975349
29.695749 53.9758
29.691292 53.978558
29.691311 53.979008
29.679163 53.98008
29.677641 53.980103
29.680964 53.986793
29.680983 53.98724
29.683546 53.993942
29.683565 53.994392
29.679756 53.994446
29.678993 53.994457
29.681372 53.99667
29.681391 53.997116
29.688192 53.99567
29.688953 53.995663
29.692856 53.997852
29.693619 53.997841
29.701237 53.99773
29.702 53.997719
29.702856 53.99995
29.702131 54.000862
BRUSH(1,0)
REGION 3
214
30.266685 53.897007
30.266735 53.897903
30.267571 53.899235
30.268354 53.89967
30.265463 53.90242
30.276301 53.905804
30.277059 53.905788
30.272087 53.912174
30.271378 53.913086
30.280647 53.915604
30.282192 53.916023
30.286903 53.918625
30.287714 53.91951
30.291439 53.918087
30.295416 53.921154
30.297846 53.923801
30.305271 53.920513
30.306793 53.920483
30.309174 53.922234
30.31452 53.922577
30.315281 53.922562
30.315584 53.927948
30.31637 53.928383
30.311833 53.928921
30.311073 53.928936
30.3113 53.932972
30.311325 53.933422
30.319563 53.931015
30.321159 53.932331
30.319664 53.932808
30.321361 53.935921
30.319208 53.93821
30.32159 53.939957
30.328308 53.93758
30.332974 53.939285
30.330895 53.942921
30.328894 53.947899
30.327601 53.951969
30.343397 53.948509
30.348192 53.952457
30.343122 53.95705
30.33861 53.958038
30.333309 53.958595
30.333693 53.965324
30.336838 53.96706
30.347517 53.967297
30.355631 53.962643
30.363819 53.959335
30.365895 53.9557
30.363329 53.95081
30.370018 53.947979
30.367477 53.943539
30.360788 53.946369
30.35964 53.939651
30.360376 53.93919
30.36767 53.933651
30.368404 53.933189
30.364292 53.927879
30.36348 53.926998
30.365633 53.924709
30.366392 53.924694
30.369305 53.92239
30.376619 53.917301
30.371878 53.914253
30.375366 53.908791
30.378433 53.90918
30.383907 53.911762
30.387291 53.904507
30.38027 53.901505
30.380667 53.895206
30.376057 53.894402
30.367676 53.894123
30.359268 53.893391
30.356834 53.890747
30.352278 53.890835
30.351416 53.889057
30.346022 53.887817
30.344604 53.889641
30.347668 53.89003
30.348557 53.892258
30.340176 53.891975
30.333338 53.892113
30.331667 53.88945
30.332298 53.887192
30.33516 53.883987
30.343462 53.882927
30.345867 53.885124
30.348906 53.885063
30.356501 53.884911
30.360195 53.883041
30.36174 53.883461
30.367739 53.881992
30.376272 53.884964
30.37837 53.881779
30.381985 53.878559
30.389631 53.879303
30.388424 53.88472
30.393975 53.888649
30.398533 53.888557
30.405369 53.888416
30.410738 53.889206
30.423729 53.890289
30.423595 53.888046
30.420532 53.887657
30.421892 53.884933
30.417231 53.883232
30.40728 53.882092
30.395758 53.880077
30.404634 53.875855
30.403036 53.874538
30.406702 53.872219
30.399555 53.866974
30.397305 53.86747
30.393404 53.865753
30.388954 53.867638
30.378826 53.86335
30.372547 53.859882
30.376187 53.857117
30.369934 53.854096
30.362576 53.858288
30.362949 53.851543
30.36327 53.843899
30.359348 53.841732
30.356853 53.851215
30.353058 53.851292
30.349844 53.848209
30.345343 53.849197
30.345495 53.851891
30.345648 53.854584
30.34193 53.856003
30.342159 53.860043
30.34697 53.864437
30.351704 53.867489
30.350996 53.868401
30.340845 53.863663
30.335482 53.862869
30.325258 53.870258
30.318199 53.866356
30.31959 53.864082
30.318022 53.863216
30.31415 53.861942
30.314808 53.860134
30.318325 53.855122
30.315138 53.852489
30.316555 53.850666
30.305046 53.848644
30.301636 53.841972
30.2983 53.836647
30.291249 53.832745
30.285204 53.833309
30.285479 53.838245
30.285503 53.838696
30.287094 53.840012
30.287878 53.840446
30.286709 53.846756
30.286001 53.847668
30.291262 53.846668
30.292021 53.846653
30.29619 53.85331
30.296974 53.853745
30.287184 53.855282
30.289784 53.861073
30.293146 53.866844
30.297975 53.871693
30.303467 53.874729
30.302048 53.876556
30.306681 53.877811
30.308909 53.876869
30.314375 53.879459
30.315844 53.878532
30.32045 53.879337
30.319033 53.881165
30.32288 53.881985
30.324297 53.880161
30.326702 53.882359
30.326044 53.884171
30.3284 53.885471
30.325563 53.889122
30.324831 53.889584
30.329464 53.890839
30.330223 53.890823
30.33111 53.893055
30.326527 53.892696
30.325767 53.892712
30.320982 53.88876
30.320196 53.888329
30.314753 53.886189
30.313969 53.885754
30.306982 53.883198
30.306223 53.883213
30.304754 53.88414
30.298527 53.881565
30.297743 53.88113
30.298452 53.880219
30.294605 53.879395
30.293846 53.87941
30.293112 53.879875
30.292351 53.879887
30.286127 53.877316
30.285368 53.877327
30.284483 53.875099
30.283724 53.875114
30.275446 53.876621
30.274687 53.876637
30.268709 53.878548
30.267216 53.879028
30.265648 53.878159
30.264864 53.877724
30.261925 53.879578
30.260431 53.880054
30.266976 53.888466
30.271046 53.893326
30.271071 53.893776
30.266685 53.897007
23
30.252499 53.915695
30.244286 53.918545
30.24127 53.919052
30.24073 53.923107
30.243843 53.924393
30.250172 53.928764
30.253189 53.928257
30.255592 53.930458
30.25861 53.929951
30.260965 53.931255
30.269181 53.928402
30.277817 53.933174
30.27495 53.936375
30.278141 53.939011
30.283541 53.94025
30.282431 53.933987
30.291479 53.932461
30.290619 53.930683
30.28228 53.931293
30.270552 53.925678
30.265942 53.92487
30.260372 53.920486
30.252499 53.915695
20
30.446087 53.857033
30.440069 53.858059
30.439497 53.861214
30.423035 53.865597
30.428145 53.874924
30.435684 53.873871
30.436443 53.873856
30.435579 53.872074
30.434793 53.871643
30.443689 53.867867
30.444422 53.867401
30.449629 53.865494
30.448765 53.863716
30.447979 53.863285
30.451719 53.862309
30.453943 53.861362
30.453917 53.860916
30.451559 53.859615
30.44923 53.858765
30.446087 53.857033
BRUSH(1,0)
REGION 4
96
30.974901 53.792786
30.973484 53.79417
30.972757 53.794636
30.975948 53.796803
30.974434 53.796841
30.972984 53.797775
30.972225 53.797794
30.971468 53.797813
30.9667 53.794788
30.963039 53.796677
30.964651 53.797985
30.965441 53.798416
30.967842 53.800152
30.968664 53.801029
30.961121 53.801666
30.955849 53.80225
30.955091 53.802269
30.95364 53.803204
30.952915 53.803669
30.948528 53.806026
30.948561 53.806473
30.953426 53.810844
30.954216 53.811275
30.948976 53.812305
30.94825 53.812771
30.946608 53.811016
30.941399 53.812492
30.938463 53.813915
30.939285 53.814793
30.939381 53.816135
30.939444 53.817036
30.943169 53.816044
30.943928 53.816025
30.949926 53.814976
30.950651 53.81451
30.954601 53.816658
30.955359 53.816639
30.9576 53.816132
30.959873 53.816074
30.961325 53.81514
30.965872 53.815025
30.965904 53.815475
30.965178 53.815941
30.968935 53.815399
30.968241 53.816315
30.966822 53.817699
30.966097 53.818165
30.970837 53.820744
30.971626 53.821171
30.9769 53.820591
30.979174 53.820534
30.979206 53.82098
30.98106 53.815094
30.981752 53.814178
30.982477 53.813709
30.983864 53.811878
30.983799 53.810982
30.98591 53.808682
30.989699 53.808586
30.992004 53.808975
30.989265 53.813087
30.989298 53.813538
30.98933 53.813988
30.994732 53.815197
30.995522 53.815628
30.996941 53.814243
30.999906 53.813271
31.008078 53.810814
31.008478 53.805862
31.009992 53.805824
31.012232 53.805317
31.011248 53.8022
31.011972 53.801731
31.008974 53.802258
31.00746 53.802296
31.007599 53.793755
31.007566 53.793308
31.002296 53.793892
31.002556 53.797478
31.000284 53.797535
30.997915 53.796249
30.997385 53.799404
30.993597 53.799503
30.993067 53.802662
30.993391 53.807144
30.986572 53.807316
30.987103 53.804157
30.988587 53.803673
30.989344 53.803654
30.989906 53.800942
30.989874 53.800495
30.985104 53.79747
30.977238 53.793625
30.97648 53.793644
30.975691 53.793217
30.974901 53.792786
23
30.925627 53.782745
30.923428 53.783737
30.923586 53.78598
30.923681 53.787327
30.926079 53.789062
30.926868 53.789494
30.92832 53.788559
30.929802 53.788071
30.932423 53.79295
30.932455 53.793396
30.930342 53.795696
30.928133 53.79665
30.931353 53.799267
30.932142 53.799694
30.944574 53.793095
30.943689 53.791321
30.943657 53.790874
30.941162 53.787788
30.940372 53.787361
30.941099 53.786892
30.941856 53.786873
30.936932 53.779987
30.925627 53.782745
23
30.986679 53.777214
30.985197 53.777702
30.984472 53.778168
30.9822 53.778225
30.985552 53.782635
30.985584 53.783081
30.98262 53.784054
30.985874 53.787117
30.988806 53.785698
30.989693 53.787472
30.989758 53.788368
30.99588 53.789112
30.997104 53.785038
30.995428 53.782833
30.994638 53.782406
30.995169 53.779247
30.995136 53.778797
30.994379 53.778816
30.993622 53.778835
30.992237 53.780666
30.991545 53.781586
30.986712 53.777664
30.986679 53.777214
17
30.939342 53.804905
30.937101 53.805412
30.930313 53.80603
30.927282 53.806103
30.927505 53.809242
30.927568 53.810142
30.930632 53.810513
30.931389 53.810493
30.936726 53.810814
30.937483 53.810795
30.939724 53.810287
30.940481 53.810268
30.941208 53.809803
30.943354 53.807953
30.941774 53.807091
30.940985 53.806664
30.939342 53.804905
BRUSH(1,0)
REGION 1
183
31.679514 53.763538
31.694559 53.762169
31.69619 53.763466
31.70606 53.763607
31.71167 53.758488
31.712544 53.751274
31.712503 53.750824
31.723923 53.751366
31.724283 53.755398
31.728861 53.755703
31.728218 53.748535
31.729649 53.747589
31.729608 53.747143
31.729528 53.746246
31.729488 53.745796
31.729448 53.74535
31.729408 53.7449
31.730124 53.744431
31.730043 53.743534
31.730003 53.743084
31.729963 53.742638
31.730679 53.742165
31.730639 53.741718
31.730598 53.741268
31.731274 53.740349
31.731234 53.739903
31.731193 53.739452
31.731909 53.738983
31.731869 53.738533
31.733301 53.737591
31.73576 53.73122
31.725021 53.729763
31.721277 53.721794
31.720482 53.721367
31.712967 53.722054
31.712212 53.722076
31.71559 53.717476
31.716305 53.717007
31.722548 53.719055
31.734514 53.717331
31.741062 53.705891
31.741817 53.705868
31.735695 53.705162
31.731085 53.704411
31.731638 53.702145
31.731598 53.701698
31.730763 53.700825
31.730723 53.700378
31.729927 53.699951
31.729134 53.699528
31.728298 53.698654
31.728258 53.698208
31.727463 53.697784
31.727423 53.697334
31.726627 53.696911
31.726547 53.696014
31.726507 53.695568
31.725712 53.695141
31.725672 53.694695
31.725591 53.693798
31.725552 53.693352
31.725512 53.692902
31.725472 53.692455
31.725431 53.692005
31.725351 53.691109
31.725311 53.690662
31.725271 53.690212
31.725231 53.689766
31.725191 53.68932
31.725111 53.688423
31.725071 53.687973
31.725031 53.687527
31.724991 53.687077
31.725706 53.686607
31.725626 53.685711
31.725586 53.685261
31.725546 53.684814
31.725506 53.684364
31.726221 53.683895
31.726141 53.682999
31.726101 53.682548
31.726061 53.682102
31.726021 53.681652
31.725981 53.681206
31.725901 53.680309
31.726616 53.679836
31.726576 53.67939
31.726536 53.67894
31.727249 53.678471
31.727169 53.677574
31.727884 53.677101
31.727844 53.676655
31.728559 53.676182
31.729273 53.675709
31.72538 53.674484
31.727003 53.667244
31.726963 53.666794
31.721798 53.659767
31.721003 53.659344
31.713459 53.65958
31.71195 53.65963
31.716166 53.672977
31.70886 53.684441
31.708105 53.684464
31.705801 53.684086
31.705761 53.683636
31.705483 53.6805
31.706198 53.680031
31.695631 53.680359
31.695591 53.679913
31.689991 53.685028
31.689236 53.685051
31.70175 53.689606
31.701948 53.691845
31.697458 53.692432
31.696188 53.695171
31.681286 53.69788
31.680569 53.698353
31.68013 53.701961
31.699724 53.700901
31.704575 53.704342
31.705328 53.704319
31.716856 53.706203
31.707996 53.717266
31.701874 53.71656
31.700125 53.722454
31.711857 53.726582
31.712612 53.726559
31.713408 53.726982
31.714243 53.727856
31.714283 53.728302
31.715078 53.728725
31.716629 53.729126
31.717384 53.729103
31.71818 53.729527
31.718977 53.729954
31.719017 53.7304
31.719057 53.73085
31.71838 53.73177
31.71842 53.732216
31.71846 53.732666
31.717745 53.733135
31.717785 53.733585
31.71711 53.734505
31.716395 53.734978
31.715637 53.735001
31.714127 53.735046
31.713411 53.735519
31.712656 53.735542
31.711899 53.735565
31.711103 53.735142
31.709593 53.735191
31.708837 53.735214
31.70808 53.735237
31.707285 53.734814
31.70649 53.734386
31.705694 53.733963
31.705654 53.733517
31.705614 53.733067
31.706289 53.732147
31.706251 53.731701
31.706211 53.731251
31.706926 53.730782
31.706886 53.730331
31.706806 53.729435
31.703705 53.728634
31.698654 53.731487
31.697939 53.73196
31.691893 53.732147
31.691137 53.73217
31.683895 53.74453
31.68318 53.744999
31.683258 53.745895
31.694 53.74736
31.694757 53.747337
31.694597 53.754082
31.694637 53.754528
31.677885 53.753704
31.677128 53.753727
31.675297 53.758724
31.679991 53.760376
31.679474 53.763088
31.679514 53.763538
BRUSH(1,0)
REGION 1
94
31.385534 53.550785
31.387365 53.556149
31.389053 53.558346
31.382276 53.55854
31.380482 53.554997
31.379692 53.554569
31.376043 53.555103
31.377006 53.558689
31.37414 53.56057
31.368401 53.554893
31.367613 53.554466
31.356357 53.564671
31.355604 53.564693
31.359047 53.569984
31.36145 53.571716
31.359371 53.57402
31.366619 53.579655
31.367409 53.580082
31.370312 53.578651
31.37505 53.581211
31.380821 53.5779
31.381538 53.577431
31.405945 53.58976
31.406734 53.590187
31.407744 53.593304
31.414488 53.592659
31.414986 53.5895
31.414949 53.58905
31.424706 53.588318
31.424742 53.588768
31.425459 53.588299
31.418056 53.580875
31.412821 53.581474
31.412031 53.581047
31.411242 53.58062
31.410414 53.579746
31.409624 53.579319
31.408834 53.578892
31.408798 53.578445
31.407972 53.577572
31.407183 53.577145
31.406393 53.576717
31.405603 53.57629
31.404814 53.575863
31.40406 53.575886
31.403271 53.575459
31.401766 53.575504
31.400976 53.575077
31.40015 53.574204
31.399361 53.573776
31.399325 53.573326
31.398535 53.572899
31.398461 53.572002
31.397673 53.571579
31.396883 53.571152
31.396847 53.570702
31.396773 53.569805
31.395984 53.569378
31.395947 53.568932
31.39591 53.568481
31.395874 53.568035
31.395802 53.567139
31.395012 53.566711
31.394976 53.566261
31.394939 53.565815
31.394903 53.565365
31.394831 53.564468
31.394041 53.564045
31.394005 53.563595
31.393968 53.563148
31.393896 53.562252
31.393107 53.561825
31.39307 53.561375
31.393034 53.560928
31.392998 53.560478
31.392925 53.559582
31.392889 53.559135
31.393606 53.558662
31.39357 53.558216
31.393534 53.557766
31.393461 53.55687
31.393425 53.556423
31.393389 53.555973
31.393353 53.555527
31.394068 53.555058
31.393995 53.554161
31.393959 53.553711
31.393923 53.553265
31.393886 53.552814
31.39385 53.552368
31.393778 53.551472
31.392126 53.549721
31.39209 53.549274
31.385534 53.550785
BRUSH(1,0)
REGION 1
94
31.932665 53.633629
31.933419 53.633602
31.935681 53.633526
31.936265 53.63171
31.936222 53.631264
31.948155 53.629517
31.949822 53.623169
31.956137 53.618015
31.95756 53.617069
31.958313 53.617046
31.961539 53.619183
31.971005 53.62336
31.98205 53.620293
31.983599 53.620689
31.991177 53.620884
31.991673 53.618172
31.991545 53.616825
31.986229 53.616558
31.986386 53.61026
31.982533 53.609493
31.984282 53.604042
31.984992 53.603565
31.978001 53.601555
31.977206 53.601131
31.980545 53.596527
31.981213 53.595604
31.975104 53.594914
31.97435 53.594936
31.962727 53.599823
31.953724 53.592484
31.957691 53.58651
31.938324 53.581314
31.932959 53.583564
31.925046 53.590424
31.927998 53.591991
31.92804 53.592442
31.93281 53.594978
31.934359 53.595375
31.937702 53.590771
31.938456 53.590748
31.94398 53.593258
31.94331 53.594177
31.941178 53.595596
31.94122 53.596046
31.942015 53.59647
31.94281 53.596893
31.942853 53.59734
31.943606 53.597313
31.944443 53.598186
31.945239 53.59861
31.94528 53.599056
31.945323 53.599503
31.944655 53.600426
31.944697 53.600872
31.944739 53.601322
31.944781 53.601768
31.944069 53.602241
31.944113 53.602692
31.943444 53.603611
31.942732 53.604084
31.942774 53.60453
31.942065 53.605003
31.942107 53.605453
31.941395 53.605927
31.942191 53.60635
31.942944 53.606323
31.943739 53.606747
31.943028 53.60722
31.941521 53.607269
31.940768 53.607296
31.940726 53.606846
31.939972 53.606873
31.939219 53.606895
31.938551 53.607819
31.937798 53.607841
31.937003 53.607422
31.936919 53.606525
31.937586 53.605602
31.937544 53.605156
31.930598 53.603588
31.918757 53.606228
31.915535 53.612179
31.919806 53.617428
31.916752 53.625168
31.920561 53.625492
31.92462 53.620415
31.940527 53.620785
31.9399 53.622154
31.936512 53.626308
31.92902 53.627007
31.92747 53.62661
31.924666 53.628948
31.930405 53.633701
31.932665 53.633629
BRUSH(1,0)
REGION 1
43
29.352947 53.473591
29.344843 53.479076
29.338762 53.477348
29.337258 53.477367
29.334362 53.480991
29.325373 53.482445
29.323866 53.48246
29.322433 53.484722
29.321693 53.48518
29.327802 53.487804
29.327818 53.488255
29.324154 53.49144
29.3234 53.491451
29.312063 53.490231
29.311312 53.490238
29.311453 53.494728
29.311468 53.495178
29.321558 53.504498
29.32234 53.505386
29.322571 53.512569
29.322599 53.51347
29.34149 53.515049
29.343012 53.51548
29.343677 53.512779
29.343649 53.511879
29.337578 53.510601
29.336824 53.510612
29.336666 53.505672
29.336635 53.504776
29.354908 53.487492
29.363337 53.491886
29.364105 53.492329
29.371605 53.491341
29.372356 53.491333
29.371469 53.487301
29.371456 53.486851
29.357861 53.485661
29.357107 53.485672
29.359203 53.480705
29.359926 53.479797
29.356783 53.475792
29.355234 53.474464
29.352947 53.473591
BRUSH(1,0)
REGION 1
78
30.257091 53.485264
30.25634 53.485275
30.254686 53.49654
30.25544 53.496525
30.252453 53.497032
30.251701 53.497047
30.25107 53.499306
30.251093 53.499752
30.243807 53.504383
30.243831 53.504833
30.239315 53.504921
30.238564 53.504932
30.237906 53.506744
30.223627 53.507462
30.223114 53.511967
30.223137 53.512413
30.223938 53.513298
30.219562 53.516075
30.218834 53.516537
30.217304 53.516117
30.216551 53.516132
30.214292 53.516174
30.213539 53.51619
30.214626 53.522457
30.215427 53.523342
30.212391 53.522949
30.210836 53.522079
30.204788 53.521744
30.204035 53.521759
30.197447 53.525475
30.196718 53.525936
30.202227 53.530327
30.203051 53.531658
30.206745 53.530243
30.206301 53.536091
30.205572 53.536552
30.20941 53.53783
30.210939 53.53825
30.210447 53.543201
30.210495 53.544098
30.22615 53.540657
30.226904 53.540642
30.227465 53.537041
30.235752 53.536881
30.235825 53.538227
30.241169 53.539475
30.243406 53.538982
30.244063 53.537174
30.249311 53.536621
30.251257 53.530746
30.254269 53.530689
30.256431 53.528851
30.257185 53.528835
30.259443 53.528793
30.261559 53.526054
30.262262 53.525143
30.264303 53.521061
30.265032 53.520599
30.264059 53.516575
30.264011 53.515678
30.26248 53.515259
30.261728 53.51527
30.262188 53.509872
30.262894 53.508961
30.265881 53.508453
30.265806 53.507107
30.265758 53.50621
30.261801 53.502693
30.261023 53.502258
30.261631 53.49955
30.261606 53.499104
30.260683 53.495976
30.260658 53.495525
30.259665 53.491055
30.25964 53.490604
30.260199 53.487
30.260126 53.485653
30.257091 53.485264
BRUSH(1,0)
REGION 1
53
30.999885 53.455658
31.013077 53.461163
31.021933 53.458691
31.018219 53.448902
31.015965 53.448959
31.015934 53.448509
31.015869 53.447613
31.015804 53.446716
31.014958 53.445389
31.014174 53.444962
31.011696 53.441879
31.010847 53.440552
31.010065 53.440124
31.01 53.439228
31.008307 53.436573
31.008242 53.435677
31.008145 53.434334
31.007265 53.432556
31.005444 53.428112
31.005411 53.427662
31.004597 53.426785
31.003334 53.419628
31.00033 53.419704
30.997328 53.419781
30.996704 53.421593
30.996737 53.422043
30.99696 53.425182
30.993174 53.424828
30.987455 53.429016
30.986704 53.429035
30.984276 53.428738
30.9837 53.429111
30.983202 53.429123
30.982262 53.430046
30.977629 53.428368
30.976191 53.429302
30.983362 53.434963
30.983395 53.43541
30.985552 53.434006
30.989466 53.436153
30.99025 53.436585
30.988842 53.437969
30.989786 53.440639
30.989849 53.441536
30.991543 53.444187
30.991606 53.445087
30.993364 53.448635
30.993397 53.449085
30.994339 53.451756
30.995123 53.452187
30.99597 53.45351
30.996754 53.453941
30.999885 53.455658
BRUSH(1,0)
REGION 1
48
28.637739 53.286602
28.633991 53.286625
28.622774 53.288483
28.622803 53.290279
28.625141 53.296104
28.616921 53.297947
28.619219 53.301079
28.613978 53.301559
28.614733 53.302002
28.614767 53.304249
28.620752 53.303318
28.624515 53.304195
28.631292 53.305954
28.625376 53.311379
28.627682 53.314961
28.626188 53.315418
28.623188 53.315434
28.621695 53.315891
28.620235 53.318592
28.630732 53.318085
28.640448 53.315784
28.650154 53.313034
28.653211 53.316612
28.657698 53.315685
28.657692 53.315239
28.655397 53.312557
28.658382 53.311642
28.662184 53.314762
28.669803 53.321907
28.678003 53.318714
28.674177 53.314243
28.678663 53.313316
28.68173 53.317341
28.686224 53.316868
28.68392 53.313736
28.678589 53.308826
28.676338 53.308838
28.677824 53.307934
28.682262 53.304314
28.675507 53.303902
28.676233 53.302551
28.675425 53.298962
28.670814 53.292252
28.667772 53.289574
28.664001 53.28825
28.652737 53.286964
28.642243 53.287025
28.637739 53.286602
BRUSH(1,0)
REGION 1
287
32.608055 53.408363
32.606556 53.408421
32.605007 53.408031
32.601914 53.407253
32.602516 53.40588
32.604015 53.405823
32.603871 53.40448
32.602875 53.402271
32.601379 53.402328
32.599182 53.402866
32.595436 53.403011
32.593239 53.403545
32.59029 53.40411
32.589493 53.40369
32.587151 53.402882
32.587803 53.401958
32.588356 53.400139
32.590652 53.400501
32.591301 53.399574
32.591106 53.397785
32.590263 53.396919
32.587917 53.396111
32.584126 53.395809
32.584175 53.396256
32.584221 53.396706
32.58427 53.397152
32.58432 53.397598
32.583572 53.397629
32.583618 53.398075
32.583668 53.398525
32.583717 53.398972
32.58297 53.398998
32.583015 53.399448
32.582268 53.399475
32.582317 53.399925
32.581566 53.399952
32.580868 53.400429
32.58012 53.400459
32.579369 53.40049
32.578621 53.400516
32.578571 53.40007
32.577824 53.400097
32.577076 53.400127
32.576324 53.400158
32.575527 53.399738
32.57478 53.399765
32.574032 53.399795
32.573982 53.399349
32.573235 53.399376
32.572437 53.39896
32.571686 53.398987
32.57164 53.398541
32.570888 53.398567
32.570091 53.398151
32.569344 53.398178
32.568546 53.397762
32.567799 53.397789
32.567749 53.397343
32.567001 53.397369
32.566204 53.396954
32.565452 53.39698
32.564655 53.396564
32.563908 53.396591
32.563858 53.396145
32.56311 53.396172
32.562313 53.395756
32.561516 53.395336
32.560768 53.395363
32.560718 53.394916
32.559971 53.394947
32.559174 53.394527
32.558426 53.394554
32.557774 53.395481
32.557167 53.396851
32.556614 53.39867
32.557457 53.399536
32.558304 53.400402
32.557602 53.400879
32.557652 53.401329
32.556904 53.401356
32.55695 53.401802
32.556252 53.402279
32.556297 53.402729
32.55555 53.402756
32.555599 53.403206
32.555645 53.403652
32.555695 53.404098
32.555744 53.404549
32.555042 53.405022
32.55584 53.405441
32.555092 53.405472
32.555138 53.405918
32.555187 53.406364
32.555237 53.406815
32.555283 53.407261
32.555332 53.407707
32.555382 53.408157
32.55463 53.408184
32.55468 53.408634
32.554729 53.409081
32.555477 53.40905
32.555527 53.4095
32.555573 53.409946
32.556324 53.40992
32.55637 53.410366
32.557121 53.410336
32.557167 53.410786
32.557964 53.411201
32.558716 53.411175
32.559513 53.411594
32.558811 53.412067
32.558861 53.412518
32.558109 53.412544
32.556057 53.414421
32.553348 53.417225
32.551804 53.416832
32.549557 53.41692
32.54895 53.418293
32.549747 53.418709
32.550545 53.419128
32.552044 53.419071
32.551392 53.419994
32.551537 53.421337
32.550934 53.42271
32.551731 53.42313
32.554825 53.423908
32.557968 53.425137
32.558666 53.42466
32.559319 53.423737
32.559925 53.422363
32.560433 53.420097
32.560383 53.419647
32.561932 53.42004
32.565025 53.420818
32.565071 53.421265
32.56517 53.422161
32.565361 53.42395
32.566113 53.423923
32.568359 53.423836
32.569012 53.422913
32.568962 53.422462
32.567925 53.419807
32.569179 53.417511
32.572731 53.415577
32.573528 53.415997
32.574326 53.416412
32.574375 53.416862
32.57452 53.418205
32.57486 53.421337
32.575611 53.421307
32.580105 53.421135
32.582306 53.420597
32.583801 53.42054
32.583851 53.42099
32.584698 53.421856
32.584892 53.423645
32.58794 53.423977
32.587986 53.424423
32.587383 53.425796
32.589729 53.426601
32.592026 53.426964
32.592728 53.426487
32.59478 53.42461
32.593983 53.424191
32.593086 53.422878
32.59219 53.421562
32.592648 53.41885
32.594894 53.418762
32.59475 53.417419
32.594456 53.414734
32.595253 53.415154
32.596005 53.415123
32.59605 53.415569
32.596802 53.415543
32.596851 53.415989
32.597599 53.415958
32.597649 53.416408
32.598396 53.416378
32.599193 53.416798
32.599945 53.416767
32.600693 53.41674
32.60149 53.417156
32.601441 53.41671
32.602192 53.416679
32.602142 53.416233
32.60289 53.416203
32.603642 53.416176
32.603592 53.415726
32.60434 53.415699
32.604294 53.415249
32.605042 53.415222
32.604992 53.414772
32.605694 53.414295
32.605644 53.413849
32.606392 53.413818
32.606342 53.413372
32.606297 53.412926
32.607044 53.412895
32.606995 53.412449
32.607697 53.411972
32.607647 53.411526
32.608395 53.411495
32.608345 53.411049
32.608299 53.410599
32.609047 53.410572
32.608997 53.410122
32.608948 53.409676
32.609699 53.409645
32.60965 53.409199
32.6096 53.408752
32.610348 53.408722
32.610302 53.408276
32.61105 53.408245
32.611797 53.408215
32.612549 53.408188
32.613296 53.408157
32.614044 53.408127
32.614796 53.4081
32.615544 53.40807
32.616291 53.408039
32.617043 53.408012
32.617088 53.408459
32.61784 53.408428
32.618587 53.408401
32.619335 53.408371
32.620087 53.40834
32.620884 53.40876
32.621631 53.40873
32.622383 53.408703
32.623181 53.409119
32.623928 53.409092
32.624725 53.409508
32.625477 53.409481
32.626274 53.409897
32.627022 53.409866
32.629269 53.409779
32.633064 53.41008
32.633762 53.409603
32.633713 53.409157
32.634464 53.409126
32.634415 53.40868
32.635113 53.408203
32.635063 53.407757
32.635815 53.407726
32.635765 53.40728
32.635715 53.40683
32.635666 53.406383
32.635616 53.405937
32.635567 53.405487
32.635517 53.405041
32.635471 53.404594
32.635422 53.404144
32.635372 53.403698
32.635323 53.403252
32.635273 53.402801
32.634525 53.402832
32.634476 53.402386
32.633728 53.402416
32.632229 53.402473
32.631431 53.402054
32.63068 53.402084
32.629932 53.402115
32.628582 53.403515
32.626335 53.403603
32.625637 53.404079
32.625687 53.404526
32.624935 53.404556
32.624985 53.405003
32.624237 53.405033
32.624286 53.405479
32.623535 53.40551
32.623585 53.405956
32.622837 53.405987
32.622089 53.406017
32.621338 53.406044
32.619843 53.406105
32.615997 53.405354
32.615948 53.404907
32.617252 53.403061
32.614906 53.402252
32.611862 53.40192
32.610367 53.401981
32.609714 53.402905
32.607712 53.405228
32.607811 53.406124
32.608005 53.407913
32.608055 53.408363
BRUSH(1,0)
REGION 1
48
29.483677 53.254585
29.479326 53.258682
29.478578 53.25869
29.47477 53.256943
29.471855 53.259224
29.47719 53.261852
29.474258 53.263687
29.471199 53.261929
29.468252 53.263313
29.464428 53.261116
29.461496 53.262951
29.460825 53.265205
29.462385 53.266983
29.462448 53.268776
29.457331 53.272434
29.442799 53.285645
29.448122 53.287823
29.451775 53.285084
29.454039 53.285503
29.462778 53.278206
29.466587 53.279957
29.469536 53.278572
29.472612 53.280777
29.474079 53.279861
29.476499 53.284771
29.477999 53.284752
29.477106 53.28072
29.481539 53.27887
29.480726 53.277081
29.48514 53.27478
29.48361 53.273899
29.486559 53.272514
29.490368 53.274265
29.49918 53.269211
29.49687 53.267441
29.498335 53.266525
29.49679 53.265198
29.493826 53.266132
29.492264 53.264359
29.495211 53.26297
29.492121 53.260315
29.490669 53.261681
29.484615 53.259964
29.492088 53.259419
29.492023 53.257622
29.486034 53.257698
29.487467 53.255882
29.483677 53.254585
BRUSH(1,0)
REGION 1
238
32.052555 53.380184
32.053345 53.380604
32.053391 53.381054
32.053432 53.3815
32.053474 53.38195
32.05352 53.382397
32.05431 53.38282
32.055061 53.382793
32.055809 53.382767
32.056557 53.38274
32.057308 53.382717
32.058056 53.38269
32.058804 53.382664
32.059555 53.382637
32.060345 53.38306
32.06039 53.383507
32.061138 53.383484
32.06118 53.38393
32.061932 53.383903
32.063385 53.383404
32.064842 53.382908
32.067753 53.381908
32.07066 53.380909
32.07053 53.379566
32.068947 53.378719
32.06807 53.377403
32.068027 53.376953
32.069481 53.376453
32.071728 53.376377
32.07164 53.375481
32.071556 53.374588
32.071297 53.371899
32.070503 53.371475
32.068214 53.371105
32.064339 53.369892
32.063591 53.369919
32.064167 53.368099
32.064659 53.365387
32.066948 53.365757
32.069984 53.366104
32.070648 53.365181
32.071224 53.363365
32.068188 53.363018
32.065853 53.362202
32.065723 53.360855
32.06551 53.358616
32.066216 53.358143
32.067627 53.357197
32.068245 53.355827
32.068821 53.354008
32.067944 53.352692
32.066273 53.350952
32.064564 53.348763
32.065182 53.347393
32.067471 53.347763
32.070507 53.34811
32.071125 53.346741
32.072449 53.344898
32.071617 53.344028
32.07061 53.341366
32.070522 53.340469
32.071846 53.338627
32.069557 53.338257
32.06353 53.338013
32.063572 53.338463
32.063614 53.338909
32.06366 53.339359
32.062908 53.339382
32.062954 53.339832
32.062996 53.340279
32.063038 53.340729
32.063084 53.341175
32.062332 53.341202
32.062378 53.341648
32.06242 53.342098
32.062462 53.342545
32.061714 53.342571
32.060966 53.342594
32.060219 53.342621
32.059467 53.342648
32.05872 53.342674
32.058678 53.342224
32.05793 53.342251
32.057182 53.342278
32.056431 53.342304
32.055683 53.342327
32.054935 53.342354
32.054188 53.342381
32.05423 53.342827
32.05344 53.342403
32.053394 53.341957
32.053352 53.341511
32.054058 53.341034
32.056259 53.340511
32.055382 53.339191
32.05534 53.338745
32.053845 53.338795
32.052345 53.338848
32.052303 53.338398
32.049141 53.336712
32.045185 53.334599
32.044434 53.334625
32.043732 53.335098
32.04298 53.335125
32.042274 53.335598
32.041527 53.335625
32.040821 53.336098
32.040073 53.336124
32.039326 53.336147
32.038578 53.336174
32.03783 53.336201
32.037125 53.336674
32.036373 53.336697
32.035625 53.336723
32.034878 53.33675
32.03413 53.336777
32.034172 53.337223
32.033508 53.338146
32.03368 53.339935
32.032269 53.340881
32.029446 53.342777
32.024422 53.345196
32.02367 53.345222
32.026794 53.346462
32.028953 53.345489
32.030537 53.346336
32.032867 53.347153
32.034321 53.346653
32.037891 53.344734
32.040138 53.344658
32.043839 53.344082
32.048286 53.343479
32.048328 53.343929
32.04837 53.344376
32.048416 53.344826
32.048458 53.345272
32.0485 53.345718
32.047752 53.345745
32.047794 53.346195
32.047047 53.346218
32.046299 53.346245
32.046341 53.346691
32.045593 53.346718
32.045635 53.347168
32.044888 53.347191
32.044182 53.347664
32.044224 53.348114
32.043518 53.348587
32.04356 53.349033
32.043602 53.349484
32.042854 53.34951
32.042896 53.349957
32.042942 53.350403
32.042191 53.35043
32.042236 53.35088
32.041485 53.350903
32.041531 53.351353
32.040779 53.351376
32.040825 53.351826
32.040073 53.351852
32.040119 53.352299
32.039368 53.352325
32.03941 53.352772
32.038662 53.352798
32.038704 53.353245
32.03875 53.353695
32.038791 53.354141
32.039539 53.354115
32.039581 53.354565
32.040333 53.354538
32.040375 53.354984
32.041122 53.354961
32.041916 53.355381
32.042664 53.355358
32.042705 53.355804
32.043453 53.355778
32.044247 53.356201
32.044994 53.356174
32.045036 53.356625
32.04583 53.357044
32.045872 53.357494
32.046619 53.357468
32.046665 53.357918
32.047413 53.357891
32.04816 53.357864
32.048203 53.358314
32.048954 53.358288
32.049702 53.358261
32.050449 53.358234
32.051819 53.356842
32.052609 53.357262
32.054279 53.359005
32.055904 53.360294
32.058193 53.360664
32.058281 53.361561
32.058495 53.3638
32.060913 53.365517
32.061001 53.366413
32.060379 53.367783
32.060425 53.368229
32.058842 53.367386
32.055714 53.366142
32.055054 53.367065
32.053684 53.368462
32.051567 53.369881
32.05011 53.37038
32.049362 53.370407
32.048569 53.369984
32.04549 53.36919
32.044784 53.369663
32.044121 53.370586
32.044163 53.371033
32.044956 53.371456
32.044998 53.371903
32.045788 53.372326
32.045833 53.372772
32.046581 53.372749
32.046623 53.373196
32.046665 53.373646
32.047417 53.373619
32.047458 53.374065
32.047501 53.374516
32.047546 53.374962
32.047588 53.375408
32.048378 53.375832
32.048424 53.376282
32.048466 53.376728
32.048508 53.377174
32.049259 53.377151
32.049301 53.377598
32.049343 53.378048
32.049385 53.378494
32.050137 53.378468
32.050179 53.378918
32.052425 53.378838
32.052468 53.379288
32.052513 53.379734
32.052555 53.380184
BRUSH(1,0)
REGION 1
79
31.418745 53.320705
31.415001 53.320816
31.410509 53.320946
31.410726 53.323635
31.407768 53.324169
31.40534 53.321995
31.385946 53.323452
31.388372 53.325626
31.388409 53.326076
31.387661 53.326096
31.386198 53.326588
31.385485 53.327057
31.384737 53.32708
31.384024 53.327549
31.382563 53.328041
31.381849 53.32851
31.381065 53.328083
31.380279 53.327656
31.379496 53.327229
31.377962 53.326824
31.377213 53.326847
31.376392 53.32597
31.375608 53.325542
31.374859 53.325565
31.374075 53.325138
31.372541 53.324734
31.371794 53.324753
31.370617 53.328831
31.371403 53.329258
31.37215 53.329239
31.373684 53.329643
31.374433 53.32962
31.375218 53.330048
31.376001 53.330475
31.376751 53.330452
31.377501 53.330433
31.379034 53.330837
31.379782 53.330814
31.380567 53.331242
31.381315 53.331223
31.382101 53.33165
31.382885 53.332073
31.383741 53.333397
31.383885 53.33519
31.388451 53.33596
31.387312 53.340485
31.386599 53.340954
31.39352 53.343002
31.387317 53.349918
31.39146 53.354744
31.391495 53.35519
31.388895 53.36021
31.388929 53.360657
31.411881 53.365837
31.414408 53.359924
31.415085 53.359005
31.398989 53.354977
31.398952 53.354526
31.407896 53.344383
31.409674 53.338493
31.417948 53.338703
31.418697 53.33868
31.41848 53.335991
31.425896 53.334877
31.428782 53.333446
31.427706 53.329433
31.420181 53.329201
31.420326 53.330994
31.413624 53.331638
31.414795 53.32756
31.416002 53.323933
31.417501 53.323887
31.418249 53.323868
31.418963 53.323399
31.418926 53.322948
31.41889 53.322502
31.418854 53.322052
31.418781 53.321156
31.418745 53.320705
BRUSH(1,0)
REGION 2
31
28.680057 52.89957
28.67486 52.900013
28.675636 52.901844
28.66898 52.903679
28.669765 52.906368
28.670551 52.909061
28.673515 52.908592
28.680931 52.90765
28.685455 52.911667
28.690762 52.917923
28.692234 52.917019
28.698103 52.912491
28.698816 52.910687
28.700121 52.899899
28.701568 52.897644
28.707466 52.894913
28.711876 52.892189
28.714083 52.890827
28.714678 52.882286
28.706511 52.882339
28.696888 52.884193
28.697245 52.887352
28.695522 52.891392
28.694824 52.894089
28.69111 52.894112
28.686653 52.894138
28.675527 52.895103
28.676285 52.896
28.679772 52.89658
28.680756 52.89687
28.680057 52.89957
7
28.712351 52.876461
28.707897 52.876488
28.707943 52.879185
28.707229 52.880985
28.711685 52.880959
28.712421 52.880505
28.712351 52.876461
BRUSH(1,0)
REGION 1
121
31.097623 54.124329
31.099117 54.12384
31.099845 54.123371
31.101373 54.123333
31.102102 54.122864
31.103595 54.122376
31.107343 54.12138
31.108072 54.120911
31.111684 54.118122
31.112413 54.117653
31.111615 54.117226
31.110055 54.116818
31.109258 54.116386
31.108426 54.115509
31.108392 54.115063
31.109121 54.114594
31.109851 54.114124
31.11058 54.113659
31.111308 54.11319
31.112037 54.112721
31.112731 54.111805
31.113496 54.111782
31.114988 54.111294
31.114156 54.11042
31.11263 54.110458
31.111833 54.110031
31.11107 54.11005
31.110341 54.110519
31.109611 54.110989
31.108119 54.111477
31.107356 54.111496
31.106559 54.111069
31.105762 54.110638
31.104999 54.110661
31.103507 54.111149
31.102744 54.111168
31.102048 54.112083
31.102083 54.112534
31.10288 54.112961
31.102914 54.113407
31.102186 54.113876
31.101455 54.114346
31.100692 54.114365
31.099929 54.114384
31.098403 54.114426
31.09764 54.114445
31.096877 54.114464
31.096114 54.114487
31.095351 54.114506
31.093791 54.114098
31.093028 54.114117
31.092263 54.114136
31.091468 54.113709
31.091434 54.113258
31.092162 54.112793
31.092096 54.111897
31.092061 54.111446
31.09279 54.110977
31.093519 54.110508
31.093486 54.110062
31.093452 54.109612
31.092655 54.109184
31.091857 54.108757
31.091094 54.108776
31.090331 54.108795
31.088771 54.108387
31.088043 54.108856
31.087314 54.109325
31.087346 54.109772
31.086618 54.110241
31.085889 54.11071
31.085956 54.111607
31.08599 54.112053
31.085262 54.112522
31.085294 54.112969
31.085328 54.113419
31.0846 54.113888
31.083869 54.114357
31.082343 54.114395
31.08158 54.114414
31.080817 54.114433
31.080055 54.114456
31.079291 54.114475
31.077764 54.114513
31.077001 54.114533
31.076238 54.114552
31.075475 54.114574
31.074678 54.114143
31.073983 54.115063
31.074016 54.115509
31.07405 54.115959
31.074117 54.116856
31.074151 54.117302
31.074948 54.117733
31.076509 54.118141
31.076541 54.118588
31.076576 54.119038
31.076642 54.119934
31.076677 54.12038
31.076711 54.120831
31.077508 54.121258
31.077541 54.121708
31.077609 54.122604
31.077642 54.123055
31.078439 54.123482
31.078473 54.123928
31.080033 54.12434
31.080797 54.124317
31.081559 54.124298
31.082357 54.124725
31.083121 54.124706
31.084647 54.124668
31.085479 54.125546
31.086276 54.125973
31.087074 54.1264
31.087106 54.12685
31.087938 54.127728
31.088735 54.128155
31.090261 54.128117
31.094387 54.125348
31.097623 54.124329
BRUSH(1,0)
REGION 1
224
30.984524 54.251221
30.983027 54.251705
30.983158 54.253502
30.984154 54.256619
30.986048 54.261513
30.984516 54.261551
30.980522 54.259407
30.979023 54.259895
30.979088 54.260792
30.98235 54.263405
30.98085 54.263889
30.98188 54.26746
30.980347 54.267498
30.979679 54.268864
30.980709 54.27243
30.982472 54.275532
30.981739 54.275997
30.980173 54.275589
30.971253 54.269073
30.97052 54.269543
30.96982 54.270458
30.972282 54.27264
30.972347 54.273537
30.968012 54.277241
30.965877 54.279541
30.966807 54.281761
30.966106 54.282681
30.963774 54.282288
30.961475 54.282345
30.960905 54.285053
30.961801 54.286831
30.964933 54.287651
30.968832 54.288452
30.967363 54.289387
30.960629 54.291801
30.957367 54.289185
30.9566 54.289204
30.953632 54.290627
30.950729 54.292946
30.957352 54.299519
30.958853 54.299034
30.960287 54.297649
30.959488 54.297218
30.95789 54.29636
30.957825 54.295464
30.960026 54.29406
30.963125 54.294434
30.968786 54.298336
30.969553 54.298317
30.971821 54.29781
30.976354 54.296799
30.977953 54.297657
30.983584 54.301109
30.986683 54.301479
30.991316 54.301811
30.993483 54.299961
30.994284 54.300388
30.994118 54.298149
30.994051 54.297253
30.993919 54.295456
30.993754 54.293217
30.996054 54.293156
30.997652 54.294014
30.997786 54.295811
30.999418 54.297115
31.002584 54.298382
31.002617 54.298832
31.003416 54.299259
31.004217 54.29969
31.004249 54.300137
31.005083 54.301014
31.005882 54.301445
31.006682 54.301872
31.007483 54.302303
31.008316 54.303181
31.009115 54.303608
31.009914 54.304039
31.010681 54.304016
31.011383 54.303101
31.012115 54.302635
31.01285 54.302166
31.013582 54.301697
31.014316 54.301231
31.015049 54.300762
31.014982 54.299866
31.015716 54.299397
31.015682 54.29895
31.014883 54.298519
31.013315 54.298111
31.012516 54.297684
31.011683 54.296806
31.010883 54.296375
31.010851 54.295929
31.01005 54.295498
31.009983 54.294601
31.009184 54.294174
31.008385 54.293743
31.007584 54.293316
31.006785 54.292885
31.005985 54.292458
31.004419 54.292046
31.003653 54.292068
31.005119 54.29113
31.005886 54.291111
31.006619 54.290646
31.007353 54.290176
31.008852 54.289688
31.008818 54.289242
31.008785 54.288792
31.008753 54.288345
31.008718 54.287895
31.009485 54.287876
31.010252 54.287857
31.011019 54.287838
31.012585 54.288246
31.013351 54.288227
31.014116 54.288208
31.014883 54.288189
31.015617 54.28772
31.017117 54.287231
31.017849 54.286766
31.018581 54.286297
31.018549 54.285851
31.017716 54.284973
31.017683 54.284523
31.016884 54.284096
31.016083 54.283665
31.015284 54.283237
31.01445 54.28236
31.013651 54.281929
31.012852 54.281502
31.012052 54.281071
31.010553 54.281559
31.009819 54.282028
31.009054 54.282047
31.00832 54.282513
31.006788 54.282555
31.006054 54.28302
31.005289 54.283039
31.004555 54.283508
31.003023 54.283546
31.002256 54.283566
31.002094 54.270992
31.002794 54.270077
31.003561 54.270058
31.00506 54.269569
31.005026 54.269119
31.004994 54.268673
31.004961 54.268223
31.004894 54.267326
31.005627 54.266861
31.006394 54.266842
31.007158 54.266819
31.007925 54.2668
31.00869 54.266781
31.010223 54.266743
31.010988 54.266724
31.011723 54.266254
31.011688 54.265808
31.011621 54.264912
31.012354 54.264442
31.012321 54.263996
31.012289 54.263546
31.013022 54.263077
31.013786 54.263058
31.015352 54.26347
31.016119 54.263451
31.016884 54.263428
31.017683 54.263859
31.01845 54.26384
31.020014 54.264248
31.020781 54.264229
31.02158 54.264656
31.022312 54.264191
31.02228 54.263741
31.022245 54.263294
31.022213 54.262844
31.022945 54.262375
31.022879 54.261478
31.022844 54.261032
31.022812 54.260582
31.023544 54.260117
31.02351 54.259666
31.024242 54.259197
31.023411 54.25832
31.022644 54.258343
31.021879 54.258362
31.021113 54.258381
31.019581 54.258419
31.019615 54.258869
31.019648 54.259315
31.018915 54.259785
31.01815 54.259804
31.016619 54.259842
31.015819 54.259415
31.01502 54.258984
31.014253 54.259003
31.013489 54.259022
31.012722 54.259041
31.011158 54.258633
31.010391 54.258652
31.009659 54.259121
31.008892 54.25914
31.007361 54.259178
31.006596 54.259197
31.005863 54.259666
31.005064 54.259235
31.00503 54.258789
31.004963 54.257893
31.004166 54.257462
31.004131 54.257015
31.003332 54.256584
31.002567 54.256603
31.000236 54.256214
30.997107 54.255394
30.99411 54.256371
30.993311 54.255939
30.994011 54.255024
30.993112 54.25325
30.990082 54.253777
30.989384 54.254692
30.98865 54.255157
30.986122 54.252079
30.984524 54.251221
BRUSH(1,0)
REGION 2
167
29.244497 53.070511
29.240023 53.07056
29.238769 53.078659
29.240393 53.083134
29.238928 53.084049
29.240526 53.087624
29.235357 53.089478
29.23694 53.092606
29.236261 53.094856
29.234821 53.096668
29.236511 53.10339
29.231367 53.10614
29.229862 53.105709
29.22765 53.106628
29.226131 53.105747
29.223944 53.107567
29.223971 53.108463
29.216677 53.11438
29.203165 53.111828
29.206047 53.108204
29.200796 53.107361
29.199343 53.108723
29.193335 53.107437
29.191172 53.110153
29.197914 53.110981
29.198725 53.11322
29.197321 53.116379
29.193844 53.125401
29.182594 53.123718
29.182545 53.121922
29.173523 53.119766
29.173635 53.12381
29.166893 53.122978
29.166483 53.135113
29.141104 53.135815
29.142035 53.142544
29.135385 53.145302
29.136965 53.148434
29.13994 53.147953
29.14168 53.156921
29.148565 53.162693
29.162115 53.166153
29.16798 53.162048
29.167196 53.160709
29.170059 53.156189
29.174566 53.157043
29.184139 53.152004
29.188673 53.153755
29.184281 53.156944
29.181393 53.160568
29.178379 53.159699
29.176226 53.162865
29.172464 53.162006
29.171019 53.163815
29.174793 53.165127
29.174072 53.166031
29.177845 53.167339
29.177897 53.169136
29.181709 53.171795
29.186194 53.171749
29.187599 53.168591
29.184597 53.168171
29.182305 53.166397
29.191776 53.157764
29.193283 53.158199
29.192562 53.159103
29.194842 53.160427
29.197071 53.159958
29.200098 53.161274
29.192882 53.17033
29.1989 53.171616
29.196013 53.17524
29.191501 53.174389
29.190806 53.176193
29.186283 53.174892
29.183357 53.177166
29.190147 53.179344
29.18869 53.180706
29.192467 53.182014
29.196102 53.178383
29.198357 53.17881
29.191202 53.190113
29.196474 53.191406
29.194334 53.195023
29.201115 53.196751
29.207756 53.193539
29.206944 53.191299
29.199389 53.188683
29.202984 53.183704
29.205988 53.18412
29.209662 53.181839
29.215695 53.183571
29.221518 53.17812
29.20413 53.171562
29.209221 53.166569
29.21386 53.171909
29.217596 53.171871
29.217323 53.162441
29.224113 53.164616
29.22781 53.163231
29.22937 53.165459
29.230185 53.167698
29.226566 53.171776
29.228834 53.172653
29.228874 53.174
29.225924 53.175377
29.226803 53.179859
29.229778 53.179378
29.229845 53.181625
29.227615 53.182098
29.22843 53.184338
29.231526 53.187897
29.232523 53.196423
29.225727 53.194248
29.222803 53.196526
29.231108 53.199131
29.231135 53.200031
29.2283 53.205452
29.221701 53.210011
29.212931 53.217293
29.217486 53.21949
29.224785 53.213123
29.234152 53.200897
29.236958 53.194576
29.239763 53.188259
29.238014 53.179741
29.235706 53.177521
29.237095 53.173912
29.236149 53.167183
29.231546 53.163189
29.231506 53.161842
29.233749 53.161819
29.235176 53.159557
29.244183 53.160809
29.24988 53.151314
29.25288 53.15173
29.260897 53.144905
29.259361 53.143574
29.257881 53.144039
29.255573 53.141819
29.253306 53.140945
29.252573 53.141403
29.249493 53.13829
29.252453 53.13736
29.249397 53.135147
29.253906 53.135998
29.258251 53.131458
29.259718 53.130543
29.261211 53.130527
29.262691 53.130062
29.258185 53.129211
29.255264 53.131489
29.248451 53.128418
29.254942 53.120712
29.25333 53.116688
29.251077 53.116261
29.250862 53.109077
29.247864 53.108658
29.247091 53.107769
29.244721 53.103302
29.244627 53.100159
29.248144 53.092934
29.252434 53.086597
29.2531 53.083897
29.251515 53.080769
29.245388 53.075443
29.244497 53.070511
47
29.270904 53.129974
29.269438 53.130886
29.273212 53.132195
29.271828 53.135803
29.274855 53.137115
29.277109 53.137543
29.280205 53.141102
29.281713 53.141533
29.28322 53.141968
29.283247 53.142864
29.281035 53.143787
29.280329 53.145142
29.278835 53.145161
29.278116 53.146065
29.280384 53.146938
29.281158 53.147827
29.282694 53.149158
29.283481 53.150497
29.291822 53.154449
29.294022 53.153076
29.292486 53.151745
29.296139 53.14901
29.296774 53.145409
29.299028 53.145832
29.305681 53.143513
29.305555 53.139473
29.307797 53.139446
29.307865 53.141693
29.310867 53.142105
29.310923 53.143902
29.320618 53.143345
29.321999 53.139736
29.32424 53.139709
29.324169 53.137463
29.315067 53.133076
29.301794 53.138615
29.291325 53.138283
29.289955 53.142342
29.292265 53.144562
29.288614 53.147297
29.285599 53.146431
29.286207 53.141933
29.2847 53.141502
29.28068 53.132111
29.277638 53.130348
29.275438 53.131721
29.270904 53.129974
BRUSH(1,0)
REGION 1
42
30.835156 53.121887
30.832174 53.12196
30.831488 53.122875
30.824091 53.123951
30.811503 53.125599
30.800375 53.126762
30.790563 53.125198
30.789965 53.12746
30.785549 53.128464
30.785666 53.130257
30.789366 53.129723
30.79175 53.131912
30.788256 53.13559
30.792252 53.139538
30.79437 53.137688
30.798876 53.138031
30.801653 53.134819
30.806904 53.135143
30.807081 53.137836
30.811884 53.142662
30.81591 53.14706
30.818895 53.146988
30.81797 53.144314
30.823103 53.142845
30.822239 53.141068
30.825132 53.139648
30.822597 53.13522
30.819584 53.134842
30.820122 53.131683
30.821464 53.129406
30.824448 53.129334
30.825401 53.132454
30.837336 53.132168
30.838648 53.12944
30.838558 53.128094
30.836349 53.128597
30.835396 53.125477
30.839153 53.125835
30.842793 53.124397
30.840404 53.122211
30.835186 53.122337
30.835156 53.121887
BRUSH(1,0)
REGION 1
29
30.940914 52.90094
30.935936 52.904209
30.929787 52.901218
30.924249 52.907196
30.921251 52.906822
30.918528 52.910484
30.91559 52.911007
30.913092 52.907024
30.916029 52.906502
30.916649 52.90469
30.899616 52.905559
30.901404 52.910007
30.898466 52.91053
30.898586 52.912323
30.889772 52.913891
30.890667 52.916115
30.893997 52.921425
30.912702 52.923206
30.914339 52.925415
30.917307 52.925339
30.919413 52.923489
30.920927 52.923901
30.922289 52.92207
30.925289 52.922447
30.941343 52.907219
30.938314 52.906395
30.939583 52.903217
30.942429 52.901352
30.940914 52.90094
BRUSH(1,0)
REGION 1
100
30 52.876266
29.999884 52.876274
29.996937 52.876774
29.994051 52.87862
29.993309 52.878635
29.992588 52.879097
29.987686 52.885468
29.972864 52.886169
29.967607 52.884911
29.968267 52.883102
29.962269 52.881855
29.960186 52.885033
29.961712 52.885906
29.956062 52.892292
29.960556 52.893112
29.962702 52.891281
29.967979 52.89299
29.972246 52.888874
29.993027 52.888523
29.993936 52.892101
29.987978 52.891754
29.988041 52.893101
29.999762 52.905479
30 52.90551
30.002752 52.905876
30.004152 52.904057
30.01461 52.905224
30.02284 52.906429
30.023541 52.905518
30.027294 52.906353
30.029394 52.903622
30.037603 52.904377
30.042929 52.906979
30.046791 52.910057
30.041 52.913303
30.037245 52.912468
30.033619 52.91433
30.036717 52.916973
30.039644 52.916023
30.043551 52.919998
30.045672 52.917713
30.047835 52.916328
30.052183 52.914005
30.054346 52.912621
30.055723 52.910351
30.057972 52.910759
30.060791 52.907566
30.058498 52.906258
30.061295 52.902615
30.063522 52.902576
30.065512 52.897598
30.066101 52.894444
30.062391 52.894508
30.060669 52.889599
30.059883 52.888714
30.059818 52.887367
30.06028 52.881519
30.056399 52.877991
30.053806 52.870399
30.047894 52.870953
30.048807 52.874531
30.048979 52.87812
30.040796 52.877815
30.040138 52.879623
30.037912 52.879662
30.036514 52.881485
30.033546 52.881535
30.032656 52.878407
30.03043 52.878445
30.030323 52.876202
30.03327 52.875702
30.03454 52.871185
30.031572 52.871239
30.033415 52.863117
30.034136 52.862656
30.03475 52.859951
30.030172 52.857334
30.02871 52.857811
30.024366 52.86013
30.021336 52.858837
30.019874 52.85931
30.02301 52.86285
30.026676 52.861889
30.028923 52.862297
30.027843 52.870853
30.023413 52.87138
30.022035 52.87365
30.025002 52.873596
30.025236 52.878536
30.023773 52.879009
30.02388 52.881252
30.022417 52.881729
30.015612 52.87915
30.016291 52.877792
30.013279 52.876946
30.011223 52.880573
30.011286 52.88192
30.007597 52.882431
30.007281 52.875698
30 52.876266
BRUSH(1,0)
REGION 1
80
29.782036 52.601261
29.773315 52.604538
29.771748 52.602318
29.759968 52.602943
29.75272 52.606197
29.750545 52.607128
29.744591 52.605869
29.74103 52.60907
29.747021 52.611225
29.758158 52.612854
29.763393 52.614574
29.756845 52.616917
29.752346 52.615189
29.748749 52.617489
29.748049 52.618397
29.753284 52.620117
29.735094 52.626678
29.729694 52.620918
29.727409 52.619156
29.718664 52.621979
29.715607 52.619328
29.710495 52.62075
29.71431 52.62384
29.711411 52.625229
29.70981 52.622108
29.708283 52.620785
29.704611 52.621288
29.703277 52.624901
29.697391 52.625435
29.698975 52.628109
29.704859 52.627571
29.710184 52.631538
29.699291 52.636189
29.705408 52.641491
29.699539 52.642475
29.701157 52.646046
29.703461 52.648258
29.711544 52.647243
29.717558 52.649849
29.724869 52.647945
29.732214 52.646938
29.733618 52.645119
29.745356 52.643146
29.751135 52.639915
29.750322 52.63813
29.757576 52.634876
29.759827 52.635742
29.767206 52.635632
29.772999 52.632847
29.775158 52.631466
29.772833 52.628807
29.774973 52.626976
29.771193 52.624786
29.767559 52.62619
29.762857 52.619522
29.756956 52.619614
29.756937 52.619163
29.758358 52.617794
29.764923 52.615898
29.771673 52.618492
29.768057 52.620342
29.769606 52.622116
29.774052 52.622498
29.782848 52.621017
29.78746 52.625439
29.784565 52.626831
29.786871 52.629044
29.797071 52.62574
29.795483 52.62307
29.789637 52.624508
29.786575 52.621857
29.790207 52.620457
29.788677 52.619129
29.793047 52.617714
29.792898 52.614124
29.781225 52.617447
29.779657 52.615227
29.792066 52.611889
29.791975 52.609646
29.782036 52.601261
BRUSH(1,0)
REGION 1
94
31.176642 52.540298
31.175905 52.540318
31.175203 52.540787
31.175268 52.541683
31.174566 52.542152
31.173862 52.542622
31.173895 52.543068
31.173193 52.543537
31.172489 52.544006
31.172554 52.544903
31.172586 52.545349
31.171884 52.545818
31.171917 52.546268
31.171949 52.546715
31.172014 52.547611
31.172047 52.548061
31.171345 52.548531
31.171377 52.548977
31.172178 52.549854
31.172947 52.550282
31.173012 52.551178
31.173109 52.552525
31.172504 52.55434
31.171196 52.556622
31.170525 52.557537
31.169823 52.558006
31.169054 52.557579
31.170427 52.55619
31.171736 52.553909
31.171671 52.553013
31.171639 52.552567
31.170967 52.553482
31.170298 52.554398
31.169626 52.555317
31.168188 52.555805
31.16822 52.556251
31.168253 52.556702
31.167549 52.557167
31.167581 52.557617
31.167614 52.558063
31.167681 52.558964
31.167713 52.55941
31.167009 52.559879
31.167042 52.560326
31.167074 52.560776
31.16637 52.561245
31.166437 52.562141
31.165733 52.562611
31.165766 52.563057
31.165062 52.563526
31.165095 52.563976
31.165161 52.564873
31.165194 52.565319
31.161644 52.567211
31.161741 52.568558
31.158928 52.570431
31.15752 52.571369
31.156816 52.571835
31.162132 52.57394
31.163961 52.578831
31.168379 52.578712
31.174938 52.577637
31.17551 52.575375
31.174709 52.574497
31.175856 52.569973
31.180172 52.568508
31.182545 52.57069
31.182577 52.57114
31.183346 52.571568
31.184851 52.571976
31.185619 52.572407
31.186388 52.572834
31.187157 52.573261
31.187893 52.573242
31.188662 52.573669
31.189398 52.57365
31.190903 52.574059
31.192913 52.571308
31.193649 52.571289
31.196428 52.568966
31.202021 52.56477
31.197407 52.562199
31.19788 52.558594
31.197847 52.558144
31.191225 52.558323
31.191666 52.554268
31.194313 52.550152
31.188999 52.54805
31.181742 52.549595
31.180744 52.546028
31.177736 52.545212
31.176968 52.544781
31.178881 52.540688
31.176642 52.540298
BRUSH(1,0)
REGION 1
48
28.866148 52.627419
28.86849 52.63369
28.873695 52.635448
28.878891 52.636757
28.878956 52.6399
28.873013 52.638149
28.876141 52.64666
28.865091 52.64809
28.857624 52.644104
28.858316 52.641853
28.856813 52.640514
28.853878 52.641437
28.855434 52.645466
28.860695 52.649921
28.865892 52.65123
28.874044 52.652515
28.874083 52.654312
28.878494 52.653381
28.879271 52.65517
28.877821 52.656532
28.87566 52.659241
28.880121 52.660557
28.883823 52.660976
28.886013 52.659615
28.884506 52.658276
28.883011 52.657391
28.885946 52.656467
28.887444 52.657356
28.888929 52.657795
28.890417 52.65823
28.891893 52.658218
28.890285 52.651943
28.890238 52.649696
28.892445 52.649231
28.893789 52.642929
28.899668 52.641537
28.901722 52.633884
28.893564 52.632149
28.895872 52.636623
28.891443 52.636658
28.891396 52.634415
28.888415 52.633087
28.886236 52.634903
28.879545 52.632706
28.8795 52.630463
28.874277 52.627804
28.869848 52.627838
28.866148 52.627419
BRUSH(1,0)
REGION 1
228
31.331743 52.380527
31.331009 52.380547
31.325148 52.380714
31.324415 52.380737
31.323919 52.383896
31.323954 52.384342
31.324158 52.387035
31.323425 52.387054
31.321958 52.387096
31.32126 52.387566
31.320528 52.387585
31.319796 52.387608
31.318363 52.388096
31.317631 52.388119
31.316931 52.388588
31.316233 52.389057
31.314766 52.389095
31.314068 52.389564
31.313335 52.389587
31.312635 52.390057
31.311937 52.390526
31.311237 52.390995
31.314339 52.393154
31.315838 52.393559
31.321531 52.391151
31.324532 52.391964
31.325298 52.392395
31.324701 52.394207
31.323202 52.393799
31.322468 52.393822
31.321736 52.393841
31.321003 52.393864
31.32027 52.393883
31.31877 52.393478
31.315275 52.395821
31.314575 52.39629
31.313843 52.396313
31.313877 52.396759
31.313177 52.397228
31.312479 52.397697
31.312511 52.398148
31.31258 52.399044
31.31188 52.399513
31.311914 52.39996
31.311949 52.40041
31.311983 52.40086
31.310821 52.404934
31.310888 52.40583
31.315558 52.409294
31.314228 52.411129
31.314261 52.411579
31.316597 52.413307
31.317364 52.413738
31.316698 52.414654
31.315998 52.415123
31.314735 52.417854
31.31407 52.418774
31.311802 52.417938
31.310335 52.41798
31.311294 52.411213
31.309027 52.410378
31.307527 52.409969
31.302326 52.409218
31.300827 52.40881
31.288195 52.406921
31.286728 52.40696
31.284763 52.41016
31.28483 52.411056
31.28783 52.411873
31.289332 52.412281
31.291597 52.413116
31.295231 52.412563
31.296698 52.412521
31.298931 52.41291
31.301333 52.415539
31.3006 52.415558
31.2999 52.416027
31.2992 52.416496
31.298468 52.416515
31.297035 52.417007
31.296301 52.417027
31.295601 52.417496
31.294868 52.417515
31.294169 52.417984
31.292702 52.418026
31.291969 52.418045
31.291269 52.418514
31.290535 52.418537
31.289068 52.418579
31.288368 52.419048
31.28767 52.419514
31.291706 52.424343
31.292507 52.42522
31.297575 52.424179
31.298307 52.42416
31.301512 52.427666
31.302279 52.428093
31.298012 52.430008
31.297314 52.430477
31.30599 52.43832
31.306759 52.438751
31.312593 52.438137
31.314198 52.439888
31.31493 52.439865
31.315664 52.439846
31.316364 52.439377
31.317064 52.438908
31.317764 52.438438
31.319197 52.43795
31.319931 52.437927
31.320663 52.437908
31.321363 52.437439
31.322798 52.436947
31.32353 52.436928
31.32423 52.436459
31.32493 52.435989
31.324896 52.435539
31.324861 52.435093
31.325562 52.434624
31.324793 52.434196
31.325493 52.433727
31.325426 52.432831
31.325392 52.432381
31.325358 52.431934
31.325323 52.431484
31.325289 52.431038
31.325222 52.430138
31.325188 52.429691
31.325153 52.429241
31.325119 52.428795
31.325085 52.428345
31.325018 52.427448
31.324983 52.427002
31.324949 52.426552
31.324915 52.426105
31.324881 52.425655
31.324814 52.424759
31.324045 52.424332
31.324011 52.423882
31.323244 52.423454
31.322443 52.422581
31.321676 52.422153
31.321642 52.421703
31.320873 52.421276
31.320107 52.420849
31.319306 52.419971
31.319271 52.419525
31.318504 52.419098
31.31847 52.418648
31.317669 52.41777
31.316902 52.417343
31.320332 52.414101
31.322632 52.415386
31.323433 52.41626
31.327271 52.4184
31.328037 52.418827
31.33 52.415626
31.330698 52.415157
31.327425 52.410755
31.326624 52.409878
31.327953 52.408043
31.328688 52.408024
31.329454 52.408451
31.330187 52.408432
31.330956 52.408859
31.331722 52.409287
31.332455 52.409264
31.333956 52.409672
31.334688 52.409649
31.335422 52.40963
31.33612 52.409161
31.336052 52.408264
31.33602 52.407814
31.335985 52.407368
31.335951 52.406918
31.336649 52.406448
31.337315 52.405533
31.33728 52.405083
31.33798 52.404613
31.338678 52.404144
31.339376 52.403675
31.340076 52.403206
31.34057 52.400047
31.345003 52.400372
31.347237 52.400757
31.354601 52.400993
31.3561 52.401402
31.355928 52.399158
31.35586 52.398262
31.353628 52.397877
31.351429 52.397942
31.346264 52.397636
31.344797 52.397678
31.343264 52.396824
31.341797 52.396866
31.339531 52.396034
31.338064 52.396076
31.340126 52.394218
31.340092 52.393768
31.344524 52.394093
31.346024 52.394501
31.352621 52.39431
31.354086 52.394268
31.35458 52.39111
31.354511 52.390213
31.355633 52.385689
31.354866 52.385262
31.353401 52.385304
31.352669 52.385323
31.351936 52.385345
31.351202 52.385365
31.350435 52.384937
31.34897 52.384979
31.348238 52.385002
31.347471 52.384575
31.346737 52.384594
31.346005 52.384613
31.34454 52.384655
31.343807 52.384678
31.343075 52.384697
31.342341 52.38472
31.341608 52.384739
31.340109 52.384335
31.339376 52.384354
31.338644 52.384377
31.337877 52.383949
31.336905 52.380829
31.331743 52.380527
BRUSH(1,0)
REGION 1
148
30.377594 52.332787
30.367481 52.335686
30.363722 52.333965
30.362989 52.333981
30.361622 52.335804
30.360912 52.336269
30.363159 52.33712
30.364624 52.337093
30.361082 52.339409
30.359665 52.340336
30.355904 52.338615
30.353779 52.340008
30.353094 52.340919
30.356121 52.342655
30.356146 52.343102
30.349033 52.34729
30.349081 52.348187
30.349106 52.348637
30.352794 52.34901
30.35355 52.349445
30.357216 52.349373
30.361025 52.35199
30.361805 52.352875
30.364149 52.355522
30.364906 52.355957
30.370329 52.361237
30.366735 52.362659
30.366028 52.363121
30.359551 52.365498
30.357374 52.365993
30.352291 52.366993
30.349405 52.36795
30.347988 52.368877
30.346546 52.369354
30.343636 52.369862
30.340608 52.368126
30.337723 52.369083
30.336281 52.36956
30.3386 52.371761
30.338623 52.372208
30.333586 52.374107
30.332876 52.374569
30.335196 52.37677
30.341724 52.375294
30.343191 52.375263
30.345488 52.377014
30.346977 52.377434
30.349863 52.376476
30.353699 52.379543
30.345799 52.382847
30.344404 52.384224
30.345991 52.38644
30.346016 52.386887
30.350416 52.386799
30.351271 52.38903
30.360807 52.388836
30.36154 52.388821
30.362984 52.388344
30.372519 52.388149
30.374647 52.386761
30.375379 52.386745
30.37384 52.385429
30.373816 52.384979
30.373768 52.384083
30.374475 52.383617
30.375185 52.383156
30.375895 52.38269
30.376604 52.382229
30.377312 52.381763
30.377996 52.380852
30.378706 52.380386
30.379415 52.379925
30.380125 52.379459
30.381592 52.379429
30.382275 52.378517
30.382984 52.378056
30.383694 52.37759
30.384403 52.377125
30.385845 52.376648
30.386578 52.376633
30.387262 52.375721
30.387972 52.375256
30.38868 52.374794
30.389389 52.374329
30.390097 52.373863
30.390806 52.373402
30.391491 52.37249
30.392199 52.372025
30.392176 52.371574
30.393618 52.371098
30.394325 52.370632
30.395035 52.370171
30.395742 52.369705
30.396452 52.369244
30.397184 52.369228
30.398651 52.369198
30.399384 52.369183
30.401609 52.369587
30.404566 52.369976
30.408964 52.369884
30.415077 52.374252
30.418867 52.376419
30.419577 52.375954
30.425978 52.372227
30.426685 52.371765
30.430376 52.372135
30.43111 52.37212
30.432451 52.369846
30.433161 52.369385
30.434576 52.368454
30.435919 52.36618
30.437309 52.364803
30.437992 52.363892
30.437967 52.363441
30.439409 52.362965
30.440825 52.362034
30.4408 52.361588
30.438477 52.35939
30.438452 52.35894
30.440525 52.356651
30.441258 52.356636
30.442749 52.357052
30.444164 52.356125
30.444139 52.355675
30.437369 52.352673
30.437344 52.352222
30.433121 52.355457
30.431705 52.356384
30.429457 52.355534
30.427258 52.355579
30.418289 52.352619
30.41577 52.346828
30.412056 52.346008
30.410616 52.346485
30.409809 52.345154
30.409052 52.344723
30.407413 52.34161
30.406681 52.341625
30.405214 52.341656
30.404507 52.342121
30.389803 52.341522
30.388166 52.338409
30.386701 52.33844
30.385237 52.33847
30.380815 52.338112
30.380083 52.338127
30.378374 52.333668
30.377594 52.332787
BRUSH(1,0)
REGION 1
111
28.480818 52.115704
28.479359 52.115711
28.47864 52.116611
28.478649 52.117512
28.479389 52.118408
28.480129 52.119301
28.479408 52.120205
28.478689 52.121105
28.478699 52.122005
28.47798 52.122906
28.477259 52.123806
28.477268 52.124706
28.47728 52.125603
28.476559 52.126507
28.475103 52.126961
28.473654 52.127865
28.474394 52.128761
28.475864 52.129654
28.477333 52.130547
28.478073 52.131443
28.479544 52.132336
28.481014 52.133228
28.482479 52.133671
28.483944 52.134113
28.485414 52.135006
28.486885 52.135899
28.48835 52.136341
28.489817 52.136784
28.491287 52.137676
28.492752 52.138119
28.494222 52.139011
28.495693 52.139904
28.497158 52.140347
28.498631 52.141239
28.500096 52.141682
28.500805 52.139881
28.500794 52.138981
28.501514 52.138081
28.501503 52.13718
28.502224 52.13628
28.503683 52.136272
28.50515 52.136715
28.506603 52.136261
28.506594 52.135361
28.507313 52.13446
28.508774 52.134453
28.510233 52.134449
28.511694 52.134441
28.513149 52.133984
28.514614 52.134426
28.516073 52.134422
28.51754 52.134865
28.519005 52.135307
28.520472 52.13575
28.521936 52.136192
28.523403 52.136635
28.524868 52.137077
28.526333 52.13752
28.5278 52.137962
28.529265 52.138405
28.530731 52.138847
28.532192 52.13884
28.532911 52.137939
28.53363 52.137035
28.533619 52.136139
28.533608 52.135239
28.533596 52.134338
28.533585 52.133442
28.532114 52.132549
28.530649 52.132107
28.529188 52.132114
28.527723 52.131672
28.526257 52.131229
28.524792 52.130787
28.524055 52.130341
28.52259 52.129898
28.521141 52.130802
28.519686 52.13126
28.518221 52.130817
28.516756 52.130375
28.515291 52.129932
28.513824 52.12949
28.51236 52.129047
28.510889 52.128155
28.510149 52.127258
28.510138 52.126362
28.508667 52.125469
28.507208 52.125473
28.505737 52.124584
28.506456 52.12368
28.506445 52.122784
28.507164 52.12188
28.506424 52.120987
28.505684 52.12009
28.504219 52.119648
28.502764 52.120102
28.501316 52.121006
28.499867 52.121914
28.498411 52.122368
28.496946 52.121925
28.495481 52.121483
28.494011 52.12059
28.492546 52.120148
28.491081 52.119705
28.489613 52.118813
28.488148 52.11837
28.486683 52.117928
28.485212 52.117035
28.483748 52.116592
28.482283 52.116146
28.480818 52.115704
BRUSH(1,0)
REGION 1
68
29.354124 52.106529
29.34683 52.106613
29.346197 52.109764
29.346237 52.111111
29.340485 52.113876
29.338282 52.113449
29.336782 52.112122
29.338104 52.107613
29.330067 52.107254
29.325704 52.107754
29.323597 52.110474
29.318491 52.110531
29.315719 52.115505
29.320974 52.120388
29.314369 52.119114
29.31003 52.12051
29.30418 52.120129
29.303451 52.120136
29.302815 52.123287
29.295715 52.130108
29.295012 52.131012
29.289944 52.13242
29.290764 52.135555
29.298037 52.134575
29.30032 52.137695
29.312012 52.138012
29.309942 52.142078
29.303371 52.142151
29.304182 52.14484
29.31439 52.144276
29.315916 52.146503
29.324745 52.148651
29.326218 52.149082
29.32761 52.14682
29.333466 52.147201
29.334871 52.14539
29.340765 52.147118
29.342157 52.144855
29.334045 52.142254
29.319405 52.141071
29.320068 52.138821
29.336181 52.14043
29.339817 52.139942
29.346386 52.139866
29.355862 52.139305
29.355091 52.137966
29.349926 52.136231
29.351276 52.132618
29.356316 52.130314
29.35553 52.128529
29.34976 52.13084
29.343193 52.130917
29.341652 52.128239
29.344557 52.127754
29.35257 52.127213
29.352528 52.125866
29.35692 52.126263
29.356232 52.127621
29.359179 52.128483
29.365732 52.127956
29.364933 52.125721
29.360527 52.124874
29.360458 52.122627
29.36109 52.119476
29.362467 52.116764
29.358791 52.11591
29.35791 52.110977
29.354124 52.106529
BRUSH(1,0)
REGION 1
34
30.796926 51.924973
30.794777 51.925476
30.794832 51.926373
30.795002 51.929066
30.792768 51.928219
30.789196 51.929203
30.78219 51.933414
30.779983 51.933018
30.780012 51.933464
30.777975 51.935761
30.774345 51.935848
30.773703 51.93721
30.778839 51.937988
30.781687 51.937019
30.784145 51.941456
30.784229 51.942802
30.79199 51.939022
30.792271 51.943508
30.786043 51.948601
30.792831 51.95248
30.789312 51.954361
30.79166 51.957001
30.785347 51.960747
30.786968 51.963406
30.791269 51.962402
30.794649 51.958279
30.796686 51.955982
30.802883 51.950443
30.802687 51.947304
30.806648 51.940918
30.807846 51.936844
30.80681 51.931927
30.801336 51.925766
30.796926 51.924973
BRUSH(1,0)
REGION 1
59
28.326365 51.768929
28.319142 51.771645
28.315531 51.773003
28.316992 51.774799
28.317724 51.775696
28.31193 51.775711
28.309759 51.776165
28.308333 51.779316
28.306896 51.781117
28.313415 51.781097
28.319216 51.781532
28.322136 51.784668
28.32214 51.785118
28.321415 51.785118
28.319239 51.784676
28.317064 51.784683
28.31127 51.784699
28.312014 51.787392
28.312019 51.788292
28.314917 51.788284
28.318546 51.789173
28.318554 51.79007
28.31928 51.790516
28.31493 51.790081
28.312033 51.790089
28.312038 51.790989
28.312042 51.791435
28.317858 51.794117
28.320042 51.79546
28.325846 51.796341
28.329474 51.79678
28.326614 51.802181
28.325903 51.803978
28.328802 51.80397
28.329531 51.804417
28.331675 51.800369
28.332386 51.798569
28.332378 51.797668
28.333817 51.796318
28.333807 51.794968
28.333799 51.794071
28.337419 51.79361
28.341044 51.793598
28.341778 51.794945
28.34251 51.795841
28.346129 51.79538
28.349032 51.795822
28.347553 51.792233
28.347546 51.791332
28.3461 51.791786
28.345377 51.79179
28.340958 51.782814
28.340954 51.782368
28.33292 51.773853
28.332186 51.772507
28.331455 51.77161
28.331451 51.77116
28.327816 51.769375
28.326365 51.768929
BRUSH(1,0)
REGION 1
50
30.273958 51.773216
30.268353 51.77692
30.266113 51.775616
30.254648 51.778084
30.25623 51.78075
30.260595 51.781117
30.265888 51.785507
30.260164 51.786964
30.261114 51.791439
30.249033 51.796165
30.255028 51.800095
30.250976 51.806015
30.254688 51.807739
30.258694 51.800922
30.261635 51.801765
30.263693 51.799477
30.257811 51.797794
30.261341 51.795929
30.27392 51.801075
30.274849 51.805103
30.270664 51.808327
30.271479 51.810108
30.275824 51.810024
30.276821 51.815399
30.280441 51.815327
30.281097 51.813965
30.284742 51.814346
30.291099 51.811073
30.296915 51.811409
30.297594 51.810497
30.293857 51.808323
30.285824 51.807133
30.28587 51.808033
30.284491 51.809406
30.279263 51.806362
30.276228 51.803726
30.27693 51.803265
30.27969 51.800514
30.279621 51.799168
30.274845 51.790726
30.274641 51.786682
30.275928 51.783512
30.279411 51.78075
30.288704 51.77832
30.292231 51.776455
30.29076 51.776035
30.289269 51.775166
30.279816 51.774452
30.277599 51.773598
30.273958 51.773216
BRUSH(1,0)
REGION 3
31
30.046871 53.066841
30.047022 53.069984
30.037657 53.076885
30.039936 53.077744
30.037893 53.081821
30.037254 53.08408
30.037363 53.086323
30.036789 53.089928
30.034553 53.089966
30.035578 53.095791
30.035749 53.099381
30.038755 53.099777
30.038862 53.10202
30.032982 53.10392
30.033132 53.107063
30.054104 53.108494
30.057703 53.105736
30.059811 53.103004
30.062771 53.102501
30.063583 53.103836
30.069527 53.103279
30.070581 53.094276
30.070385 53.090237
30.066503 53.087162
30.063522 53.087215
30.060387 53.084126
30.057825 53.077431
30.056095 53.072521
30.053837 53.072109
30.05213 53.067646
30.046871 53.066841
21
30 53.060913
29.991409 53.061058
29.992281 53.06374
29.990046 53.063778
29.990917 53.066456
29.994003 53.068653
30 53.074577
30.000259 53.074833
30.00635 53.077427
30.006968 53.074718
30.009928 53.074219
30.010055 53.076912
30.015381 53.079067
30.018276 53.077221
30.021067 53.073128
30.023174 53.070396
30.012634 53.068333
30.005926 53.068447
30.002628 53.061768
30.000351 53.060905
30 53.060913
16
30.018702 53.054752
30.015806 53.056599
30.018063 53.057007
30.01753 53.061508
30.017658 53.064201
30.013954 53.064716
30.010206 53.064331
30.011036 53.066112
30.014805 53.066948
30.024515 53.06723
30.025984 53.066753
30.02809 53.064022
30.027876 53.059536
30.027662 53.055046
30.023191 53.055122
30.018702 53.054752
BRUSH(1,0)
REGION 2
651
30.98431 52.400219
30.977404 52.406689
30.977434 52.407135
30.97224 52.406368
30.972912 52.405453
30.972882 52.405003
30.967627 52.403339
30.966894 52.403358
30.968239 52.401527
30.963015 52.40031
30.961027 52.403507
30.951372 52.401955
30.948408 52.401577
30.946911 52.401169
30.946209 52.401634
30.945566 52.403
30.947796 52.403393
30.948528 52.403374
30.952257 52.404179
30.958917 52.404907
30.958305 52.406723
30.957602 52.407188
30.953875 52.406384
30.952439 52.406868
30.951273 52.411392
30.95063 52.412754
30.937216 52.409946
30.930151 52.414169
30.930182 52.414616
30.917471 52.411339
30.916737 52.411358
30.919342 52.406349
30.914148 52.405582
30.91189 52.404739
30.909658 52.404343
30.908926 52.404362
30.900133 52.415813
30.898785 52.417644
30.895058 52.416836
30.894295 52.416409
30.894968 52.415493
30.891182 52.413788
30.890448 52.413807
30.887632 52.415672
30.886957 52.416588
30.883202 52.415333
30.881704 52.414921
30.878918 52.417236
30.879681 52.417667
30.880444 52.418095
30.881206 52.418526
30.882704 52.418938
30.883467 52.419369
30.884199 52.419353
30.884993 52.420231
30.885023 52.420681
30.885786 52.421108
30.886549 52.421539
30.887312 52.42197
30.888075 52.422401
30.888868 52.423279
30.889631 52.42371
30.890366 52.423695
30.891863 52.424107
30.888401 52.427334
30.887667 52.427353
30.886904 52.426922
30.885435 52.42696
30.884703 52.426979
30.883968 52.426994
30.883234 52.427013
30.882471 52.426582
30.881737 52.426601
30.88027 52.426636
30.879507 52.426209
30.878773 52.426224
30.87801 52.425793
30.877276 52.425812
30.875809 52.42585
30.875044 52.425419
30.874311 52.425434
30.873549 52.425003
30.872814 52.425022
30.871317 52.42461
30.870582 52.424629
30.86982 52.424198
30.869085 52.424217
30.868353 52.424232
30.866884 52.424271
30.86618 52.424736
30.865446 52.424755
30.860397 52.426224
30.858959 52.426708
30.860603 52.429367
30.861395 52.430244
30.860662 52.430264
30.861426 52.430695
30.862335 52.433369
30.858048 52.435268
30.857315 52.435287
30.857431 52.43708
30.858195 52.437511
30.864008 52.43647
30.866886 52.435501
30.867619 52.435486
30.871994 52.434929
30.873461 52.434891
30.876368 52.434372
30.876633 52.438408
30.877396 52.438839
30.879627 52.439232
30.880362 52.439217
30.880978 52.437405
30.880713 52.433365
30.884382 52.433277
30.885117 52.433258
30.891455 52.429058
30.892159 52.428593
30.90032 52.429737
30.901787 52.429699
30.901848 52.430599
30.901877 52.431046
30.901936 52.431942
30.901203 52.431961
30.901262 52.432858
30.905695 52.433197
30.906458 52.433628
30.909245 52.431313
30.913708 52.432102
30.913063 52.433464
30.913124 52.434361
30.921347 52.436405
30.922844 52.436817
30.920822 52.439564
30.920118 52.440029
30.921032 52.442703
30.921826 52.443581
30.921885 52.444477
30.921211 52.445393
30.920536 52.446308
30.919953 52.44857
30.919983 52.44902
30.929737 52.45192
30.9305 52.452351
30.92701 52.455135
30.914229 52.450958
30.913464 52.450527
30.91279 52.451443
30.912115 52.452358
30.911411 52.452827
30.911471 52.453724
30.917404 52.454475
30.919666 52.455318
30.920401 52.455299
30.9219 52.455711
30.923399 52.456123
30.921989 52.457058
30.922048 52.457954
30.922813 52.458382
30.925781 52.458759
30.928015 52.459152
30.929543 52.460014
30.930308 52.460442
30.931072 52.460873
30.935297 52.458073
30.936001 52.457603
30.939823 52.459755
30.939854 52.460205
30.942761 52.459682
30.948544 52.458187
30.961756 52.468639
30.964754 52.469463
30.964111 52.470825
30.964142 52.471275
30.961174 52.470902
30.959703 52.470936
30.959091 52.472752
30.959122 52.473198
30.965763 52.47348
30.970965 52.474247
30.97317 52.47419
30.975159 52.470997
30.980974 52.469948
30.983177 52.469894
30.977146 52.478584
30.976442 52.47905
30.977943 52.479462
30.978678 52.479443
30.981524 52.478024
30.982258 52.478004
30.98385 52.479759
30.982413 52.480247
30.981737 52.481163
30.978127 52.482151
30.975249 52.483124
30.974575 52.484039
30.973871 52.484509
30.978432 52.486637
30.979197 52.487068
30.979931 52.487049
30.987034 52.483273
30.98835 52.480995
30.99132 52.481369
30.996035 52.485741
31.000319 52.483833
31.006746 52.480972
31.012352 52.487568
31.013119 52.487999
31.013884 52.48843
31.014648 52.488857
31.015446 52.489735
31.018322 52.488762
31.019058 52.488743
31.023312 52.486389
31.020186 52.483772
31.020889 52.483307
31.021624 52.483288
31.022328 52.482819
31.023031 52.482353
31.02447 52.481865
31.025173 52.4814
31.025877 52.48093
31.026581 52.480461
31.028049 52.480427
31.028753 52.479958
31.029457 52.479488
31.030161 52.479023
31.031599 52.478535
31.032333 52.478516
31.033037 52.47805
31.033739 52.477581
31.034412 52.476665
31.034382 52.476219
31.034349 52.475769
31.033585 52.475338
31.033552 52.474892
31.032757 52.474014
31.032724 52.473564
31.03196 52.473133
31.031929 52.472687
31.031132 52.471809
31.031101 52.471359
31.031071 52.470913
31.031038 52.470463
31.031008 52.470013
31.030945 52.469116
31.03018 52.468689
31.030884 52.46822
31.030851 52.467773
31.030821 52.467323
31.031494 52.466408
31.031462 52.465958
31.040056 52.462589
31.043304 52.466999
31.044071 52.46743
31.051321 52.465893
31.049664 52.463242
31.048836 52.461914
31.044666 52.454834
31.044634 52.454384
31.041479 52.451321
31.041418 52.450424
31.033405 52.45153
31.032671 52.45155
31.035153 52.455528
31.03595 52.456406
31.039228 52.461266
31.029932 52.465099
31.029963 52.465549
31.028557 52.466484
31.026415 52.467438
31.02565 52.467007
31.020664 52.469383
31.019774 52.467159
31.018213 52.465851
31.017325 52.463627
31.016527 52.46275
31.013985 52.457874
31.009457 52.456192
31.008722 52.456211
31.010738 52.453464
31.010708 52.453014
31.01288 52.452511
31.012817 52.451611
31.012787 52.451164
31.012757 52.450714
31.012726 52.450268
31.012695 52.449818
31.012632 52.448921
31.012602 52.448471
31.012572 52.448025
31.012541 52.447575
31.01251 52.447128
31.012447 52.446228
31.013151 52.445763
31.013121 52.445312
31.013088 52.444866
31.013058 52.444416
31.013762 52.443951
31.0137 52.443054
31.014402 52.442585
31.014372 52.442135
31.014341 52.441689
31.015043 52.441219
31.014982 52.440323
31.015686 52.439857
31.016388 52.439388
31.016358 52.438942
31.017061 52.438473
31.017029 52.438023
31.016968 52.437126
31.017672 52.436661
31.017639 52.436211
31.018343 52.435745
31.018312 52.435295
31.018984 52.43438
31.019688 52.43391
31.02039 52.433445
31.020359 52.432995
31.021061 52.432529
31.02097 52.431183
31.020907 52.430286
31.020081 52.428959
31.02005 52.428513
31.019863 52.425819
31.019833 52.425373
31.014666 52.425056
31.013933 52.425076
31.011423 52.420647
31.014265 52.419224
31.014969 52.418758
31.014141 52.417431
31.013346 52.416554
31.012489 52.414776
31.010962 52.413918
31.011694 52.413898
31.010931 52.413467
31.013771 52.412048
31.013803 52.412495
31.018782 52.410122
31.019516 52.410103
31.019547 52.410553
31.020342 52.41143
31.020372 52.411877
31.020403 52.412327
31.021168 52.412758
31.021198 52.413204
31.021994 52.414082
31.022026 52.414532
31.022057 52.414978
31.022821 52.415409
31.022883 52.416306
31.023647 52.416737
31.023678 52.417183
31.024443 52.417614
31.024473 52.418064
31.025269 52.418941
31.025299 52.419388
31.026064 52.419819
31.026829 52.42025
31.026892 52.421146
31.027657 52.421574
31.028419 52.422005
31.029184 52.422436
31.02998 52.423313
31.030745 52.42374
31.031509 52.424171
31.032213 52.423702
31.032915 52.423237
31.034352 52.422749
31.035053 52.422283
31.035757 52.421814
31.03649 52.421795
31.037926 52.42131
31.03866 52.421291
31.039362 52.420822
31.040096 52.420803
31.040798 52.420338
31.042265 52.4203
31.042969 52.41983
31.043701 52.419811
31.044403 52.419346
31.045872 52.419308
31.046574 52.418839
31.047276 52.418369
31.04801 52.41835
31.049446 52.417866
31.050148 52.417397
31.05085 52.416931
31.051584 52.416912
31.052286 52.416443
31.053753 52.416405
31.054455 52.415936
31.054424 52.415489
31.054392 52.415039
31.054331 52.414143
31.054298 52.413696
31.054268 52.413246
31.054235 52.412796
31.054205 52.41235
31.054142 52.411453
31.054112 52.411003
31.053347 52.410576
31.052582 52.410145
31.051786 52.409267
31.051754 52.408817
31.052458 52.408352
31.05316 52.407883
31.053892 52.407864
31.054594 52.407398
31.056 52.40646
31.055967 52.406014
31.055937 52.405563
31.055904 52.405117
31.05514 52.404686
31.054377 52.404259
31.053642 52.404278
31.05291 52.404297
31.051474 52.404781
31.050741 52.4048
31.050007 52.404819
31.049305 52.405289
31.048573 52.405308
31.047074 52.404896
31.047043 52.404449
31.047012 52.403999
31.046247 52.403568
31.046185 52.402672
31.046154 52.402225
31.045389 52.401794
31.045359 52.401348
31.044594 52.400917
31.044531 52.400021
31.0445 52.39957
31.043736 52.399143
31.043705 52.398693
31.043642 52.397797
31.043611 52.397347
31.043581 52.3969
31.043549 52.39645
31.043518 52.396004
31.043455 52.395107
31.043425 52.394657
31.043394 52.394207
31.042629 52.39378
31.042599 52.39333
31.042536 52.392433
31.042505 52.391987
31.042475 52.391537
31.042443 52.391087
31.041679 52.390659
31.041616 52.389763
31.041586 52.389313
31.041554 52.388863
31.042255 52.388397
31.042957 52.387928
31.044394 52.387444
31.045095 52.386974
31.045797 52.386509
31.046499 52.38604
31.047934 52.385555
31.048636 52.385086
31.049368 52.385067
31.050039 52.384151
31.051506 52.384113
31.052206 52.383644
31.052908 52.383179
31.05361 52.38271
31.054312 52.382244
31.055746 52.381756
31.055716 52.381306
31.056417 52.38084
31.057119 52.380371
31.054125 52.379551
31.052628 52.379143
31.048933 52.378788
31.048199 52.378807
31.046951 52.381985
31.041306 52.385277
31.040604 52.385742
31.03602 52.383167
31.035927 52.381821
31.036629 52.381355
31.036535 52.380009
31.034275 52.379169
31.033541 52.379189
31.033356 52.376495
31.033325 52.376049
31.036989 52.375954
31.037722 52.375935
31.03836 52.374569
31.03833 52.374119
31.041994 52.374027
31.043492 52.374435
31.044739 52.371258
31.044708 52.370811
31.04608 52.369427
31.046049 52.368977
31.048123 52.367126
31.043571 52.364998
31.043539 52.364552
31.043508 52.364101
31.043478 52.363651
31.043415 52.362755
31.043385 52.362309
31.043354 52.361858
31.044056 52.361393
31.044024 52.360943
31.043962 52.360046
31.04393 52.359596
31.043899 52.35915
31.044601 52.358681
31.044571 52.358234
31.044538 52.357784
31.044478 52.356888
31.044445 52.356438
31.043682 52.35601
31.042919 52.355579
31.042187 52.355598
31.041422 52.355167
31.039957 52.355206
31.039225 52.355225
31.038492 52.355244
31.038399 52.353901
31.037636 52.35347
31.033974 52.353565
31.033241 52.353584
31.032663 52.355846
31.032724 52.356743
31.029795 52.356819
31.02833 52.356857
31.023171 52.356541
31.022438 52.35656
31.021736 52.357025
31.021768 52.357475
31.021067 52.357941
31.020365 52.35841
31.019663 52.358875
31.018991 52.359795
31.01829 52.36026
31.017588 52.360729
31.019176 52.362484
31.019909 52.362465
31.020951 52.366932
31.021746 52.367809
31.019547 52.367867
31.018814 52.367886
31.016584 52.367493
31.015852 52.367512
31.015667 52.364822
31.015606 52.363922
31.013409 52.363979
31.012674 52.363998
31.01121 52.364037
31.009745 52.364075
31.00683 52.36451
31.006111 52.364616
31.005379 52.364635
31.004769 52.366447
31.004067 52.366917
31.006449 52.369553
31.006481 52.369999
31.006512 52.370449
31.006573 52.371346
31.006603 52.371792
31.005901 52.372261
31.005932 52.372711
31.005962 52.373157
31.006023 52.374054
31.006054 52.374504
31.006084 52.37495
31.006117 52.375401
31.006147 52.375851
31.006209 52.376747
31.006239 52.377193
31.005537 52.377663
31.005568 52.378109
31.0063 52.37809
31.00569 52.379906
31.004988 52.380371
31.005018 52.380821
31.005049 52.381268
31.004378 52.382183
31.004408 52.382633
31.004438 52.383083
31.003736 52.383549
31.008196 52.384335
31.009693 52.384743
31.010426 52.384728
31.01116 52.384708
31.011923 52.385136
31.012688 52.385567
31.01342 52.385548
31.014183 52.385979
31.018004 52.388126
31.02393 52.38887
31.026222 52.39016
31.027079 52.391933
31.025675 52.392872
31.025705 52.393318
31.025003 52.393787
31.025065 52.394684
31.021646 52.398365
31.019539 52.399769
31.01957 52.400215
31.018868 52.400684
31.018898 52.401131
31.018196 52.4016
31.022812 52.404625
31.023607 52.405502
31.022905 52.405972
31.021469 52.40646
31.020767 52.406925
31.020063 52.407394
31.019361 52.40786
31.018659 52.408329
31.017223 52.408813
31.01652 52.409283
31.015818 52.409748
31.015116 52.410217
31.014382 52.410236
31.01368 52.410702
31.01371 52.411152
31.010166 52.41304
31.010136 52.41259
31.009432 52.413059
31.00873 52.413525
31.008028 52.413994
31.004297 52.413189
31.004847 52.41048
31.00552 52.409565
31.003164 52.407379
31.003653 52.40377
31.00353 52.401978
31.0035 52.401527
31.002735 52.401096
30.999771 52.400726
30.996105 52.400818
30.996258 52.403061
30.994394 52.408051
30.993754 52.409416
30.99305 52.409882
30.991613 52.41037
30.991644 52.410816
30.990851 52.409939
30.988466 52.407303
30.989781 52.405025
30.990421 52.40366
30.991033 52.401848
30.985807 52.400631
30.98431 52.400219
36
30.967228 52.484226
30.961805 52.491104
30.958345 52.494335
30.96208 52.49514
30.963579 52.495552
30.965631 52.493252
30.966949 52.490974
30.968481 52.491833
30.970715 52.492226
30.970133 52.494488
30.969551 52.49675
30.970286 52.496731
30.974756 52.497517
30.976992 52.497906
30.978308 52.495628
30.979687 52.494244
30.980421 52.494225
30.981155 52.494206
30.981892 52.49419
30.983391 52.494598
30.985596 52.494545
30.988535 52.494469
30.989851 52.492188
30.989821 52.491741
30.98535 52.490955
30.981646 52.490601
30.977146 52.489368
30.974176 52.488995
30.972767 52.489925
30.971359 52.49086
30.970593 52.490433
30.969093 52.490021
30.97035 52.486843
30.970993 52.485477
30.969462 52.484619
30.967228 52.484226
BRUSH(1,0)
REGION 2
39
27.860949 52.199375
27.857281 52.203415
27.857279 52.204311
27.847773 52.203854
27.838985 52.207439
27.839708 52.210136
27.833859 52.209679
27.830925 52.211922
27.836033 52.215523
27.833826 52.219562
27.828707 52.219109
27.827229 52.223148
27.831617 52.223606
27.83235 52.223606
27.832342 52.225853
27.835998 52.226307
27.83746 52.226757
27.838936 52.223164
27.852097 52.225876
27.852087 52.229019
27.857208 52.229923
27.856459 52.236214
27.860847 52.236668
27.860832 52.242508
27.874727 52.247913
27.873276 52.242519
27.871818 52.239376
27.874016 52.238926
27.87623 52.230843
27.880621 52.230846
27.883558 52.226353
27.876974 52.225449
27.879173 52.223656
27.874794 52.219158
27.871141 52.217358
27.876278 52.210621
27.867502 52.210163
27.86899 52.200279
27.860949 52.199375
6
27.842692 52.191715
27.839756 52.195309
27.84486 52.199356
27.852179 52.197567
27.85219 52.193523
27.842692 52.191715
BRUSH(1,0)
REGION 2
119
29.992992 51.904556
29.987887 51.904247
29.986435 51.90427
29.984377 51.907001
29.981455 51.906601
29.977745 51.904869
29.979116 51.903046
29.979057 51.901699
29.976761 51.899044
29.978172 51.898121
29.980995 51.896275
29.979485 51.894955
29.977188 51.892296
29.978621 51.891823
29.980797 51.891785
29.982954 51.8913
29.98362 51.889942
29.984345 51.889927
29.985777 51.889454
29.985716 51.888107
29.985678 51.887211
29.987814 51.886276
29.990795 51.888023
29.995714 51.884342
29.992613 51.879902
29.984633 51.880039
29.98032 51.881012
29.97381 51.881569
29.973064 51.881134
29.973593 51.876633
29.9741 51.871681
29.973335 51.870796
29.971159 51.870831
29.966806 51.870907
29.965357 51.87093
29.965395 51.871826
29.964769 51.874084
29.963535 51.879047
29.96281 51.879059
29.960613 51.878647
29.958437 51.878685
29.957026 51.879608
29.957125 51.881851
29.957302 51.885891
29.95587 51.886364
29.945692 51.886085
29.938496 51.887554
29.936377 51.888939
29.935749 51.891193
29.93214 51.891705
29.932354 51.896641
29.938925 51.89743
29.946869 51.8964
29.955557 51.895805
29.957773 51.896668
29.955713 51.899399
29.962404 51.902882
29.959638 51.906071
29.961168 51.907845
29.963346 51.907806
29.96472 51.905987
29.968937 51.902771
29.971173 51.904079
29.971212 51.90498
29.967642 51.906387
29.968546 51.910416
29.970705 51.909927
29.973589 51.909431
29.975767 51.909393
29.974375 51.910767
29.973747 51.913021
29.976044 51.91568
29.978222 51.915642
29.982639 51.916916
29.985603 51.918213
29.992863 51.918091
29.993608 51.918526
29.991631 51.923054
29.998892 51.922928
29.997219 51.918015
30 51.917969
30.000124 51.917965
30.002503 51.922417
30.002543 51.923317
30.007868 51.928616
30.017248 51.927105
30.019909 51.921669
30.016237 51.920834
30.013577 51.92627
30.010693 51.926769
30.007687 51.924576
30.006073 51.921009
30.01539 51.918152
30.014583 51.91637
30.017447 51.915421
30.018736 51.911804
30.013655 51.911892
30.012121 51.910122
30.01065 51.909699
30.00692 51.907516
30.005346 51.904846
30.004582 51.903961
30.005993 51.903038
30.005892 51.900791
30.004419 51.900368
30.002201 51.899509
30 51.898655
29.997687 51.895992
29.993353 51.896515
29.991196 51.896999
29.991982 51.898334
29.991276 51.898796
29.984098 51.900715
29.983412 51.901627
29.984198 51.902962
29.986376 51.902924
29.992142 51.901928
29.992222 51.903725
29.992992 51.904556
4
29.996634 51.904606
29.995186 51.905022
29.993721 51.904598
29.996634 51.904606
BRUSH(1,0)
REGION 6
71
29.244768 52.032269
29.239233 52.042664
29.232664 52.042282
29.226309 52.049538
29.222691 52.050476
29.224272 52.054951
29.224321 52.056747
29.220766 52.059929
29.223705 52.060799
29.218 52.06535
29.219494 52.066685
29.218803 52.068039
29.2181 52.068943
29.213701 52.068092
29.210009 52.066334
29.20907 52.058704
29.200289 52.057449
29.198845 52.057911
29.199551 52.06284
29.19095 52.062489
29.192566 52.06831
29.191157 52.070122
29.195591 52.072323
29.197729 52.070503
29.20068 52.071823
29.201943 52.07061
29.202101 52.070458
29.201943 52.07061
29.202114 52.070908
29.196428 52.076359
29.191279 52.074616
29.188362 52.074646
29.185457 52.075123
29.18259 52.07695
29.183332 52.077393
29.186308 52.079609
29.186392 52.082752
29.188605 52.083626
29.192249 52.083591
29.203026 52.077637
29.209526 52.075325
29.221756 52.069355
29.23181 52.063858
29.238342 52.062889
29.241947 52.061504
29.240427 52.059273
29.244032 52.057888
29.249798 52.05558
29.256292 52.053261
29.261379 52.052757
29.270044 52.049969
29.270786 52.050407
29.278707 52.047176
29.287357 52.043938
29.29377 52.038921
29.292259 52.037144
29.305885 52.0298
29.308096 52.030674
29.319519 52.022907
29.31658 52.022041
29.307289 52.027988
29.299173 52.024487
29.295586 52.026321
29.298617 52.030331
29.287865 52.036293
29.284912 52.034977
29.279034 52.033245
29.266615 52.032032
29.260828 52.033443
29.249842 52.031315
29.244768 52.032269
4
29.201132 52.066128
29.20087 52.065525
29.20125 52.065975
29.201132 52.066128
4
29.201652 52.070103
29.199865 52.068684
29.201347 52.069569
29.201652 52.070103
37
29.244768 52.032269
29.241856 52.032299
29.238152 52.030094
29.241743 52.028259
29.247618 52.029991
29.253317 52.025436
29.246675 52.022366
29.244478 52.021938
29.235853 52.026073
29.229942 52.022991
29.227745 52.022564
29.219761 52.023548
29.21986 52.027142
29.209158 52.035339
29.186533 52.033775
29.187201 52.031525
29.180588 52.029346
29.177042 52.032974
29.180778 52.036533
29.178642 52.038349
29.180948 52.04282
29.201391 52.044407
29.202022 52.040806
29.195467 52.040875
29.195431 52.039528
29.20269 52.038551
29.215887 52.041561
29.219454 52.038826
29.226812 52.041447
29.228394 52.045921
29.217466 52.046036
29.21538 52.049652
29.221962 52.050484
29.22558 52.049545
29.232664 52.042282
29.23922 52.042213
29.244768 52.032269
22
29.223522 52.096232
29.224468 52.096669
29.225306 52.096212
29.229498 52.093923
29.225023 52.090375
29.22789 52.088548
29.231647 52.092549
29.241026 52.088857
29.238712 52.08439
29.243778 52.082986
29.246567 52.078462
29.253065 52.076146
29.24933 52.073041
29.245009 52.074887
29.239277 52.078542
29.237945 52.083047
29.232088 52.082212
29.224898 52.085881
29.223452 52.086347
29.222835 52.090398
29.217817 52.093595
29.223522 52.096232
8
29.278669 52.070992
29.275062 52.072376
29.272993 52.076443
29.278956 52.080872
29.283264 52.078575
29.278799 52.075481
29.282391 52.073643
29.278669 52.070992
BRUSH(1,0)
REGION 2
59
29.487686 51.824305
29.490264 51.82137
29.491092 51.820912
29.495247 51.818612
29.495928 51.817254
29.495672 51.80962
29.497046 51.807355
29.502722 51.803689
29.504879 51.803212
29.507746 51.802274
29.518368 51.79495
29.521945 51.793553
29.52193 51.793103
29.517371 51.786874
29.515107 51.784207
29.515077 51.783311
29.517173 51.781033
29.516435 51.780595
29.514247 51.780175
29.508454 51.780251
29.505603 51.781636
29.502797 51.784367
29.501365 51.784833
29.494107 51.784478
29.492675 51.784947
29.490607 51.788117
29.489882 51.788128
29.487016 51.789063
29.485627 51.790879
29.484961 51.792683
29.48721 51.794899
29.488629 51.793984
29.492221 51.793038
29.492943 51.79303
29.494467 51.795258
29.496731 51.797925
29.496745 51.798375
29.494603 51.799298
29.493094 51.79752
29.490212 51.798009
29.485215 51.800316
29.484536 51.801674
29.483841 51.802582
29.478754 51.802197
29.476582 51.802223
29.475252 51.805836
29.475296 51.807183
29.476746 51.807167
29.478209 51.807595
29.4813 51.813397
29.482189 51.818329
29.485101 51.818741
29.486582 51.819623
29.479572 51.826901
29.478906 51.828705
29.48256 51.829556
29.483285 51.829548
29.484676 51.827733
29.487686 51.824305
10
29.502405 51.766834
29.498121 51.768688
29.500383 51.771355
29.50275 51.777164
29.505753 51.78027
29.507187 51.779804
29.509314 51.778427
29.507774 51.775753
29.506824 51.769024
29.502405 51.766834
BRUSH(1,0)
REGION 2
35
30.561342 52.703163
30.559126 52.703213
30.560051 52.706337
30.558127 52.711323
30.556782 52.713596
30.552427 52.715038
30.556387 52.719448
30.552799 52.721321
30.551479 52.724045
30.54855 52.72456
30.54789 52.725922
30.551664 52.727188
30.556971 52.729317
30.557078 52.731113
30.560852 52.73238
30.564176 52.726017
30.568663 52.726814
30.574442 52.724442
30.579668 52.725227
30.58186 52.724728
30.584103 52.725128
30.59062 52.72274
30.588926 52.719181
30.590162 52.715111
30.591896 52.706985
30.58741 52.706188
30.585327 52.708477
30.58013 52.708145
30.577994 52.709538
30.573481 52.70829
30.572636 52.706512
30.568256 52.707504
30.565826 52.703964
30.562899 52.704479
30.561342 52.703163
8
30.54908 52.733532
30.542559 52.73592
30.54335 52.736801
30.541926 52.737732
30.543482 52.739048
30.550848 52.738438
30.552908 52.735695
30.54908 52.733532
BRUSH(1,0)
REGION 3
54
29.139581 51.820607
29.139588 51.8206
29.149805 51.825668
29.152624 51.822498
29.156294 51.824257
29.148621 51.836018
29.157356 51.837277
29.158573 51.828278
29.159988 51.826916
29.162876 51.826439
29.166573 51.829098
29.171028 51.833096
29.176829 51.833038
29.17671 51.828545
29.170056 51.823669
29.174345 51.821381
29.174263 51.818237
29.182211 51.817257
29.184385 51.817234
29.190136 51.81538
29.189327 51.812241
29.183531 51.812302
29.183422 51.808258
29.175451 51.808338
29.166769 51.808876
29.16602 51.807987
29.170952 51.802544
29.166439 51.796299
29.172188 51.794445
29.16922 51.791779
29.157745 51.796387
29.153364 51.795082
29.148994 51.794228
29.146097 51.794254
29.145395 51.795162
29.144741 51.797863
29.144016 51.797871
29.133059 51.794384
29.134472 51.793022
29.135128 51.790318
29.124908 51.787273
29.125881 51.79715
29.140509 51.802399
29.144062 51.799667
29.148386 51.798725
29.150686 51.803646
29.148537 51.804565
29.144879 51.803253
29.137116 51.811417
29.13126 51.809227
29.12981 51.809242
29.124149 51.81469
29.130741 51.817322
29.139581 51.820607
21
29.144501 51.845043
29.134348 51.845142
29.130009 51.845634
29.122824 51.8484
29.122835 51.84885
29.124354 51.851528
29.127312 51.853748
29.130926 51.853264
29.135267 51.852772
29.141773 51.851811
29.146137 51.852215
29.153414 51.853043
29.154138 51.853035
29.155508 51.849876
29.156221 51.849419
29.158409 51.849846
29.159122 51.849392
29.158339 51.847153
29.157591 51.84626
29.152491 51.845413
29.144501 51.845043
11
29.130753 51.817768
29.126631 51.826798
29.132452 51.827637
29.132418 51.82629
29.133822 51.824478
29.141151 51.827553
29.143993 51.825279
29.139599 51.823525
29.138115 51.822189
29.139175 51.82102
29.130753 51.817768
BRUSH(1,0)
REGION 1
48
25.952959 54.602833
25.949078 54.602444
25.948238 54.603779
25.947931 54.603615
25.94647 54.608242
25.94183 54.608166
25.941057 54.608151
25.943973 54.611794
25.936636 54.619312
25.949589 54.623569
25.958122 54.623261
25.961662 54.630058
25.9786 54.632134
25.978838 54.627193
25.971962 54.625286
25.97121 54.624825
25.968931 54.62389
25.96977 54.622555
25.969881 54.620308
25.969923 54.619412
25.970011 54.617615
25.970034 54.617168
25.978651 54.615059
25.978695 54.614162
25.975687 54.612316
25.966318 54.61396
25.964748 54.614384
25.962406 54.614796
25.96088 54.614319
25.960152 54.613411
25.957853 54.612923
25.955555 54.612434
25.954052 54.611511
25.95257 54.610138
25.951841 54.60923
25.953432 54.608357
25.956482 54.609306
25.957941 54.611126
25.964836 54.612587
25.965567 54.613499
25.974184 54.611393
25.970448 54.608635
25.969696 54.608173
25.974598 54.602863
25.976187 54.60199
25.969315 54.600082
25.965252 54.604057
25.952959 54.602833
BRUSH(1,0)
REGION 1
31
26.396303 54.462551
26.390873 54.463379
26.392963 54.469246
26.379 54.471313
26.367643 54.465775
26.357622 54.465641
26.356116 54.464722
26.352997 54.46558
26.355169 54.469204
26.364073 54.478306
26.363232 54.480091
26.370821 54.483337
26.375191 54.490131
26.379732 54.492439
26.378103 54.494663
26.383451 54.496082
26.389074 54.490315
26.396101 54.488155
26.399052 54.491791
26.414547 54.490189
26.419846 54.492954
26.431566 54.489059
26.431633 54.487263
26.431683 54.485916
26.431732 54.484566
26.420433 54.477238
26.420483 54.475887
26.407526 54.47168
26.407629 54.468986
26.401426 54.469807
26.396303 54.462551
BRUSH(1,0)
REGION 1
39
25.915478 54.4226
25.913788 54.427082
25.919807 54.428516
25.920578 54.428528
25.919496 54.434799
25.924095 54.435326
25.924866 54.435341
25.926605 54.431324
25.926628 54.430878
25.940973 54.436958
25.941721 54.43742
25.951052 54.435776
25.953362 54.435814
25.960163 54.438621
25.960934 54.438637
25.973452 54.434799
25.974243 54.434361
25.966673 54.431541
25.965176 54.430618
25.965437 54.425228
25.965481 54.424332
25.971575 54.425781
25.976879 54.427666
25.980196 54.422775
25.98024 54.421879
25.966381 54.42165
25.96484 54.421627
25.957295 54.418354
25.953291 54.421436
25.951819 54.420063
25.94887 54.417316
25.947374 54.416393
25.935343 54.410351
25.935366 54.409904
25.927359 54.416061
25.921246 54.415058
25.921223 54.415508
25.920889 54.422241
25.915478 54.4226
BRUSH(1,0)
REGION 1
97
25.328352 54.155537
25.329145 54.155106
25.329174 54.154655
25.329203 54.154209
25.329231 54.153759
25.32926 54.153309
25.329315 54.152412
25.329344 54.151962
25.329372 54.151516
25.329401 54.151066
25.330194 54.150635
25.329487 54.149719
25.33028 54.149288
25.330309 54.148838
25.329573 54.148373
25.329601 54.147926
25.328892 54.147011
25.32892 54.146561
25.328184 54.146095
25.32745 54.14563
25.326714 54.145165
25.325977 54.144699
25.32527 54.143784
25.324533 54.143318
25.323797 54.142853
25.323061 54.142387
25.322325 54.141922
25.32159 54.141457
25.320883 54.140541
25.320911 54.140095
25.320175 54.139629
25.318646 54.139595
25.317882 54.13958
25.317118 54.139561
25.316353 54.139545
25.315559 54.139976
25.314031 54.139942
25.313267 54.139927
25.312502 54.139908
25.311739 54.139893
25.310946 54.140324
25.310888 54.141224
25.31086 54.14167
25.310831 54.14212
25.310803 54.142571
25.310774 54.143017
25.310717 54.143917
25.310688 54.144363
25.309923 54.144348
25.30913 54.144779
25.308365 54.144764
25.307571 54.145195
25.306044 54.145161
25.30525 54.145592
25.304485 54.145576
25.303692 54.146008
25.302929 54.145992
25.301371 54.146408
25.300577 54.146839
25.299784 54.14727
25.30052 54.147736
25.300491 54.148186
25.301228 54.148651
25.301197 54.149097
25.301905 54.150013
25.301876 54.150463
25.301848 54.150909
25.302584 54.151379
25.302555 54.151825
25.303291 54.15229
25.303234 54.153191
25.303204 54.153637
25.30394 54.154102
25.303911 54.154552
25.303883 54.155003
25.30459 54.155914
25.304562 54.156364
25.304533 54.156815
25.305269 54.15728
25.305241 54.157726
25.305183 54.158627
25.30592 54.159092
25.305891 54.159538
25.306626 54.160004
25.307362 54.160473
25.308126 54.160488
25.30892 54.160057
25.309685 54.160072
25.310478 54.159641
25.314417 54.157928
25.317534 54.157101
25.319883 54.15625
25.323765 54.155437
25.32453 54.155453
25.325294 54.155472
25.326794 54.155952
25.328352 54.155537
BRUSH(1,0)
REGION 1
44
25.776697 53.914185
25.775868 53.915516
25.775036 53.916851
25.767431 53.91671
25.76874 53.92078
25.76784 53.923458
25.762709 53.934151
25.75812 53.934517
25.754889 53.938053
25.769919 53.941921
25.771322 53.944195
25.776556 53.946087
25.781836 53.947083
25.790922 53.948147
25.7918 53.945915
25.792793 53.941437
25.786707 53.94133
25.786224 53.935928
25.792219 53.937832
25.79381 53.936512
25.799828 53.937969
25.803034 53.934883
25.796349 53.931614
25.802505 53.930378
25.8011 53.928104
25.807255 53.926868
25.807392 53.924175
25.802853 53.923645
25.802944 53.921848
25.799948 53.920895
25.798311 53.923111
25.798103 53.927155
25.791186 53.928375
25.788214 53.926975
25.793701 53.923927
25.787708 53.922024
25.785311 53.924225
25.780605 53.926838
25.779986 53.924129
25.781601 53.922363
25.785683 53.917042
25.78656 53.91481
25.781998 53.91473
25.776697 53.914185
BRUSH(1,0)
REGION 2
110
25.332336 53.862537
25.326317 53.86084
25.323263 53.861485
25.316906 53.865841
25.313444 53.872505
25.313301 53.874748
25.310265 53.874683
25.306551 53.873253
25.307539 53.869678
25.308355 53.868797
25.305487 53.866035
25.301548 53.868198
25.298653 53.865887
25.301832 53.863708
25.292864 53.861263
25.289656 53.863888
25.281774 53.868206
25.279323 53.87085
25.275268 53.874802
25.272144 53.876083
25.27273 53.878792
25.266712 53.877758
25.264259 53.880398
25.27025 53.881882
25.277847 53.882053
25.274521 53.886475
25.271511 53.885956
25.270636 53.887733
25.261604 53.886185
25.259211 53.887928
25.25696 53.887428
25.255266 53.890087
25.259651 53.892879
25.27079 53.897175
25.262228 53.900131
25.252407 53.89901
25.251589 53.899891
25.248989 53.904778
25.257349 53.904964
25.262142 53.901478
25.267405 53.902493
25.272051 53.901249
25.274273 53.902199
25.277228 53.903614
25.278072 53.902283
25.281055 53.903248
25.289387 53.903885
25.282934 53.909584
25.279606 53.914005
25.272331 53.920582
25.275345 53.921101
25.283737 53.920837
25.283478 53.924877
25.288069 53.92453
25.286921 53.918663
25.289963 53.918728
25.290306 53.913342
25.295181 53.908508
25.297377 53.909905
25.299913 53.905914
25.300674 53.905933
25.301434 53.905949
25.302195 53.905968
25.303011 53.905087
25.30304 53.904636
25.303068 53.904186
25.303097 53.90374
25.303125 53.90329
25.303182 53.902393
25.303211 53.901943
25.30324 53.901493
25.303269 53.901047
25.303297 53.900597
25.303354 53.8997
25.303381 53.89925
25.304171 53.898819
25.304199 53.898369
25.304987 53.897938
25.305775 53.897507
25.306536 53.897522
25.308027 53.898006
25.308758 53.898472
25.307628 53.904289
25.306755 53.906067
25.307316 53.909225
25.305569 53.912785
25.302498 53.913166
25.300636 53.918518
25.304884 53.923553
25.312488 53.923721
25.313868 53.925999
25.317726 53.925186
25.311451 53.916058
25.313313 53.910706
25.328487 53.911491
25.329531 53.907017
25.328377 53.90115
25.321649 53.899204
25.325873 53.892555
25.329138 53.88903
25.327732 53.887203
25.327198 53.883595
25.324272 53.881733
25.320587 53.879852
25.314396 53.881516
25.328043 53.870129
25.331306 53.866604
25.332966 53.864395
25.333809 53.863064
25.332336 53.862537
8
25.24785 53.910595
25.233818 53.915668
25.24028 53.921661
25.247681 53.924973
25.249346 53.922764
25.245894 53.917294
25.252151 53.914738
25.24785 53.910595
BRUSH(1,0)
REGION 1
28
24.750858 53.590382
24.7463 53.59071
24.746094 53.593403
24.738451 53.594543
24.735296 53.596256
24.733549 53.599358
24.728338 53.598316
24.724977 53.602722
24.73156 53.605598
24.729811 53.608696
24.73348 53.610146
24.731527 53.615936
24.742708 53.618038
24.747747 53.611427
24.739653 53.608513
24.740578 53.606289
24.744385 53.605946
24.747952 53.608738
24.751003 53.608368
24.751621 53.610184
24.754639 53.610264
24.757073 53.608082
24.757176 53.606735
24.754158 53.606655
24.755354 53.600845
24.755865 53.594112
24.750652 53.593075
24.750858 53.590382
BRUSH(1,0)
REGION 1
819
23.783649 53.649521
23.784405 53.649548
23.785114 53.650024
23.785824 53.650497
23.787289 53.651001
23.788042 53.651024
23.788754 53.651501
23.789507 53.651527
23.790173 53.652451
23.790129 53.652897
23.790085 53.653347
23.789286 53.653767
23.789242 53.654217
23.789152 53.655113
23.788355 53.655533
23.788309 53.655983
23.788265 53.656429
23.787422 53.657299
23.787378 53.657749
23.787333 53.658195
23.786535 53.658619
23.78578 53.658592
23.784227 53.658989
23.783472 53.658962
23.782717 53.658936
23.781963 53.658909
23.781208 53.658882
23.779699 53.658829
23.7789 53.659252
23.778145 53.659225
23.777392 53.659199
23.776636 53.659172
23.775128 53.659119
23.774372 53.659092
23.773619 53.659065
23.77282 53.659489
23.772064 53.659462
23.771309 53.659435
23.7698 53.659382
23.769047 53.659355
23.768248 53.659779
23.768158 53.660675
23.768114 53.661121
23.767315 53.661545
23.767269 53.661991
23.767225 53.662441
23.76869 53.662941
23.769356 53.663864
23.770109 53.663891
23.771574 53.664391
23.77224 53.665314
23.772951 53.665791
23.773661 53.666264
23.77437 53.66674
23.775169 53.666317
23.77668 53.66637
23.777433 53.666397
23.778233 53.665974
23.778988 53.666
23.779787 53.665581
23.780542 53.665604
23.782007 53.666107
23.782761 53.666134
23.783472 53.666607
23.784227 53.666634
23.784138 53.66753
23.784094 53.66798
23.784803 53.668453
23.784004 53.668877
23.783205 53.669296
23.78245 53.66927
23.78165 53.669693
23.780142 53.66964
23.779386 53.669613
23.778588 53.670036
23.777834 53.67001
23.777035 53.670429
23.77628 53.670403
23.774725 53.670799
23.77397 53.670773
23.773171 53.671196
23.772371 53.671616
23.771616 53.671589
23.770863 53.671562
23.769308 53.671959
23.768553 53.671932
23.767798 53.671906
23.767044 53.671879
23.766289 53.671852
23.76478 53.671799
23.765446 53.672722
23.7654 53.673172
23.765356 53.673618
23.76531 53.674068
23.765266 53.674515
23.765976 53.674992
23.766642 53.675915
23.767441 53.675491
23.768196 53.675518
23.768951 53.675545
23.770462 53.675598
23.771215 53.675625
23.772015 53.675201
23.77277 53.675228
23.773525 53.675255
23.774324 53.674831
23.775835 53.674885
23.776588 53.674912
23.777344 53.674938
23.778143 53.674519
23.778898 53.674541
23.780407 53.674595
23.781162 53.674622
23.781961 53.674202
23.782717 53.674229
23.783472 53.674252
23.785026 53.673859
23.78578 53.673885
23.786535 53.673912
23.787334 53.673489
23.786625 53.673016
23.785957 53.672092
23.786003 53.671642
23.785292 53.671169
23.786091 53.670746
23.786846 53.670773
23.787602 53.670799
23.788355 53.670826
23.789866 53.670879
23.790575 53.671352
23.79133 53.671379
23.792042 53.671852
23.793551 53.671906
23.794262 53.672382
23.794216 53.672829
23.794172 53.673279
23.795637 53.673779
23.796348 53.674252
23.797058 53.674728
23.797769 53.675201
23.79928 53.675255
23.79999 53.675728
23.800745 53.675755
23.8015 53.675781
23.802254 53.675808
23.803808 53.675411
23.80452 53.675888
23.804476 53.676334
23.80443 53.676785
23.805141 53.677258
23.805054 53.678154
23.805763 53.678627
23.805719 53.679077
23.805675 53.679523
23.806387 53.68
23.806297 53.680897
23.805498 53.681316
23.804745 53.68129
23.80319 53.681686
23.802435 53.68166
23.80168 53.681633
23.800881 53.682056
23.800081 53.68248
23.799238 53.68335
23.798439 53.683769
23.79764 53.684193
23.797594 53.684639
23.79755 53.685089
23.797506 53.685535
23.797462 53.685986
23.797373 53.686882
23.798084 53.687355
23.798796 53.687832
23.799505 53.688305
23.800217 53.688778
23.800928 53.689255
23.800882 53.689701
23.800129 53.689674
23.798618 53.689625
23.797863 53.689598
23.797108 53.689571
23.796352 53.689545
23.794842 53.689491
23.794087 53.689465
23.793331 53.689438
23.792578 53.689415
23.791823 53.689388
23.790312 53.689335
23.789513 53.689755
23.789467 53.690205
23.790178 53.690678
23.790135 53.691128
23.790089 53.691574
23.790001 53.692471
23.789957 53.692921
23.789911 53.693367
23.789867 53.693817
23.790579 53.69429
23.791334 53.694317
23.792044 53.69479
23.793554 53.694843
23.794309 53.69487
23.795065 53.694897
23.79582 53.694923
23.797287 53.695423
23.798042 53.69545
23.798798 53.695477
23.799553 53.695503
23.800264 53.695976
23.801775 53.69603
23.802528 53.696056
23.803284 53.696083
23.803995 53.696556
23.804707 53.697033
23.804663 53.697479
23.804619 53.697929
23.803774 53.698799
23.80373 53.699245
23.803686 53.699696
23.803642 53.700142
23.802841 53.700565
23.802754 53.701462
23.80271 53.701908
23.80191 53.702332
23.801865 53.702778
23.801066 53.703201
23.800354 53.702728
23.798843 53.702675
23.798134 53.702198
23.797422 53.701725
23.796711 53.701252
23.796621 53.702148
23.796577 53.702595
23.796534 53.703045
23.79649 53.703491
23.796446 53.703941
23.796356 53.704838
23.796312 53.705284
23.796269 53.705734
23.796223 53.706181
23.796179 53.706631
23.796091 53.707527
23.796045 53.707973
23.796001 53.708424
23.795958 53.70887
23.795158 53.709293
23.795069 53.71019
23.795025 53.710636
23.794981 53.711086
23.794935 53.711533
23.794848 53.712429
23.794804 53.712879
23.794002 53.713299
23.793247 53.713272
23.792492 53.713249
23.791691 53.713669
23.792402 53.714146
23.793114 53.714619
23.793825 53.715092
23.795292 53.715595
23.796047 53.715618
23.796759 53.716095
23.797514 53.716122
23.799027 53.716175
23.799738 53.716648
23.800493 53.716675
23.800449 53.717121
23.801159 53.717598
23.801115 53.718044
23.801827 53.718521
23.803339 53.718571
23.804138 53.718151
23.804893 53.718178
23.805694 53.717754
23.806494 53.717331
23.806538 53.716885
23.806581 53.716434
23.807382 53.716015
23.808182 53.715591
23.808937 53.715618
23.809692 53.715645
23.810494 53.715221
23.812004 53.715275
23.812803 53.714851
23.813604 53.714432
23.813648 53.713982
23.814447 53.713562
23.815247 53.713139
23.816759 53.713192
23.817514 53.713219
23.81827 53.713242
23.818981 53.713718
23.819737 53.713745
23.821203 53.714245
23.821915 53.714718
23.82267 53.714745
23.823425 53.714771
23.824894 53.715271
23.827732 53.709522
23.82782 53.708626
23.830307 53.706463
23.830351 53.706017
23.834128 53.706146
23.834883 53.706173
23.838617 53.706749
23.839373 53.706776
23.839855 53.701847
23.839899 53.701397
23.843719 53.70108
23.845713 53.696201
23.848023 53.695831
23.850244 53.696358
23.853527 53.693771
23.853571 53.693321
23.849258 53.690926
23.848547 53.690453
23.846457 53.68858
23.849695 53.686443
23.85045 53.68647
23.857828 53.688522
23.857784 53.688969
23.876663 53.689617
23.877419 53.68964
23.880161 53.684788
23.880205 53.684341
23.859861 53.683193
23.860035 53.6814
23.857944 53.679531
23.860516 53.676472
23.877255 53.675694
23.87801 53.67572
23.878765 53.675747
23.879562 53.675323
23.881073 53.675373
23.881828 53.6754
23.882626 53.674976
23.883381 53.675003
23.884136 53.67503
23.884892 53.675056
23.8864 53.675106
23.8872 53.674683
23.887911 53.675159
23.888666 53.675182
23.890219 53.674786
23.890974 53.674812
23.891685 53.675285
23.892485 53.674866
23.893238 53.674889
23.894749 53.674942
23.895504 53.674965
23.896259 53.674992
23.897013 53.675018
23.897768 53.675045
23.899279 53.675095
23.900034 53.675121
23.900789 53.675148
23.901543 53.675171
23.902298 53.675198
23.903808 53.675247
23.904564 53.675274
23.905317 53.675301
23.906073 53.675327
23.906872 53.674904
23.90838 53.674953
23.909094 53.675427
23.909847 53.675453
23.910602 53.67548
23.912069 53.67598
23.912783 53.676453
23.913536 53.676479
23.91425 53.676952
23.915716 53.677452
23.916471 53.677475
23.917269 53.677055
23.918066 53.676632
23.918865 53.676209
23.919706 53.675339
23.920503 53.674915
23.921301 53.674492
23.9221 53.674068
23.922855 53.674095
23.924408 53.673698
23.925247 53.672825
23.926046 53.672405
23.926844 53.671982
23.927599 53.672005
23.928396 53.671585
23.929949 53.671185
23.930746 53.670761
23.931545 53.670342
23.932301 53.670364
23.933098 53.669941
23.933853 53.669968
23.935406 53.669571
23.936159 53.669598
23.936958 53.669174
23.937712 53.669197
23.938511 53.668778
23.939264 53.6688
23.940775 53.668854
23.94153 53.668877
23.942283 53.668903
23.943039 53.668926
23.943794 53.668953
23.945347 53.668556
23.946102 53.668583
23.946855 53.668606
23.947569 53.669079
23.94828 53.669556
23.949791 53.669605
23.950546 53.669628
23.9513 53.669655
23.952099 53.669231
23.952852 53.669258
23.953693 53.668385
23.953735 53.667938
23.953024 53.667465
23.952268 53.667438
23.951557 53.666965
23.950802 53.666939
23.949335 53.666443
23.94858 53.666416
23.947866 53.665943
23.947113 53.665916
23.945646 53.665417
23.944891 53.665394
23.944178 53.664917
23.943424 53.664894
23.941957 53.664394
23.941202 53.664368
23.940491 53.663895
23.939735 53.663872
23.938225 53.663818
23.937471 53.663795
23.936716 53.663769
23.935919 53.664192
23.935122 53.664616
23.934366 53.664589
23.932855 53.664539
23.932058 53.664959
23.931303 53.664936
23.930506 53.665359
23.929752 53.665333
23.928953 53.665756
23.927444 53.665703
23.926689 53.66568
23.925892 53.666103
23.925137 53.666077
23.924339 53.6665
23.922829 53.666447
23.922031 53.66687
23.921276 53.666847
23.920523 53.666821
23.919723 53.667244
23.918215 53.667191
23.917459 53.667168
23.916704 53.667141
23.915907 53.667564
23.915152 53.667538
23.914398 53.667511
23.912888 53.667461
23.912132 53.667435
23.911335 53.667858
23.91058 53.667831
23.909824 53.667809
23.908316 53.667755
23.90756 53.667732
23.906805 53.667706
23.906008 53.668129
23.905252 53.668102
23.903744 53.668053
23.902988 53.668026
23.902191 53.668449
23.901436 53.668423
23.90068 53.668396
23.899128 53.668793
23.898372 53.66877
23.897575 53.669189
23.89682 53.669167
23.896065 53.66914
23.895267 53.669563
23.893757 53.66951
23.893003 53.669483
23.892204 53.669907
23.891449 53.66988
23.890695 53.669857
23.889141 53.670254
23.888388 53.670227
23.887632 53.6702
23.886877 53.670177
23.886122 53.670151
23.884613 53.670097
23.883858 53.670074
23.883102 53.670048
23.882349 53.670021
23.881594 53.669994
23.880083 53.669945
23.87933 53.669918
23.878574 53.669891
23.877819 53.669868
23.877064 53.669842
23.875555 53.669788
23.8748 53.669765
23.874044 53.669739
23.873291 53.669712
23.872492 53.670136
23.870981 53.670082
23.870228 53.670055
23.869472 53.670032
23.868717 53.670006
23.867962 53.669979
23.866453 53.669929
23.865698 53.669903
23.864901 53.670326
23.864145 53.670299
23.86339 53.670273
23.861881 53.670219
23.861126 53.670197
23.861212 53.6693
23.860502 53.668823
23.860544 53.668377
23.860588 53.667927
23.860632 53.667481
23.859964 53.666557
23.859253 53.666084
23.859297 53.665634
23.859341 53.665188
23.858629 53.664711
23.857918 53.664238
23.857164 53.664211
23.856409 53.664188
23.85561 53.664608
23.854812 53.665031
23.854057 53.665005
23.852548 53.664955
23.851793 53.664928
23.850994 53.665348
23.850241 53.665325
23.849398 53.666195
23.8486 53.666618
23.847801 53.667038
23.847002 53.667461
23.846161 53.668331
23.846117 53.668781
23.845318 53.669201
23.844519 53.669624
23.843765 53.669598
23.843054 53.669125
23.842299 53.669098
23.84079 53.669045
23.840034 53.669022
23.839235 53.669441
23.838436 53.669865
23.837639 53.670288
23.837551 53.671185
23.837507 53.671631
23.837463 53.672081
23.837419 53.672527
23.83662 53.672951
23.835821 53.673374
23.835024 53.673794
23.834312 53.673321
23.833601 53.672848
23.83209 53.672794
23.831337 53.672768
23.830582 53.672741
23.829782 53.673164
23.828983 53.673588
23.828186 53.674007
23.827387 53.674431
23.826588 53.674854
23.826544 53.675301
23.826456 53.676197
23.825657 53.67662
23.824902 53.676594
23.824146 53.676567
23.823303 53.677437
23.822506 53.67786
23.82246 53.678307
23.822416 53.678757
23.823128 53.67923
23.82304 53.680126
23.822241 53.68055
23.821485 53.680523
23.820021 53.680023
23.819309 53.679546
23.818554 53.679523
23.817755 53.679943
23.816956 53.680367
23.816112 53.681236
23.815357 53.68121
23.814648 53.680737
23.813892 53.68071
23.812338 53.681107
23.811583 53.68108
23.810783 53.681499
23.810028 53.681477
23.809275 53.68145
23.808563 53.680973
23.808607 53.680527
23.807896 53.68005
23.807985 53.679153
23.808029 53.678707
23.807318 53.678234
23.807362 53.677784
23.807406 53.677338
23.808161 53.677361
23.808916 53.677387
23.809715 53.676968
23.809803 53.676071
23.810602 53.675648
23.811358 53.675674
23.812113 53.675701
23.813578 53.676201
23.814333 53.676228
23.815088 53.676254
23.815887 53.675831
23.816687 53.675407
23.817484 53.674988
23.818283 53.674564
23.819082 53.674145
23.819881 53.673721
23.820681 53.673298
23.821436 53.673325
23.822988 53.672928
23.823788 53.672508
23.824587 53.672085
23.82543 53.671215
23.826229 53.670792
23.827026 53.670372
23.827825 53.669949
23.828581 53.669975
23.82938 53.669552
23.830177 53.669128
23.831732 53.668735
23.832531 53.668312
23.833328 53.667889
23.834128 53.667469
23.834926 53.667046
23.835724 53.666622
23.836523 53.666199
23.838034 53.666252
23.838831 53.665829
23.83963 53.665409
23.840429 53.664986
23.841226 53.664562
23.842026 53.664143
23.842781 53.664169
23.84429 53.664219
23.845045 53.664246
23.845842 53.663822
23.846642 53.663403
23.846685 53.662952
23.846729 53.662506
23.846817 53.66161
23.846861 53.66116
23.840725 53.654202
23.840014 53.653729
23.83296 53.656181
23.832205 53.656158
23.832424 53.653915
23.832512 53.653019
23.834242 53.650829
23.834284 53.650383
23.844169 53.642178
23.844213 53.641731
23.842705 53.641678
23.841993 53.641205
23.841284 53.640728
23.840528 53.640701
23.839064 53.640202
23.838354 53.639729
23.837643 53.639256
23.836889 53.639229
23.835424 53.638729
23.834713 53.638252
23.834003 53.637779
23.833294 53.637306
23.832582 53.636829
23.831873 53.636356
23.830408 53.635857
23.829653 53.63583
23.828855 53.636253
23.828058 53.636673
23.827303 53.63665
23.82655 53.636623
23.824997 53.63702
23.824198 53.63744
23.823444 53.637413
23.822689 53.637386
23.821935 53.637363
23.822023 53.636467
23.822067 53.636017
23.822111 53.635571
23.822155 53.63512
23.822199 53.634674
23.821489 53.634197
23.819981 53.634148
23.819183 53.634567
23.818428 53.634541
23.817631 53.634964
23.816875 53.634937
23.816078 53.635361
23.815279 53.63578
23.813728 53.636177
23.812929 53.636601
23.812132 53.637024
23.811377 53.636997
23.810623 53.636971
23.809824 53.63739
23.809071 53.637367
23.807562 53.637314
23.806806 53.637287
23.806009 53.637711
23.80521 53.63813
23.804457 53.638104
23.803614 53.638973
23.804323 53.63945
23.804279 53.639896
23.804991 53.640373
23.804947 53.64082
23.805656 53.641296
23.806454 53.640873
23.807962 53.640926
23.808718 53.640953
23.809471 53.640976
23.810226 53.641003
23.81098 53.641029
23.812489 53.641083
23.813244 53.641109
23.813997 53.641136
23.814751 53.641159
23.815418 53.642082
23.816128 53.642559
23.816839 53.643032
23.816794 53.643482
23.817505 53.643955
23.818215 53.644428
23.818127 53.645325
23.818838 53.645802
23.819548 53.646275
23.820257 53.646748
23.820969 53.647224
23.821678 53.647697
23.823143 53.648197
23.823854 53.648674
23.824564 53.649147
23.826029 53.649647
23.82674 53.65012
23.82745 53.650597
23.828205 53.650623
23.82967 53.651123
23.829363 53.654259
23.825546 53.654579
23.817158 53.655186
23.816361 53.655609
23.810942 53.649124
23.81023 53.648651
23.804773 53.650261
23.803221 53.650654
23.792746 53.641743
23.79279 53.641296
23.776728 53.642983
23.775974 53.642956
23.775219 53.642933
23.773666 53.643326
23.772911 53.643299
23.772158 53.643272
23.771404 53.643246
23.770605 53.643669
23.769096 53.643616
23.768297 53.644039
23.767544 53.644012
23.766745 53.644432
23.765945 53.644856
23.765856 53.645752
23.765057 53.646172
23.765013 53.646622
23.764213 53.647041
23.764124 53.647938
23.763325 53.648361
23.763281 53.648807
23.763237 53.649258
23.762392 53.650127
23.762348 53.650574
23.761549 53.650997
23.761505 53.651444
23.760706 53.651867
23.760616 53.652763
23.760572 53.65321
23.760527 53.65366
23.761236 53.654133
23.761948 53.65461
23.762701 53.654636
23.764166 53.655136
23.764875 53.655613
23.765585 53.656086
23.76634 53.656113
23.767849 53.656166
23.768604 53.656193
23.769358 53.656219
23.770113 53.656246
23.770912 53.655823
23.772421 53.655876
23.773174 53.655903
23.773973 53.655479
23.774729 53.655506
23.775528 53.655087
23.775572 53.654636
23.776415 53.653767
23.776461 53.65332
23.777258 53.652897
23.778057 53.652477
23.779612 53.652081
23.780411 53.651657
23.781208 53.651237
23.782051 53.650368
23.78285 53.649944
23.783649 53.649521
BRUSH(1,0)
REGION 2
44
25.824864 53.611256
25.827219 53.609501
25.827597 53.609509
25.827997 53.609066
25.834308 53.603787
25.837259 53.605187
25.842499 53.606178
25.847717 53.60762
25.849272 53.606747
25.847118 53.604462
25.847942 53.60313
25.846521 53.601307
25.845902 53.598599
25.848965 53.597756
25.846127 53.594109
25.844662 53.593186
25.84697 53.592327
25.851677 53.588814
25.846552 53.585579
25.839558 53.589497
25.834917 53.591663
25.83263 53.592072
25.830343 53.59248
25.828194 53.590195
25.827711 53.584793
25.82556 53.582508
25.824806 53.582493
25.821787 53.58244
25.820278 53.582413
25.816437 53.583691
25.812527 53.586319
25.807818 53.589829
25.808504 53.59119
25.80999 53.591667
25.815159 53.594006
25.813558 53.595776
25.809074 53.594795
25.80752 53.595665
25.808893 53.598389
25.809578 53.599747
25.81333 53.600266
25.81308 53.605206
25.818915 53.609352
25.824864 53.611256
7
25.798535 53.579327
25.790098 53.581867
25.792977 53.584618
25.801323 53.58387
25.80592 53.582603
25.801506 53.580276
25.798535 53.579327
BRUSH(1,0)
REGION 1
30
26.159927 53.551166
26.155384 53.551548
26.140129 53.555359
26.13245 53.558388
26.136762 53.563396
26.138214 53.56477
26.132856 53.566483
26.13216 53.565124
26.124557 53.566357
26.123629 53.570385
26.126451 53.574925
26.129488 53.57452
26.132488 53.575016
26.134518 53.580441
26.143747 53.576538
26.148952 53.578411
26.158915 53.57497
26.154617 53.569511
26.149918 53.573483
26.148525 53.570766
26.148544 53.570316
26.148582 53.56942
26.148601 53.56897
26.148621 53.568523
26.149395 53.568085
26.14949 53.565838
26.157148 53.563259
26.158791 53.560139
26.161379 53.552536
26.159927 53.551166
BRUSH(1,0)
REGION 1
32
25.401926 53.456425
25.400339 53.457737
25.397304 53.458122
25.400042 53.462677
25.393217 53.463428
25.390825 53.465622
25.38846 53.467369
25.399664 53.46896
25.401087 53.470341
25.399529 53.471203
25.402429 53.473064
25.404768 53.471767
25.406273 53.471798
25.410463 53.477284
25.411026 53.480442
25.410999 53.480888
25.412504 53.480923
25.415596 53.479637
25.420004 53.481529
25.421509 53.481564
25.420271 53.477043
25.417612 53.471142
25.417048 53.467983
25.415705 53.46526
25.417988 53.464859
25.418659 53.466221
25.423227 53.46542
25.422636 53.462708
25.419895 53.458157
25.417665 53.457661
25.407942 53.456551
25.401926 53.456425
BRUSH(1,0)
REGION 1
60
24.538679 53.392055
24.537603 53.396072
24.533102 53.395943
24.533029 53.396839
24.530777 53.396774
24.529919 53.398098
24.524591 53.398846
24.524265 53.402882
24.536493 53.400536
24.535381 53.404999
24.526907 53.407455
24.527475 53.409718
24.529692 53.410233
24.530371 53.411152
24.527042 53.4151
24.529827 53.417881
24.534405 53.417114
24.536442 53.419868
24.538767 53.419037
24.538839 53.41814
24.543453 53.416923
24.549423 53.417542
24.550281 53.416218
24.554037 53.416325
24.551603 53.418507
24.543699 53.423225
24.541445 53.423161
24.540441 53.426277
24.541908 53.426769
24.539936 53.43256
24.542046 53.434418
24.548019 53.435039
24.549132 53.430573
24.558 53.432625
24.561935 53.430489
24.558359 53.428139
24.563082 53.425575
24.572309 53.432583
24.575421 53.431324
24.577496 53.433632
24.579035 53.433224
24.579212 53.430981
24.571451 53.424465
24.576349 53.419659
24.571915 53.418636
24.568661 53.421688
24.565729 53.420708
24.568232 53.417629
24.563799 53.416607
24.564012 53.413914
24.55418 53.414532
24.554144 53.414982
24.54821 53.41391
24.549105 53.41214
24.538347 53.405537
24.539459 53.40107
24.544178 53.39851
24.546112 53.393169
24.546185 53.392273
24.538679 53.392055
BRUSH(1,0)
REGION 1
19
24.010687 53.188179
24.007536 53.189873
24.011061 53.192238
24.006626 53.199734
24.013927 53.201778
24.020483 53.203793
24.023012 53.200729
24.027697 53.198635
24.025705 53.195873
24.021847 53.197094
24.018986 53.195648
24.021389 53.193928
24.027321 53.194576
24.033712 53.198383
24.035288 53.197537
24.034247 53.192554
24.026863 53.191414
24.026363 53.188698
24.010687 53.188179
BRUSH(1,0)
REGION 1
66
25.354471 53.050846
25.341314 53.058647
25.321861 53.071701
25.317776 53.077454
25.310818 53.081345
25.306427 53.079899
25.300959 53.08382
25.298088 53.081959
25.290466 53.084484
25.291044 53.087196
25.29549 53.087746
25.297064 53.08643
25.305321 53.085716
25.302918 53.08836
25.308579 53.093433
25.307032 53.094296
25.299797 53.090538
25.29314 53.089489
25.288555 53.091183
25.295128 53.093578
25.289574 53.09885
25.2899 53.105598
25.29501 53.107513
25.319185 53.103107
25.330538 53.100662
25.333053 53.10836
25.337092 53.115643
25.347292 53.119915
25.354307 53.115124
25.343689 53.10545
25.33844 53.105782
25.334322 53.09985
25.34882 53.094776
25.349484 53.096138
25.350948 53.096619
25.370394 53.096146
25.371994 53.094383
25.365389 53.092442
25.375992 53.089977
25.370962 53.08672
25.386169 53.082108
25.38875 53.088905
25.389467 53.089371
25.386191 53.094242
25.392048 53.096169
25.397404 53.094036
25.396608 53.082333
25.397407 53.081451
25.410216 53.079479
25.409788 53.074078
25.402601 53.069427
25.398874 53.069347
25.391764 53.075935
25.388172 53.073608
25.385639 53.078499
25.379675 53.078369
25.378822 53.080147
25.370567 53.080868
25.350058 53.086712
25.350139 53.085365
25.33009 53.083572
25.33445 53.07333
25.350782 53.062454
25.352964 53.0634
25.356936 53.059441
25.354471 53.050846
BRUSH(1,0)
REGION 1
24
24.809475 53.137421
24.806412 53.148579
24.801933 53.148457
24.801702 53.1516
24.806082 53.153065
24.801952 53.158352
24.803248 53.161083
24.797011 53.164513
24.803663 53.165588
24.806069 53.163406
24.813568 53.163155
24.814863 53.165886
24.81941 53.165108
24.819706 53.161068
24.810034 53.160362
24.807827 53.159855
24.812603 53.155937
24.81854 53.156544
24.824579 53.155804
24.828737 53.150066
24.821537 53.146282
24.821798 53.142693
24.815443 53.137577
24.809475 53.137421
BRUSH(1,0)
REGION 1
23
24.094366 53.024082
24.087933 53.02927
24.090466 53.034298
24.086624 53.035522
24.085678 53.037739
24.081717 53.04031
24.086803 53.041824
24.091268 53.041969
24.091591 53.038383
24.094446 53.039825
24.093962 53.045208
24.099171 53.045376
24.103132 53.042809
24.103332 53.040566
24.105686 53.039291
24.105966 53.036152
24.107494 53.035751
24.11051 53.0354
24.115334 53.031509
24.108919 53.028152
24.097643 53.029137
24.097261 53.025078
24.094366 53.024082
BRUSH(1,0)
REGION 2
47
24.418894 53.131802
24.412853 53.132523
24.412706 53.134315
24.406738 53.134136
24.407934 53.137772
24.41308 53.138824
24.415096 53.141583
24.413345 53.144676
24.418049 53.151112
24.422451 53.152142
24.425444 53.161224
24.430742 53.160484
24.432611 53.165035
24.438545 53.165661
24.44179 53.162609
24.448469 53.163258
24.449032 53.165524
24.451944 53.166508
24.451651 53.170097
24.456093 53.170677
24.457733 53.168926
24.462139 53.169956
24.463778 53.168205
24.467474 53.168766
24.469568 53.170624
24.477034 53.170845
24.480948 53.168709
24.479818 53.164181
24.490942 53.165405
24.489031 53.161304
24.491451 53.159126
24.485735 53.155811
24.476816 53.155098
24.475103 53.157745
24.471445 53.156742
24.478708 53.150207
24.477434 53.147472
24.472994 53.146893
24.464384 53.151588
24.452593 53.149441
24.444569 53.146954
24.437514 53.1418
24.435495 53.139042
24.431766 53.138931
24.430082 53.132134
24.420239 53.13364
24.418894 53.131802
5
24.389061 53.148895
24.3888 53.152035
24.399918 53.153267
24.400215 53.149681
24.389061 53.148895
BRUSH(1,0)
REGION 1
41
26.937748 54.864059
26.924442 54.866642
26.931259 54.874336
26.935108 54.876167
26.934261 54.878853
26.933481 54.878849
26.930355 54.879272
26.924881 54.880123
26.917847 54.880962
26.912373 54.881813
26.91157 54.882706
26.909187 54.884483
26.90914 54.88628
26.914595 54.886326
26.918501 54.88591
26.920094 54.884575
26.927126 54.883736
26.930987 54.885117
26.934126 54.884243
26.938009 54.884724
26.937966 54.88652
26.941837 54.887451
26.944998 54.885681
26.943485 54.883873
26.942763 54.881618
26.946646 54.882103
26.949005 54.881222
26.953644 54.882607
26.952065 54.883491
26.949694 54.884823
26.952787 54.885746
26.953533 54.8871
26.957418 54.887581
26.958153 54.889381
26.963608 54.889427
26.972912 54.8913
26.974547 54.888168
26.968389 54.884972
26.943752 54.873093
26.939982 54.868122
26.937748 54.864059
BRUSH(1,0)
REGION 1
35
26.893402 54.47422
26.892552 54.477356
26.890799 54.485428
26.890659 54.490814
26.9067 54.497246
26.905893 54.498585
26.902 54.499901
26.900434 54.500786
26.901195 54.50124
26.909603 54.504459
26.912033 54.499985
26.922041 54.500969
26.921928 54.505463
26.92865 54.514503
26.93251 54.514534
26.940241 54.514153
26.938952 54.503807
26.952767 54.507069
26.953993 54.520107
26.964758 54.521992
26.97517 54.506351
26.9583 54.501724
26.946802 54.498482
26.923776 54.493347
26.921688 54.484344
26.925602 54.482132
26.937094 54.485374
26.937853 54.485832
26.9442 54.478695
26.942736 54.47554
26.941204 54.475079
26.936556 54.475937
26.91715 54.480713
26.906513 54.474335
26.893402 54.47422
BRUSH(1,0)
REGION 1
57
27.838968 54.207508
27.842806 54.208321
27.843563 54.208408
27.84663 54.207516
27.849701 54.205719
27.851236 54.204372
27.853538 54.20303
27.855072 54.202133
27.858139 54.201237
27.859672 54.201237
27.860437 54.201687
27.859669 54.202137
27.858902 54.202583
27.858135 54.203033
27.856602 54.20348
27.855835 54.20393
27.854302 54.203926
27.853537 54.203926
27.851234 54.205273
27.849699 54.206619
27.84663 54.207962
27.847397 54.207966
27.847364 54.220093
27.853493 54.221443
27.857325 54.221447
27.858097 54.219204
27.857332 54.218754
27.855034 54.218304
27.855802 54.216953
27.85887 54.216507
27.85964 54.21471
27.85965 54.21067
27.863491 54.206631
27.864265 54.203037
27.868094 54.203938
27.871168 54.199001
27.867342 54.196751
27.865812 54.19585
27.864277 54.197197
27.861982 54.19585
27.861986 54.194054
27.857395 54.192253
27.855864 54.191799
27.853563 54.192696
27.852032 54.192696
27.848206 54.190895
27.844374 54.191792
27.844372 54.192688
27.846666 54.194038
27.847429 54.195389
27.843599 54.195385
27.839001 54.195827
27.839758 54.198975
27.835916 54.203011
27.835915 54.203911
27.838203 54.207058
27.838968 54.207508
BRUSH(1,0)
REGION 1
173
28.468308 54.166946
28.46756 54.168297
28.467592 54.170994
28.472191 54.171421
28.472208 54.172768
28.471464 54.174568
28.469973 54.177719
28.467676 54.177731
28.466921 54.178631
28.466167 54.179531
28.465418 54.180881
28.463137 54.18224
28.466223 54.184025
28.470821 54.184452
28.480005 54.183964
28.48156 54.185753
28.48004 54.186661
28.480821 54.188004
28.484738 54.194725
28.48245 54.195633
28.47706 54.193409
28.4725 54.196125
28.48636 54.201904
28.487928 54.20459
28.487985 54.209084
28.486454 54.209087
28.485676 54.208195
28.483338 54.205059
28.477207 54.205086
28.466459 54.203335
28.465799 54.211872
28.466627 54.216808
28.467404 54.217705
28.468225 54.222195
28.471296 54.22263
28.471325 54.224876
28.46751 54.226238
28.466749 54.226692
28.466015 54.229389
28.465315 54.234783
28.470671 54.23386
28.472221 54.235203
28.470705 54.236557
28.466126 54.238373
28.463831 54.238831
28.460758 54.238396
28.458475 54.23975
28.454685 54.243359
28.454691 54.243809
28.455473 54.245152
28.457811 54.248287
28.461624 54.246475
28.464693 54.246464
28.468544 54.247795
28.46855 54.248241
28.468594 54.251835
28.473974 54.252712
28.475491 54.251358
28.477758 54.248653
28.482285 54.242794
28.486862 54.240978
28.493729 54.238251
28.499054 54.235085
28.505924 54.232807
28.508243 54.234142
28.500624 54.23777
28.490749 54.245003
28.491592 54.250835
28.488523 54.250851
28.48703 54.254002
28.489338 54.25444
28.486344 54.260292
28.479542 54.268406
28.474978 54.271572
28.480356 54.271996
28.479599 54.2729
28.485733 54.272423
28.486494 54.271969
28.489534 54.269711
28.492603 54.269695
28.501045 54.269657
28.503323 54.267853
28.504049 54.264706
28.503258 54.262913
28.510954 54.264671
28.518614 54.263741
28.520086 54.259239
28.526977 54.258308
28.530775 54.255596
28.528456 54.254261
28.527678 54.253365
28.522251 54.249348
28.527609 54.248425
28.536804 54.247932
28.539074 54.245674
28.543669 54.245205
28.545208 54.245647
28.547548 54.248329
28.551369 54.247414
28.559767 54.244675
28.558973 54.242882
28.563547 54.241062
28.572722 54.23922
28.572708 54.238323
28.571129 54.235184
28.566528 54.23521
28.565743 54.233864
28.563442 54.233875
28.558088 54.234802
28.555782 54.234364
28.554216 54.232128
28.548849 54.232155
28.547297 54.230812
28.543465 54.230831
28.539644 54.23175
28.541227 54.235336
28.545145 54.241154
28.542851 54.241615
28.538275 54.243435
28.535963 54.242546
28.529043 54.241234
28.519816 54.239479
28.517504 54.23859
28.515185 54.237255
28.512867 54.23592
28.510536 54.233685
28.50898 54.231895
28.513567 54.230976
28.521208 54.229141
28.531143 54.226849
28.531927 54.228191
28.535747 54.227276
28.535723 54.225479
28.536445 54.222332
28.535654 54.220539
28.541822 54.223206
28.546396 54.221386
28.54483 54.219147
28.5516 54.210133
28.555416 54.209213
28.556917 54.206963
28.551464 54.200699
28.549898 54.198463
28.552937 54.196651
28.562128 54.196606
28.566763 54.199276
28.565258 54.20108
28.56986 54.201508
28.57365 54.198791
28.565899 54.192543
28.555948 54.193043
28.546082 54.199379
28.538389 54.19717
28.533806 54.19809
28.527697 54.199467
28.527691 54.199017
28.525356 54.196335
28.526863 54.194531
28.528383 54.193626
28.526802 54.190041
28.509054 54.180241
28.503714 54.181614
28.499096 54.179836
28.496016 54.178505
28.491386 54.175831
28.489084 54.175392
28.48832 54.175392
28.486004 54.174057
28.482903 54.170925
28.481359 54.170036
28.477527 54.169601
28.475208 54.167816
28.468308 54.166946
BRUSH(1,0)
REGION 1
117
29.132032 54.304222
29.133671 54.3078
29.135244 54.309132
29.13691 54.313606
29.136141 54.313614
29.113154 54.315636
29.112398 54.316093
29.112409 54.31654
29.111654 54.316998
29.112434 54.31744
29.113228 54.318329
29.113997 54.318321
29.114776 54.318764
29.115545 54.318756
29.116326 54.319199
29.117107 54.319641
29.118656 54.320072
29.119436 54.320515
29.120218 54.320957
29.120998 54.3214
29.121778 54.321838
29.122547 54.321831
29.124096 54.322266
29.124865 54.322258
29.125645 54.3227
29.126413 54.322693
29.127194 54.323135
29.128731 54.32312
29.129511 54.323563
29.130279 54.323555
29.13106 54.323994
29.131828 54.32399
29.133377 54.324421
29.134146 54.324413
29.134928 54.324856
29.135695 54.324848
29.136477 54.325291
29.137245 54.325283
29.138794 54.325718
29.139562 54.32571
29.140329 54.325703
29.141098 54.325695
29.14188 54.326134
29.143416 54.326119
29.144197 54.326561
29.144964 54.326553
29.145746 54.326996
29.146515 54.326988
29.14805 54.326973
29.148819 54.326965
29.149601 54.327408
29.150356 54.32695
29.150343 54.3265
29.15033 54.32605
29.150316 54.325604
29.150303 54.325153
29.150278 54.324257
29.149496 54.323814
29.148714 54.323372
29.148702 54.322926
29.148689 54.322475
29.147894 54.321583
29.147882 54.321136
29.147869 54.320686
29.147087 54.320244
29.147074 54.319798
29.147049 54.318897
29.146267 54.318455
29.146256 54.318008
29.146242 54.317558
29.146229 54.317108
29.146202 54.316212
29.146191 54.315762
29.147713 54.3153
29.148481 54.315292
29.149248 54.315285
29.150017 54.315277
29.150785 54.315269
29.152308 54.314804
29.152281 54.313904
29.152269 54.313457
29.153023 54.313
29.153778 54.312542
29.153765 54.312096
29.152971 54.311203
29.152189 54.310764
29.151409 54.310322
29.15064 54.310329
29.149887 54.310783
29.149145 54.311691
29.14839 54.312149
29.147634 54.312603
29.147648 54.313053
29.147661 54.313503
29.146919 54.314407
29.14615 54.314415
29.145382 54.314423
29.143833 54.313988
29.143822 54.313541
29.14304 54.313099
29.143026 54.312649
29.143002 54.311752
29.142988 54.311302
29.143743 54.310844
29.14373 54.310398
29.143717 54.309948
29.142923 54.309059
29.142143 54.308617
29.141361 54.308174
29.140581 54.307732
29.140568 54.307285
29.140543 54.306385
29.14053 54.305939
29.140516 54.305489
29.140503 54.305038
29.132812 54.304665
29.132032 54.304222
BRUSH(1,0)
REGION 1
56
26.79431 54.308334
26.798347 54.316116
26.811533 54.311748
26.817726 54.310009
26.818346 54.315407
26.83371 54.315552
26.834429 54.317352
26.828258 54.318195
26.828222 54.319542
26.831234 54.321816
26.823305 54.330727
26.824768 54.333435
26.827036 54.334805
26.830843 54.336189
26.831623 54.335747
26.832416 54.334854
26.834001 54.333073
26.837076 54.333103
26.843237 54.33271
26.845627 54.329586
26.846396 54.329594
26.858667 54.330605
26.865547 54.332016
26.873209 54.332981
26.879356 54.333038
26.887066 54.332207
26.893236 54.331364
26.892479 54.330906
26.887333 54.321877
26.89888 54.321079
26.89896 54.317936
26.905874 54.317997
26.908146 54.319363
26.916618 54.318539
26.915287 54.31044
26.893734 54.31205
26.889858 54.313362
26.888472 54.30751
26.877708 54.307865
26.876242 54.305157
26.887913 54.299419
26.885702 54.295807
26.875687 54.297066
26.873512 54.292103
26.868137 54.292057
26.868834 54.294758
26.86112 54.296036
26.855925 54.289249
26.846689 54.290062
26.836647 54.292217
26.829664 54.294849
26.821924 54.29702
26.813391 54.300087
26.804895 54.301804
26.79179 54.303474
26.79431 54.308334
BRUSH(1,0)
REGION 1
45
26.520733 54.097347
26.520821 54.09866
26.526209 54.097546
26.529142 54.101177
26.529905 54.101185
26.538341 54.100388
26.539856 54.100853
26.54447 54.10001
26.550659 54.097836
26.546961 54.094196
26.552431 54.090668
26.552416 54.091114
26.556206 54.09206
26.55703 54.090271
26.557974 54.084892
26.548014 54.085674
26.546501 54.085205
26.538237 54.081066
26.530005 54.076027
26.523239 54.0728
26.525654 54.069233
26.52112 54.067833
26.518067 54.067795
26.511957 54.067722
26.510414 54.068153
26.508015 54.07127
26.509262 54.072033
26.51029 54.071747
26.510586 54.071884
26.511053 54.071754
26.516264 54.074551
26.517054 54.074974
26.513157 54.077171
26.509384 54.078587
26.508513 54.078915
26.519766 54.084888
26.512003 54.08839
26.505814 54.090565
26.508776 54.093296
26.511768 54.095127
26.512564 54.094238
26.513327 54.094246
26.517912 54.094303
26.520876 54.097034
26.520733 54.097347
BRUSH(1,0)
REGION 1
531
27.675602 53.950207
27.675968 53.949852
27.679006 53.951206
27.679003 53.951653
27.689648 53.954372
27.691927 53.955276
27.688837 53.962009
27.689592 53.96291
27.691116 53.962914
27.702551 53.96159
27.711697 53.960709
27.719322 53.959377
27.723133 53.958935
27.721621 53.957138
27.717821 53.955334
27.713264 53.953075
27.714031 53.952179
27.716324 53.950836
27.717094 53.94949
27.714056 53.948135
27.713299 53.947239
27.728559 53.941875
27.7316 53.94278
27.732361 53.942783
27.73313 53.941437
27.734671 53.937847
27.736214 53.934254
27.735462 53.932457
27.733942 53.932003
27.727097 53.931091
27.721775 53.929733
27.717211 53.929275
27.716448 53.929726
27.713386 53.932415
27.711859 53.933308
27.709585 53.931507
27.701246 53.926098
27.698969 53.925198
27.692883 53.924732
27.690605 53.923828
27.692162 53.918442
27.691406 53.917542
27.685318 53.91753
27.683039 53.917076
27.683048 53.915726
27.685371 53.909443
27.689211 53.90406
27.688452 53.90361
27.682369 53.903149
27.68314 53.901802
27.685431 53.900459
27.686192 53.900459
27.688471 53.900917
27.689995 53.900471
27.690765 53.898674
27.690008 53.898224
27.686972 53.89732
27.684694 53.896866
27.679363 53.897751
27.675558 53.89819
27.674782 53.900436
27.677057 53.901337
27.673218 53.906719
27.672453 53.907166
27.665598 53.908497
27.664072 53.908943
27.664803 53.913437
27.669357 53.914795
27.669352 53.915695
27.665535 53.91748
27.664013 53.91748
27.654884 53.917007
27.649555 53.917442
27.643463 53.917877
27.642717 53.916077
27.640438 53.915623
27.638155 53.915615
27.63739 53.916061
27.638144 53.916962
27.638899 53.917862
27.631306 53.915596
27.623718 53.91288
27.621441 53.912426
27.619915 53.912868
27.618374 53.915112
27.616093 53.915104
27.614578 53.914204
27.61459 53.912853
27.616133 53.910164
27.609301 53.908348
27.607786 53.907444
27.608551 53.906998
27.61313 53.905212
27.613891 53.905216
27.619202 53.907028
27.619966 53.906582
27.623758 53.90794
27.625261 53.910191
27.628298 53.911098
27.631331 53.912453
27.63588 53.914711
27.638168 53.913818
27.64505 53.909344
27.644297 53.908443
27.642023 53.907089
27.638988 53.906185
27.637472 53.905281
27.638237 53.904835
27.639765 53.903942
27.643559 53.905296
27.648876 53.906212
27.651178 53.903523
27.651939 53.903523
27.657251 53.905334
27.661053 53.905792
27.662573 53.905796
27.664877 53.902657
27.664887 53.90131
27.660334 53.899952
27.658821 53.898598
27.656553 53.896797
27.657316 53.896351
27.663416 53.894119
27.671013 53.895485
27.674828 53.893696
27.677891 53.89056
27.681684 53.891914
27.683203 53.892368
27.689308 53.88879
27.69313 53.885654
27.695429 53.882961
27.69544 53.881165
27.693939 53.878017
27.692436 53.87532
27.6917 53.871723
27.688684 53.867676
27.683397 53.86272
27.681887 53.86137
27.681894 53.860024
27.683418 53.859577
27.69104 53.855999
27.693331 53.85421
27.697901 53.852421
27.709335 53.846157
27.713905 53.843922
27.718483 53.840336
27.720013 53.838543
27.71624 53.834492
27.713989 53.829548
27.71323 53.829544
27.710188 53.830437
27.70714 53.832226
27.707134 53.833126
27.709404 53.834476
27.710155 53.835827
27.709396 53.835827
27.707115 53.836269
27.705606 53.834469
27.702564 53.835361
27.699518 53.836704
27.697256 53.834003
27.69726 53.833553
27.70413 53.827728
27.70718 53.825489
27.70871 53.823696
27.704933 53.820541
27.699638 53.817387
27.692829 53.813778
27.690565 53.811527
27.684485 53.812862
27.67688 53.81509
27.681414 53.818245
27.685949 53.82095
27.697292 53.828163
27.697287 53.82906
27.693481 53.830402
27.688917 53.831738
27.688896 53.834881
27.684334 53.83577
27.683565 53.837116
27.683538 53.84116
27.683519 53.844303
27.68351 53.84565
27.681229 53.846096
27.678959 53.844742
27.673626 53.846977
27.669817 53.848316
27.660715 53.846497
27.65616 53.846035
27.653881 53.846027
27.652348 53.84782
27.64777 53.850506
27.647003 53.851402
27.64851 53.853203
27.648506 53.853653
27.643942 53.854538
27.640884 53.856777
27.637083 53.857216
27.632513 53.858551
27.630993 53.858547
27.627205 53.857189
27.626444 53.857185
27.622616 53.860767
27.622606 53.862118
27.624119 53.863018
27.621816 53.865707
27.619526 53.86705
27.617252 53.866146
27.61574 53.865242
27.616537 53.860752
27.617311 53.858955
27.61961 53.856716
27.618857 53.855816
27.619631 53.854023
27.615847 53.852215
27.615862 53.850418
27.61511 53.849518
27.611322 53.84816
27.604511 53.844994
27.602993 53.84499
27.601473 53.844986
27.599932 53.847675
27.594603 53.849007
27.591551 53.850346
27.592299 53.851696
27.599148 53.850369
27.596083 53.853504
27.592247 53.857536
27.589937 53.861122
27.587633 53.863811
27.584578 53.865597
27.580761 53.867382
27.580757 53.867832
27.58227 53.868736
27.586081 53.867397
27.587605 53.866955
27.591402 53.867416
27.592916 53.86787
27.592134 53.870564
27.591366 53.87146
27.588326 53.871448
27.586785 53.873692
27.585981 53.878628
27.58066 53.878612
27.57604 53.884888
27.576008 53.888481
27.571446 53.888466
27.570688 53.888016
27.56994 53.886665
27.571487 53.883972
27.571512 53.881279
27.570017 53.878578
27.570028 53.877232
27.572355 53.872295
27.578444 53.871418
27.578468 53.868721
27.579309 53.859741
27.578554 53.859291
27.576279 53.858833
27.574003 53.858376
27.57478 53.856583
27.575548 53.855686
27.5786 53.854347
27.578611 53.853001
27.578623 53.851654
27.579395 53.850307
27.581686 53.848968
27.587021 53.847187
27.59084 53.844952
27.596951 53.840927
27.602291 53.838249
27.603817 53.837357
27.605331 53.837811
27.607595 53.839611
27.611389 53.840073
27.616703 53.840538
27.623543 53.840107
27.626577 53.840565
27.627329 53.841465
27.628078 53.842815
27.627272 53.848652
27.628788 53.849106
27.634859 53.850021
27.637138 53.850029
27.640947 53.84869
27.643999 53.846901
27.648577 53.844219
27.651625 53.84288
27.655411 53.844685
27.656933 53.844238
27.659218 53.843346
27.65999 53.841553
27.65848 53.840202
27.65394 53.837944
27.652433 53.836143
27.65016 53.835686
27.644087 53.83522
27.622066 53.834713
27.616747 53.835148
27.608393 53.835121
27.60535 53.835564
27.603062 53.836903
27.599264 53.836891
27.597742 53.837338
27.592402 53.840015
27.587065 53.842247
27.581715 53.845821
27.579456 53.843571
27.572588 53.847141
27.572579 53.848042
27.571823 53.847588
27.572554 53.850735
27.572532 53.852982
27.562653 53.853397
27.560377 53.85294
27.558111 53.851585
27.555853 53.849331
27.55587 53.847534
27.557415 53.844845
27.565865 53.834991
27.534704 53.837132
27.489086 53.841454
27.506395 53.856342
27.491163 53.859428
27.481249 53.862534
27.475222 53.858017
27.472177 53.858456
27.469935 53.855301
27.475267 53.853977
27.470831 53.843624
27.453321 53.846699
27.452524 53.849838
27.450251 53.84938
27.447922 53.853413
27.446392 53.854305
27.441084 53.853382
27.440325 53.853378
27.438 53.856964
27.434921 53.860096
27.431854 53.862328
27.437904 53.864601
27.43943 53.864159
27.444794 53.860588
27.449331 53.862404
27.456117 53.866924
27.46064 53.870087
27.463654 53.872345
27.465929 53.872807
27.471254 53.872376
27.472723 53.876877
27.471941 53.87867
27.471916 53.880917
27.475696 53.882729
27.476416 53.886326
27.476394 53.888123
27.474108 53.888561
27.473337 53.889458
27.473322 53.890804
27.476368 53.890366
27.475582 53.892609
27.473295 53.893051
27.467211 53.893024
27.461143 53.891651
27.460388 53.891201
27.464233 53.887623
27.459719 53.88356
27.453598 53.886681
27.452078 53.886673
27.440739 53.881233
27.439218 53.881226
27.434618 53.884354
27.432314 53.886139
27.433823 53.887043
27.437586 53.890205
27.439085 53.89201
27.439056 53.894253
27.438286 53.895149
27.429915 53.895561
27.429119 53.898254
27.434431 53.899174
27.434393 53.902321
27.437273 53.915359
27.438022 53.91626
27.44941 53.918556
27.450932 53.918564
27.457024 53.91814
27.461599 53.917259
27.464649 53.916824
27.466139 53.919525
27.453133 53.925312
27.458015 53.931175
27.458838 53.932163
27.459135 53.932522
27.47057 53.931221
27.479708 53.930809
27.480381 53.93845
27.46892 53.941998
27.475731 53.945618
27.476492 53.945621
27.480314 53.94429
27.481077 53.944294
27.481848 53.943398
27.484899 53.942959
27.484894 53.943409
27.488691 53.944321
27.497097 53.941658
27.501675 53.940777
27.504734 53.939442
27.509327 53.937214
27.507086 53.933163
27.511667 53.931831
27.514717 53.931393
27.527658 53.931442
27.528437 53.929646
27.527682 53.929195
27.51779 53.928711
27.523142 53.926483
27.531578 53.920223
27.536955 53.915302
27.538477 53.915306
27.543776 53.918022
27.549843 53.920288
27.549833 53.921188
27.54216 53.927448
27.539877 53.927441
27.538341 53.928783
27.535265 53.931919
27.53294 53.935951
27.523758 53.940411
27.536661 53.9445
27.539742 53.940918
27.548086 53.944092
27.551136 53.943653
27.559511 53.94368
27.565603 53.943699
27.573946 53.947319
27.575457 53.948673
27.576975 53.949127
27.57926 53.949135
27.580021 53.949139
27.581524 53.951389
27.583034 53.95274
27.589893 53.952313
27.591412 53.952766
27.592146 53.955914
27.595959 53.955475
27.597477 53.955929
27.598217 53.958626
27.602028 53.958187
27.603552 53.958195
27.603533 53.960438
27.604282 53.961788
27.609604 53.963154
27.612644 53.964058
27.614921 53.964966
27.625622 53.960503
27.629448 53.958267
27.643196 53.953362
27.644726 53.952469
27.640955 53.947517
27.6425 53.944824
27.642517 53.942581
27.644808 53.941689
27.646326 53.942139
27.650124 53.943497
27.656202 53.945309
27.657742 53.943069
27.660818 53.938583
27.657022 53.937225
27.649429 53.934513
27.641827 53.933144
27.642588 53.933147
27.650213 53.93137
27.651745 53.930027
27.650227 53.929573
27.649466 53.929569
27.64794 53.930016
27.645649 53.930908
27.644119 53.931805
27.642605 53.930901
27.64261 53.93
27.644136 53.929558
27.645666 53.928661
27.648714 53.928223
27.648718 53.927773
27.647963 53.926872
27.645683 53.926414
27.644167 53.925514
27.641895 53.92416
27.641901 53.923264
27.641911 53.921913
27.641161 53.920567
27.640409 53.919216
27.63966 53.917866
27.638905 53.916965
27.638151 53.916065
27.638912 53.916065
27.64271 53.916977
27.6427 53.918324
27.642693 53.91922
27.643444 53.92057
27.644194 53.921921
27.645706 53.923271
27.647219 53.924625
27.647976 53.925076
27.649494 53.925529
27.65025 53.92643
27.651005 53.92733
27.651758 53.92823
27.650993 53.928677
27.652514 53.929131
27.652523 53.92778
27.651014 53.92598
27.649498 53.925079
27.647225 53.923725
27.653316 53.92329
27.6556 53.923298
27.655571 53.927341
27.672321 53.926483
27.676887 53.926495
27.677643 53.927395
27.677625 53.930088
27.678379 53.930988
27.679903 53.930992
27.685224 53.931904
27.685223 53.932354
27.680618 53.937733
27.672945 53.946697
27.672174 53.948044
27.673687 53.949394
27.675602 53.950207
BRUSH(1,0)
REGION 1
39
28.064495 54.00898
28.053829 54.013481
28.050781 54.014832
28.048502 54.018875
28.056896 54.021114
28.058435 54.026501
28.057676 54.028301
28.066836 54.02919
28.070646 54.02784
28.072168 54.026489
28.073694 54.026939
28.07675 54.028282
28.081333 54.030075
28.079811 54.030975
28.076761 54.032326
28.076775 54.036816
28.07679 54.041759
28.086708 54.040848
28.096624 54.03949
28.097383 54.038589
28.097378 54.036797
28.101194 54.036789
28.101959 54.037689
28.104248 54.037235
28.108824 54.036331
28.107294 54.035435
28.105759 54.033192
28.10499 54.031395
28.105749 54.030048
28.105747 54.029598
28.10574 54.027802
28.120195 54.017452
28.10416 54.012531
28.105665 54.006691
28.09956 54.004902
28.096521 54.008499
28.09042 54.008057
28.084343 54.016148
28.064495 54.00898
BRUSH(1,0)
REGION 1
53
29.000202 53.827984
28.997719 53.819023
28.995453 53.819492
28.992396 53.818619
28.991581 53.81638
28.988479 53.813713
28.986214 53.814182
28.982355 53.81152
28.977835 53.812904
28.981749 53.81781
28.985577 53.819126
28.990152 53.819984
28.991703 53.82132
28.984202 53.824978
28.985762 53.826759
28.984343 53.830814
28.981318 53.831291
28.98135 53.832638
28.976048 53.833134
28.963793 53.828743
28.960125 53.834164
28.965439 53.834122
28.97006 53.836777
28.972347 53.837208
28.978422 53.837154
28.979258 53.84029
28.980787 53.840729
28.980852 53.843422
28.976307 53.84391
28.976395 53.847504
28.977924 53.847939
28.977947 53.848839
28.981754 53.849255
28.981039 53.851055
28.992487 53.853203
28.98958 53.85862
28.991882 53.859497
28.997189 53.859005
28.999977 53.848198
28.999971 53.848648
29.000719 53.848194
29.000696 53.847294
29.0014 53.845043
29.000597 53.843254
29.00053 53.840557
29.000463 53.837864
29.000418 53.836067
29.001144 53.834713
29.00111 53.833366
29.001055 53.831119
29.001011 53.829327
29.000208 53.827534
29.000202 53.827984
BRUSH(1,0)
REGION 1
59
28.387156 53.719887
28.394734 53.720306
28.398538 53.722092
28.411379 53.718899
28.411413 53.722042
28.414442 53.722031
28.415214 53.723377
28.419758 53.723358
28.42053 53.724705
28.426584 53.724232
28.423485 53.717953
28.427267 53.717491
28.428797 53.718834
28.432573 53.717918
28.437092 53.715656
28.439383 53.717442
28.442392 53.715633
28.441599 53.712494
28.445364 53.710682
28.446125 53.711128
28.450647 53.709312
28.448351 53.707077
28.452114 53.705265
28.450584 53.703922
28.45887 53.700295
28.457325 53.697605
28.44904 53.701233
28.4475 53.698994
28.444458 53.697658
28.43919 53.700375
28.437655 53.698585
28.433821 53.694107
28.430046 53.695019
28.430828 53.697262
28.428568 53.69817
28.427028 53.69593
28.424738 53.694141
28.417932 53.694618
28.419498 53.699554
28.424827 53.702229
28.425604 53.704021
28.421078 53.705387
28.418011 53.701805
28.41572 53.700016
28.413416 53.69688
28.406613 53.697803
28.406637 53.70005
28.403618 53.700962
28.404404 53.703651
28.408936 53.702736
28.414293 53.708107
28.411274 53.709019
28.41283 53.713055
28.404526 53.715332
28.406063 53.717571
28.400021 53.718941
28.388651 53.718082
28.387894 53.718086
28.387156 53.719887
BRUSH(1,0)
REGION 1
27
27.123587 53.689045
27.125612 53.689755
27.128254 53.688992
27.128412 53.689171
27.130846 53.691933
27.133438 53.69487
27.141041 53.693123
27.13958 53.690418
27.156204 53.691879
27.158518 53.689648
27.170668 53.687485
27.180531 53.686199
27.180639 53.680359
27.176117 53.679432
27.173788 53.68256
27.16168 53.68248
27.148895 53.678352
27.133886 53.671959
27.129303 53.674175
27.12554 53.673248
27.121702 53.675919
27.118687 53.675449
27.118651 53.677246
27.116344 53.679024
27.117821 53.680832
27.116218 53.685314
27.123587 53.689045
BRUSH(1,0)
REGION 2
82
26.768543 53.489903
26.767552 53.489594
26.767557 53.489338
26.761627 53.485939
26.766134 53.486435
26.769184 53.485119
26.766962 53.483746
26.766222 53.483292
26.765507 53.481934
26.76478 53.481029
26.764026 53.481022
26.76326 53.481464
26.761766 53.480999
26.761026 53.480541
26.760286 53.480087
26.758015 53.480511
26.757261 53.480503
26.755743 53.480938
26.752794 53.478661
26.748341 53.476372
26.750625 53.475494
26.751392 53.475052
26.752922 53.474171
26.754429 53.474186
26.755194 53.473743
26.75596 53.473301
26.758882 53.476479
26.759584 53.478283
26.761831 53.478752
26.763336 53.478767
26.764065 53.479675
26.764805 53.480129
26.764818 53.479683
26.765558 53.480137
26.767052 53.480602
26.770113 53.478836
26.765722 53.4743
26.762161 53.467075
26.751583 53.468315
26.750078 53.4683
26.749325 53.468292
26.751532 53.470112
26.74773 53.47142
26.746964 53.471863
26.745524 53.469601
26.74024 53.469997
26.739475 53.47044
26.739435 53.471786
26.734881 53.473087
26.734114 53.47353
26.732634 53.472614
26.731869 53.473057
26.731102 53.473499
26.730348 53.473492
26.729584 53.47393
26.728817 53.474373
26.727299 53.474808
26.726532 53.475246
26.725767 53.475689
26.725014 53.475681
26.724247 53.476124
26.723482 53.476563
26.721975 53.476547
26.721211 53.47699
26.720457 53.476982
26.719704 53.476974
26.718937 53.477417
26.717419 53.477848
26.718119 53.479652
26.7166 53.480087
26.71508 53.480518
26.711964 53.484081
26.715716 53.48457
26.733736 53.486553
26.738878 53.4911
26.7441 53.49295
26.750969 53.489876
26.756151 53.493072
26.763722 53.491802
26.76519 53.493164
26.772007 53.491886
26.768543 53.489903
9
26.784178 53.460556
26.77886 53.462299
26.777367 53.461834
26.769012 53.464447
26.774919 53.468552
26.777956 53.467682
26.783151 53.470428
26.792347 53.46468
26.784178 53.460556
BRUSH(1,0)
REGION 1
82
28.174644 53.477432
28.173145 53.478783
28.176163 53.479675
28.172428 53.485969
28.168671 53.487774
28.164167 53.491375
28.144567 53.487812
28.140804 53.488266
28.136284 53.487824
28.134039 53.491871
28.1348 53.493668
28.139313 53.491863
28.141573 53.491859
28.143839 53.493652
28.143093 53.495453
28.137823 53.495907
28.137075 53.497707
28.139337 53.498154
28.142347 53.49725
28.141609 53.500843
28.140102 53.500847
28.134104 53.508041
28.128855 53.51479
28.132626 53.515232
28.130373 53.517483
28.13114 53.520626
28.12587 53.52243
28.126627 53.523327
28.132658 53.523319
28.13567 53.522415
28.139444 53.523758
28.146973 53.5215
28.157528 53.521931
28.15827 53.519238
28.160519 53.516537
28.159756 53.51474
28.187637 53.513794
28.196667 53.511082
28.19363 53.507046
28.194367 53.503899
28.19132 53.498066
28.186047 53.498074
28.182289 53.499878
28.184566 53.503017
28.180063 53.506622
28.174789 53.50663
28.173269 53.503937
28.177033 53.503033
28.177778 53.501682
28.176254 53.498093
28.171732 53.49765
28.167219 53.499454
28.167997 53.504395
28.171009 53.503941
28.171018 53.506187
28.158966 53.506657
28.158196 53.503063
28.155932 53.502171
28.162706 53.500813
28.161936 53.497219
28.16795 53.494514
28.170195 53.491364
28.174702 53.489109
28.179989 53.491798
28.185995 53.488193
28.196522 53.484577
28.196531 53.486374
28.199549 53.487267
28.207813 53.483658
28.207041 53.480515
28.204773 53.478722
28.201775 53.481422
28.197254 53.480984
28.183727 53.486401
28.180729 53.489101
28.176956 53.487759
28.17544 53.485966
28.176931 53.482819
28.178433 53.481918
28.182959 53.483257
28.185204 53.480556
28.174644 53.477432
BRUSH(1,0)
REGION 1
27
27.228475 53.453335
27.211109 53.456371
27.205113 53.454987
27.204328 53.456779
27.20203 53.459011
27.207268 53.460842
27.20343 53.464859
27.20641 53.466675
27.214683 53.467178
27.21615 53.469433
27.220675 53.469013
27.222101 53.473515
27.225882 53.472637
27.231114 53.474918
27.233419 53.472237
27.236416 53.473152
27.239534 53.466881
27.241049 53.466442
27.241823 53.465099
27.235033 53.465954
27.232744 53.467739
27.231207 53.469524
27.228964 53.468613
27.227598 53.460518
27.228359 53.460075
27.230633 53.45919
27.228475 53.453335
BRUSH(1,0)
REGION 1
186
26.696997 53.202644
26.696234 53.203087
26.695486 53.203079
26.694725 53.203522
26.693216 53.203953
26.692453 53.204395
26.691706 53.204388
26.690945 53.204826
26.690184 53.205269
26.689434 53.205261
26.687925 53.205692
26.687178 53.205685
26.686428 53.205677
26.68568 53.205669
26.684919 53.206112
26.683422 53.206097
26.682661 53.206535
26.6819 53.206978
26.681137 53.207417
26.680376 53.207859
26.680363 53.208309
26.681097 53.208767
26.681831 53.209225
26.682567 53.209679
26.683302 53.210136
26.684784 53.210602
26.68552 53.21106
26.686255 53.211517
26.687002 53.211525
26.687725 53.212433
26.688459 53.212891
26.689194 53.213345
26.68918 53.213795
26.689915 53.214252
26.689888 53.215153
26.690624 53.215607
26.691359 53.216064
26.686054 53.218254
26.685291 53.218697
26.68457 53.217789
26.684584 53.217342
26.683849 53.216885
26.683863 53.216434
26.682379 53.215969
26.681644 53.215511
26.680908 53.215054
26.680161 53.215046
26.679426 53.214588
26.677929 53.214573
26.677194 53.214115
26.676445 53.214107
26.675711 53.21365
26.674977 53.213192
26.673479 53.213177
26.672745 53.212719
26.671997 53.212711
26.671263 53.212254
26.670513 53.212246
26.669031 53.211781
26.668297 53.211323
26.667561 53.210865
26.666839 53.209957
26.666092 53.209949
26.665358 53.209492
26.665384 53.208595
26.665398 53.208145
26.664663 53.207687
26.663942 53.206783
26.663235 53.205425
26.6625 53.204968
26.661739 53.20541
26.661713 53.206306
26.66095 53.206749
26.660189 53.207191
26.659426 53.20763
26.658665 53.208073
26.657902 53.208511
26.657888 53.208961
26.657875 53.209412
26.658596 53.210319
26.65933 53.210777
26.660078 53.210785
26.661549 53.211697
26.662283 53.212154
26.66227 53.212604
26.663004 53.213062
26.663738 53.21352
26.663725 53.21397
26.663698 53.214867
26.664432 53.215324
26.664419 53.215775
26.668705 53.222561
26.667168 53.223892
26.665642 53.224773
26.661817 53.227428
26.66107 53.227421
26.661804 53.227879
26.661791 53.228325
26.661777 53.228775
26.662499 53.229683
26.662485 53.230133
26.663219 53.230591
26.663206 53.231037
26.66394 53.231495
26.664661 53.232403
26.666159 53.232418
26.666895 53.232876
26.667629 53.233334
26.667616 53.233784
26.67498 53.237907
26.675716 53.238365
26.678057 53.235245
26.67882 53.234802
26.679541 53.23571
26.680945 53.238869
26.681679 53.239326
26.684687 53.238911
26.686186 53.238926
26.684769 53.236214
26.684782 53.235767
26.686293 53.235332
26.687803 53.234901
26.686373 53.232639
26.686399 53.231739
26.685692 53.230385
26.684956 53.229927
26.686533 53.227245
26.685091 53.225433
26.684355 53.224976
26.685892 53.223644
26.685932 53.222298
26.685972 53.220951
26.686012 53.219605
26.686775 53.219162
26.691318 53.217415
26.69351 53.219234
26.694233 53.220139
26.695742 53.219707
26.696491 53.219715
26.697948 53.221077
26.697962 53.220631
26.699457 53.220646
26.70022 53.220203
26.700981 53.219765
26.701742 53.219322
26.702492 53.21933
26.703239 53.219337
26.703976 53.219795
26.703962 53.220245
26.705446 53.220711
26.70546 53.220261
26.706221 53.219818
26.706247 53.218922
26.706261 53.218471
26.706274 53.218021
26.706285 53.217571
26.706299 53.217125
26.706326 53.216225
26.706339 53.215775
26.706352 53.215328
26.706366 53.214878
26.707127 53.214436
26.707153 53.213539
26.707167 53.213089
26.70718 53.212639
26.707193 53.212189
26.707207 53.211742
26.70722 53.211292
26.706497 53.210384
26.705013 53.209919
26.704279 53.209465
26.703545 53.209007
26.702808 53.20855
26.702822 53.208099
26.702101 53.207195
26.702114 53.206745
26.70138 53.206287
26.701391 53.205837
26.700657 53.205379
26.700684 53.204483
26.699949 53.204025
26.699963 53.203575
26.699226 53.203117
26.69924 53.202671
26.697744 53.202652
26.696997 53.202644
BRUSH(1,0)
REGION 1
78
27.091961 53.136562
27.090448 53.137447
27.089693 53.137894
27.090349 53.142391
27.085865 53.142357
27.085119 53.142353
27.085829 53.144154
27.085819 53.144604
27.08581 53.145054
27.085054 53.145496
27.079842 53.144558
27.076797 53.147232
27.076778 53.148132
27.070707 53.152576
27.070698 53.153027
27.071427 53.153931
27.072165 53.154385
27.069876 53.156616
27.069847 53.157963
27.073538 53.160236
27.076555 53.158913
27.077238 53.162064
27.082451 53.163002
27.077818 53.170155
27.075445 53.176426
27.079893 53.178257
27.088247 53.172028
27.092087 53.167114
27.096554 53.168045
27.099617 53.164474
27.103327 53.165848
27.105606 53.16407
27.102644 53.162701
27.103418 53.161358
27.111658 53.160519
27.097565 53.155025
27.093018 53.158134
27.090784 53.157669
27.090065 53.156319
27.090904 53.151829
27.092417 53.150944
27.096872 53.152325
27.101402 53.150108
27.096964 53.147831
27.096216 53.147827
27.098486 53.146496
27.100708 53.147407
27.105165 53.148788
27.107407 53.148804
27.108154 53.148811
27.108929 53.147469
27.108936 53.147018
27.123839 53.149372
27.124584 53.149376
27.12245 53.14397
27.122458 53.14352
27.12171 53.143517
27.121746 53.14172
27.121782 53.139923
27.117264 53.141689
27.112762 53.142555
27.106768 53.14341
27.10601 53.143852
27.104544 53.142494
27.101547 53.142921
27.10079 53.143364
27.100052 53.14291
27.100061 53.142464
27.100845 53.140671
27.100853 53.140221
27.103094 53.140236
27.103842 53.140244
27.103861 53.139343
27.103878 53.138447
27.097145 53.138847
27.096399 53.13884
27.093447 53.13702
27.091961 53.136562
BRUSH(1,0)
REGION 1
102
27.524996 53.020355
27.52648 53.020809
27.527244 53.019012
27.527994 53.018566
27.529484 53.018574
27.530964 53.019478
27.531696 53.020828
27.537647 53.021748
27.538393 53.021751
27.536862 53.025787
27.536858 53.026238
27.534586 53.029823
27.533051 53.034309
27.538231 53.037922
27.541189 53.04018
27.54418 53.039291
27.55088 53.040215
27.550884 53.039764
27.556852 53.039337
27.558321 53.041588
27.558317 53.042038
27.556831 53.041584
27.556063 53.043827
27.555319 53.043823
27.556051 53.045174
27.558279 53.046082
27.559025 53.046085
27.558266 53.047428
27.561243 53.04789
27.562014 53.045197
27.56276 53.0452
27.570965 53.044777
27.571722 53.04343
27.571726 53.042984
27.564276 53.042507
27.565035 53.041164
27.56727 53.041172
27.568773 53.039829
27.577702 53.041653
27.57996 53.039417
27.579964 53.038967
27.585915 53.040333
27.581417 53.043015
27.580667 53.043461
27.585129 53.044823
27.582865 53.047962
27.582119 53.047958
27.576879 53.05019
27.576134 53.050186
27.576105 53.05333
27.575359 53.05333
27.576077 53.056477
27.576073 53.056923
27.588741 53.057865
27.592497 53.054733
27.593247 53.054283
27.589558 53.049782
27.588816 53.049328
27.590332 53.046638
27.592568 53.046646
27.599266 53.048012
27.603027 53.043983
27.623869 53.048088
27.625385 53.044949
27.602308 53.040836
27.602331 53.038139
27.597872 53.036778
27.597879 53.035877
27.595652 53.034973
27.59716 53.03273
27.597933 53.029591
27.57783 53.027729
27.577101 53.025928
27.576359 53.025475
27.572638 53.025013
27.571892 53.025013
27.572655 53.023216
27.573402 53.02277
27.568945 53.021408
27.569712 53.019165
27.569723 53.017815
27.572745 53.013332
27.567547 53.01152
27.54969 53.009209
27.543772 53.005146
27.537863 53.000183
27.531887 53.001957
27.53705 53.00692
27.534811 53.007359
27.533308 53.008701
27.530338 53.007793
27.529585 53.00869
27.499085 53.004978
27.498316 53.007221
27.502754 53.009933
27.513168 53.011322
27.5124 53.013565
27.516121 53.01403
27.51909 53.014938
27.525782 53.016312
27.52351 53.019897
27.524996 53.020355
BRUSH(1,0)
REGION 1
33
28.279057 53.03022
28.274584 53.030231
28.274593 53.031578
28.274612 53.034275
28.267902 53.03384
28.26714 53.031147
28.263412 53.031158
28.264921 53.033848
28.253004 53.034775
28.253769 53.037918
28.253784 53.040165
28.251562 53.042416
28.248598 53.04512
28.253847 53.049599
28.258352 53.054531
28.265814 53.055412
28.270269 53.052704
28.276251 53.054935
28.280697 53.051331
28.274714 53.048649
28.283607 53.041439
28.288084 53.041874
28.291059 53.04097
28.293274 53.038269
28.29178 53.037823
28.288052 53.037384
28.288776 53.034687
28.288017 53.03289
28.283543 53.032455
28.279819 53.032913
28.279072 53.032467
28.279068 53.032017
28.279057 53.03022
BRUSH(1,0)
REGION 1
143
26.621496 53.056675
26.620735 53.057117
26.619976 53.057556
26.619217 53.057999
26.619204 53.058449
26.618442 53.058887
26.618416 53.059788
26.618401 53.060238
26.619133 53.060692
26.619863 53.06115
26.61985 53.0616
26.620567 53.062508
26.620554 53.062958
26.621284 53.063416
26.621271 53.063862
26.620512 53.064304
26.620483 53.065201
26.619724 53.065643
26.619709 53.066093
26.620442 53.066551
26.619682 53.06699
26.619654 53.06789
26.619638 53.06834
26.629265 53.070694
26.629997 53.071152
26.630728 53.071609
26.630715 53.07206
26.630701 53.072506
26.631432 53.072964
26.632179 53.072975
26.632925 53.072983
26.633656 53.073441
26.634388 53.073898
26.634375 53.074345
26.635107 53.074802
26.635092 53.075253
26.635065 53.076153
26.63505 53.076599
26.635782 53.077057
26.636528 53.077068
26.637274 53.077076
26.638767 53.077091
26.639513 53.077099
26.640243 53.077557
26.640963 53.078465
26.641695 53.078922
26.642427 53.07938
26.643173 53.079388
26.644665 53.079403
26.64541 53.079414
26.646143 53.079868
26.646902 53.07943
26.647648 53.079437
26.649141 53.079453
26.649887 53.079464
26.650646 53.079021
26.651405 53.078579
26.652166 53.07814
26.652912 53.078148
26.654404 53.078163
26.65515 53.078171
26.655909 53.077732
26.656654 53.07774
26.657415 53.077297
26.65892 53.076866
26.659666 53.076874
26.660425 53.076435
26.661184 53.075993
26.661945 53.07555
26.661959 53.075104
26.661972 53.074654
26.66124 53.074196
26.659761 53.07373
26.659029 53.073273
26.658297 53.072815
26.657564 53.072357
26.656073 53.072342
26.655327 53.072334
26.654581 53.072323
26.653848 53.071869
26.653116 53.071411
26.651611 53.071842
26.650866 53.071835
26.650106 53.072273
26.649361 53.072266
26.648628 53.071808
26.647137 53.071793
26.647163 53.070896
26.646433 53.070438
26.645701 53.069981
26.644968 53.069523
26.644236 53.069065
26.644997 53.068623
26.645756 53.068184
26.646515 53.067741
26.647261 53.067749
26.64802 53.06731
26.648766 53.067318
26.65027 53.066883
26.651031 53.066444
26.651804 53.065552
26.651817 53.065105
26.653322 53.064671
26.653335 53.064224
26.653351 53.063774
26.652618 53.063316
26.652632 53.062866
26.652645 53.062416
26.651928 53.061512
26.651182 53.061504
26.649704 53.061035
26.648972 53.060581
26.648226 53.06057
26.647495 53.060112
26.64675 53.060104
26.645258 53.060089
26.644512 53.060081
26.64378 53.059624
26.643034 53.059616
26.642288 53.059605
26.640812 53.059139
26.64008 53.058681
26.639334 53.058674
26.638588 53.058666
26.637112 53.058201
26.636379 53.057743
26.635634 53.057735
26.634874 53.058174
26.6341 53.059067
26.633356 53.059055
26.63261 53.059048
26.631132 53.058582
26.630386 53.058575
26.629669 53.057667
26.628924 53.057659
26.628178 53.057651
26.627432 53.057644
26.625956 53.057175
26.62521 53.057167
26.624464 53.057159
26.623732 53.056702
26.622986 53.056694
26.621496 53.056675
BRUSH(1,0)
REGION 1
53
28.000196 52.7952
28.000196 52.795651
28.000936 52.796101
28.00094 52.801491
28.001686 52.807331
28.000948 52.811825
28.00169 52.812721
28.01207 52.811821
28.022457 52.818108
28.027647 52.817207
28.029127 52.815407
28.034319 52.815857
28.035061 52.815407
28.034315 52.81316
28.030603 52.810017
28.028376 52.806873
28.018742 52.810921
28.016516 52.810024
28.017256 52.808674
28.01799 52.801037
28.017248 52.800137
28.014282 52.79924
28.01428 52.797443
28.013535 52.791603
28.010569 52.792053
28.008343 52.78846
28.003157 52.78981
28.000193 52.78981
28.000194 52.791607
27.998711 52.791607
27.997227 52.788464
27.993523 52.788914
27.986111 52.788464
27.984629 52.788464
27.986113 52.79071
27.986113 52.791161
27.970548 52.791161
27.969067 52.791161
27.969067 52.792957
27.980183 52.793407
27.981665 52.793407
27.98389 52.802841
27.98389 52.803291
27.988339 52.802841
27.989082 52.805538
27.992788 52.805534
27.99353 52.805534
27.994272 52.809132
27.995014 52.809578
27.998722 52.810028
27.999464 52.810028
27.998712 52.795651
28.000196 52.7952
BRUSH(1,0)
REGION 1
44
27.545027 52.802071
27.545397 52.802296
27.546515 52.801628
27.547255 52.801628
27.548742 52.801186
27.549488 52.800739
27.553255 52.79446
27.553265 52.793564
27.557009 52.789532
27.557762 52.788189
27.556284 52.787731
27.555548 52.787281
27.553364 52.78323
27.552631 52.78233
27.554117 52.781883
27.554854 52.782337
27.554876 52.78009
27.554897 52.777843
27.554901 52.777393
27.554172 52.776043
27.550478 52.775131
27.549736 52.775127
27.547487 52.777817
27.537884 52.775085
27.536405 52.774631
27.538668 52.770596
27.533497 52.76923
27.532761 52.768776
27.530502 52.772362
27.529757 52.772808
27.534183 52.774624
27.53566 52.775078
27.531157 52.780903
27.530392 52.783146
27.518541 52.782654
27.508923 52.781265
27.501512 52.781239
27.501396 52.792019
27.525844 52.793015
27.534712 52.795742
27.539146 52.797108
27.539141 52.797558
27.541401 52.79929
27.545027 52.802071
BRUSH(1,0)
REGION 1
247
25.973648 53.097904
25.971926 53.102821
25.963181 53.098179
25.961954 53.108494
25.957268 53.112911
25.952873 53.111038
25.95055 53.112797
25.951559 53.12315
25.955891 53.126369
25.957405 53.125946
25.966343 53.126545
25.969225 53.128841
25.972046 53.132484
25.97497 53.133881
25.976795 53.142899
25.985031 53.14259
25.993952 53.143635
25.999907 53.144184
26.010946 53.147961
26.011694 53.147972
26.011673 53.148422
26.010906 53.148857
26.010138 53.149296
26.009371 53.149731
26.00935 53.150181
26.00931 53.151081
26.008543 53.151516
26.007774 53.151955
26.007008 53.15239
26.005493 53.152813
26.005472 53.153263
26.00543 53.154163
26.006157 53.154621
26.006905 53.154636
26.008379 53.155109
26.009106 53.155571
26.009851 53.155582
26.010578 53.156044
26.011326 53.156055
26.0128 53.156528
26.013527 53.15699
26.014254 53.157452
26.014959 53.158363
26.015707 53.158375
26.016434 53.158836
26.01716 53.159298
26.017887 53.15976
26.019361 53.160233
26.020109 53.160244
26.020836 53.160706
26.021562 53.161167
26.022289 53.161629
26.023783 53.161652
26.024509 53.162113
26.025257 53.162128
26.025278 53.161678
26.025318 53.160778
26.025339 53.160332
26.024612 53.15987
26.024631 53.15942
26.024652 53.15897
26.024693 53.158073
26.024714 53.157623
26.024733 53.157173
26.024754 53.156727
26.02552 53.156288
26.026249 53.15675
26.026995 53.156761
26.027742 53.156773
26.029217 53.157249
26.029984 53.156811
26.030731 53.156822
26.031477 53.156834
26.032245 53.156399
26.033012 53.15596
26.034527 53.155537
26.035314 53.154652
26.036081 53.154213
26.036848 53.153778
26.037617 53.153339
26.038383 53.152905
26.03915 53.152466
26.03919 53.151569
26.039959 53.151131
26.042946 53.15118
26.043693 53.151192
26.044359 53.153
26.04434 53.15345
26.048136 53.152161
26.048903 53.151726
26.051082 53.153107
26.051063 53.153557
26.055506 53.154526
26.057808 53.153217
26.057827 53.152767
26.059361 53.151894
26.063175 53.150158
26.062448 53.149696
26.061722 53.149235
26.061014 53.148323
26.060287 53.147861
26.060306 53.147415
26.05958 53.146954
26.058853 53.146492
26.058127 53.14603
26.058167 53.145134
26.05744 53.144672
26.057459 53.144222
26.056732 53.143761
26.056751 53.143311
26.056791 53.142414
26.056812 53.141964
26.057579 53.141529
26.057598 53.141079
26.058365 53.14064
26.059153 53.139755
26.060665 53.139332
26.061432 53.138893
26.062179 53.138905
26.062946 53.138466
26.063713 53.138031
26.065185 53.138504
26.065086 53.140751
26.067268 53.142132
26.068016 53.142143
26.069588 53.140373
26.070335 53.140385
26.07181 53.140858
26.072536 53.141315
26.073244 53.142227
26.073971 53.142689
26.074738 53.14225
26.075483 53.142261
26.076979 53.142288
26.077743 53.14185
26.078491 53.141861
26.079258 53.141422
26.080006 53.141438
26.081518 53.14101
26.082266 53.141022
26.083032 53.140587
26.083797 53.140148
26.083071 53.139687
26.083111 53.13879
26.08313 53.13834
26.082403 53.137878
26.082422 53.137428
26.082441 53.136982
26.081736 53.13607
26.081755 53.13562
26.081028 53.135162
26.081047 53.134712
26.081066 53.134262
26.080358 53.133354
26.08038 53.132904
26.079653 53.132442
26.078924 53.131981
26.078197 53.131519
26.078219 53.131073
26.077492 53.130611
26.07753 53.129711
26.076803 53.12925
26.076077 53.128792
26.076096 53.128342
26.075369 53.12788
26.075409 53.126984
26.074682 53.126522
26.075449 53.126083
26.076214 53.125645
26.076981 53.12521
26.077728 53.125221
26.078474 53.125233
26.07922 53.125244
26.079967 53.125256
26.079418 53.120754
26.079456 53.119854
26.074291 53.118423
26.077395 53.11578
26.073683 53.115269
26.072937 53.115257
26.064039 53.113766
26.064138 53.111523
26.064157 53.111073
26.06361 53.106571
26.059899 53.10606
26.059153 53.106049
26.058973 53.110092
26.052215 53.110882
26.05147 53.11087
26.050684 53.111755
26.050644 53.112652
26.050564 53.114449
26.050543 53.114899
26.043825 53.114792
26.043079 53.114777
26.042334 53.114765
26.041586 53.114754
26.040094 53.114731
26.039347 53.114719
26.038601 53.114704
26.037855 53.114693
26.037108 53.114681
26.035616 53.114658
26.034868 53.114647
26.034123 53.114632
26.033377 53.11462
26.03261 53.115059
26.031843 53.115494
26.031097 53.115482
26.029625 53.115009
26.028877 53.114998
26.028153 53.114536
26.027426 53.114075
26.02668 53.114063
26.025206 53.11359
26.024481 53.113129
26.023733 53.113117
26.023008 53.112656
26.021515 53.112629
26.020769 53.112617
26.020002 53.113056
26.019981 53.113503
26.019215 53.113941
26.019195 53.114391
26.018408 53.115276
26.018387 53.115727
26.01762 53.116161
26.017601 53.116611
26.016834 53.117046
26.016792 53.117947
26.016026 53.118382
26.015259 53.11882
26.013807 53.117897
26.013081 53.117435
26.013909 53.11565
26.013929 53.115204
26.015484 53.11388
26.015503 53.11343
26.015585 53.111633
26.015606 53.111183
26.012661 53.110237
26.011934 53.109776
26.007559 53.107456
25.999788 53.114071
25.976692 53.112785
25.985481 53.100349
25.973648 53.097904
BRUSH(1,0)
REGION 1
85
26.241579 53.02615
26.240727 53.028832
26.24069 53.029732
26.236238 53.029217
26.234766 53.028744
26.225717 53.031311
26.223465 53.031727
26.230026 53.035416
26.23148 53.036339
26.239731 53.03511
26.240439 53.036018
26.241167 53.03648
26.244945 53.035187
26.245709 53.034748
26.247181 53.035217
26.247891 53.036125
26.250072 53.037506
26.250782 53.038414
26.254383 53.041615
26.252039 53.044277
26.251259 53.045162
26.252625 53.048328
26.253334 53.049236
26.251682 53.053257
26.2509 53.054146
26.252338 53.055515
26.253811 53.055985
26.258249 53.05695
26.260752 53.050243
26.260788 53.049343
26.263218 53.044437
26.263237 53.043987
26.265329 53.047611
26.266022 53.048969
26.266661 53.051678
26.266626 53.052574
26.2703 53.053974
26.271046 53.053986
26.276386 53.050915
26.275694 53.049557
26.274967 53.049099
26.279491 53.047813
26.280237 53.047825
26.277449 53.042843
26.276739 53.041935
26.28277 53.040222
26.284262 53.040241
26.281473 53.035259
26.28149 53.034809
26.265915 53.032791
26.264425 53.032768
26.260912 53.027325
26.260185 53.026867
26.253464 53.027218
26.251972 53.027199
26.252648 53.029003
26.253374 53.029465
26.25621 53.0331
26.256903 53.034458
26.259758 53.037647
26.260467 53.038555
26.258198 53.039421
26.256689 53.039848
26.256706 53.039398
26.255997 53.03849
26.25527 53.038033
26.255287 53.037582
26.255306 53.037132
26.254578 53.036671
26.253851 53.036213
26.253887 53.035313
26.253161 53.034855
26.252432 53.034393
26.251705 53.033936
26.250979 53.033474
26.251013 53.032577
26.250286 53.032116
26.249559 53.031658
26.248833 53.031197
26.248104 53.030735
26.247378 53.030277
26.247467 53.02803
26.247503 53.027134
26.242306 53.026608
26.241579 53.02615
BRUSH(1,0)
REGION 1
15
25.322353 52.698154
25.320494 52.704407
25.324711 52.708096
25.322058 52.715229
25.339393 52.722359
25.340052 52.723724
25.344488 52.723824
25.36343 52.716598
25.362823 52.714336
25.359236 52.71246
25.364073 52.705826
25.361143 52.705311
25.351805 52.700607
25.342277 52.699047
25.322353 52.698154
BRUSH(1,0)
REGION 1
37
24.463428 52.546753
24.45677 52.547005
24.449266 52.54858
24.443972 52.550221
24.44582 52.554771
24.439123 52.555469
24.430918 52.556576
24.428564 52.558304
24.422241 52.563507
24.418234 52.567436
24.411724 52.574886
24.416807 52.575935
24.41758 52.575512
24.425778 52.565414
24.428614 52.566849
24.434055 52.563412
24.432692 52.562023
24.443178 52.560089
24.445869 52.563316
24.44955 52.563427
24.45404 52.56266
24.454777 52.562683
24.459013 52.565056
24.463987 52.567455
24.466196 52.56752
24.465946 52.57066
24.4799 52.571522
24.478012 52.567421
24.477312 52.566948
24.47521 52.565537
24.474545 52.564617
24.479534 52.557571
24.478275 52.554836
24.484306 52.553215
24.480841 52.550415
24.474289 52.54932
24.463428 52.546753
BRUSH(1,0)
REGION 1
151
26.463608 52.728977
26.46265 52.735256
26.461926 52.734798
26.461187 52.734791
26.460463 52.734333
26.459738 52.733871
26.459768 52.732975
26.459784 52.732525
26.459061 52.732067
26.459076 52.731617
26.458351 52.731159
26.456919 52.729794
26.456194 52.729332
26.453943 52.730202
26.453186 52.730644
26.448622 52.73418
26.4433 52.738155
26.445505 52.738632
26.446245 52.738644
26.446135 52.741787
26.446119 52.742237
26.436512 52.741665
26.434277 52.742084
26.434229 52.743431
26.433474 52.74387
26.437159 52.74437
26.438624 52.744835
26.431866 52.747444
26.430353 52.748325
26.426668 52.747826
26.425928 52.747818
26.420023 52.747292
26.417786 52.747711
26.417046 52.7477
26.415566 52.747681
26.414808 52.748119
26.414793 52.74857
26.414036 52.749008
26.41402 52.749458
26.413988 52.750359
26.413973 52.750805
26.413215 52.751247
26.4132 52.751694
26.413183 52.752144
26.413151 52.753044
26.413136 52.75349
26.41312 52.753941
26.413103 52.754391
26.413088 52.754841
26.413055 52.755737
26.413038 52.756187
26.413763 52.756645
26.413748 52.757095
26.413731 52.757546
26.4137 52.758442
26.413683 52.758892
26.414408 52.75935
26.414391 52.7598
26.413635 52.760239
26.413603 52.761139
26.413588 52.761585
26.41357 52.762035
26.413555 52.762486
26.41428 52.762943
26.414248 52.763844
26.414972 52.764301
26.415695 52.764759
26.41568 52.765209
26.416405 52.765667
26.417112 52.766575
26.417837 52.767036
26.418562 52.767494
26.419287 52.767952
26.421589 52.765736
26.423054 52.766205
26.423794 52.766216
26.421444 52.769779
26.421413 52.770676
26.422154 52.770687
26.423618 52.771156
26.424358 52.771164
26.4251 52.771175
26.425825 52.771633
26.42655 52.772091
26.42803 52.77211
26.428772 52.772121
26.429497 52.772579
26.430237 52.772591
26.430992 52.772152
26.43249 52.771721
26.433231 52.771729
26.433971 52.77174
26.434711 52.771748
26.435453 52.771759
26.436933 52.771778
26.437675 52.77179
26.438415 52.771797
26.439156 52.771809
26.439898 52.771816
26.441378 52.771835
26.44212 52.771847
26.442986 52.768261
26.443016 52.767365
26.446011 52.766502
26.44828 52.765183
26.451321 52.762974
26.450876 52.754433
26.449459 52.752617
26.456232 52.749557
26.457003 52.748669
26.457758 52.748226
26.457775 52.74778
26.45853 52.747337
26.459286 52.746899
26.459316 52.746002
26.460073 52.74556
26.460089 52.745113
26.460844 52.744671
26.461599 52.744232
26.461632 52.743336
26.462387 52.742893
26.463142 52.742455
26.463158 52.742004
26.46393 52.741116
26.463945 52.740665
26.464701 52.740227
26.464716 52.739777
26.465471 52.739338
26.466211 52.739349
26.466936 52.739807
26.467661 52.740265
26.468432 52.739376
26.469187 52.738937
26.469944 52.738495
26.471439 52.738068
26.472195 52.737625
26.47295 52.737186
26.473705 52.736748
26.47446 52.736305
26.475216 52.735867
26.475971 52.735428
26.475294 52.73362
26.475324 52.732723
26.474615 52.731815
26.473906 52.730907
26.47016 52.732208
26.469419 52.732197
26.468773 52.729492
26.468788 52.729046
26.465088 52.728996
26.463608 52.728977
BRUSH(1,0)
REGION 3
135
26.792515 52.226708
26.790272 52.228481
26.787285 52.230698
26.784275 52.233814
26.781286 52.236031
26.783482 52.236053
26.786409 52.236084
26.791544 52.235683
26.792276 52.235691
26.791519 52.236584
26.790716 52.239273
26.789911 52.241959
26.789864 52.243755
26.788364 52.24509
26.786097 52.247765
26.783815 52.250885
26.783804 52.251335
26.782328 52.25177
26.780887 52.250858
26.779447 52.249943
26.777227 52.25082
26.772091 52.251217
26.76693 52.25251
26.767626 52.253868
26.770504 52.255695
26.772713 52.255268
26.777849 52.254871
26.784462 52.25404
26.785171 52.254944
26.785135 52.25629
26.783671 52.256279
26.78223 52.255363
26.781498 52.255356
26.780754 52.255798
26.777788 52.257118
26.774092 52.258427
26.768894 52.26107
26.769613 52.261528
26.771053 52.26244
26.771042 52.26289
26.769564 52.263325
26.7666 52.264641
26.766586 52.265091
26.76799 52.267353
26.77021 52.266476
26.77685 52.264748
26.786453 52.2617
26.791628 52.259953
26.792347 52.26041
26.793775 52.261772
26.795996 52.260895
26.795984 52.261345
26.796705 52.261803
26.797424 52.262257
26.798145 52.262714
26.798134 52.263165
26.798121 52.263615
26.79883 52.264519
26.799549 52.264976
26.800281 52.264984
26.801735 52.265446
26.802467 52.265453
26.803188 52.265911
26.803919 52.265919
26.804651 52.265926
26.805349 52.267281
26.805998 52.270431
26.807463 52.270447
26.810381 52.270927
26.810415 52.269577
26.809023 52.266869
26.808361 52.264164
26.808384 52.263267
26.809885 52.261932
26.810592 52.26284
26.812778 52.26331
26.815683 52.264236
26.816439 52.263348
26.817951 52.261562
26.819414 52.261578
26.822321 52.262505
26.823054 52.262512
26.823017 52.263859
26.823727 52.264767
26.824411 52.266571
26.823679 52.266563
26.82147 52.266991
26.822889 52.268803
26.823622 52.26881
26.826563 52.268387
26.826549 52.268837
26.827934 52.271995
26.828678 52.271557
26.832327 52.272041
26.831631 52.270683
26.830223 52.268425
26.82884 52.265266
26.827457 52.262104
26.826736 52.26165
26.825285 52.261185
26.824564 52.260731
26.824598 52.25938
26.824657 52.257133
26.823216 52.256222
26.821043 52.255302
26.820336 52.254395
26.82181 52.25396
26.826958 52.253113
26.833593 52.251381
26.833639 52.249584
26.83365 52.249134
26.829979 52.249546
26.826307 52.249962
26.8256 52.249054
26.824926 52.246803
26.822847 52.242287
26.820746 52.23867
26.819387 52.234615
26.817934 52.23415
26.814312 52.232765
26.810699 52.230934
26.809214 52.231815
26.806994 52.232693
26.806263 52.232685
26.80336 52.231758
26.799688 52.23217
26.796762 52.232143
26.796042 52.231686
26.795347 52.230331
26.795359 52.229881
26.796102 52.229439
26.799076 52.227673
26.796881 52.22765
26.792503 52.227154
26.792515 52.226708
20
26.841122 52.243362
26.840378 52.243805
26.839611 52.245148
26.841772 52.246517
26.843933 52.247887
26.84391 52.248783
26.843842 52.25148
26.845307 52.251492
26.848967 52.25153
26.849676 52.252434
26.849642 52.25378
26.851105 52.253796
26.854046 52.253376
26.854067 52.252476
26.854868 52.249786
26.854204 52.247086
26.853552 52.243931
26.851368 52.243462
26.847708 52.243427
26.841122 52.243362
12
26.787388 52.281483
26.788084 52.282837
26.787304 52.284626
26.790966 52.284664
26.792419 52.285126
26.793884 52.285141
26.79463 52.284698
26.794653 52.283802
26.795433 52.282013
26.794701 52.282005
26.793236 52.28199
26.787388 52.281483
BRUSH(1,0)
REGION 1
49
24.964163 52.515598
24.962538 52.517807
24.957815 52.522182
24.959591 52.528522
24.958702 52.530746
24.957781 52.533421
24.963577 52.53492
24.96606 52.530933
24.968239 52.531441
24.967318 52.534115
24.965662 52.53677
24.978144 52.537537
24.976518 52.539742
24.950998 52.546288
24.947254 52.547089
24.946457 52.54797
24.947163 52.548435
24.962439 52.551525
24.962408 52.551975
24.961456 52.555096
24.96118 52.559135
24.958632 52.564018
24.96219 52.565907
24.966793 52.563324
24.964861 52.559231
24.964922 52.558331
24.965721 52.557453
24.977533 52.557304
24.985142 52.553898
24.990236 52.554928
24.99042 52.552235
24.99045 52.551785
24.986736 52.552143
24.985294 52.551655
24.984833 52.547596
24.987377 52.542717
24.993973 52.543331
24.998573 52.540749
24.992897 52.53746
24.993694 52.536579
24.997707 52.531735
24.99412 52.530296
24.995895 52.525845
24.99519 52.525379
24.987217 52.52338
24.977743 52.52179
24.971304 52.518928
24.966339 52.516106
24.964163 52.515598
BRUSH(1,0)
REGION 1
45
23.83276 52.389141
23.82811 52.391674
23.828674 52.393494
23.825701 52.393841
23.825743 52.393391
23.824234 52.393787
23.82126 52.394134
23.81678 52.394875
23.814497 52.395695
23.810368 52.400497
23.808817 52.40134
23.80291 52.401581
23.800797 52.400608
23.795624 52.400875
23.794848 52.401298
23.784075 52.406311
23.770105 52.406265
23.771315 52.409008
23.775757 52.408714
23.783087 52.408977
23.787699 52.406891
23.78994 52.406521
23.793562 52.407097
23.794338 52.406677
23.801414 52.409626
23.804558 52.40749
23.801275 52.403324
23.80205 52.402901
23.808605 52.403584
23.821547 52.406738
23.827932 52.40921
23.83518 52.410366
23.835955 52.409943
23.836983 52.40683
23.837799 52.40596
23.839998 52.406036
23.842239 52.405666
23.841717 52.403397
23.837318 52.403244
23.834242 52.396839
23.840189 52.396149
23.839666 52.393879
23.839834 52.392086
23.840002 52.390293
23.83276 52.389141
BRUSH(1,0)
REGION 1
62
25.564798 52.123894
25.550888 52.124504
25.542133 52.124325
25.541937 52.127918
25.542618 52.12883
25.543348 52.128845
25.547751 52.128487
25.547726 52.128937
25.547651 52.130283
25.546923 52.130268
25.529312 52.131702
25.522596 52.134258
25.516562 52.13773
25.511503 52.136723
25.510748 52.137157
25.509088 52.14072
25.514954 52.140392
25.517141 52.140438
25.517116 52.140888
25.519789 52.145439
25.519033 52.145874
25.510683 52.151543
25.510631 52.152439
25.513477 52.153847
25.515642 52.154343
25.520073 52.153538
25.521681 52.150871
25.525356 52.150501
25.525133 52.154541
25.524305 52.156322
25.522114 52.156277
25.522089 52.156727
25.521965 52.15897
25.521212 52.159405
25.516831 52.159313
25.51527 52.161079
25.515246 52.161526
25.520307 52.162533
25.526098 52.163551
25.526829 52.163567
25.534279 52.161026
25.533623 52.159664
25.532991 52.157852
25.534575 52.155636
25.539053 52.153931
25.546305 52.15498
25.551414 52.155086
25.552267 52.152855
25.55699 52.14666
25.55862 52.143547
25.557915 52.143082
25.552902 52.141182
25.551493 52.140251
25.553099 52.137589
25.554024 52.13401
25.559204 52.132767
25.561394 52.132812
25.563606 52.132408
25.564556 52.128384
25.566963 52.124386
25.566988 52.123936
25.564798 52.123894
BRUSH(1,0)
REGION 1
53
24.365997 52.196636
24.359318 52.197781
24.35899 52.20182
24.355265 52.202602
24.343474 52.20359
24.338253 52.204777
24.338909 52.205696
24.340113 52.208881
24.340696 52.210701
24.337738 52.21106
24.330473 52.210384
24.327515 52.210743
24.327368 52.212536
24.330946 52.213547
24.338978 52.213795
24.341864 52.214333
24.343031 52.217968
24.340035 52.218773
24.327509 52.219734
24.328602 52.224266
24.320492 52.224915
24.319651 52.226238
24.32089 52.228973
24.326771 52.228706
24.330934 52.231537
24.335575 52.228531
24.336084 52.231243
24.336447 52.235752
24.339407 52.235393
24.342293 52.235935
24.356213 52.226917
24.371664 52.226044
24.374367 52.228825
24.382549 52.227276
24.382109 52.223663
24.379404 52.220882
24.375349 52.216713
24.368082 52.216038
24.367388 52.215569
24.367571 52.213325
24.367607 52.212875
24.380716 52.213726
24.3859 52.212986
24.391851 52.211819
24.391888 52.211369
24.384838 52.208008
24.386589 52.204464
24.380819 52.203388
24.379179 52.205585
24.369722 52.204845
24.370489 52.204418
24.372059 52.203117
24.365997 52.196636
BRUSH(1,0)
REGION 1
44
25.169132 52.178509
25.150761 52.179867
25.137503 52.181347
25.130171 52.181618
25.132132 52.185261
25.132103 52.185711
25.123955 52.187313
25.116007 52.185772
25.112413 52.184784
25.104879 52.188198
25.10409 52.189079
25.103888 52.192219
25.105261 52.193604
25.115545 52.192955
25.123667 52.191803
25.13249 52.191116
25.139908 52.189495
25.14061 52.189964
25.141728 52.195385
25.141527 52.198528
25.141972 52.203033
25.142645 52.203949
25.154165 52.206924
25.159393 52.20525
25.159592 52.202106
25.160635 52.197189
25.161423 52.196308
25.162884 52.196342
25.164345 52.196377
25.167799 52.199608
25.173672 52.199299
25.177326 52.199383
25.176821 52.195774
25.17567 52.190804
25.175757 52.189457
25.177946 52.189507
25.186767 52.188816
25.186796 52.18837
25.186966 52.185677
25.185589 52.184296
25.179775 52.183708
25.176853 52.183636
25.170536 52.179439
25.169132 52.178509
BRUSH(1,0)
REGION 1
60
23.960406 52.181698
23.958784 52.183445
23.966566 52.186409
23.966404 52.188202
23.968553 52.188725
23.96985 52.190567
23.975567 52.192112
23.973906 52.194305
23.98311 52.197765
23.98542 52.196495
23.991947 52.197166
23.991907 52.197613
23.992195 52.202572
23.995804 52.203144
23.994103 52.205784
23.995281 52.208973
23.998121 52.209969
23.998482 52.205933
23.997103 52.204987
23.996695 52.201374
23.996895 52.199131
23.999895 52.198334
24.003952 52.202068
24.006102 52.202591
24.007441 52.203987
24.006392 52.20755
24.016331 52.211033
24.017139 52.210159
24.0205 52.205326
24.02541 52.207737
24.030956 52.202976
24.032656 52.200336
24.031435 52.197594
24.030905 52.195328
24.029524 52.194382
24.024576 52.192417
24.035879 52.188747
24.030281 52.185864
24.024244 52.187908
24.017958 52.184547
24.012649 52.186619
24.014719 52.188038
24.015369 52.188961
24.014599 52.189384
24.013059 52.190231
24.010872 52.190159
24.006613 52.188664
24.003895 52.186325
24.000128 52.187546
23.997778 52.189266
23.997087 52.188793
23.994209 52.188248
23.991819 52.190414
23.995308 52.192329
23.994337 52.194996
23.992918 52.1945
23.985294 52.189743
23.973253 52.185288
23.966931 52.182373
23.960406 52.181698
BRUSH(1,0)
REGION 1
26
26.824263 51.877827
26.82054 51.881386
26.819628 51.888569
26.823246 51.889053
26.823996 51.888161
26.82909 51.887764
26.836987 51.891434
26.834059 51.892307
26.834013 51.894104
26.837631 51.894589
26.837597 51.895935
26.839743 51.897305
26.841217 51.89642
26.842636 51.897781
26.846937 51.90007
26.850624 51.897861
26.853497 51.899235
26.863821 51.893043
26.855219 51.888466
26.856012 51.885777
26.85092 51.886177
26.850998 51.883034
26.840107 51.882927
26.832848 51.882854
26.827881 51.878311
26.824263 51.877827
BRUSH(1,0)
REGION 1
53
24.050869 51.777687
24.047918 51.786587
24.052061 51.788975
24.059215 51.790112
24.065685 51.790779
24.067972 51.789505
24.068657 51.789978
24.069302 51.790897
24.0677 51.792645
24.066059 51.794838
24.0678 51.799847
24.066687 51.804306
24.072319 51.806293
24.075523 51.802803
24.076117 51.812717
24.082628 51.812935
24.081957 51.803913
24.088095 51.800072
24.086918 51.796883
24.090691 51.795208
24.090304 51.799694
24.094605 51.800285
24.094307 51.79533
24.094462 51.793533
24.097845 51.796345
24.101423 51.796913
24.104395 51.796112
24.115015 51.79916
24.116007 51.796047
24.110296 51.794956
24.110336 51.79451
24.111174 51.793186
24.114222 51.791489
24.114298 51.790592
24.113613 51.790119
24.112167 51.790073
24.10208 51.789288
24.098425 51.789619
24.0961 51.79134
24.0926 51.789875
24.088907 51.790653
24.083315 51.788216
24.087925 51.785221
24.082941 51.784157
24.076471 51.783493
24.074108 51.785664
24.069885 51.784172
24.069395 51.781456
24.062925 51.780792
24.062887 51.781239
24.054249 51.780502
24.054445 51.778259
24.050869 51.777687
BRUSH(1,0)
REGION 2
334
23.739363 52.05159
23.734957 52.051884
23.734743 52.054123
23.731834 52.05402
23.725931 52.054707
23.722853 52.056393
23.714382 52.061035
23.710659 52.061798
23.709162 52.062195
23.711258 52.063171
23.722555 52.067177
23.7208 52.070263
23.709248 52.068947
23.705567 52.06926
23.708262 52.07161
23.709803 52.070766
23.716307 52.071449
23.722727 52.073032
23.72846 52.074139
23.726835 52.075882
23.728249 52.076382
23.723328 52.08205
23.720974 52.083767
23.719475 52.08416
23.718019 52.08411
23.711513 52.083424
23.710699 52.084293
23.709972 52.084267
23.705648 52.08366
23.69833 52.083843
23.690239 52.08445
23.688057 52.08437
23.687243 52.085239
23.687883 52.086163
23.682833 52.085529
23.681377 52.085476
23.67988 52.085869
23.671875 52.085575
23.669302 52.089531
23.666946 52.091244
23.661808 52.091507
23.659668 52.090977
23.658733 52.085545
23.657539 52.082802
23.65604 52.083195
23.654629 52.082695
23.655443 52.081825
23.656984 52.080982
23.659851 52.081535
23.661905 52.082962
23.665031 52.080826
23.66362 52.080326
23.662935 52.079849
23.662251 52.079376
23.661609 52.078453
23.660286 52.077053
23.657505 52.075604
23.654596 52.075497
23.653824 52.075916
23.653011 52.076786
23.650654 52.078499
23.653391 52.080399
23.654032 52.081322
23.653858 52.083115
23.651545 52.084381
23.651457 52.085278
23.649187 52.086094
23.647732 52.08604
23.644735 52.08683
23.637924 52.089275
23.632742 52.089985
23.6327 52.090435
23.634155 52.090488
23.64053 52.092522
23.641636 52.096161
23.647839 52.099991
23.646252 52.10128
23.644112 52.100754
23.639017 52.100563
23.637518 52.10096
23.632669 52.105728
23.63254 52.107075
23.635786 52.11124
23.639631 52.116783
23.63599 52.116646
23.630209 52.115986
23.630077 52.117329
23.624937 52.117588
23.624164 52.118011
23.622227 52.122887
23.624369 52.123417
23.621834 52.126923
23.6268 52.128456
23.627571 52.128033
23.63015 52.124081
23.631563 52.12458
23.635584 52.12833
23.637724 52.128857
23.639356 52.127117
23.644337 52.121006
23.649271 52.115337
23.653858 52.113258
23.65377 52.114155
23.654455 52.114628
23.656639 52.114708
23.659508 52.115265
23.663618 52.118114
23.662672 52.120327
23.660488 52.120247
23.656118 52.120087
23.651661 52.120823
23.649433 52.121193
23.645052 52.128677
23.644236 52.129547
23.647617 52.13237
23.649628 52.134247
23.647224 52.136406
23.643452 52.137615
23.637623 52.137402
23.63608 52.138245
23.635992 52.139141
23.640276 52.140198
23.668898 52.146648
23.671299 52.144485
23.672245 52.142273
23.667961 52.141216
23.664492 52.13929
23.664621 52.137943
23.658968 52.135937
23.659054 52.13504
23.662185 52.132908
23.661978 52.127502
23.667076 52.127689
23.668402 52.129086
23.672895 52.135548
23.669763 52.137684
23.673147 52.140507
23.676018 52.14106
23.680389 52.14122
23.680988 52.142593
23.678758 52.14296
23.675671 52.144646
23.675629 52.145096
23.681069 52.149342
23.682482 52.149845
23.68964 52.151455
23.690412 52.151032
23.6857 52.146812
23.683817 52.143597
23.689688 52.14336
23.690632 52.141144
23.693081 52.130886
23.694624 52.130043
23.698181 52.131073
23.700153 52.125748
23.703114 52.117756
23.707354 52.119259
23.707481 52.117916
23.710096 52.11351
23.710182 52.112614
23.711981 52.109081
23.717848 52.108845
23.716349 52.116886
23.721319 52.118416
23.724232 52.118523
23.728687 52.117783
23.738239 52.117229
23.739822 52.115936
23.74222 52.113773
23.749332 52.115829
23.750231 52.114059
23.751688 52.114113
23.761627 52.117168
23.774483 52.120327
23.790127 52.124935
23.797272 52.118893
23.798126 52.117573
23.794008 52.114727
23.795633 52.112984
23.790705 52.111012
23.79233 52.109268
23.791168 52.106079
23.790482 52.105606
23.786882 52.105026
23.776817 52.103317
23.775446 52.102367
23.777535 52.095695
23.767385 52.094883
23.766743 52.09396
23.76841 52.09177
23.767809 52.090401
23.765669 52.089874
23.763485 52.089794
23.755995 52.091778
23.750772 52.092937
23.749273 52.093334
23.739897 52.092098
23.737629 52.092915
23.73596 52.095104
23.730265 52.093548
23.729452 52.094418
23.728724 52.094391
23.72731 52.093891
23.727354 52.093445
23.728125 52.093021
23.728979 52.091701
23.72975 52.091282
23.726282 52.089355
23.723585 52.087009
23.722942 52.086086
23.723114 52.084293
23.724697 52.083
23.726965 52.082184
23.729404 52.079571
23.731545 52.080101
23.736208 52.077118
23.734154 52.075695
23.736464 52.074429
23.736847 52.070393
23.729616 52.069683
23.726021 52.069103
23.724651 52.068153
23.724779 52.066811
23.729999 52.065647
23.731411 52.066151
23.735861 52.065411
23.737272 52.06591
23.744121 52.070656
23.744038 52.071552
23.741642 52.073715
23.742029 52.077328
23.742714 52.077805
23.743443 52.077827
23.748621 52.077114
23.755169 52.077351
23.76099 52.07756
23.762402 52.07806
23.763689 52.079906
23.764162 52.082623
23.767801 52.082752
23.768232 52.085918
23.769646 52.086418
23.772556 52.086521
23.776321 52.085308
23.782829 52.085987
23.786343 52.087463
23.789728 52.090282
23.792641 52.090385
23.794138 52.089989
23.794264 52.088646
23.795076 52.087776
23.795887 52.086903
23.80171 52.087112
23.806721 52.088188
23.808386 52.085999
23.808637 52.083309
23.809364 52.083332
23.815187 52.083538
23.819637 52.082798
23.819845 52.080555
23.8118 52.080723
23.79789 52.081127
23.792753 52.081394
23.79134 52.080894
23.792963 52.079151
23.796041 52.077461
23.792614 52.075092
23.789661 52.075436
23.782175 52.077419
23.782734 52.079239
23.784538 52.083351
23.783083 52.083298
23.778715 52.083141
23.773581 52.083408
23.772209 52.082462
23.768951 52.078297
23.769119 52.076504
23.771345 52.076134
23.770702 52.075211
23.770059 52.074287
23.77087 52.073418
23.776091 52.072254
23.777462 52.0732
23.778832 52.07415
23.780287 52.074203
23.783449 52.071617
23.7852 52.068531
23.786739 52.067684
23.788194 52.067738
23.791748 52.068764
23.803822 52.072342
23.809643 52.072548
23.814777 52.072281
23.815798 52.069168
23.815111 52.068691
23.812971 52.068169
23.806423 52.067936
23.797945 52.064934
23.798071 52.063591
23.797554 52.061321
23.796141 52.060822
23.792503 52.060692
23.791048 52.060642
23.791132 52.059746
23.79207 52.057529
23.794378 52.056263
23.795959 52.054966
23.796854 52.0532
23.796169 52.052727
23.792616 52.051701
23.78582 52.054157
23.784924 52.055924
23.781719 52.05896
23.78018 52.059803
23.771664 52.057251
23.765507 52.060627
23.769575 52.063923
23.775015 52.068165
23.777071 52.069588
23.7763 52.070011
23.775574 52.069984
23.768511 52.067482
23.761532 52.064083
23.759992 52.06493
23.754343 52.062927
23.754385 52.062477
23.758192 52.060814
23.759088 52.059048
23.760155 52.055489
23.750658 52.055595
23.748604 52.054173
23.746506 52.0532
23.740688 52.05299
23.739363 52.05159
26
23.6873 52.061848
23.686443 52.063168
23.68409 52.06488
23.682549 52.065723
23.679682 52.06517
23.671812 52.06353
23.668901 52.063423
23.668131 52.063847
23.667915 52.06609
23.669111 52.068832
23.669794 52.069305
23.674116 52.069912
23.674887 52.069492
23.677199 52.068226
23.678654 52.068279
23.680065 52.068783
23.680706 52.069706
23.681391 52.070179
23.682161 52.069759
23.683788 52.06802
23.684515 52.068047
23.688663 52.070446
23.693287 52.067913
23.692688 52.066544
23.69363 52.064327
23.6873 52.061848
BRUSH(1,0)
REGION 2
217
26.061695 52.10022
26.060217 52.100647
26.054342 52.101448
26.053575 52.102337
26.050619 52.103184
26.046932 52.104023
26.041769 52.105289
26.041729 52.106186
26.041691 52.107086
26.040173 52.108406
26.040154 52.108856
26.042341 52.108894
26.04451 52.109379
26.044472 52.110275
26.043665 52.112061
26.043606 52.113407
26.041418 52.113373
26.03631 52.113289
26.035542 52.114174
26.034773 52.115063
26.034714 52.116409
26.035423 52.116871
26.036863 52.117344
26.036806 52.11869
26.036076 52.118679
26.033157 52.118629
26.028049 52.118545
26.020004 52.118862
26.019215 52.120197
26.018406 52.121983
26.020596 52.122017
26.024935 52.12299
26.032192 52.124008
26.032921 52.12402
26.03442 52.123146
26.037418 52.121399
26.038187 52.12051
26.041105 52.12056
26.039587 52.121883
26.038069 52.123207
26.036512 52.125427
26.034225 52.127636
26.032015 52.128052
26.026888 52.128414
26.027538 52.130222
26.030458 52.130272
26.036297 52.130367
26.036278 52.130817
26.036928 52.132626
26.037599 52.133987
26.04052 52.134033
26.044937 52.133209
26.044899 52.134106
26.04488 52.134556
26.044861 52.135006
26.04484 52.135452
26.044821 52.135902
26.044782 52.136803
26.044033 52.137238
26.044012 52.137688
26.043993 52.138138
26.043974 52.138584
26.043936 52.139484
26.043915 52.139935
26.043146 52.14082
26.040878 52.142582
26.042299 52.143501
26.04372 52.144424
26.04224 52.144852
26.040051 52.144814
26.03709 52.145664
26.037052 52.146564
26.037705 52.148373
26.037684 52.148819
26.040624 52.148418
26.046465 52.148514
26.046486 52.148067
26.046505 52.147617
26.046543 52.146721
26.047293 52.146282
26.048023 52.146294
26.048792 52.145409
26.049541 52.14497
26.050291 52.144531
26.051041 52.144096
26.05179 52.143658
26.052559 52.142773
26.051849 52.142311
26.048987 52.140915
26.047584 52.139545
26.047625 52.138645
26.048451 52.136414
26.048588 52.133266
26.050797 52.132854
26.057404 52.132065
26.063992 52.131722
26.06332 52.130363
26.063418 52.128117
26.068506 52.128647
26.075037 52.129654
26.075708 52.131012
26.077053 52.133732
26.078398 52.136452
26.076901 52.137325
26.073174 52.139061
26.068735 52.140339
26.068716 52.140789
26.069427 52.141251
26.07304 52.142208
26.074537 52.141331
26.076056 52.140007
26.079052 52.13826
26.081203 52.139191
26.085546 52.14016
26.086199 52.141968
26.08618 52.142418
26.0891 52.142464
26.094192 52.142998
26.100014 52.143539
26.1008 52.142204
26.104488 52.141361
26.109617 52.140995
26.111807 52.141029
26.113979 52.141514
26.118341 52.142033
26.118359 52.141583
26.117685 52.140224
26.117762 52.138428
26.11924 52.138001
26.123638 52.137619
26.122965 52.136261
26.120886 52.133533
26.118809 52.130802
26.118847 52.129906
26.119633 52.128567
26.120399 52.127682
26.12257 52.128166
26.127586 52.130493
26.133333 52.132828
26.137638 52.134693
26.138424 52.133358
26.13921 52.132023
26.140013 52.130238
26.140835 52.128002
26.140123 52.127541
26.138683 52.127071
26.135838 52.125229
26.131571 52.122463
26.127304 52.119701
26.127323 52.119251
26.125883 52.118778
26.125152 52.118767
26.124441 52.118305
26.123749 52.117397
26.123039 52.116936
26.121578 52.116913
26.120869 52.116451
26.120157 52.11599
26.119446 52.115532
26.118006 52.115059
26.117294 52.114597
26.116566 52.114586
26.115854 52.114124
26.115143 52.113663
26.113684 52.11364
26.112974 52.113182
26.112263 52.112721
26.111532 52.112709
26.110823 52.112247
26.109364 52.112225
26.108652 52.111763
26.107924 52.111752
26.107212 52.11129
26.105772 52.110817
26.105041 52.110806
26.104332 52.110348
26.103621 52.109886
26.102892 52.109875
26.101452 52.109402
26.100721 52.10939
26.099993 52.109379
26.099281 52.108917
26.098553 52.108906
26.097113 52.108433
26.096382 52.108421
26.095672 52.10796
26.094942 52.107948
26.094232 52.107487
26.092773 52.107464
26.092062 52.107002
26.091352 52.106545
26.090622 52.106533
26.086247 52.106461
26.084057 52.106426
26.081177 52.10548
26.079719 52.105457
26.079008 52.104996
26.078279 52.104984
26.077549 52.104973
26.07682 52.104961
26.075361 52.104938
26.074652 52.104477
26.073921 52.104465
26.073193 52.104454
26.071734 52.104427
26.071003 52.104416
26.070294 52.103954
26.069565 52.103943
26.068834 52.103931
26.067375 52.103909
26.066666 52.103447
26.065956 52.102985
26.065264 52.102077
26.064554 52.101616
26.063845 52.101154
26.062404 52.100681
26.061695 52.10022
36
26.013929 52.124153
26.013811 52.12685
26.014422 52.129555
26.010752 52.129944
26.010714 52.130844
26.010634 52.132641
26.012823 52.132675
26.017203 52.132748
26.017933 52.132763
26.017893 52.133659
26.018524 52.135918
26.019116 52.139072
26.021265 52.140007
26.023476 52.139595
26.024185 52.140057
26.025587 52.14143
26.026949 52.1437
26.029158 52.143288
26.034269 52.143372
26.033579 52.14246
26.030716 52.141064
26.028604 52.139233
26.028625 52.138783
26.031584 52.137932
26.034544 52.137081
26.033852 52.136173
26.032471 52.13435
26.031149 52.131184
26.029688 52.131157
26.02531 52.131084
26.024639 52.129726
26.025467 52.127491
26.022568 52.126995
26.017519 52.125561
26.014658 52.124165
26.013929 52.124153
BRUSH(1,0)
