VERSION 300
DELIMITER ","
 CoordSys Earth Projection 1, 1001                                                                                                                                                                      
COLUMNS 11
    ID decimal(5,0)
    CODE char(8)
    NAME_CODE char(60)
    AREA char(40)
    DISTRICT char(40)
    F9 char(50)
    F38 decimal(20,0)
    F39 decimal(6,0)
    NAME_F39 char(15)
    F43 decimal(6,0)
    NAME_F43 char(32)
DATA
REGION 1
38
26.01601992 53.31612393
26.01289764 53.31876759
26.00987832 53.31916809
26.00912664 53.31915666
26.00235756 53.31949236
26.00008776 53.31990816
25.99756812 53.3257065
25.9968186 53.32569507
25.99527744 53.32656861
25.99367328 53.32878873
25.99217208 53.32876209
25.99056828 53.33098221
25.9949664 53.33330538
25.99340436 53.33462523
26.00015652 53.33473584
26.00240724 53.334774
26.00317764 53.33433912
26.00534448 53.33617017
26.00607492 53.33663178
26.00451288 53.3379555
26.00447076 53.3388519
26.0067024 53.33934024
26.00905608 53.33713146
26.00917812 53.3344383
26.01443088 53.33452227
26.01518076 53.3345337
26.01899352 53.33324814
26.01986508 53.33056641
26.01988596 53.33011623
26.02290708 53.32971951
26.02157004 53.32609944
26.02244376 53.32341762
26.02548396 53.32257081
26.02333656 53.3202858
26.02260576 53.31982419
26.02045836 53.31754305
26.01749988 53.31659697
26.01601992 53.31612393
BRUSH(1,0)
REGION 1
247
25.97364792 53.09790417
25.97192568 53.10282132
25.96318056 53.09817885
25.96195404 53.10849384
25.95726792 53.11291122
25.9528734 53.11103823
25.95054996 53.11279674
25.95155904 53.12314989
25.95589056 53.12636946
25.95740508 53.12594601
25.9663428 53.12654496
25.96922496 53.1288414
25.97204592 53.13248442
25.97496984 53.13388059
25.97679504 53.14289859
25.98503112 53.14258953
25.99395192 53.14363479
25.99990668 53.14418415
26.01094644 53.14796064
26.0116938 53.14797207
26.01167292 53.14842225
26.01090612 53.14885713
26.01013752 53.14929579
26.00937072 53.14973067
26.00934984 53.15018085
26.00930988 53.15108112
26.00854308 53.151516
26.00777448 53.15195466
26.00700768 53.15238954
26.00549316 53.15281299
26.00547228 53.15326308
26.00543016 53.15416335
26.006157 53.15462109
26.00690472 53.15463639
26.00837892 53.15510943
26.00910576 53.15557095
26.00985132 53.15558247
26.01057816 53.15604399
26.01132588 53.15605542
26.01280008 53.15652846
26.01352692 53.15699007
26.01425376 53.15745159
26.01495936 53.15836338
26.01570708 53.15837481
26.01643356 53.15883633
26.0171604 53.15929794
26.01788724 53.15975955
26.01936144 53.1602325
26.02010916 53.16024402
26.020836 53.16070554
26.02156248 53.16116715
26.02228932 53.16162876
26.0237826 53.16165162
26.02450944 53.16211323
26.02525716 53.16212844
26.02527804 53.16167835
26.025318 53.16077808
26.02533924 53.16033177
26.0246124 53.15987016
26.02463148 53.15941998
26.02465236 53.15896989
26.02469268 53.1580734
26.02471356 53.15762331
26.02473264 53.15717313
26.02475352 53.15672682
26.02552032 53.15628816
26.02624896 53.15674977
26.02699488 53.1567612
26.02774224 53.15677263
26.0292168 53.15724945
26.0299836 53.15681079
26.03073132 53.15682222
26.03147688 53.15683365
26.03224548 53.15639877
26.03301228 53.15596011
26.0345268 53.15553666
26.03531448 53.1546516
26.03608128 53.15421294
26.03684808 53.15377806
26.03761668 53.1533394
26.03838348 53.15290452
26.03915028 53.15246586
26.03919024 53.15156937
26.03995884 53.15113071
26.04294576 53.1511803
26.04369348 53.15119173
26.04435912 53.15299992
26.04434004 53.15345001
26.04813588 53.15216067
26.04890268 53.15172579
26.05108248 53.15310666
26.0510634 53.15355684
26.0555058 53.15452578
26.057808 53.15321736
26.05782708 53.15276718
26.05936068 53.15189364
26.06317524 53.1501579
26.0624484 53.14969638
26.06172192 53.14923477
26.06101416 53.14832307
26.06028732 53.14786146
26.0603064 53.14741515
26.05957992 53.14695354
26.05885308 53.14649202
26.0581266 53.14603041
26.05816656 53.14513401
26.05743972 53.1446724
26.0574588 53.14422222
26.05673232 53.1437607
26.0567514 53.14331052
26.05679136 53.14241412
26.05681224 53.14196394
26.05757904 53.14152906
26.05759812 53.14107897
26.05836492 53.14064022
26.0591526 53.13975525
26.06066496 53.1393318
26.06143176 53.13889314
26.06217948 53.13890457
26.06294628 53.13846591
26.06371308 53.13803103
26.06518548 53.13850407
26.06508648 53.14075092
26.06726844 53.14213179
26.06801616 53.14214322
26.06958756 53.14037319
26.07033528 53.14038471
26.07180984 53.14085766
26.07253632 53.14131549
26.07324408 53.14222719
26.07397092 53.14268871
26.07473772 53.14225005
26.07548328 53.14226148
26.07697872 53.14228821
26.07774336 53.14184955
26.07849108 53.14186098
26.07925788 53.14142223
26.0800056 53.14143753
26.08151832 53.1410103
26.08226568 53.14102173
26.08303248 53.14058685
26.08379748 53.14014819
26.08307064 53.13968658
26.08311096 53.13879009
26.08313004 53.13834
26.0824032 53.13787839
26.08242228 53.1374283
26.08244136 53.13698199
26.08173576 53.13607029
26.08175484 53.13562011
26.081028 53.13516237
26.08104708 53.13471219
26.08106616 53.1342621
26.0803584 53.13335418
26.08037964 53.13290409
26.0796528 53.13244248
26.07892416 53.13198087
26.07819732 53.13151935
26.07821856 53.13107304
26.07749172 53.13061143
26.07752988 53.12971116
26.07680304 53.12924955
26.07607656 53.12879181
26.07609564 53.12834163
26.0753688 53.12788011
26.07540876 53.12698362
26.07468228 53.1265221
26.07544908 53.12608335
26.07621372 53.12564469
26.07698052 53.12520981
26.07772824 53.12522124
26.07847416 53.12523267
26.07921972 53.1252441
26.07996744 53.12525562
26.07941808 53.12075427
26.07945624 53.119854
26.07429132 53.11842345
26.07739452 53.11577988
26.07368292 53.11526868
26.072937 53.11525725
26.06403924 53.11376568
26.06413824 53.1115227
26.06415732 53.11107252
26.06361012 53.10657117
26.05989852 53.10606006
26.0591526 53.10604854
26.05897332 53.11009215
26.0522154 53.11088181
26.05146984 53.11087038
26.05068396 53.11175535
26.050644 53.11265184
26.05056372 53.11444851
26.05054284 53.11489869
26.04382524 53.11479186
26.04307932 53.11477665
26.04233376 53.11476513
26.04158604 53.1147537
26.0400942 53.11473084
26.03934684 53.11471941
26.03860092 53.11470411
26.037855 53.11469268
26.03710764 53.11468125
26.0356158 53.11465839
26.03486808 53.11464687
26.03412252 53.11463166
26.0333766 53.11462023
26.0326098 53.11505889
26.03184336 53.11549377
26.03109744 53.11548234
26.02962504 53.1150093
26.02887732 53.11499787
26.02815264 53.11453626
26.0274258 53.11407474
26.02667988 53.11406322
26.02520568 53.11359027
26.02448064 53.11312866
26.02373328 53.11311723
26.02300824 53.11265562
26.02151496 53.11262898
26.02076904 53.11261746
26.02000224 53.11305621
26.01998136 53.11350252
26.01921456 53.11394118
26.01919548 53.11439136
26.0184078 53.11527633
26.01838692 53.11572651
26.01762012 53.11616139
26.01760104 53.11661148
26.01683424 53.11704636
26.01679212 53.11794663
26.01602568 53.11838151
26.01525888 53.11882017
26.01380736 53.11789704
26.01308052 53.11743543
26.01390852 53.11565019
26.0139294 53.11520388
26.01548388 53.11388016
26.01550296 53.11342998
26.01558504 53.11163331
26.01560592 53.11118313
26.01266112 53.11023714
26.01193428 53.10977553
26.00755884 53.10745623
25.99978824 53.11407087
25.97669208 53.11278531
25.98548112 53.10034947
25.97364792 53.09790417
BRUSH(1,0)
REGION 1
85
26.241579 53.02614978
26.24072652 53.02883151
26.24069016 53.02973178
26.2362384 53.0292168
26.234766 53.02874376
26.2257174 53.03131101
26.22346488 53.03172681
26.23002624 53.03541564
26.23147956 53.03633877
26.23973076 53.03511045
26.24043852 53.03601837
26.24116716 53.03647998
26.24494536 53.03518677
26.24570856 53.03474811
26.24718096 53.03521728
26.24789052 53.0361252
26.25007248 53.03750607
26.25078204 53.03841399
26.25438312 53.04161457
26.2520388 53.04427722
26.25125868 53.04516219
26.25262452 53.04832839
26.25333408 53.04923631
26.2516824 53.05325697
26.25090012 53.05414581
26.25233832 53.05551525
26.25381072 53.05598451
26.25824916 53.05694958
26.26075188 53.05024341
26.26078788 53.04934314
26.26321788 53.04443742
26.26323696 53.04398724
26.26532928 53.04761127
26.26602156 53.04896928
26.26666056 53.05167774
26.26662636 53.05257414
26.2702998 53.05397418
26.27104572 53.05398561
26.27638632 53.05091472
26.27569404 53.04955671
26.2749672 53.04909897
26.27949132 53.04781341
26.28023724 53.04782484
26.27744868 53.04284289
26.27673912 53.04193497
26.2827702 53.04022218
26.28426168 53.04024126
26.28147312 53.03525922
26.2814904 53.03480913
26.265915 53.03279115
26.26442532 53.03276829
26.26091208 53.02732464
26.26018524 53.0268669
26.25346368 53.0272179
26.2519722 53.02719882
26.25264756 53.02900314
26.25337404 53.02946475
26.25621048 53.03310012
26.25690276 53.03445813
26.25975792 53.03764728
26.26046748 53.03855511
26.25819768 53.03942109
26.25668892 53.03984832
26.2567062 53.03939823
26.25599664 53.03849031
26.25527016 53.03803257
26.25528708 53.03758239
26.25530616 53.0371323
26.25457752 53.03667069
26.25385104 53.03621295
26.25388704 53.03531268
26.25316056 53.03485485
26.25243192 53.03439333
26.25170508 53.03393559
26.2509786 53.03347398
26.2510128 53.03257749
26.25028596 53.03211597
26.24955948 53.03165814
26.24883264 53.03119662
26.248104 53.03073501
26.24737752 53.03027727
26.24746716 53.02803042
26.24750316 53.02713393
26.24230584 53.02660752
26.241579 53.02614978
BRUSH(1,0)
REGION 1
18
25.15404888 52.74911502
25.15023432 52.75082394
25.14810168 52.74942399
25.14041316 52.75373463
25.14029508 52.7555313
25.13177676 52.76116944
25.12875924 52.76199726
25.12778472 52.76557161
25.13219652 52.76612475
25.14367476 52.76055528
25.14515508 52.76059344
25.15214736 52.76705166
25.15203108 52.76884842
25.15419396 52.76979828
25.165161 52.7606163
25.16616252 52.75659564
25.15529628 52.75274274
25.15404888 52.74911502
BRUSH(1,0)
REGION 1
15
25.3223532 52.69815441
25.3204938 52.70440671
25.32471084 52.70809554
25.32205764 52.71522903
25.33939344 52.72235874
25.34005152 52.7237244
25.34448816 52.72382358
25.36342992 52.71659847
25.36282332 52.71433641
25.35923592 52.71245955
25.36407288 52.70582583
25.3611432 52.70531085
25.3518048 52.70060727
25.3422774 52.69904712
25.3223532 52.69815441
BRUSH(1,0)
REGION 1
20
25.8482934 52.50289536
25.84238436 52.50323871
25.83896076 52.51306536
25.83090792 52.5120201
25.82995212 52.51649859
25.8305778 52.51875687
25.83323856 52.52465061
25.83466704 52.52557374
25.84491156 52.52710725
25.84709928 52.5275955
25.84699056 52.52984235
25.84770408 52.53030396
25.85067192 52.52990724
25.85669328 52.52731704
25.85114856 52.52002713
25.85944188 52.51613238
25.8616926 52.51527405
25.85829348 52.50936888
25.85017584 52.50967029
25.8482934 52.50289536
BRUSH(1,0)
REGION 1
22
24.89101992 52.85406879
24.88983156 52.86033252
24.88980096 52.86077883
24.88606056 52.86113361
24.88509756 52.864254
24.8767794 52.86628719
24.87316896 52.86484143
24.87020292 52.8647652
24.8686542 52.86562344
24.87368592 52.86800385
24.87642876 52.87122342
24.88903632 52.87155147
24.8908158 52.87789152
24.89604012 52.87757877
24.8956794 52.87217328
24.90090372 52.87185666
24.9042816 52.86610035
24.90317928 52.86067578
24.90707592 52.8580818
24.90349572 52.85618973
24.89827356 52.85650257
24.89101992 52.85406879
BRUSH(1,0)
REGION 1
37
24.46342848 52.5467529
24.45676992 52.54700472
24.44926644 52.54858017
24.44397156 52.55022051
24.4458198 52.55477145
24.43912308 52.55546949
24.4309176 52.55657577
24.42856392 52.55830386
24.42224124 52.56350712
24.41823372 52.56743625
24.4117242 52.57488636
24.41680704 52.5759354
24.4175796 52.57551195
24.42577752 52.5654144
24.4286136 52.56684873
24.43405536 52.56341172
24.43269168 52.5620232
24.44317812 52.5600891
24.44586948 52.56331632
24.44955048 52.56342693
24.4540404 52.56266022
24.4547766 52.56268308
24.45901308 52.56505584
24.4639872 52.56745533
24.46619616 52.56752013
24.46594632 52.5706596
24.47990028 52.5715218
24.47801208 52.56742095
24.47731224 52.56694791
24.4752102 52.56553653
24.47454456 52.56461718
24.47953416 52.55757144
24.47827524 52.55483625
24.48430632 52.55321499
24.4808406 52.550415
24.47428896 52.54932024
24.46342848 52.5467529
BRUSH(1,0)
REGION 1
32
24.20344548 52.54189299
24.1989156 52.54309467
24.2077104 52.55237196
24.20163144 52.55442432
24.2022132 52.55624394
24.20543088 52.56174087
24.20670888 52.56403353
24.20942292 52.56681822
24.20403876 52.56934353
24.20671464 52.5725784
24.2127954 52.57052235
24.216669 52.56839754
24.2223264 52.57127376
24.22542384 52.56957249
24.2220114 52.56631854
24.22967904 52.56296154
24.23122776 52.56211086
24.23052972 52.56164169
24.22835928 52.56112293
24.22103868 52.5604401
24.22192752 52.55867007
24.22212012 52.556427
24.23164752 52.5571785
24.23265084 52.55406189
24.23280528 52.552269
24.23009124 52.54948422
24.22733868 52.54714962
24.21680832 52.54951095
24.21611028 52.54904178
24.21359064 52.54401402
24.2068158 52.54559712
24.20344548 52.54189299
BRUSH(1,0)
REGION 1
151
26.46360792 52.72897716
26.46265032 52.73525619
26.46192564 52.73479845
26.46118728 52.7347908
26.4604626 52.73433306
26.45973792 52.73387145
26.45976816 52.73297505
26.45978364 52.73252487
26.45906076 52.73206713
26.45907588 52.73161695
26.4583512 52.73115921
26.45691876 52.72979355
26.45619408 52.72933194
26.45394336 52.7302017
26.45318592 52.73064423
26.44862184 52.73418042
26.44330032 52.73815536
26.44550532 52.73863218
26.44624512 52.73864361
26.4461346 52.74178695
26.44611948 52.74223713
26.43651216 52.74166491
26.43427656 52.74208449
26.43422904 52.74343107
26.43347376 52.74386982
26.43715872 52.7443695
26.43862356 52.74483489
26.43186564 52.74744417
26.43035328 52.74832536
26.42666832 52.74782559
26.42592816 52.74781803
26.42002308 52.74729153
26.41778568 52.7477112
26.41704552 52.74769977
26.41556556 52.74768069
26.41480812 52.74811935
26.414793 52.74856953
26.41403592 52.74900819
26.41402044 52.74945828
26.41398804 52.75035855
26.41397292 52.75080486
26.41321548 52.75124739
26.41320036 52.7516937
26.41318308 52.75214388
26.41315068 52.75304415
26.41313556 52.75349046
26.41312044 52.75394055
26.41310316 52.75439073
26.41308768 52.75484082
26.41305528 52.75573731
26.41303836 52.7561874
26.41376304 52.75664523
26.41374792 52.75709532
26.41373064 52.7575455
26.41370004 52.7584419
26.41368276 52.75889208
26.4144078 52.75934982
26.41439052 52.7598
26.41363524 52.76023866
26.41360284 52.76113893
26.41358772 52.76158524
26.41357044 52.76203533
26.41355532 52.76248551
26.41428 52.76294325
26.4142476 52.76384352
26.41497228 52.76430126
26.41569516 52.76475909
26.41568004 52.76520918
26.41640472 52.76566692
26.41711248 52.76657484
26.41783716 52.76703645
26.41856184 52.76749419
26.41928688 52.76795193
26.42158872 52.76573559
26.42305392 52.76620485
26.42379372 52.76621628
26.421444 52.7697792
26.4214134 52.77067569
26.42215356 52.77068712
26.4236184 52.77115629
26.4243582 52.77116394
26.42510016 52.77117537
26.4258252 52.77163311
26.42654988 52.77209094
26.42802984 52.77211002
26.4287718 52.77212145
26.42949684 52.77257919
26.43023664 52.77259062
26.43099228 52.77215196
26.43248952 52.77172086
26.43323148 52.77172851
26.43397128 52.77173994
26.43471144 52.77174759
26.4354534 52.77175902
26.43693336 52.7717781
26.43767532 52.77178953
26.43841548 52.77179718
26.43915564 52.77180861
26.4398976 52.77181626
26.44137756 52.77183534
26.44211952 52.77184677
26.44298568 52.76826099
26.44301592 52.7673645
26.44601076 52.76650239
26.4482802 52.76518254
26.45132076 52.76297376
26.45087616 52.75443267
26.4494592 52.75261692
26.45623224 52.74955746
26.45700264 52.74866871
26.45775792 52.74822618
26.4577752 52.74777987
26.45853048 52.74733734
26.45928576 52.74689868
26.45931636 52.74600219
26.46007344 52.74555966
26.46008856 52.74511335
26.4608442 52.74467091
26.46159948 52.74423216
26.46163188 52.74333576
26.46238716 52.74289323
26.46314244 52.74245457
26.46315756 52.74200439
26.46393012 52.74111555
26.46394524 52.74066546
26.46470052 52.74022671
26.464716 52.73977662
26.46547128 52.73933796
26.46621144 52.73934939
26.46693612 52.73980713
26.4676608 52.74026487
26.46843156 52.73937603
26.46918684 52.73893737
26.46994392 52.73849484
26.47143936 52.73806761
26.47219464 52.73762508
26.47294992 52.73718642
26.4737052 52.73674776
26.47446048 52.73630523
26.47521576 52.73586657
26.4759714 52.73542782
26.47529424 52.73361972
26.47532448 52.73272323
26.47461492 52.73181531
26.47390572 52.73090748
26.47015956 52.73220825
26.4694194 52.73219682
26.46877284 52.72949223
26.46878832 52.72904583
26.46508788 52.72899624
26.46360792 52.72897716
BRUSH(1,0)
REGION 1
26
27.47257632 52.20552825
27.465912 52.21269225
27.47027016 52.21540449
27.4672908 52.21988676
27.46143324 52.22031021
27.4599648 52.22075274
27.45178416 52.23194883
27.44737236 52.23372651
27.45098892 52.23733902
27.45907596 52.23423006
27.46867752 52.22663118
27.47084616 52.22888946
27.4745196 52.22755818
27.47381976 52.22485737
27.49209588 52.22628405
27.49433148 52.22269818
27.4972572 52.2227097
27.49806612 52.21552275
27.4973508 52.21417239
27.4915026 52.21369935
27.48930372 52.21413801
27.4893228 52.21234134
27.48566628 52.21232604
27.48058128 52.20915984
27.47690964 52.21049121
27.47257632 52.20552825
BRUSH(1,0)
REGION 3
135
26.79251472 52.2267075
26.79027192 52.22848131
26.787285 52.23069765
26.78427504 52.23381426
26.78128632 52.2360306
26.7834816 52.23605346
26.78640948 52.23608397
26.7915438 52.23568347
26.7922764 52.23569103
26.79151932 52.23658374
26.79071616 52.23927303
26.7899112 52.24195863
26.78986368 52.2437553
26.78836428 52.24509045
26.78609664 52.24776462
26.78381532 52.25088501
26.7838038 52.2513351
26.7823278 52.25176998
26.78088744 52.25085828
26.77944744 52.2499428
26.77722732 52.25082012
26.77209084 52.25121693
26.76692952 52.25251005
26.76762576 52.25386806
26.77050396 52.25569533
26.77271256 52.2552681
26.77784904 52.25487138
26.78446188 52.25403978
26.78517144 52.25494383
26.78513544 52.25629041
26.7836706 52.25627898
26.78223024 52.2553635
26.781498 52.25535585
26.78075424 52.25579838
26.7777882 52.25711823
26.77409172 52.25842665
26.76889404 52.26107022
26.76961332 52.26152805
26.77105332 52.26243975
26.7710418 52.26288984
26.76956364 52.26332472
26.76659976 52.26464079
26.76658644 52.26509097
26.76799008 52.26735303
26.7702102 52.26647571
26.77684968 52.26474762
26.7864534 52.26169968
26.79162804 52.25995251
26.79234696 52.26041034
26.79377544 52.26177213
26.79599556 52.26089481
26.7959844 52.2613449
26.79670512 52.26180264
26.7974244 52.2622566
26.79814512 52.26271443
26.79813396 52.26316452
26.79812064 52.26361461
26.7988302 52.26451875
26.79954912 52.26497649
26.80028136 52.26498414
26.80173504 52.26544575
26.80246728 52.26545331
26.80318836 52.26591114
26.8039188 52.2659187
26.8046514 52.26592635
26.80534944 52.26728058
26.8059978 52.27043148
26.80746264 52.27044678
26.8103808 52.27092747
26.81041536 52.26957702
26.80902288 52.26686856
26.8083612 52.26416397
26.80838388 52.26326748
26.80988508 52.26193233
26.81059248 52.26284025
26.8127784 52.26330951
26.81568324 52.26423642
26.81643852 52.26334767
26.81795124 52.26156234
26.81941428 52.26157764
26.82232092 52.26250455
26.82305352 52.2625122
26.82301716 52.26385878
26.82372672 52.2647667
26.82441144 52.26657102
26.82367884 52.26656346
26.82147024 52.26699069
26.82288936 52.26880266
26.8236216 52.26881031
26.8265628 52.26838686
26.82654948 52.26883695
26.8279344 52.2719955
26.82867816 52.27155684
26.83232676 52.27204131
26.83163088 52.2706833
26.83022292 52.26842502
26.82884016 52.26526638
26.8274574 52.26210405
26.82673632 52.26165009
26.8252848 52.2611847
26.82456408 52.26073074
26.82459828 52.25938038
26.82465732 52.25713344
26.82321552 52.25622174
26.82104292 52.25530239
26.82033552 52.25439456
26.82180972 52.25395968
26.82695772 52.25311278
26.83359324 52.25138091
26.83363932 52.24958424
26.83365048 52.24913406
26.82997884 52.24954608
26.8263072 52.24996188
26.8255998 52.24905396
26.82492624 52.24680324
26.82284724 52.24228668
26.82074556 52.23867039
26.81938728 52.23461535
26.81793396 52.23414996
26.814312 52.23276522
26.8106994 52.23093417
26.80921368 52.23181536
26.80699356 52.23269268
26.80626312 52.23268512
26.80336008 52.23175812
26.79968844 52.23217014
26.79676236 52.23214341
26.79604164 52.23168567
26.7953472 52.23033144
26.79535872 52.22988126
26.79610248 52.22943882
26.79907608 52.22767257
26.7968808 52.22764971
26.7925032 52.22715381
26.79251472 52.2267075
20
26.84112156 52.24336245
26.8403778 52.24380489
26.839611 52.24514769
26.84177208 52.24651722
26.84393316 52.24788666
26.84391012 52.24878315
26.84384172 52.25148009
26.84530656 52.25149152
26.84896668 52.25152968
26.84967624 52.25243382
26.84964168 52.2537804
26.85110472 52.25379561
26.85404592 52.25337603
26.8540668 52.25247576
26.8548678 52.24978638
26.85420432 52.24708557
26.853552 52.2439308
26.85136788 52.24346163
26.84770776 52.24342725
26.84112156 52.24336245
12
26.78738796 52.28148267
26.7880842 52.2828369
26.78730408 52.28462601
26.790966 52.28466417
26.79241932 52.28512569
26.79388416 52.28514099
26.79463008 52.28469846
26.79465276 52.28380206
26.79543288 52.28201295
26.79470064 52.2820053
26.7932358 52.28199009
26.78738796 52.28148267
BRUSH(1,0)
REGION 1
28
25.170534 52.46897508
25.17047676 52.46987148
25.17044832 52.47032166
25.17036264 52.47166824
25.173189 52.47353367
25.17824952 52.47500229
25.17355332 52.47938538
25.177086 52.48171998
25.18090452 52.47956088
25.18525872 52.48056411
25.18763544 52.47792054
25.18560036 52.47517779
25.18362252 52.4715309
25.18614 52.46664813
25.18780896 52.46353908
25.18125156 52.46248626
25.1761932 52.46101764
25.17418656 52.45782093
25.16833692 52.45723341
25.16683968 52.45764921
25.16734512 52.46125794
25.16505444 52.46255115
25.16050152 52.46469117
25.16120712 52.46515656
25.16626728 52.46662518
25.16828148 52.46773533
25.16912064 52.46804043
25.170534 52.46897508
BRUSH(1,0)
REGION 1
49
24.96416292 52.51559832
24.96253788 52.51780701
24.95781504 52.52218245
24.95959092 52.5285225
24.95870208 52.53074649
24.95778084 52.53342057
24.9635772 52.5349197
24.96606048 52.53093342
24.96823884 52.53144075
24.9673176 52.53411483
24.96566196 52.53676983
24.97814352 52.53753663
24.97651848 52.53974154
24.95099844 52.54628751
24.94725408 52.5470886
24.94645704 52.54796979
24.94716264 52.54843518
24.96243852 52.55152515
24.96240792 52.55197524
24.96145644 52.55509563
24.9611796 52.55913546
24.95863152 52.56401823
24.96219048 52.56590652
24.96679308 52.56332397
24.96486096 52.55923077
24.9649218 52.5583305
24.965721 52.55745318
24.97753332 52.55730441
24.98514192 52.55389782
24.99023628 52.55492787
24.99041952 52.55223462
24.99044976 52.55178453
24.98673636 52.55214309
24.9852942 52.55165484
24.98483268 52.54759602
24.98737716 52.54271694
24.99397272 52.54333119
24.99857316 52.54074864
24.99289704 52.53746031
24.99369444 52.53657912
24.99770736 52.53173451
24.9941196 52.53029631
24.99589548 52.52584455
24.99518952 52.52537916
24.98721696 52.52338026
24.9777432 52.52178951
24.97130388 52.5189285
24.96633912 52.51610565
24.96416292 52.51559832
BRUSH(1,0)
REGION 1
45
23.83275996 52.38914112
23.82810984 52.39167408
23.82867432 52.39349361
23.82570072 52.39384083
23.82574284 52.39339065
23.82423408 52.39378737
23.82126048 52.3941345
23.81677992 52.39487457
23.81449716 52.39569474
23.8103676 52.40049741
23.80881708 52.40134044
23.80290984 52.40158083
23.80079664 52.40060802
23.7956238 52.40087505
23.79484764 52.4012985
23.78407464 52.40631105
23.7701052 52.40626524
23.7713148 52.40900799
23.77575684 52.40871432
23.7830868 52.40897748
23.78769876 52.40689083
23.78993976 52.40652084
23.79356208 52.40709684
23.79433824 52.40667726
23.8014144 52.40962602
23.80455792 52.40748978
23.80127508 52.40332413
23.8020498 52.40290068
23.80860504 52.40358351
23.82154668 52.40673828
23.82793236 52.40921022
23.83518024 52.41036609
23.8359546 52.40994264
23.83698276 52.40682981
23.83779924 52.40596005
23.83999812 52.40603637
23.84223948 52.40566638
23.84171676 52.40339658
23.83731828 52.40324403
23.83424172 52.39683918
23.84018892 52.3961487
23.8396662 52.3938789
23.83983432 52.39208601
23.84000208 52.39029312
23.83275996 52.38914112
BRUSH(1,0)
REGION 1
44
23.40428544 52.35891345
23.40263556 52.3606491
23.40039456 52.36101153
23.39874468 52.36274718
23.39503848 52.36305237
23.39362152 52.36254882
23.39234352 52.36069869
23.38877664 52.35966108
23.38653384 52.36002351
23.3820972 52.36030197
23.38058664 52.36069104
23.37952788 52.36380009
23.37480936 52.36676406
23.37540228 52.36813737
23.3737506 52.36987302
23.37228576 52.36981587
23.3702316 52.36838532
23.36890608 52.36698528
23.36899932 52.36608888
23.37124248 52.36572645
23.36923404 52.36384968
23.36196132 52.36311339
23.36260032 52.36404039
23.36432832 52.36860654
23.36423508 52.36950303
23.35965552 52.37112042
23.35960764 52.3715706
23.36362632 52.3753281
23.36343948 52.37711712
23.36311152 52.38025668
23.36448276 52.38121032
23.3665848 52.38219069
23.37781716 52.37318043
23.37434208 52.37124633
23.37594588 52.36996077
23.37887556 52.37007525
23.38560288 52.36898418
23.397642 52.36630632
23.40043056 52.36776351
23.40340416 52.36742781
23.40587988 52.36482618
23.4089928 52.3631439
23.40570276 52.359417
23.40428544 52.35891345
BRUSH(1,0)
REGION 1
62
25.56479844 52.12389375
25.55088804 52.12450413
25.5421332 52.12432476
25.541937 52.12791828
25.54261776 52.12882998
25.5433482 52.12884519
25.54775064 52.12848663
25.5477258 52.12893681
25.54765128 52.13028339
25.54692264 52.13026809
25.52931216 52.13170242
25.52259636 52.13425824
25.51656168 52.13772963
25.51150332 52.13672253
25.51074804 52.13715741
25.50908844 52.14072033
25.51495356 52.14039228
25.51714128 52.14043809
25.51711644 52.14088818
25.51978872 52.14543912
25.51903344 52.145874
25.51068288 52.15154265
25.5106314 52.15243914
25.5134772 52.15384674
25.51564224 52.15434264
25.52007276 52.15353777
25.52168088 52.15087125
25.52535612 52.15050126
25.52513328 52.154541
25.52430528 52.15632246
25.52211396 52.15627674
25.52208912 52.15672683
25.52196492 52.1589699
25.5212118 52.15940478
25.5168306 52.15931316
25.51527036 52.16107941
25.51524552 52.16152572
25.52030748 52.16253282
25.52609808 52.16355135
25.52682888 52.16356656
25.53427872 52.16102604
25.5336228 52.15966416
25.53299136 52.15785219
25.53457464 52.15563585
25.53905304 52.15393062
25.54630488 52.15497975
25.55141436 52.15508649
25.5522672 52.15285494
25.55698968 52.14665988
25.55862048 52.14354705
25.55791488 52.14308166
25.55290224 52.14118194
25.55149284 52.14025116
25.5530988 52.13758851
25.55402364 52.13401029
25.55920404 52.13276676
25.56139356 52.13281248
25.56360612 52.13240811
25.56455616 52.12838367
25.56696312 52.12438587
25.56698796 52.12393569
25.56479844 52.12389375
BRUSH(1,0)
REGION 1
53
24.36599736 52.19663616
24.35931792 52.1977806
24.3589896 52.20182034
24.35526468 52.20260235
24.3434736 52.20359037
24.33825288 52.20477675
24.33890916 52.2056961
24.34011264 52.20888138
24.3406962 52.210701
24.33773808 52.21105956
24.33047292 52.21038438
24.3275148 52.21074294
24.32736792 52.21253583
24.33094596 52.21354671
24.33897792 52.21379475
24.34186368 52.21433259
24.3430308 52.21796796
24.34003452 52.21877292
24.32750904 52.21973421
24.328602 52.22426607
24.32049192 52.22491452
24.3196506 52.22623824
24.32089044 52.22897343
24.32677068 52.2287064
24.33093444 52.2315369
24.3355752 52.2285309
24.33608424 52.23124314
24.33644676 52.23575214
24.33940704 52.23539349
24.3422928 52.2359352
24.35621256 52.22691729
24.37166412 52.22604366
24.37436664 52.22882466
24.38254944 52.22727585
24.3821088 52.22366334
24.37940412 52.22088243
24.37534908 52.21671291
24.36808212 52.21603773
24.36738768 52.21556856
24.36757092 52.21332549
24.36760728 52.2128754
24.38071632 52.21372608
24.38590032 52.21298601
24.39185148 52.21181871
24.39188784 52.21136853
24.38483796 52.20800784
24.386589 52.204464
24.38081928 52.20338823
24.37917912 52.20558549
24.36972228 52.20484542
24.37048908 52.20441819
24.37205904 52.20311733
24.36599736 52.19663616
BRUSH(1,0)
REGION 1
44
25.16913216 52.17850872
25.15076064 52.17986682
25.13750256 52.18134687
25.1301708 52.18161777
25.13213172 52.18526079
25.13210292 52.18571088
25.12395468 52.18731306
25.11600696 52.1857719
25.11241344 52.18478397
25.10487936 52.18819812
25.10408988 52.18907931
25.10388756 52.19221878
25.10526096 52.19360352
25.11554544 52.19295498
25.12366668 52.19180298
25.13249028 52.19111637
25.13990772 52.18949511
25.14060972 52.18996428
25.14172752 52.19538498
25.141527 52.19852832
25.1419716 52.20303345
25.1426448 52.20394893
25.15416516 52.20692442
25.15939344 52.20524979
25.1595918 52.20210645
25.16063508 52.1971893
25.16142276 52.19630811
25.16288364 52.19634249
25.16434488 52.19637678
25.16779908 52.19960787
25.17367176 52.1992989
25.17732612 52.19938278
25.17682068 52.19577405
25.17567048 52.19080353
25.17575652 52.18945695
25.17794604 52.18950654
25.18676748 52.18881606
25.18679628 52.18836975
25.18696584 52.18567659
25.18558884 52.18429563
25.1797752 52.1837082
25.17685308 52.18363575
25.17053616 52.1794395
25.16913216 52.17850872
BRUSH(1,0)
REGION 1
23
24.80989248 52.2008667
24.80351076 52.19799804
24.79385556 52.19998551
24.79208184 52.19409177
24.7913532 52.19412228
24.7862052 52.19432829
24.77927988 52.19914248
24.776766 52.20356751
24.76482012 52.20684054
24.76555056 52.20685962
24.76764504 52.20826722
24.76811592 52.21187595
24.76881396 52.21234512
24.77389536 52.21293255
24.77624904 52.21075059
24.78232008 52.20776745
24.79041864 52.20708849
24.79171932 52.20936963
24.79905684 52.2091179
24.80277456 52.20832059
24.81039828 52.20402912
24.80916204 52.20084762
24.80989248 52.2008667
BRUSH(1,0)
REGION 1
60
23.96040552 52.18169787
23.95878408 52.18344495
23.9665662 52.18640901
23.96640384 52.1882019
23.9685534 52.18872453
23.96985048 52.19056701
23.97556692 52.19211195
23.97390552 52.19430543
23.98311036 52.19776539
23.98542012 52.19649504
23.99194728 52.19716644
23.99190696 52.19761275
23.99219496 52.20257184
23.99580396 52.20314406
23.9941026 52.20578385
23.99528124 52.20897291
23.99812128 52.20996858
23.99848164 52.20593262
23.99710284 52.20498654
23.9966946 52.20137403
23.99689476 52.19913105
23.999895 52.19833374
24.0039522 52.20206829
24.00610176 52.20259092
24.0074406 52.20398709
24.00639156 52.20755001
24.0163308 52.21103283
24.01713936 52.21015929
24.02050032 52.20532611
24.02540964 52.20773694
24.03095616 52.20297621
24.03265572 52.20033642
24.03143496 52.19759367
24.03090468 52.19532774
24.02952372 52.19438175
24.02457624 52.19241714
24.03587916 52.18874739
24.03028116 52.18586352
24.02424432 52.18790814
24.01795764 52.18454745
24.01264944 52.1866188
24.01471908 52.18803783
24.01536924 52.18896105
24.01459884 52.1893845
24.01305948 52.19023131
24.01087176 52.19015886
24.0066126 52.18866351
24.00389496 52.18632504
24.00012792 52.1875458
23.99777784 52.18926624
23.99708736 52.1887932
23.99420916 52.18824771
23.99181948 52.19041446
23.99530788 52.19232939
23.99433696 52.19499591
23.99291784 52.19450001
23.98529448 52.18974306
23.9732532 52.18528752
23.96693052 52.18237305
23.96040552 52.18169787
BRUSH(1,0)
REGION 1
34
27.22081752 52.04330064
27.21785724 52.04597859
27.21422952 52.04505537
27.2134782 52.04639817
27.20693412 52.04545596
27.20905128 52.04951478
27.20541384 52.04904174
27.20029644 52.04990772
27.19089504 52.04579922
27.18721188 52.04802321
27.1893654 52.04983518
27.18714708 52.05161664
27.19650276 52.0584183
27.1972332 52.05842586
27.19356336 52.05974958
27.194229 52.06334688
27.20152656 52.06294629
27.20226492 52.06250385
27.20295324 52.06475448
27.21094308 52.06660461
27.2123928 52.06706235
27.2161008 52.06349178
27.22332204 52.06758498
27.22850028 52.06312179
27.23421276 52.07035068
27.24006852 52.06903839
27.24087132 52.06454847
27.24669648 52.06503681
27.246771 52.06054302
27.24902352 52.05651093
27.23085396 52.0532532
27.23674392 52.04969406
27.22805208 52.04649357
27.22081752 52.04330064
BRUSH(1,0)
REGION 1
26
26.82426276 51.87782673
26.82053964 51.88138578
26.81962776 51.88856886
26.82324612 51.88905333
26.82399564 51.88816071
26.82909 51.88776399
26.8369866 51.89143374
26.83405872 51.89230728
26.834013 51.89410404
26.83763136 51.89458851
26.8375968 51.89593509
26.83974276 51.89730453
26.84121696 51.89641956
26.84263608 51.89778135
26.846937 51.90007023
26.85062412 51.89786145
26.85349656 51.89923476
26.863821 51.89304348
26.8552188 51.8884659
26.85601224 51.88577652
26.85091968 51.88617702
26.8509978 51.88303377
26.84010708 51.88292694
26.83284768 51.88285449
26.82788076 51.8783112
26.82426276 51.87782673
BRUSH(1,0)
REGION 1
49
26.77367412 51.84181215
26.77216356 51.8440437
26.77505292 51.84452439
26.77633488 51.85083006
26.77120776 51.85257336
26.77464288 51.85979847
26.7782706 51.85983654
26.77579308 51.87104793
26.78013612 51.87154005
26.78018364 51.86974338
26.78598972 51.8698044
26.78608512 51.86621097
26.79126156 51.86266704
26.7941646 51.86269764
26.79483024 51.86494827
26.79994584 51.86365128
26.80353936 51.86503602
26.80576308 51.86326221
26.808714 51.86149218
26.79946884 51.85420992
26.79948036 51.85375974
26.79513948 51.85326771
26.79516216 51.85236744
26.794449 51.85191348
26.79446016 51.8514633
26.793747 51.85100556
26.79303348 51.8505516
26.79233184 51.84964368
26.792343 51.84919359
26.79162984 51.84873963
26.79019164 51.84827424
26.78947632 51.8478165
26.78876316 51.84735867
26.78804964 51.84690471
26.78733648 51.84644697
26.78589828 51.84598158
26.78518476 51.84552762
26.7844716 51.84506988
26.78374476 51.84506223
26.7830316 51.84460449
26.78158188 51.84458919
26.78085504 51.84458163
26.78013036 51.84457398
26.77940568 51.84456633
26.77867884 51.84456255
26.77722948 51.84454725
26.77650264 51.8445396
26.77655232 51.84274293
26.77367412 51.84181215
BRUSH(1,0)
REGION 1
53
24.05086884 51.77768706
24.04791828 51.7865868
24.05206116 51.78897477
24.05921544 51.79011156
24.06568536 51.79077909
24.06797208 51.78950496
24.0686568 51.789978
24.06930156 51.79089735
24.06769956 51.79264452
24.06605904 51.79483791
24.06780036 51.79984668
24.06668652 51.804306
24.07231908 51.80629347
24.07552344 51.802803
24.07611672 51.8127174
24.0826284 51.81293484
24.081957 51.80391315
24.08809464 51.80007168
24.0869178 51.79688262
24.0906906 51.79520799
24.0903036 51.79969404
24.09460452 51.80028534
24.0943068 51.79533003
24.0944616 51.79353336
24.09784524 51.79634478
24.10142328 51.79691313
24.10439508 51.79611204
24.11501508 51.79915998
24.11600688 51.79604724
24.1102962 51.79495617
24.11033616 51.79450986
24.11117352 51.79318623
24.11422164 51.79148865
24.11429796 51.79059216
24.11361324 51.79011921
24.11216748 51.7900734
24.10207956 51.78928761
24.09842484 51.78961944
24.09609996 51.79133988
24.09260004 51.78987504
24.08890716 51.79065327
24.08331492 51.78821562
24.08792508 51.78522114
24.08294088 51.7841568
24.07647132 51.78349305
24.07410828 51.78566358
24.06988512 51.7841721
24.06939516 51.78145599
24.06292524 51.78079224
24.06288708 51.78123855
24.05424888 51.78050235
24.05444544 51.77825928
24.05086884 51.77768706
BRUSH(1,0)
REGION 2
19
23.6034738 51.73979184
23.59590516 51.74310681
23.5901718 51.74244306
23.58945072 51.74241642
23.58864036 51.74328618
23.59096344 51.74922177
23.60526084 51.75875475
23.61049092 51.75714879
23.60921868 51.75530244
23.61228192 51.75361638
23.61691872 51.75064089
23.6176416 51.75066753
23.61275856 51.74868771
23.60595528 51.7515831
23.60591136 51.75202941
23.5984896 51.74635311
23.60754576 51.74264529
23.6068668 51.74216847
23.6034738 51.73979184
14
23.61674484 51.72993855
23.6122398 51.73157124
23.61151872 51.73154451
23.61686148 51.73624422
23.61907008 51.73587414
23.61979116 51.73590087
23.62187196 51.73687746
23.62628952 51.73614504
23.62306968 51.73197552
23.6231118 51.73152543
23.62094676 51.73144533
23.61945924 51.73184205
23.61742416 51.73041537
23.61674484 51.72993855
BRUSH(1,0)
REGION 2
334
23.73936264 52.05159
23.7349566 52.05188367
23.73474312 52.05412296
23.73183432 52.05401991
23.72593104 52.05470661
23.72285268 52.05639267
23.71438224 52.06103514
23.71065912 52.06179807
23.70916188 52.06219479
23.7112578 52.06317138
23.72255532 52.06717683
23.72080032 52.07026293
23.70924756 52.06894686
23.70556656 52.06925961
23.70826152 52.07160951
23.70980268 52.07076648
23.7163068 52.07144931
23.72272668 52.07303241
23.7284604 52.0741386
23.72683536 52.07588199
23.72824872 52.07638167
23.72332752 52.08205032
23.72097384 52.08376698
23.7194748 52.08415983
23.71801932 52.08411024
23.7115134 52.08342363
23.71069908 52.08429339
23.70997224 52.08426666
23.70564828 52.08366015
23.69832984 52.08384321
23.69023884 52.08444981
23.68805688 52.08436962
23.68724256 52.08523938
23.68788336 52.0861626
23.68283256 52.08552936
23.68137744 52.0854759
23.6798802 52.08586884
23.67187488 52.08557508
23.66930196 52.08953094
23.66694648 52.09124373
23.66180784 52.09150698
23.659668 52.0909767
23.65873344 52.08554457
23.65753932 52.08280182
23.65604028 52.08319476
23.65462872 52.08269499
23.65544304 52.08182523
23.6569842 52.0809822
23.65985124 52.08153534
23.6619054 52.08296202
23.66503128 52.08082578
23.66362008 52.0803261
23.66293536 52.07984928
23.66225064 52.07937624
23.66160948 52.07845311
23.66028576 52.07705307
23.65750512 52.07560353
23.65459632 52.0754967
23.65382376 52.07591628
23.65301124 52.07678604
23.65065396 52.07849883
23.65339104 52.08039855
23.65403184 52.08132168
23.65385832 52.08311466
23.6515446 52.08438114
23.65145676 52.08527754
23.64918696 52.08609393
23.64773184 52.08604047
23.6447352 52.08683013
23.63792436 52.08927534
23.6327418 52.0899849
23.63270004 52.09043499
23.63415516 52.09048845
23.64052968 52.09252164
23.64163596 52.09616088
23.64783876 52.09999083
23.64625152 52.10128026
23.64411168 52.10075376
23.63901696 52.10056305
23.63751792 52.10095977
23.63266944 52.10572815
23.63253984 52.10707473
23.63578596 52.11124038
23.63963112 52.11678312
23.63599008 52.11664578
23.63020884 52.1159859
23.63007744 52.11732861
23.624937 52.11758808
23.62416444 52.11801144
23.62222656 52.12288665
23.62436856 52.12341693
23.6218338 52.12692261
23.62680036 52.12845612
23.62757112 52.12803267
23.6301498 52.12408068
23.63156316 52.12458036
23.635584 52.12833021
23.63772384 52.12885662
23.63935644 52.12711719
23.64433668 52.12100601
23.64927084 52.11533736
23.65385832 52.11325836
23.65377048 52.11415485
23.6544552 52.1146278
23.65663896 52.11470799
23.6595078 52.11526491
23.66361792 52.11811449
23.6626722 52.12032696
23.66048808 52.12024686
23.6561184 52.12008666
23.65166088 52.12082295
23.6494332 52.12119294
23.645052 52.12867734
23.64423552 52.1295471
23.64761736 52.13237004
23.6496276 52.13424681
23.64722424 52.13640591
23.6434518 52.13761524
23.63762268 52.13740158
23.63607972 52.13824461
23.63599188 52.1391411
23.64027588 52.14019779
23.66889768 52.14664845
23.67129888 52.14448548
23.67224496 52.14227292
23.66796096 52.14121632
23.66449164 52.13928987
23.66462124 52.13794329
23.6589678 52.13593674
23.65905384 52.13504025
23.66218548 52.13290788
23.66197776 52.12750248
23.66707608 52.12768932
23.6684016 52.12908558
23.67289548 52.13554767
23.66976348 52.13768391
23.67314712 52.14050676
23.67601776 52.1410599
23.68038924 52.1412201
23.68098828 52.14259341
23.67875844 52.14295962
23.67567072 52.14464568
23.6756286 52.14509586
23.68106856 52.14934161
23.68248192 52.14984516
23.68964016 52.1514549
23.69041236 52.15103154
23.6856996 52.14681243
23.6838168 52.14359664
23.68968768 52.14336012
23.69063196 52.14114378
23.69308104 52.13088612
23.694624 52.130043
23.69818116 52.13107296
23.70015324 52.12574766
23.70311352 52.11775593
23.7073536 52.11925884
23.7074814 52.11791613
23.71009644 52.11351009
23.71018212 52.11261369
23.71198068 52.10908128
23.71784796 52.10884476
23.71634856 52.11688617
23.72131908 52.11841581
23.72423184 52.11852264
23.7286872 52.11778257
23.73823944 52.11722943
23.73982236 52.11593631
23.74221996 52.11377334
23.74933248 52.11582948
23.75023068 52.11405945
23.75168796 52.11411282
23.7616272 52.11716841
23.7744828 52.12032696
23.79012696 52.12493514
23.79727188 52.11889263
23.79812616 52.11757278
23.79400812 52.11472698
23.79563316 52.11298368
23.79070476 52.11101151
23.7923298 52.10926821
23.79116808 52.10607906
23.79048156 52.10560611
23.78688228 52.10502624
23.7768174 52.10331723
23.7754458 52.10236737
23.77753452 52.09569549
23.7673854 52.09488297
23.7667428 52.09395984
23.7684096 52.09177014
23.76780876 52.0904007
23.76566892 52.08987429
23.7634848 52.08979419
23.75599464 52.09177779
23.75077248 52.09293744
23.74927344 52.09333416
23.73989688 52.09209828
23.73762888 52.09291458
23.73595992 52.09510419
23.73026472 52.09354782
23.7294522 52.09441758
23.72872356 52.09439085
23.7273102 52.09389117
23.72735412 52.09344486
23.72812452 52.09302141
23.72897916 52.09170147
23.72974956 52.09128189
23.72628204 52.08935544
23.72358528 52.08700941
23.72294232 52.08608628
23.72311404 52.08429339
23.72469696 52.08300018
23.72696496 52.08218388
23.72940432 52.07957073
23.73154452 52.08010101
23.73620796 52.07711796
23.7341538 52.07569506
23.73646356 52.07442858
23.73684696 52.07039262
23.729616 52.06968306
23.72602068 52.06910328
23.72465124 52.06815342
23.72477904 52.06681062
23.7299994 52.0656471
23.73141096 52.06615065
23.73586092 52.06541058
23.73727212 52.06591035
23.74412148 52.07065587
23.7440376 52.07155227
23.74164216 52.07371524
23.74202916 52.07732775
23.74271388 52.07780457
23.74344252 52.07782743
23.74862112 52.07711409
23.7551688 52.07735061
23.76099 52.0775604
23.76240156 52.07806017
23.76368892 52.07990643
23.76416196 52.08262254
23.7678012 52.08275223
23.76823248 52.08591843
23.76964584 52.08641811
23.77255644 52.08652116
23.77632132 52.08530805
23.7828294 52.0859871
23.78634264 52.08746337
23.78972808 52.09028244
23.79264084 52.0903854
23.79413808 52.08998868
23.79426372 52.08864597
23.79507624 52.08777621
23.79588696 52.08690258
23.80170996 52.08711246
23.8067208 52.08818814
23.8083858 52.08599853
23.80863744 52.08330915
23.80936428 52.0833321
23.81518728 52.08353802
23.81963724 52.08279804
23.81984532 52.08055497
23.81180004 52.08072282
23.79788964 52.08112719
23.79275316 52.08139422
23.7913398 52.08089445
23.79296304 52.07915115
23.7960414 52.07746122
23.79261384 52.07509233
23.78966148 52.07543568
23.78217492 52.07741928
23.782734 52.0792389
23.78453832 52.08335118
23.78308284 52.08329772
23.77871496 52.0831413
23.77358064 52.08340833
23.77220904 52.08246234
23.7689514 52.07829669
23.76911916 52.0765038
23.77134504 52.07613372
23.77070244 52.07521059
23.77005948 52.07428746
23.7708702 52.0734177
23.77609056 52.07225418
23.77746216 52.07320026
23.7788316 52.07415012
23.78028672 52.07420349
23.78344932 52.07161716
23.7852 52.06853106
23.78673936 52.06768416
23.78819448 52.06773762
23.79174804 52.06876371
23.80382172 52.07234193
23.80964292 52.07254794
23.81477724 52.07228091
23.81579784 52.06916808
23.81511132 52.06869126
23.81297112 52.06816863
23.80642308 52.06793598
23.79794508 52.06493376
23.79807072 52.06359105
23.79755412 52.06132125
23.79614076 52.06082157
23.79250332 52.06069188
23.7910482 52.06064229
23.79113208 52.0597458
23.79207024 52.05752946
23.7943782 52.05626298
23.79595932 52.05496599
23.79685392 52.05319974
23.7961692 52.05272679
23.792616 52.05170061
23.78581992 52.05415725
23.78492352 52.0559235
23.78171916 52.05895992
23.7801798 52.05980304
23.77166364 52.057251
23.76550656 52.06062699
23.76957528 52.06392288
23.77501488 52.06816485
23.77707084 52.06958775
23.77630044 52.07001111
23.7755736 52.06998447
23.76851076 52.06748202
23.7615318 52.06408308
23.75999244 52.06492998
23.75434296 52.06292721
23.75438508 52.06247712
23.75819208 52.06081392
23.75908848 52.05904767
23.7601548 52.05548862
23.750658 52.05559536
23.74860384 52.05417255
23.74650576 52.05319974
23.74068816 52.05298995
23.73936264 52.05159
26
23.6872998 52.06184766
23.68644336 52.0631676
23.68408968 52.06488039
23.68254852 52.06572342
23.67968184 52.06517028
23.67181188 52.06352994
23.66890128 52.0634232
23.66813088 52.06384656
23.66791524 52.06608963
23.66911116 52.06883238
23.66979408 52.06930542
23.67411624 52.06991193
23.67488664 52.06949235
23.67719856 52.06822587
23.67865368 52.06827924
23.68006524 52.06878279
23.68070604 52.06970601
23.68139076 52.07017896
23.68216116 52.06975938
23.68378836 52.06801986
23.68451484 52.06804659
23.68866348 52.07044599
23.69328696 52.06791303
23.69268792 52.06654359
23.69363004 52.06432725
23.6872998 52.06184766
BRUSH(1,0)
REGION 2
217
26.06169492 52.1002197
26.06021676 52.10064702
26.05434228 52.10144802
26.05357548 52.10233686
26.05061916 52.10318376
26.0469324 52.10402301
26.04176892 52.10528949
26.04172896 52.10618589
26.0416908 52.10708616
26.04017268 52.1084061
26.0401536 52.10885619
26.04234132 52.10889435
26.04450996 52.10937882
26.0444718 52.11027531
26.04366504 52.11206055
26.04360564 52.11340713
26.04141792 52.11337284
26.03631024 52.11328887
26.03554164 52.11417393
26.03477304 52.11506268
26.03471364 52.11640926
26.0354232 52.11687087
26.0368632 52.11734391
26.03680596 52.11869049
26.03607552 52.11867906
26.03315736 52.11862947
26.02804932 52.1185455
26.0200044 52.11886212
26.01921456 52.12019727
26.018406 52.1219826
26.02059552 52.12201689
26.0249346 52.1229897
26.0321922 52.12400814
26.03292084 52.12401966
26.03441988 52.12314603
26.03741832 52.12139895
26.03818692 52.12051011
26.04110544 52.1205597
26.03958696 52.12188342
26.03806884 52.12320714
26.0365122 52.12542726
26.03422548 52.12763595
26.03201472 52.12805175
26.02688796 52.12841418
26.02753812 52.13022228
26.03045844 52.13027187
26.03629692 52.13036727
26.03627784 52.13081745
26.036928 52.13262555
26.0375994 52.13398743
26.04051972 52.13403324
26.04493728 52.1332092
26.04489912 52.13410569
26.04488004 52.13455578
26.04486096 52.13500596
26.04483972 52.13545227
26.04482064 52.13590245
26.04478248 52.13680272
26.04403296 52.13723751
26.04401208 52.13768769
26.043993 52.13813778
26.04397392 52.13858418
26.04393576 52.13948445
26.04391488 52.13993454
26.04314628 52.14081951
26.04087828 52.14258198
26.0422992 52.14350124
26.04372012 52.14442446
26.04224016 52.14485169
26.04005064 52.14481353
26.03709036 52.14566421
26.0370522 52.14656448
26.03770452 52.14837267
26.03768364 52.14881898
26.04062448 52.14841839
26.04646476 52.14851379
26.046486 52.14806748
26.04650508 52.1476173
26.04654324 52.1467209
26.04729276 52.14628224
26.0480232 52.14629367
26.0487918 52.14540861
26.04954132 52.14496995
26.0502912 52.14453129
26.05104072 52.14409641
26.05179024 52.14365766
26.05255884 52.14277269
26.05184928 52.14231108
26.04898656 52.14091491
26.04758436 52.13954547
26.04762468 52.1386452
26.04845052 52.13641356
26.04858768 52.13326644
26.05079664 52.13285442
26.05740372 52.13206485
26.06399172 52.1317215
26.06332032 52.13036349
26.06341752 52.12811664
26.06850612 52.12864683
26.07503688 52.12965393
26.07570828 52.13101194
26.07705324 52.13373183
26.07839784 52.13645172
26.0769006 52.13732526
26.07317352 52.139061
26.06873508 52.14033891
26.068716 52.140789
26.06942736 52.14125061
26.07303996 52.14220812
26.0745372 52.14133071
26.07605568 52.14000699
26.07905196 52.13825991
26.08120332 52.13919069
26.08554636 52.14015963
26.08619868 52.14196782
26.0861796 52.14241791
26.08909992 52.14246372
26.09419248 52.14299778
26.10001368 52.1435394
26.10079956 52.14220425
26.10448848 52.14136122
26.1096174 52.14099501
26.11180692 52.14102939
26.11397916 52.14151386
26.11834128 52.14203262
26.11835856 52.14158253
26.11768536 52.14022443
26.11776168 52.13842776
26.11923984 52.13800053
26.12363832 52.13761902
26.12296476 52.13626101
26.12088576 52.13353347
26.11880892 52.13080215
26.11884672 52.12990566
26.1196326 52.12856673
26.1203994 52.12768176
26.1225702 52.12816623
26.12758644 52.13049318
26.13333312 52.13282778
26.137638 52.13469312
26.13842388 52.13335797
26.13920976 52.13202282
26.14001292 52.13023758
26.1408348 52.12800216
26.14012344 52.12754055
26.13868344 52.12707138
26.13583764 52.1252289
26.13157092 52.1224632
26.1273042 52.11970137
26.12732328 52.11925128
26.12588328 52.11877824
26.12515248 52.11876681
26.12444112 52.1183052
26.12374884 52.11739728
26.12303928 52.11693576
26.12157804 52.11691281
26.12086884 52.11645129
26.12015712 52.11598968
26.11944576 52.11553194
26.11800576 52.1150589
26.1172944 52.11459729
26.11656576 52.11458586
26.1158544 52.11412434
26.11514268 52.11366273
26.1136836 52.11363987
26.11297404 52.11318204
26.11226268 52.11272052
26.11153224 52.11270909
26.11082268 52.11224748
26.1093636 52.11222462
26.10865224 52.11176301
26.1079236 52.11175158
26.10721224 52.11128997
26.10577188 52.11081693
26.10504144 52.1108055
26.10433188 52.11034776
26.10362052 52.10988615
26.10289188 52.10987472
26.10145188 52.10940168
26.10072144 52.10939025
26.0999928 52.10937882
26.09928144 52.10891721
26.0985528 52.10890578
26.0971128 52.10843274
26.096382 52.10842131
26.09567244 52.10795979
26.094942 52.10794827
26.09423244 52.10748675
26.09277336 52.1074638
26.092062 52.10700228
26.09135244 52.10654454
26.090622 52.10653302
26.08624656 52.10646057
26.08405668 52.10642628
26.08117668 52.1054802
26.0797194 52.10545734
26.07900804 52.10499573
26.0782794 52.1049843
26.07754896 52.10497287
26.07682032 52.10496144
26.07536124 52.10493849
26.07465168 52.10447697
26.07392124 52.10446545
26.0731926 52.10445402
26.07173352 52.10442738
26.07100308 52.10441586
26.07029352 52.10395434
26.06956488 52.10394291
26.06883444 52.10393139
26.06737536 52.10390853
26.0666658 52.10344692
26.06595624 52.1029854
26.0652636 52.10207748
26.06455404 52.10161587
26.06384484 52.10115435
26.06240448 52.10068131
26.06169492 52.1002197
36
26.0139294 52.12415313
26.01381096 52.12685016
26.01442152 52.12955475
26.01075168 52.12994382
26.01071352 52.13084409
26.0106336 52.13264085
26.01282312 52.13267514
26.01720252 52.13274768
26.01793296 52.13276289
26.017893 52.13365938
26.01852408 52.13591766
26.01911556 52.13907243
26.02126512 52.14000699
26.02347552 52.13959506
26.02418508 52.14005658
26.02558692 52.14142989
26.0269488 52.14369969
26.02915776 52.14328767
26.0342694 52.14337155
26.03357892 52.14245985
26.03071584 52.14106368
26.02860444 52.13923263
26.02862532 52.13878254
26.0315838 52.13793186
26.03454408 52.13708118
26.0338518 52.13617326
26.03247084 52.13434986
26.03114892 52.13118366
26.02968804 52.13115693
26.02531044 52.13108448
26.02463904 52.12972638
26.02546704 52.12749096
26.0225676 52.12699506
26.01751896 52.12556073
26.01465804 52.12416456
26.0139294 52.12415313
BRUSH(1,0)
REGION 1
24
25.99656984 52.347834
25.99779888 52.34388696
26.000649 52.34391099
26.00375688 52.34091201
26.00755308 52.34105997
26.01798084 52.34207796
26.02037916 52.33674501
26.01775116 52.33532697
26.01520308 52.33394403
26.00857512 52.33362102
25.99685712 52.33096098
25.99108812 52.32986496
25.98424308 52.33015602
25.98000912 52.33256298
25.977564 52.33149396
25.97391684 52.333092
25.97308812 52.33611096
25.97706612 52.336611
25.97583996 52.34032404
25.975575 52.34357997
25.97411016 52.34938596
25.97908896 52.35032997
25.98489792 52.34613804
25.99656984 52.347834
BRUSH(1,0)
REGION 1
69
24.59279088 51.93760302
24.58201608 51.94538496
24.578487 51.94393497
24.57534384 51.94699101
24.57811404 51.94887201
24.57192816 51.95364003
24.56829792 51.95353302
24.56839908 51.95218698
24.56552916 51.95165301
24.56564112 51.95975103
24.55993296 51.95823696
24.56072784 51.95735901
24.55719912 51.95591001
24.55491816 51.95719098
24.55011396 51.96289797
24.549147 51.96601899
24.55125804 51.96698001
24.55288092 51.96477897
24.554403 51.963921
24.55710408 51.96669804
24.56350488 51.96868497
24.57059904 51.97113801
24.572187 51.96938697
24.56588988 51.96605697
24.567444 51.96475197
24.57114408 51.96395898
24.57546804 51.96453498
24.57778392 51.96280302
24.58325592 51.96745701
24.58626408 51.96619404
24.58979388 51.96764799
24.59682108 51.97099698
24.601248 51.97022604
24.60626604 51.97126797
24.61346388 51.97237398
24.61505112 51.97062303
24.61646988 51.97111101
24.61709592 51.97247703
24.61927608 51.97254201
24.62588316 51.97182804
24.62826312 51.96920004
24.62971716 51.96924198
24.63764184 51.97036698
24.63648984 51.96628602
24.62922504 51.96608001
24.62876712 51.96246696
24.624342 51.96324204
24.62496804 51.96460698
24.620508 51.96583197
24.61922316 51.96354696
24.61317588 51.96651804
24.60455892 51.96492396
24.60776904 51.96096801
24.61133412 51.96197097
24.61215996 51.96064401
24.61499784 51.96162402
24.61724496 51.96079296
24.61249692 51.95615796
24.60672216 51.95554398
24.604965 51.959538
24.59624904 51.95928996
24.58915488 51.95683701
24.587145 51.95452896
24.59111616 51.95014596
24.59395188 51.95112597
24.59550708 51.94982502
24.58927692 51.94559502
24.59704608 51.93907596
24.59279088 51.93760302
BRUSH(1,0)
REGION 1
45
30.3030702 54.19276812
30.30085188 54.19416042
30.29937156 54.19508742
30.29707728 54.19512936
30.29342832 54.19834515
30.29123304 54.20018385
30.2897034 54.20021436
30.2860278 54.20298006
30.28449636 54.20301057
30.28301604 54.20393757
30.28309236 54.20528415
30.28013244 54.20713806
30.2802066 54.20848464
30.2795676 54.21074292
30.27354444 54.21265407
30.27285396 54.21401595
30.27290544 54.21491244
30.27014352 54.220356
30.27251628 54.22165677
30.2672196 54.23658372
30.26882556 54.23789979
30.27135096 54.24189381
30.27362256 54.24140169
30.27628512 54.23416137
30.2825376 54.23628996
30.28683096 54.23081589
30.2844564 54.22951512
30.28803264 54.22495266
30.291912 54.2257767
30.29405796 54.22303773
30.29711904 54.22298049
30.297861 54.2225151
30.299265 54.22024152
30.29908572 54.21710205
30.30043968 54.21393207
30.30339996 54.21207807
30.302559 54.21074679
30.30679332 54.20437245
30.3103656 54.19981386
30.31102764 54.19800189
30.30942168 54.19668582
30.31011 54.19532394
30.31003368 54.19398114
30.30768792 54.19312668
30.3030702 54.19276812
BRUSH(1,0)
REGION 1
115
29.80228428 54.2306862
29.80153836 54.23114781
29.80000512 54.23117067
29.7992592 54.23163219
29.79851328 54.23209002
29.79776772 54.23255154
29.7970218 54.23301315
29.79627408 54.23347476
29.79476172 54.23394393
29.7940158 54.23440554
29.79327024 54.23486706
29.79328932 54.23531724
29.7933102 54.23576355
29.7886734 54.23493573
29.7879066 54.23494716
29.78709984 54.23406219
29.78554932 54.23363496
29.78478252 54.23365017
29.78095068 54.23370741
29.78089128 54.23236083
29.77933896 54.2319336
29.77780716 54.23195646
29.77641288 54.23512266
29.77643196 54.23557284
29.7695772 54.23657229
29.7680436 54.23659515
29.7681426 54.238842
29.76896664 54.24017715
29.76898752 54.24062346
29.77356528 54.2401047
29.77433208 54.24009327
29.77215192 54.24282459
29.772171 54.2432709
29.77759548 54.24453738
29.77912728 54.24451443
29.78647416 54.23721696
29.78722008 54.23675535
29.79339012 54.23756031
29.79354852 54.24114987
29.79360972 54.24249645
29.77777296 54.24857712
29.77873812 54.25305561
29.78718948 54.25337601
29.78801532 54.25471116
29.79186804 54.25510023
29.79263484 54.2550888
29.79071424 54.26365284
29.7907542 54.26454924
29.77313796 54.26526645
29.77406316 54.26884458
29.77485084 54.26928333
29.78865432 54.26907345
29.79030816 54.27174375
29.79801576 54.27252198
29.79799668 54.27207567
29.79993636 54.26396181
29.80064196 54.2626038
29.80171404 54.25225452
29.80244052 54.2513466
29.80397412 54.25132374
29.80474092 54.25130844
29.80550592 54.25129701
29.80627236 54.25128558
29.80703916 54.25127415
29.80857276 54.2512512
29.80933956 54.25123977
29.81010636 54.25122834
29.81087316 54.25121691
29.81165868 54.25165179
29.81319228 54.25162884
29.81397816 54.25206759
29.81476584 54.25250247
29.81555172 54.25294113
29.81631852 54.2529297
29.81783088 54.25245666
29.8185786 54.25199505
29.81932452 54.25153353
29.82009132 54.2515221
29.82083688 54.25106049
29.8215828 54.25060275
29.82079692 54.250164
29.82000924 54.24972534
29.81922336 54.24929046
29.81766888 54.24886323
29.816883 54.24842835
29.81609532 54.24798969
29.81530944 54.24755481
29.81452356 54.24711606
29.81375712 54.24712749
29.81299032 54.24713901
29.8122444 54.24760053
29.8114776 54.24761196
29.80996524 54.248085
29.80919844 54.24809643
29.80841256 54.24766155
29.80764576 54.24767307
29.80685808 54.24723432
29.80681812 54.24633792
29.80603224 54.24589917
29.80601136 54.24545286
29.80522548 54.2450142
29.80441872 54.24412914
29.80363284 54.24369048
29.80582992 54.24141312
29.80657764 54.24095151
29.80859364 54.23463054
29.80857456 54.23418423
29.80778688 54.23374557
29.807001 54.23331069
29.80544868 54.23288346
29.8046628 54.2324448
29.80387692 54.23200992
29.80385604 54.23155974
29.80307016 54.23112486
29.80228428 54.2306862
BRUSH(1,0)
REGION 1
60
31.68980784 54.00719451
31.6890468 54.00721737
31.6876068 54.00816345
31.68688572 54.00863262
31.68692604 54.0090828
31.68620496 54.00955197
31.68548568 54.01002501
31.68476496 54.01049805
31.68392364 54.00962451
31.68312264 54.00920106
31.6823616 54.00922392
31.68084132 54.00926973
31.68088164 54.00971982
31.6809216 54.01016613
31.68096156 54.01061631
31.68176256 54.01103976
31.68256176 54.01146321
31.68408384 54.0114174
31.6848852 54.01184085
31.68564588 54.0118179
31.68644724 54.01224135
31.68720828 54.01221849
31.68796716 54.01219563
31.68948924 54.01214604
31.6902906 54.01257327
31.69033056 54.01301958
31.69037052 54.01346967
31.6904508 54.01436238
31.69049076 54.01481247
31.69053072 54.01525878
31.69057068 54.01570896
31.69065276 54.01660536
31.691412 54.0165825
31.69297404 54.016983
31.69377504 54.01740645
31.6945764 54.0178299
31.69533744 54.01780704
31.6960182 54.01688769
31.69597824 54.01643751
31.69593828 54.0159912
31.69513692 54.01556775
31.69509696 54.01511766
31.69501488 54.01422117
31.69497492 54.01377486
31.69493496 54.01332477
31.69489464 54.01287846
31.69485468 54.01242828
31.6955358 54.01150893
31.69549548 54.01106262
31.69621476 54.01058958
31.6961748 54.01014327
31.69689552 54.00967023
31.69605456 54.00879669
31.69529352 54.00882342
31.69449252 54.00839619
31.69373328 54.00842283
31.69293228 54.0079956
31.69217124 54.00801846
31.69060884 54.00761796
31.68980784 54.00719451
BRUSH(1,0)
REGION 2
240
31.734999 54.00083925
31.73423796 54.00086211
31.73347692 54.00088497
31.73271768 54.0009117
31.7311956 54.00095751
31.73043636 54.00098037
31.72967532 54.0010071
31.72891428 54.00102996
31.7289546 54.00147627
31.72903632 54.00237276
31.7283156 54.0028458
31.72755636 54.00286866
31.72679532 54.00289539
31.72531536 54.00339129
31.72535532 54.0038376
31.72539528 54.00428769
31.72467636 54.00475695
31.72475628 54.00565335
31.7247984 54.00610353
31.72483836 54.00654984
31.72487832 54.00699615
31.72491864 54.00744633
31.72423932 54.00836559
31.7235186 54.00883863
31.72275936 54.00886158
31.72199832 54.00888444
31.72119732 54.00846099
31.72047624 54.00893403
31.71975732 54.00940707
31.71979728 54.00985338
31.7190762 54.01032642
31.71839724 54.01124577
31.7176362 54.01126863
31.71687516 54.01129149
31.71615624 54.01176453
31.71463416 54.01181412
31.71391308 54.01228329
31.7139552 54.01273347
31.71399516 54.01317978
31.71403512 54.01362987
31.71407508 54.01407627
31.71415716 54.01497267
31.71339612 54.01499562
31.71263508 54.01501848
31.71191436 54.01549152
31.71115332 54.01551438
31.70963304 54.01556397
31.708872 54.01558683
31.70811096 54.01560978
31.70734992 54.01563642
31.70658888 54.01565937
31.7050668 54.01570509
31.70430576 54.01572804
31.70354652 54.01575468
31.70278548 54.01577763
31.70202444 54.01580049
31.70050236 54.01585008
31.69978164 54.01631925
31.69906056 54.01679229
31.69834164 54.01726533
31.69842156 54.01815795
31.69770048 54.01863099
31.69697976 54.01910403
31.69626048 54.01957707
31.69706184 54.02000043
31.69786284 54.02042388
31.69866384 54.02084733
31.69942488 54.02082447
31.70098692 54.02122497
31.70178792 54.02164842
31.70182824 54.02209851
31.7018682 54.02254482
31.70190816 54.022995
31.70274948 54.02386476
31.70427156 54.02381895
31.7050326 54.02379609
31.70579364 54.02376936
31.70655468 54.0237465
31.70731572 54.02372364
31.70735568 54.02416995
31.7074356 54.02506635
31.70747772 54.02551653
31.70675664 54.0259857
31.70679696 54.02643588
31.70759796 54.02685924
31.70839896 54.02728269
31.70919996 54.02770992
31.71004308 54.02857968
31.71084408 54.02900313
31.71240612 54.02940372
31.71316716 54.02938077
31.71396852 54.02980422
31.71472956 54.02978136
31.71541032 54.02886201
31.7161314 54.02838897
31.71685248 54.0279198
31.7175714 54.02744676
31.71753144 54.02699658
31.71825216 54.02652741
31.71973428 54.02603151
31.72049352 54.02600865
31.72125456 54.02598192
31.72205736 54.02640537
31.72285872 54.0268326
31.72365972 54.02725605
31.72522176 54.02765655
31.72526388 54.02810286
31.7253438 54.02899935
31.72538376 54.02944944
31.72386168 54.02949525
31.72314276 54.02996829
31.72238172 54.02999115
31.72162068 54.03001401
31.72085964 54.03004074
31.71933756 54.03008655
31.71857652 54.03010941
31.71781548 54.03013614
31.71705444 54.030159
31.7162934 54.03018186
31.71481164 54.03067776
31.7148516 54.03112794
31.71413052 54.03159711
31.71417264 54.03204729
31.7142126 54.0324936
31.71429252 54.03339009
31.71433284 54.0338364
31.71513564 54.03426363
31.71589668 54.0342369
31.71741876 54.03419109
31.7181798 54.03416823
31.71894084 54.0341415
31.71970188 54.03411864
31.72046292 54.03409578
31.72202496 54.03449628
31.722786 54.03447342
31.72354704 54.03444669
31.72430808 54.03442383
31.72502916 54.03395079
31.72655124 54.03390507
31.72731228 54.03388212
31.72807332 54.03385548
31.72883436 54.03383253
31.72955544 54.03335949
31.73107716 54.03331377
31.73179824 54.03284073
31.73251932 54.03236769
31.73323824 54.03189852
31.73395932 54.03142548
31.73391936 54.0309753
31.73459832 54.03005604
31.73455836 54.02960964
31.73527728 54.02913669
31.73599836 54.02866365
31.7367594 54.02864079
31.73828148 54.0285912
31.7390022 54.02812194
31.73976324 54.02809521
31.74052428 54.02807235
31.74124356 54.02759931
31.74276564 54.02755359
31.74352668 54.02753064
31.74428772 54.027504
31.74504876 54.02748105
31.7458098 54.02745819
31.74733188 54.0274086
31.74809292 54.02738574
31.74881184 54.0269127
31.74957288 54.02688984
31.75033392 54.02686311
31.751856 54.0268173
31.75261704 54.02679444
31.75333812 54.0263214
31.753296 54.02587131
31.75401708 54.02540205
31.75397496 54.02495196
31.75469604 54.02447892
31.75461396 54.02358243
31.75533504 54.02311326
31.75529292 54.02266308
31.75525296 54.02221677
31.75597188 54.02174373
31.75589016 54.02084733
31.75584984 54.02040102
31.75504704 54.01997757
31.75352676 54.02002338
31.75276572 54.02005002
31.752045 54.02051928
31.75128396 54.02054592
31.75052472 54.02056887
31.74900264 54.02061459
31.74896052 54.02016828
31.7496816 54.01969524
31.75116156 54.01919934
31.75188264 54.01872639
31.75260192 54.01825713
31.75332264 54.01778409
31.75404192 54.01731114
31.7540016 54.01686474
31.7531988 54.01644138
31.75311672 54.01554489
31.75307676 54.0150948
31.75227576 54.01467135
31.75223364 54.01422504
31.75139268 54.01335141
31.75058952 54.01292805
31.74978852 54.0125046
31.74898752 54.01208115
31.7481444 54.01120761
31.74734304 54.01078416
31.74654204 54.01036071
31.74650208 54.00991062
31.74565896 54.00904086
31.74638004 54.00856782
31.74633792 54.00812151
31.74629796 54.00767133
31.74625584 54.00722502
31.74697692 54.00675198
31.74689484 54.00585558
31.74685488 54.00540927
31.74681312 54.00495909
31.74753384 54.00448605
31.74673284 54.00406269
31.74593004 54.00363924
31.7451708 54.0036621
31.74364872 54.00371169
31.74288768 54.00373455
31.74212844 54.0037575
31.74140736 54.00423054
31.74064848 54.0042534
31.7391264 54.00430299
31.73984748 54.00382995
31.73980536 54.00338364
31.74052644 54.0029106
31.74048432 54.00246429
31.73964336 54.00159075
31.73888232 54.00161361
31.73812128 54.00164034
31.73731992 54.00121311
31.7358 54.0012627
31.734999 54.00083925
89
31.74093072 54.03255462
31.74016968 54.03257748
31.73949072 54.03349683
31.73876964 54.03396987
31.73805072 54.03444291
31.73652648 54.03448872
31.73580756 54.03496167
31.73504652 54.03498462
31.73428548 54.03500748
31.73352444 54.03503421
31.73204232 54.03553011
31.7313216 54.03599928
31.73060052 54.03647232
31.7298816 54.03694536
31.72916052 54.0374184
31.72996152 54.03784176
31.73000364 54.03828816
31.73080464 54.03871152
31.73236668 54.03911211
31.73316984 54.03953934
31.73397084 54.03996279
31.73469192 54.03948975
31.73541264 54.03901671
31.7360916 54.03809736
31.73681268 54.03762432
31.73753376 54.03715515
31.73825268 54.03668211
31.73901372 54.03665925
31.73977476 54.03663252
31.74129864 54.0365868
31.7421 54.03701016
31.742901 54.03743361
31.74370416 54.03785706
31.74374412 54.03830715
31.74458724 54.03917691
31.7446272 54.03962709
31.74543 54.04005054
31.74547032 54.04049685
31.74631308 54.04137039
31.7463552 54.0418167
31.74639516 54.04226688
31.74643548 54.04271319
31.74647724 54.04316328
31.74655932 54.04405977
31.74659928 54.04450608
31.74663924 54.04495239
31.74668136 54.04540257
31.74748236 54.04582593
31.7468034 54.04674528
31.74684552 54.04719546
31.74760656 54.04716873
31.74912864 54.04712292
31.74993144 54.04754637
31.75069248 54.04752351
31.75149348 54.04794696
31.75221456 54.04747392
31.75293564 54.04700088
31.75289352 54.04655457
31.75285356 54.04610439
31.75281144 54.04565808
31.75349256 54.04473873
31.75345044 54.04428864
31.75341048 54.04384233
31.75336836 54.04339215
31.7533284 54.04294584
31.75324632 54.04204944
31.75320636 54.04160313
31.7531646 54.04115295
31.75312428 54.04070664
31.75308252 54.04025646
31.7522394 54.03938679
31.75219944 54.03893661
31.75139628 54.03851316
31.75063524 54.03853611
31.7490732 54.0381393
31.74827004 54.03771207
31.74823008 54.03726576
31.748148 54.03636936
31.74810804 54.03592296
31.74806592 54.03547287
31.74802596 54.03502656
31.74722316 54.03460311
31.7464218 54.03417588
31.745619 54.03375243
31.74485796 54.03377916
31.74405696 54.03335193
31.7432556 54.03292848
31.74173352 54.03297807
31.74093072 54.03255462
BRUSH(1,0)
REGION 1
139
29.7021312 54.00086211
29.70138744 54.00131994
29.70140652 54.00177003
29.70068184 54.00267795
29.69993772 54.00313947
29.69919576 54.0035973
29.698452 54.00405882
29.69847108 54.00450513
29.6977464 54.00541692
29.69776548 54.00586323
29.69702136 54.00632475
29.69704044 54.00677493
29.69705952 54.00722124
29.69860284 54.00764847
29.69938296 54.00808713
29.70016272 54.00852588
29.70092592 54.00851445
29.70170604 54.00895311
29.7024498 54.0084915
29.70317448 54.00758367
29.7039186 54.00712206
29.70466056 54.00666432
29.70464148 54.00621414
29.70616716 54.00619128
29.70618444 54.00664137
29.7077274 54.00706869
29.70849024 54.00705717
29.70925128 54.00704574
29.71003356 54.00748449
29.71077732 54.00702288
29.71232028 54.00745011
29.71233756 54.00790029
29.71311948 54.00833508
29.71315764 54.00923535
29.71317672 54.00968175
29.71395684 54.01012041
29.71397592 54.0105705
29.71475784 54.01100925
29.71551888 54.01099782
29.7163008 54.0114327
29.71706184 54.01142118
29.71784412 54.01185993
29.71938708 54.01228716
29.72014812 54.01227573
29.72093004 54.01271439
29.72171016 54.01315305
29.72251116 54.01403811
29.72327436 54.01402668
29.72477916 54.01355742
29.7255402 54.01354599
29.72476008 54.01310733
29.724741 54.01265715
29.72394 54.01177218
29.72315988 54.01133352
29.7231408 54.01088334
29.72312172 54.01043703
29.72310264 54.00998685
29.72382732 54.00907902
29.72380824 54.00862884
29.7245502 54.00816732
29.72377008 54.00773244
29.723751 54.00728226
29.72295 54.00639729
29.72218896 54.00640872
29.72140704 54.00596997
29.72136888 54.0050697
29.72058876 54.00463491
29.72056968 54.00418473
29.7205506 54.00373464
29.72053152 54.00328824
29.72049336 54.00238797
29.72047428 54.00194166
29.72121804 54.00148014
29.72197908 54.00146871
29.72348388 54.00099945
29.72424708 54.00098802
29.72727576 54.00049212
29.72954196 54.00001143
29.72866644 53.9973297
29.72864736 53.99687961
29.73245616 53.99682237
29.72971152 53.98608402
29.72969244 53.98563384
29.74414644 53.98497009
29.74490748 53.98495866
29.7454968 53.9809074
29.74547592 53.98046109
29.7424296 53.9805069
29.74166856 53.98051833
29.73567204 53.98285293
29.73416724 53.98332219
29.73332988 53.98153686
29.73254976 53.98110198
29.72266776 53.98169706
29.7196218 53.98173909
29.72051604 53.98487091
29.7205542 53.9857674
29.71139544 53.98545456
29.70909108 53.98503876
29.69993196 53.98472214
29.69840808 53.984745
29.703411 53.99500275
29.69958312 53.99460981
29.69956404 53.99415972
29.69478792 53.98928829
29.69402508 53.98929981
29.6977788 53.98789599
29.69460108 53.98479846
29.69679276 53.9825211
29.69677368 53.9820747
29.69439516 53.97986223
29.69361504 53.97942357
29.70267876 53.97749712
29.70420084 53.97747426
29.70776376 53.9715843
29.70466236 53.97027966
29.7031212 53.96985243
29.69573004 53.97534945
29.69574912 53.97579954
29.69129196 53.97855759
29.69131104 53.97900768
29.67916284 53.98007967
29.67764076 53.98010253
29.68096356 53.98679349
29.68098264 53.9872398
29.6835462 53.99394228
29.68356528 53.99439237
29.67975612 53.99444583
29.67899328 53.99445726
29.6813718 53.99666973
29.68139088 53.99711613
29.68819236 53.99567028
29.6889534 53.99566272
29.6928558 53.99785233
29.69361864 53.9978409
29.7012366 53.99773029
29.7019998 53.99771877
29.70285624 53.99995041
29.7021312 54.00086211
BRUSH(1,0)
REGION 3
214
30.26668536 53.89700697
30.26673504 53.89790346
30.2675706 53.89923483
30.26835432 53.89966962
30.2654628 53.90242002
30.2763006 53.90580366
30.27705948 53.90578845
30.27208716 53.91217422
30.2713776 53.91308592
30.28064724 53.91560367
30.28219236 53.91602325
30.28690332 53.91862488
30.28771404 53.91950994
30.29143896 53.91808704
30.29541588 53.92115406
30.29784588 53.92380141
30.30527124 53.92051317
30.30679332 53.92048266
30.30917364 53.92223361
30.31452 53.92257696
30.31528104 53.92256166
30.31558416 53.92794798
30.31637004 53.92838286
30.3118326 53.92892079
30.31107336 53.928936
30.31130016 53.93297196
30.311325 53.93342214
30.31956288 53.931015
30.32115948 53.93233107
30.31966404 53.93280798
30.32136144 53.93592072
30.31920828 53.93820951
30.3215904 53.93995668
30.328308 53.93758014
30.3329736 53.93928528
30.3308946 53.94292074
30.32889372 53.94789891
30.3276006 53.95196916
30.34339704 53.9485092
30.34819224 53.95245741
30.34312236 53.95705038
30.33860976 53.95803831
30.33330912 53.95859532
30.33369252 53.96532444
30.33683784 53.96706009
30.34751724 53.96729661
30.35563092 53.96264271
30.36381912 53.9593353
30.36589452 53.95569993
30.36332916 53.95080951
30.37001796 53.94797901
30.36747744 53.94353868
30.36078828 53.94636918
30.35964024 53.93965149
30.36037644 53.93918988
30.36767004 53.93365101
30.36840444 53.9331894
30.36429216 53.92787931
30.36347964 53.92699812
30.36563316 53.92470933
30.36639204 53.92469412
30.3693048 53.92239003
30.37661928 53.91730116
30.37187772 53.91425322
30.37536612 53.90879058
30.37843332 53.90917974
30.38390748 53.91176229
30.38729112 53.90450667
30.38027004 53.90150454
30.38066676 53.89520643
30.3760566 53.89440156
30.3676758 53.8941231
30.35926836 53.89339068
30.3568344 53.89074711
30.35227788 53.89083486
30.35141568 53.88905718
30.3460218 53.88781743
30.34460448 53.88964083
30.34766772 53.8900299
30.34855656 53.89225767
30.34017576 53.89197543
30.33333792 53.89211277
30.33166716 53.88945012
30.33229824 53.88719175
30.33515952 53.88398748
30.3434622 53.88292692
30.34586736 53.88512418
30.34890576 53.88506316
30.35650068 53.88491061
30.36019536 53.8830414
30.36174012 53.88346098
30.3677388 53.88199236
30.37627224 53.88496398
30.37837032 53.8817787
30.38198472 53.87855913
30.38963148 53.87930298
30.38842404 53.8847199
30.39397452 53.88864903
30.39853284 53.88855741
30.40536888 53.88841629
30.41073792 53.88920595
30.42372888 53.89028928
30.42359532 53.8880463
30.42053244 53.88765714
30.42189216 53.88493347
30.41723052 53.88323211
30.40728012 53.88209154
30.3957576 53.88007734
30.40463448 53.87585454
30.40303608 53.87453847
30.40670196 53.87221908
30.39955524 53.86697388
30.39730452 53.86746978
30.39340392 53.86575321
30.38895432 53.86763763
30.37882608 53.86334994
30.37254732 53.85988233
30.37618656 53.85711672
30.36993408 53.85409551
30.36257568 53.8582878
30.36294936 53.85154347
30.36326976 53.84389878
30.35934828 53.84173203
30.35685348 53.85121542
30.353058 53.85129165
30.34984392 53.84820942
30.34534284 53.84919744
30.34549512 53.8518906
30.34564776 53.85458376
30.3419304 53.85600279
30.34215936 53.86004262
30.34696968 53.86443714
30.35170368 53.86748886
30.35099592 53.86840056
30.340845 53.86366269
30.33548172 53.86286925
30.32525844 53.87025834
30.3181992 53.86635594
30.31958952 53.86408236
30.31802172 53.86321638
30.31414992 53.86194234
30.314808 53.86013415
30.3183252 53.8551216
30.31513776 53.85248946
30.31655508 53.85066606
30.30504624 53.8486443
30.30163596 53.84197233
30.29829984 53.83664703
30.29124852 53.83274463
30.28520412 53.8333092
30.2854788 53.83824543
30.28550328 53.83869552
30.28709412 53.84001159
30.2878782 53.84044647
30.28670892 53.84675601
30.28600116 53.84766771
30.29126184 53.84666826
30.29202072 53.84665296
30.29619024 53.85330963
30.29697432 53.85374451
30.28718376 53.8552818
30.28978368 53.86107258
30.29314608 53.86684419
30.29797548 53.87169267
30.30346692 53.87472918
30.3020478 53.87655645
30.30668064 53.87781141
30.30890868 53.8768692
30.31437492 53.8794594
30.31584372 53.8785324
30.32044992 53.87933736
30.3190326 53.88116454
30.32287992 53.88198471
30.32429688 53.88016131
30.32670204 53.88235857
30.32604396 53.88417054
30.3283998 53.8854714
30.32556336 53.88912198
30.32483112 53.88958359
30.32946396 53.89083864
30.3302232 53.89082334
30.33110988 53.89305498
30.32652672 53.89269642
30.32576748 53.89271163
30.320982 53.88875964
30.32019612 53.88832854
30.31475256 53.88618852
30.31396884 53.88575364
30.30698196 53.88319782
30.30622308 53.88321303
30.30475428 53.88414003
30.29852664 53.88156513
30.29774292 53.88113025
30.29845248 53.88021855
30.29460516 53.87939451
30.29384628 53.87940981
30.29311188 53.8798752
30.29235084 53.87988663
30.28612716 53.87731551
30.28536792 53.87732694
30.28448304 53.87509917
30.2837238 53.87511447
30.27544596 53.87662125
30.27468672 53.87663655
30.26870928 53.8785477
30.26721564 53.8790283
30.26564784 53.87815854
30.26486412 53.87772375
30.26192472 53.87957766
30.26043144 53.88005448
30.26697552 53.88846588
30.27104568 53.89332579
30.27107052 53.89377597
30.26668536 53.89700697
23
30.25249884 53.9156952
30.2442858 53.91854478
30.24127008 53.91905211
30.24073044 53.92310715
30.243843 53.92439271
30.2501718 53.92876437
30.25318896 53.92825704
30.25559232 53.93045808
30.25860984 53.92995075
30.26096532 53.93125539
30.26918052 53.92840194
30.27781692 53.93317419
30.27495024 53.93637468
30.27814092 53.9390106
30.28354092 53.94025044
30.28243068 53.93398671
30.29147928 53.93246076
30.29061888 53.93068317
30.28227984 53.93129346
30.27055176 53.92567827
30.2659416 53.92486953
30.26037204 53.92048644
30.25249884 53.9156952
20
30.44608704 53.85703275
30.44006928 53.85805893
30.43949688 53.8612137
30.4230348 53.86559679
30.42814464 53.87492376
30.43568412 53.87387085
30.43644336 53.87385564
30.43557936 53.87207418
30.43479348 53.87164308
30.44368944 53.8678665
30.44442168 53.86740111
30.44962872 53.86549374
30.44876472 53.86371615
30.44797884 53.86328505
30.45171924 53.86230855
30.45394332 53.86136247
30.45391668 53.86091616
30.45155904 53.8596153
30.4492302 53.85876462
30.44608704 53.85703275
BRUSH(1,0)
REGION 4
96
30.97490112 53.79278562
30.97348416 53.79417036
30.97275732 53.79463575
30.97594836 53.7968025
30.97443384 53.79684066
30.97298448 53.79777531
30.97222524 53.7977943
30.9714678 53.79781338
30.9666996 53.79478839
30.96303948 53.79667668
30.9646512 53.7979851
30.96544068 53.79841611
30.96784224 53.80015185
30.96866412 53.80102917
30.96112068 53.80166628
30.95584884 53.80224993
30.9550914 53.80226901
30.95363988 53.80320357
30.9529152 53.80366896
30.94852824 53.80602642
30.94856064 53.80647282
30.9534264 53.81084439
30.95421588 53.81127549
30.94897644 53.81230545
30.94824996 53.81277084
30.94660764 53.81101611
30.9413988 53.81249238
30.93846336 53.81391528
30.93928524 53.8147926
30.93938064 53.8161354
30.93944364 53.81703567
30.94316856 53.81604387
30.9439278 53.81602479
30.94992648 53.81497575
30.95065116 53.81451036
30.95460144 53.81665803
30.95535852 53.81663895
30.95759952 53.81613162
30.95987328 53.81607438
30.9613248 53.81513973
30.96587196 53.81502534
30.96590436 53.81547543
30.96517752 53.81594082
30.96893484 53.8153992
30.96824076 53.81631468
30.96682164 53.81769942
30.96609696 53.81816481
30.97083672 53.82074358
30.9716262 53.82117081
30.9769002 53.82059094
30.9791736 53.82053379
30.979206 53.8209801
30.98106 53.81509401
30.98175228 53.81417844
30.98247732 53.81370927
30.98386368 53.81187822
30.98379888 53.81098173
30.98591028 53.80868151
30.98969856 53.80858611
30.99200436 53.80897518
30.98926548 53.81308746
30.98929788 53.81353764
30.98933028 53.81398773
30.99473208 53.81519697
30.99552156 53.81562807
30.99694068 53.81424333
30.99990636 53.81327061
31.00807764 53.81081388
31.00847832 53.80586244
31.00999248 53.80582428
31.01223168 53.80531695
31.0112478 53.80220034
31.01197248 53.80173108
31.00897404 53.80225758
31.00745952 53.80229565
31.00759884 53.79375456
31.00756644 53.79330825
31.0022964 53.7938919
31.00255596 53.79747768
31.00028436 53.79753492
30.9979152 53.79624936
30.99738492 53.79940413
30.993597 53.79950331
30.99306672 53.80266186
30.99339108 53.80714413
30.98657232 53.80731585
30.9871026 53.8041573
30.98858652 53.80367283
30.9893436 53.80365375
30.98990628 53.80094151
30.98987388 53.80049511
30.98510352 53.79747012
30.97723788 53.79362487
30.97648044 53.79364395
30.97569096 53.79321672
30.97490112 53.79278562
23
30.92562684 53.7827454
30.9234276 53.7837372
30.923586 53.78598018
30.9236814 53.78732685
30.92607864 53.7890625
30.92686848 53.7894936
30.92832 53.78855895
30.92980212 53.7880707
30.93242256 53.79294969
30.93245496 53.793396
30.93034176 53.79569622
30.92813316 53.79664995
30.93135264 53.79926679
30.93214212 53.79969402
30.94457436 53.79309468
30.94368948 53.79132078
30.94365708 53.79087447
30.94116228 53.78778837
30.94037244 53.78736114
30.94109928 53.78689197
30.94185636 53.78687289
30.93693156 53.77998735
30.92562684 53.7827454
23
30.98667924 53.77721409
30.98519712 53.77770234
30.98447244 53.77816773
30.98220048 53.77822497
30.98555172 53.7826347
30.98558412 53.78308101
30.98262024 53.78405382
30.98587428 53.78711697
30.98880576 53.78569794
30.9896928 53.78747175
30.9897576 53.78836824
30.99588012 53.78911209
30.99710448 53.78503797
30.99542796 53.78283306
30.99463848 53.78240583
30.99516876 53.77924728
30.99513636 53.77879719
30.99437892 53.77881618
30.99362184 53.77883526
30.99223692 53.78066631
30.99154464 53.78158566
30.98671164 53.77766418
30.98667924 53.77721409
17
30.93934248 53.80490493
30.93710148 53.80541226
30.93031296 53.80603029
30.92728248 53.80610274
30.92750532 53.80924221
30.92756832 53.81014248
30.93063156 53.81051256
30.931389 53.81049348
30.93672564 53.81081388
30.93748272 53.8107948
30.93972408 53.81028747
30.94048116 53.81026839
30.941208 53.809803
30.9433536 53.80795287
30.94177428 53.80709076
30.9409848 53.80666353
30.93934248 53.80490493
BRUSH(1,0)
REGION 1
183
31.679514 53.76353832
31.69455912 53.76216888
31.69618992 53.76346587
31.7060604 53.76360699
31.71166992 53.7584877
31.71254364 53.75127411
31.71250332 53.75082393
31.72392288 53.75136564
31.72428324 53.75539782
31.728861 53.75570301
31.72821804 53.74853514
31.72964868 53.74758915
31.72960836 53.74714275
31.72952844 53.74624635
31.72948848 53.74579617
31.72944816 53.74534986
31.7294082 53.74489977
31.73012352 53.74443051
31.73004324 53.74353411
31.73000328 53.74308393
31.72996332 53.74263762
31.73067864 53.74216458
31.73063868 53.74171827
31.73059836 53.74126818
31.73127372 53.74034883
31.73123376 53.73990252
31.73119344 53.73945234
31.73190876 53.73898317
31.7318688 53.73853299
31.73330124 53.73759078
31.73575968 53.73122022
31.72502124 53.72976303
31.72127724 53.72179416
31.720482 53.72136684
31.712967 53.72205354
31.71221172 53.7220764
31.7155896 53.71747587
31.71630492 53.7170067
31.72254768 53.71905519
31.73451408 53.71733097
31.74106212 53.70589062
31.7418174 53.70586776
31.73569488 53.70516207
31.73108472 53.70441057
31.73163804 53.70214464
31.73159808 53.70169833
31.73076252 53.7008247
31.73072256 53.70037839
31.72992696 53.69995116
31.72913352 53.69952771
31.72829832 53.69865417
31.728258 53.69820786
31.72746276 53.69778441
31.7274228 53.69733432
31.7266272 53.69691087
31.72654728 53.69601438
31.72650732 53.69556807
31.72571172 53.69514084
31.72567176 53.69469453
31.72559148 53.69379804
31.72555152 53.69335173
31.72551156 53.69290164
31.7254716 53.69245533
31.72543128 53.69200515
31.72535136 53.69110866
31.7253114 53.69066235
31.72527108 53.69021226
31.72523112 53.68976595
31.72519116 53.68931964
31.72511088 53.68842315
31.72507092 53.68797306
31.72503096 53.68752666
31.724991 53.68707657
31.72570596 53.6866074
31.72562604 53.68571091
31.72558608 53.68526073
31.72554576 53.68481442
31.7255058 53.68436433
31.72622112 53.68389507
31.72614084 53.68299867
31.72610088 53.68254849
31.72606092 53.68210218
31.72602096 53.68165209
31.72598064 53.68120578
31.72590072 53.68030929
31.72661604 53.67983625
31.72657572 53.67938994
31.72653576 53.67893985
31.72724928 53.67847059
31.727169 53.67757419
31.72788432 53.67710115
31.72784436 53.67665484
31.72855932 53.6761818
31.72927284 53.67570876
31.7253798 53.67448422
31.72700304 53.66724399
31.72696308 53.66679381
31.7217978 53.65976715
31.72100256 53.6593437
31.71345912 53.65958022
31.71195036 53.65962981
31.7161656 53.67297744
31.70886048 53.68444065
31.7081052 53.68446351
31.70580084 53.68408587
31.70576088 53.68363569
31.7054826 53.6805
31.70619756 53.68003083
31.6956312 53.68035888
31.69559088 53.67991257
31.68999108 53.68502808
31.6892358 53.68505094
31.70174976 53.68960575
31.70194812 53.69184495
31.6974582 53.69243238
31.69618812 53.69517135
31.68128592 53.69787981
31.6805688 53.69835285
31.68012996 53.70196149
31.69972404 53.70090102
31.70457468 53.7043419
31.70532816 53.70431904
31.71685608 53.70620346
31.70799648 53.71726608
31.7018736 53.71656039
31.70012472 53.72245404
31.71185676 53.72658153
31.71261204 53.72655867
31.71340764 53.72698212
31.71424284 53.72785566
31.71428316 53.72830197
31.7150784 53.72872542
31.71662892 53.72912601
31.7173842 53.72910306
31.7181798 53.72952651
31.71897684 53.72995374
31.71901716 53.73040005
31.71905712 53.73085023
31.71837996 53.73176958
31.71841992 53.73221589
31.71846024 53.73266598
31.71774492 53.73313524
31.71778488 53.73358533
31.71710952 53.73450468
31.71639456 53.73497772
31.71563712 53.73500058
31.71412656 53.73504639
31.71341124 53.73551943
31.71265596 53.73554229
31.71189888 53.73556515
31.71110328 53.73514179
31.70959272 53.73519138
31.70883744 53.73521424
31.70808036 53.7352371
31.70728476 53.73481365
31.70648952 53.73438642
31.70569428 53.73396297
31.70565432 53.73351666
31.705614 53.73306657
31.70628936 53.73214722
31.7062512 53.73170091
31.70621124 53.73125073
31.7069262 53.73078156
31.70688624 53.73033138
31.70680632 53.72943498
31.70370492 53.72863389
31.69865412 53.73148725
31.6979388 53.73196029
31.6918926 53.73214722
31.69113732 53.73217008
31.6838952 53.74452969
31.68317988 53.74499895
31.683258 53.74589535
31.6940004 53.74736019
31.69475748 53.74733733
31.69459728 53.75408175
31.69463724 53.75452806
31.677885 53.75370411
31.67712792 53.75372697
31.67529696 53.75872422
31.67999064 53.76037599
31.67947404 53.76308823
31.679514 53.76353832
BRUSH(1,0)
REGION 1
94
31.3855344 53.55078507
31.38736536 53.55614853
31.3890534 53.55834579
31.3822764 53.55854037
31.3804818 53.55499653
31.37969196 53.55456921
31.37604336 53.55510327
31.37700636 53.55868914
31.37413968 53.56056978
31.36840056 53.55489348
31.36761288 53.55446625
31.35635748 53.56467054
31.355604 53.56469349
31.35904704 53.56998441
31.36145004 53.57171628
31.35937104 53.57402037
31.36661928 53.57965473
31.36740876 53.58008196
31.3703118 53.57865141
31.37504976 53.5812111
31.38082128 53.57789991
31.3815384 53.57743074
31.40594496 53.58975984
31.40673444 53.59018707
31.40774352 53.59330368
31.41448776 53.59265901
31.41498564 53.58950046
31.41494928 53.58905028
31.42470564 53.58831786
31.42474164 53.58876804
31.42545876 53.58829878
31.41805644 53.5808754
31.41282096 53.58147426
31.41203112 53.58104703
31.41124164 53.5806198
31.41041364 53.57974626
31.40962416 53.57931903
31.40883432 53.57889171
31.40879832 53.5784454
31.40797248 53.57757186
31.40718264 53.57714463
31.40639316 53.5767174
31.40560332 53.57629017
31.40481384 53.57586285
31.40406036 53.5758858
31.40327088 53.57545857
31.40176572 53.57550429
31.40097624 53.57507706
31.4001504 53.57420352
31.39936056 53.57377629
31.39932456 53.57332611
31.39853472 53.57289888
31.39846056 53.57200239
31.39767252 53.57157894
31.39688304 53.57115171
31.39684668 53.57070162
31.39677252 53.56980513
31.39598448 53.5693779
31.39594668 53.56893159
31.39591032 53.56848141
31.39587396 53.5680351
31.3958016 53.5671387
31.39501176 53.56671147
31.39497576 53.56626129
31.3949394 53.56581498
31.39490304 53.5653648
31.39483068 53.5644684
31.3940412 53.56404495
31.39400484 53.56359486
31.39396848 53.56314846
31.39389612 53.56225206
31.39310664 53.56182483
31.39307028 53.56137465
31.39303392 53.56092834
31.39299792 53.56047825
31.3929252 53.55958176
31.3928892 53.55913545
31.39360632 53.55866241
31.39356996 53.5582161
31.3935336 53.55776592
31.39346124 53.55686952
31.39342488 53.55642321
31.39338888 53.55597303
31.39335252 53.55552672
31.39406784 53.55505755
31.39399512 53.55416106
31.39395912 53.55371097
31.39392276 53.55326466
31.3938864 53.55281448
31.3938504 53.55236817
31.39377768 53.55147168
31.392126 53.54972073
31.39209 53.54927442
31.3855344 53.55078507
BRUSH(1,0)
REGION 1
94
31.93266528 53.63362881
31.93341876 53.63360217
31.93568064 53.63352585
31.93626456 53.63171001
31.93622244 53.6312637
31.948155 53.62951662
31.9498218 53.62316892
31.95613692 53.61801525
31.95756 53.61706926
31.95831348 53.61704631
31.96153872 53.61918255
31.97100492 53.62335972
31.98205044 53.6202927
31.98359916 53.62068942
31.99117716 53.62088391
31.99167288 53.61817167
31.99154508 53.61682509
31.98622932 53.61655806
31.98638592 53.61026004
31.98253284 53.60949324
31.98428208 53.60404203
31.98499164 53.60356521
31.97800116 53.60155488
31.97720556 53.60113143
31.98054528 53.59652712
31.98121308 53.5956039
31.97510388 53.59491351
31.9743504 53.59493637
31.96272708 53.59982301
31.9537242 53.59248351
31.9576914 53.58650967
31.93832448 53.58131406
31.9329594 53.5835637
31.92504552 53.59042359
31.92799788 53.59199139
31.92804 53.59244157
31.93281036 53.59497831
31.93435908 53.59537503
31.9377024 53.59077072
31.93845588 53.59074786
31.94397972 53.59325787
31.94331012 53.59417722
31.94117784 53.59559634
31.9412196 53.59604643
31.9420152 53.59646988
31.94281044 53.59689333
31.94285256 53.59733964
31.94360568 53.59731291
31.94444304 53.59818645
31.94523864 53.5986099
31.9452804 53.59905621
31.94532252 53.59950252
31.94465472 53.60042574
31.94469684 53.60087205
31.9447386 53.60132214
31.94478072 53.60176845
31.94406936 53.60224149
31.94411328 53.60269167
31.94344368 53.60361102
31.94273232 53.60408397
31.94277408 53.60453037
31.94206452 53.60500332
31.94210664 53.6054535
31.94139528 53.60592654
31.94219052 53.6063499
31.942944 53.60632326
31.94373924 53.60674671
31.94302788 53.60721966
31.94152092 53.60726925
31.9407678 53.60729598
31.94072568 53.60684589
31.9399722 53.60687253
31.93921872 53.60689548
31.93855128 53.60781861
31.9377978 53.60784147
31.93700256 53.60742189
31.93691868 53.6065254
31.93758612 53.60560227
31.93754436 53.60515596
31.9305978 53.60358807
31.91875668 53.60622786
31.9155354 53.61217884
31.91980572 53.61742782
31.9167522 53.62516782
31.92056136 53.62549209
31.92462 53.62041474
31.94052732 53.62078473
31.93989984 53.62215426
31.93651224 53.62630848
31.92902028 53.62700652
31.92746976 53.6266098
31.92466572 53.62894818
31.9304052 53.63370135
31.93266528 53.63362881
BRUSH(1,0)
REGION 1
43
29.3529474 53.47359081
29.34484308 53.4790764
29.33876232 53.47734831
29.33725752 53.47736739
29.33436204 53.48099133
29.32537284 53.48244474
29.32386588 53.48246004
29.32243344 53.4847221
29.32169328 53.48517993
29.32780248 53.48780442
29.32781796 53.48825451
29.32415388 53.49143979
29.3234004 53.49145122
29.31206328 53.49023055
29.3113116 53.4902382
29.31145272 53.49472812
29.3114682 53.49517821
29.32155792 53.50449753
29.32233984 53.50538637
29.32257096 53.51256945
29.3225994 53.51346972
29.34148968 53.51504895
29.34301176 53.51548005
29.3436774 53.51277924
29.34364896 53.51187897
29.33757792 53.51060106
29.33682444 53.51061249
29.33666604 53.50567248
29.33663544 53.50477599
29.35490796 53.48749158
29.36333664 53.4918861
29.36410524 53.49232863
29.37160476 53.49134061
29.37235644 53.49133305
29.3714694 53.48730087
29.37145608 53.48685078
29.35786068 53.48566053
29.3571072 53.48567196
29.35920348 53.48070522
29.35992636 53.47979739
29.35678284 53.47579194
29.35523412 53.47446444
29.3529474 53.47359081
BRUSH(1,0)
REGION 1
78
30.25709136 53.48526381
30.25634004 53.48527524
30.2546862 53.49654009
30.25543968 53.49652479
30.25245276 53.49703221
30.25170144 53.49704742
30.25107 53.4993057
30.25109304 53.49975201
30.243807 53.50438305
30.24383148 53.50483323
30.23931492 53.50492098
30.2385636 53.50493241
30.23790552 53.50674438
30.2236272 53.50746159
30.22311384 53.51196672
30.22313688 53.51241303
30.22393788 53.513298
30.21956244 53.51607513
30.2188338 53.51653674
30.21730416 53.51611707
30.21655068 53.51613237
30.2142924 53.51617431
30.21353928 53.51618961
30.21462648 53.52245712
30.21542748 53.52334209
30.21239088 53.52294924
30.2108364 53.52207948
30.20478804 53.52174378
30.20403492 53.52175899
30.19744692 53.52547455
30.19671828 53.52593616
30.20222664 53.53032681
30.20305068 53.53165818
30.206745 53.53024293
30.20630076 53.53609086
30.20557212 53.53655247
30.20940972 53.53783038
30.21093936 53.53824996
30.21044724 53.54320149
30.21049512 53.54409789
30.22615044 53.54065701
30.22690392 53.5406418
30.2274648 53.53704072
30.235752 53.53688052
30.23582472 53.5382271
30.24116892 53.5394745
30.24340632 53.53898238
30.2440626 53.53717419
30.2493114 53.53662105
30.25125684 53.53074648
30.2542686 53.53068924
30.25643148 53.52885054
30.25718496 53.52883533
30.25944324 53.5287933
30.2615586 53.52605442
30.2622624 53.52514263
30.26430324 53.52106095
30.26503188 53.52059934
30.26405916 53.5165749
30.26401128 53.51567841
30.26247984 53.51525883
30.26172816 53.51527026
30.26218788 53.50987242
30.26289384 53.50896072
30.26588076 53.50845339
30.26580624 53.50710681
30.26575836 53.50621032
30.26180088 53.50269321
30.26102256 53.50225833
30.26163096 53.49954987
30.26160612 53.49910356
30.26068308 53.49597552
30.26065824 53.49552534
30.25966464 53.4910545
30.2596398 53.49060441
30.26019852 53.48699955
30.26012616 53.48565288
30.25709136 53.48526381
BRUSH(1,0)
REGION 1
53
30.99988548 53.45565795
31.01307696 53.46116253
31.0219326 53.45869068
31.0182192 53.4489021
31.01596452 53.44895934
31.01593392 53.44850925
31.01586912 53.44761276
31.01580432 53.44671627
31.0149576 53.44538877
31.01417352 53.44496154
31.011696 53.44187931
31.01084712 53.44055172
31.0100652 53.44012449
31.0100004 53.43922809
31.0083066 53.436573
31.0082418 53.4356766
31.0081446 53.4343338
31.00726512 53.43255612
31.00544352 53.42811201
31.00541112 53.42766192
31.0045968 53.42678451
31.00333392 53.41962816
31.00033008 53.41970448
30.99732768 53.41978071
30.99670416 53.42159268
30.99673656 53.42204286
30.99695976 53.42518233
30.99317364 53.42482755
30.9874554 53.42901615
30.98670408 53.42903523
30.98427588 53.4287376
30.98369988 53.42911146
30.983202 53.42912289
30.98226168 53.43004611
30.97762884 53.42836761
30.97619064 53.42930226
30.9833622 53.43496326
30.9833946 53.43540957
30.98555172 53.43400575
30.98946564 53.43615342
30.99024972 53.43658452
30.98884212 53.43796917
30.98978604 53.44063947
30.98984904 53.44153596
30.99154284 53.44418718
30.99160584 53.44508745
30.99336444 53.44863507
30.99339684 53.44908525
30.99433896 53.45175555
30.99512304 53.45218656
30.99596976 53.45351028
30.99675384 53.45394138
30.99988548 53.45565795
BRUSH(1,0)
REGION 1
18
28.74581712 53.54019549
28.7397936 53.54068374
28.73528676 53.54161074
28.73456388 53.54341128
28.73909772 53.54383086
28.733202 53.55150606
28.74226968 53.55234531
28.7430498 53.55368802
28.74758328 53.55410769
28.74756636 53.5532112
28.75284576 53.55317691
28.75437936 53.55451206
28.75739652 53.55449298
28.755846 53.55225756
28.7557794 53.54866413
28.75419432 53.54463195
28.74888432 53.54286957
28.74581712 53.54019549
BRUSH(1,0)
REGION 1
29
29.020914 53.38265607
29.01574512 53.38629531
29.01575664 53.38674549
29.00822256 53.38591389
29.00747124 53.38591767
29.00019852 53.39586636
28.9972152 53.39678958
28.99811736 53.40306852
28.99440396 53.40489957
28.99446876 53.40759273
28.98855396 53.41168593
28.9931184 53.41389462
28.99684332 53.41251375
28.9976598 53.41520313
28.99989324 53.41428378
29.00285712 53.41246029
29.0050794 53.41109463
29.0027808 53.40931704
29.011635 53.40250395
29.01153564 53.39846043
29.0107728 53.3980179
29.01074976 53.39712141
29.01145752 53.39531709
29.01517092 53.39348604
29.01733596 53.38987353
29.02100364 53.3862495
29.02470408 53.38397214
29.02167684 53.3830986
29.020914 53.38265607
BRUSH(1,0)
REGION 1
48
28.63773936 53.28660204
28.6339914 53.2866249
28.62277416 53.28848268
28.6228026 53.29027935
28.62514116 53.29610442
28.61692056 53.2979469
28.6192188 53.30107881
28.61397756 53.30155941
28.61473284 53.30200194
28.61476704 53.30424879
28.6207524 53.30331801
28.62451548 53.30419542
28.63129248 53.30595402
28.62537588 53.3113785
28.62768168 53.3149605
28.6261884 53.31541824
28.62318816 53.31543354
28.62169452 53.31589128
28.62023544 53.31859209
28.6307316 53.31808476
28.64044764 53.31578445
28.65015396 53.31303405
28.65321144 53.31661227
28.65769776 53.31568527
28.657692 53.31523896
28.65539736 53.31255723
28.65838248 53.31164166
28.66218372 53.31476214
28.66980348 53.32190706
28.6780032 53.31871413
28.67417712 53.31424329
28.67866308 53.31331638
28.68173028 53.31734082
28.68622416 53.31686787
28.6839198 53.31373596
28.67858892 53.30882646
28.6763382 53.30883789
28.67782392 53.30793384
28.68226236 53.30431368
28.6755066 53.30390166
28.67623344 53.3025513
28.67542452 53.29896165
28.67081436 53.29225161
28.66777236 53.28957366
28.66400136 53.28824994
28.6527366 53.28696438
28.6422426 53.28702549
28.63773936 53.28660204
BRUSH(1,0)
REGION 1
16
28.83040992 53.25032421
28.82294856 53.25172425
28.80879984 53.25586704
28.81033128 53.25765606
28.8148176 53.25717546
28.81931112 53.25714108
28.8200682 53.25758739
28.82162088 53.26026921
28.826847 53.25933456
28.82913768 53.26156233
28.83586104 53.26061634
28.83277512 53.2561455
28.84173588 53.25473403
28.8394146 53.25115581
28.83716964 53.25117489
28.83040992 53.25032421
BRUSH(1,0)
REGION 1
287
32.60805516 53.40836331
32.60655576 53.40842055
32.60500704 53.40803148
32.60191356 53.40725325
32.6025162 53.40587994
32.60401524 53.40582279
32.60387052 53.40447999
32.60287476 53.4022713
32.60137932 53.40232845
32.59918224 53.40286638
32.59543608 53.40301128
32.593239 53.40354534
32.59029024 53.40410991
32.58949284 53.40369033
32.58715068 53.40288159
32.587803 53.40195846
32.58835596 53.40013884
32.5906524 53.40050127
32.59130112 53.39957427
32.59110636 53.39778516
32.59026324 53.39691927
32.58791748 53.39611053
32.5841256 53.39580921
32.58417528 53.39625552
32.584221 53.39670561
32.58427032 53.39715192
32.58432 53.39759823
32.58357228 53.39762874
32.583618 53.39807514
32.58366768 53.39852523
32.58371736 53.39897154
32.58296964 53.39899827
32.58301536 53.39944836
32.58226764 53.39947509
32.58231732 53.39992527
32.581566 53.39995191
32.5808676 53.40042873
32.58012024 53.40045933
32.57936856 53.40048984
32.57862084 53.40051648
32.57857116 53.40007017
32.5778238 53.4000969
32.57707608 53.40012741
32.5763244 53.40015792
32.57552736 53.39973834
32.57477964 53.39976498
32.57403192 53.39979549
32.57398224 53.39934918
32.57323452 53.39937591
32.57243712 53.39896011
32.5716858 53.39898684
32.57164008 53.39854053
32.5708884 53.39856717
32.57009136 53.39815137
32.56934364 53.3981781
32.56854624 53.3977623
32.56779852 53.39778903
32.5677492 53.39734272
32.56700148 53.39736936
32.56620408 53.39695356
32.5654524 53.39698029
32.56465536 53.39656449
32.56390764 53.39659122
32.56385796 53.39614491
32.56311024 53.39617155
32.5623132 53.39575575
32.5615158 53.39533617
32.56076808 53.39536281
32.5607184 53.3949165
32.55997068 53.39494701
32.55917364 53.39452743
32.55842592 53.39455416
32.5577736 53.39548107
32.557167 53.3968506
32.55661404 53.39867022
32.5574568 53.39953611
32.55830388 53.40040209
32.55760188 53.40087891
32.55765156 53.401329
32.55690384 53.40135573
32.55694956 53.40180204
32.55625152 53.40227886
32.55629724 53.40272904
32.55554952 53.40275577
32.5555992 53.40320586
32.55564492 53.40365217
32.5556946 53.40409848
32.55574428 53.40454866
32.55504228 53.4050217
32.55583968 53.40544128
32.55509196 53.40547179
32.55513768 53.4059181
32.55518736 53.40636441
32.55523668 53.40681459
32.55528276 53.4072609
32.55533208 53.40770721
32.55538176 53.40815739
32.55463044 53.40818403
32.55467976 53.40863421
32.55472944 53.40908052
32.55547716 53.40905001
32.55552684 53.4095001
32.55557256 53.40994641
32.55632388 53.40991977
32.55636996 53.41036608
32.55712128 53.41033557
32.557167 53.41078566
32.5579644 53.41120146
32.55871572 53.41117473
32.55951312 53.4115944
32.55881112 53.41206744
32.5588608 53.41251753
32.55810912 53.41254426
32.55605712 53.41442112
32.55334848 53.41722489
32.55180372 53.41683195
32.5495566 53.4169197
32.54895036 53.41829301
32.5497474 53.41870881
32.5505448 53.41912839
32.55204384 53.41907124
32.55139152 53.41999437
32.5515366 53.42133717
32.55093396 53.42271039
32.551731 53.42313006
32.55482484 53.4239082
32.557968 53.42513661
32.5586664 53.4246597
32.55931872 53.42373657
32.55992496 53.42236326
32.56043256 53.42009733
32.56038288 53.41964724
32.5619316 53.42004009
32.56502544 53.42081832
32.56507116 53.42126463
32.56517016 53.42216112
32.56536096 53.42395023
32.56611264 53.4239235
32.5683594 53.42383575
32.56901172 53.42291262
32.56896204 53.42246244
32.56792452 53.41980744
32.56917948 53.417511
32.57273088 53.4155769
32.57352828 53.41599657
32.57432568 53.41641237
32.574375 53.41686246
32.57452008 53.41820526
32.57485956 53.42133717
32.57561124 53.42130657
32.58010476 53.42113494
32.5823058 53.4205971
32.58380124 53.42053986
32.58385092 53.42098995
32.58469764 53.42185593
32.5848924 53.42364504
32.58794016 53.42397687
32.58798588 53.42442318
32.58738324 53.42579649
32.58972936 53.42660145
32.5920258 53.42696379
32.5927278 53.42648697
32.5947798 53.42461011
32.59398276 53.42419053
32.59308636 53.42287824
32.59218996 53.42156217
32.59264752 53.41884993
32.59489428 53.41876218
32.59474956 53.41741947
32.5944558 53.41473387
32.59525284 53.41515354
32.59600452 53.41512303
32.59605024 53.41556934
32.59680192 53.41554261
32.59685124 53.41598892
32.59759896 53.41595841
32.59764864 53.4164085
32.59839636 53.41637799
32.5991934 53.41679766
32.59994508 53.41676715
32.6006928 53.41674042
32.6014902 53.41715622
32.60144052 53.41670991
32.60219184 53.4166794
32.60214216 53.41623309
32.60288988 53.41620258
32.60364156 53.41617585
32.60359188 53.41572567
32.6043396 53.41569903
32.60429388 53.41524885
32.6050416 53.41522221
32.60499192 53.41477203
32.60569392 53.41429521
32.60564424 53.4138489
32.60639196 53.41381839
32.60634228 53.41337208
32.60629656 53.41292568
32.60704428 53.41289517
32.6069946 53.41244886
32.6076966 53.41197204
32.60764692 53.41152573
32.60839464 53.41149522
32.60834496 53.41104891
32.60829924 53.41059873
32.60904696 53.41057209
32.60899728 53.41012191
32.6089476 53.4096756
32.60969928 53.40964509
32.6096496 53.40919878
32.60959992 53.40875247
32.61034764 53.40872196
32.61030192 53.40827556
32.61104964 53.40824505
32.61179736 53.40821454
32.61254868 53.4081879
32.6132964 53.40815739
32.61404412 53.40812679
32.6147958 53.40810015
32.61554352 53.40806964
32.61629088 53.40803913
32.61704256 53.4080124
32.61708828 53.40845871
32.61783996 53.4084282
32.61858732 53.40840147
32.61933504 53.40837096
32.62008672 53.40834045
32.62088412 53.40876003
32.62163148 53.40872952
32.62238316 53.40870288
32.62318056 53.40911868
32.62392792 53.40909195
32.62472532 53.40950775
32.625477 53.40948102
32.62627404 53.40989682
32.62702176 53.40986631
32.62926852 53.40977856
32.63306436 53.41007997
32.6337624 53.40960315
32.63371272 53.40915684
32.6344644 53.40912624
32.63441472 53.40867993
32.63511276 53.40820311
32.63506308 53.4077568
32.63581476 53.40772629
32.63576508 53.40727998
32.6357154 53.4068298
32.63566572 53.40638349
32.6356164 53.40593718
32.63556672 53.40548709
32.63551704 53.40504078
32.63547132 53.40459438
32.63542164 53.40414429
32.63537232 53.40369798
32.63532264 53.40325167
32.63527296 53.40280149
32.63452524 53.402832
32.63447556 53.40238569
32.6337282 53.4024162
32.6322288 53.40247344
32.6314314 53.40205386
32.63068008 53.40208437
32.62993236 53.40211488
32.628582 53.40351483
32.62633524 53.40360258
32.6256372 53.4040794
32.62568652 53.4045258
32.6249352 53.40455631
32.62498488 53.40500262
32.62423716 53.40503313
32.62428648 53.40547944
32.62353516 53.40550995
32.62358484 53.40595626
32.62283712 53.40598677
32.6220894 53.40601728
32.62133772 53.40604401
32.61984264 53.40610503
32.61599748 53.40535353
32.6159478 53.40490722
32.61725244 53.40306087
32.61490632 53.40225222
32.61186216 53.4019203
32.61036672 53.40198132
32.6097144 53.40290454
32.60771172 53.40522762
32.60781108 53.40612411
32.60800548 53.40791322
32.60805516 53.40836331
BRUSH(1,0)
REGION 1
48
29.48367708 53.25458526
29.47932612 53.25868224
29.4785784 53.25868989
29.4747696 53.25694272
29.47185504 53.25922395
29.47718988 53.26185222
29.4742584 53.26368714
29.47119912 53.26192854
29.46825216 53.26331328
29.46442788 53.26111602
29.4614964 53.26295094
29.460825 53.26520535
29.46238524 53.26698303
29.46244824 53.26877592
29.45733084 53.27243424
29.44279872 53.28564453
29.44812204 53.28782271
29.4517746 53.28508374
29.45403864 53.28550341
29.462778 53.27820585
29.46658716 53.2799568
29.46953592 53.27857206
29.47261248 53.28077697
29.47407912 53.27986149
29.4764994 53.28477099
29.4779988 53.28475191
29.477106 53.28071973
29.48153868 53.2788696
29.48072616 53.27708058
29.48513976 53.27478027
29.48361012 53.27389908
29.48655888 53.27251434
29.49036804 53.27426529
29.49917976 53.2692108
29.49687 53.26744077
29.49833484 53.26652529
29.49679008 53.26519779
29.49382584 53.26613235
29.4922638 53.26435854
29.49521076 53.26296993
29.49212088 53.26031493
29.49066936 53.26168059
29.48461524 53.25996402
29.49208848 53.25941853
29.49202332 53.25762177
29.48603436 53.25769809
29.4874668 53.25588225
29.48367708 53.25458526
BRUSH(1,0)
REGION 1
238
32.052555 53.38018413
32.05334484 53.3806038
32.05339056 53.38105389
32.05343232 53.3815002
32.05347444 53.38195038
32.05352016 53.38239669
32.05431 53.38282014
32.05506132 53.38279341
32.05580904 53.38276668
32.05655676 53.38274004
32.05730808 53.38271709
32.0580558 53.38269045
32.05880352 53.38266372
32.0595552 53.38263699
32.06034468 53.38306044
32.0603904 53.38350675
32.06113812 53.38348389
32.06118024 53.3839302
32.06193156 53.38390347
32.06338488 53.38340379
32.06484216 53.38290789
32.06775276 53.38190844
32.07065976 53.38090899
32.0705298 53.37956619
32.06894688 53.37871929
32.06806956 53.37740322
32.06802744 53.37695313
32.06948076 53.37645336
32.07172788 53.37637713
32.07164004 53.37548064
32.07155616 53.37458802
32.0712966 53.37189864
32.07050316 53.37147519
32.06821428 53.3711052
32.06433852 53.36989209
32.06359116 53.36991882
32.06416716 53.3680992
32.06465928 53.36538696
32.0669478 53.36575695
32.0699844 53.36610417
32.07064824 53.36518095
32.07122424 53.3633652
32.06818764 53.36301807
32.06585304 53.36220168
32.06572344 53.3608551
32.06550996 53.3586159
32.06621556 53.35814286
32.06762712 53.35719678
32.06824488 53.35582734
32.06882088 53.35400772
32.06794356 53.35269165
32.0662728 53.35095213
32.06456388 53.34876252
32.06518164 53.34739308
32.06747052 53.34776307
32.07050712 53.3481102
32.07112488 53.34674076
32.0724486 53.34489819
32.071617 53.34402843
32.07061008 53.34136578
32.07052224 53.34046938
32.07184596 53.3386269
32.06955708 53.33825682
32.06352996 53.33801274
32.06357208 53.33846283
32.06361384 53.33890914
32.06365956 53.33935932
32.06290824 53.33938218
32.06295396 53.33983227
32.06299608 53.34027867
32.06303784 53.34072876
32.06308356 53.34117507
32.06233224 53.3412018
32.06237796 53.34164811
32.06241972 53.3420982
32.06246184 53.3425446
32.06171412 53.34257124
32.0609664 53.34259419
32.06021868 53.34262083
32.05946736 53.34264756
32.05871964 53.34267429
32.05867752 53.34222411
32.05793016 53.34225084
32.05718244 53.34227757
32.05643076 53.34230421
32.05568304 53.34232716
32.05493532 53.3423538
32.0541876 53.34238053
32.05422972 53.34282684
32.05344024 53.34240339
32.05339416 53.34195708
32.0533524 53.34151077
32.054058 53.34103395
32.05625904 53.34051132
32.05538172 53.33919147
32.05533996 53.33874516
32.05384452 53.33879475
32.05234512 53.33884812
32.05230336 53.33839794
32.04914076 53.33671188
32.04518508 53.3345985
32.04443376 53.33462523
32.04373176 53.33509827
32.04298008 53.335125
32.04227448 53.33559795
32.04152676 53.33562468
32.04082116 53.33609772
32.04007344 53.33612445
32.03932572 53.33614731
32.038578 53.33617404
32.03783028 53.33620068
32.03712468 53.33667372
32.036373 53.33669658
32.03562528 53.33672331
32.03487792 53.33675004
32.0341302 53.33677677
32.03417196 53.33722308
32.03350848 53.33814621
32.03367984 53.33993532
32.03226864 53.34088131
32.02944552 53.34277725
32.02442172 53.34519573
32.02367004 53.34522246
32.02679448 53.34646221
32.0289534 53.34548949
32.03053668 53.34633639
32.03286732 53.34715269
32.034321 53.34665301
32.03789148 53.34473421
32.04013824 53.34465789
32.04383868 53.34408189
32.04828648 53.34347916
32.04832824 53.34392925
32.04837036 53.34437565
32.04841608 53.34482574
32.0484582 53.34527205
32.04849996 53.34571836
32.04775224 53.34574509
32.04779436 53.34619518
32.04704664 53.34621813
32.04629892 53.34624477
32.04634104 53.34669117
32.04559332 53.34671781
32.04563508 53.34716799
32.04488772 53.34719085
32.04418176 53.34766389
32.04422388 53.34811398
32.04351792 53.34858702
32.04356004 53.34903333
32.04360216 53.34948351
32.04285444 53.34951015
32.0428962 53.34995655
32.04294192 53.35040286
32.0421906 53.3504295
32.04223632 53.35087968
32.041485 53.35090254
32.04153072 53.35135272
32.04077904 53.35137558
32.04082476 53.35182567
32.04007344 53.3518524
32.04011916 53.35229871
32.03936784 53.35232544
32.0394096 53.35277175
32.03866188 53.35279848
32.038704 53.35324479
32.03874972 53.35369488
32.03879148 53.35414128
32.0395392 53.35411455
32.03958132 53.35456464
32.04033264 53.354538
32.04037476 53.35498431
32.04112248 53.35496136
32.04191592 53.35538103
32.04266364 53.35535808
32.0427054 53.35580448
32.04345312 53.35577775
32.04424656 53.3562012
32.04499428 53.35617447
32.0450364 53.35662456
32.04582984 53.35704423
32.0458716 53.35749432
32.04661932 53.35746768
32.04666504 53.35791777
32.04741276 53.35789104
32.04816048 53.3578644
32.0482026 53.35831449
32.04895392 53.35828785
32.04970164 53.35826112
32.05044936 53.35823439
32.0518188 53.356842
32.05260864 53.35726167
32.0542794 53.35900497
32.05590444 53.36029431
32.05819332 53.36066439
32.0582808 53.36156079
32.05849464 53.36380008
32.06091312 53.36551665
32.06100096 53.36641314
32.06037888 53.36778258
32.06042496 53.36822889
32.05884168 53.36738586
32.05571364 53.36614224
32.05505376 53.36706546
32.05368432 53.36846163
32.05156716 53.36988066
32.05010988 53.37038043
32.04936216 53.37040707
32.04856872 53.36998371
32.04549036 53.36919018
32.0447844 53.36966322
32.04412092 53.37058644
32.04416268 53.37103275
32.04495612 53.37145611
32.04499824 53.37190251
32.04578772 53.37232587
32.04583344 53.37277218
32.04658116 53.37274932
32.04662328 53.37319563
32.04666504 53.37364581
32.04741672 53.37361908
32.04745848 53.37406539
32.0475006 53.37451557
32.04754632 53.37496188
32.04758844 53.37540819
32.04837792 53.37583164
32.04842364 53.37628173
32.04846576 53.37672804
32.04850752 53.37717435
32.0492592 53.37715149
32.04930132 53.3775978
32.04934308 53.37804798
32.0493852 53.37849429
32.05013652 53.37846756
32.05017864 53.37891765
32.0524254 53.37883755
32.05246752 53.37928773
32.05251324 53.37973404
32.052555 53.38018413
BRUSH(1,0)
REGION 1
79
31.41874512 53.32070538
31.41500076 53.32081608
31.41050904 53.32094577
31.41072648 53.32363506
31.40776836 53.32416912
31.40534016 53.32199481
31.38594624 53.323452
31.38837228 53.3256264
31.38840864 53.32607649
31.38766092 53.32609557
31.38619788 53.32658769
31.38548472 53.32705686
31.384737 53.32707981
31.38402384 53.32754898
31.3825626 53.3280411
31.38184944 53.32851027
31.38106536 53.32808304
31.38027948 53.32765581
31.37949576 53.32722858
31.37796216 53.32682421
31.37721264 53.32684707
31.3763922 53.32596966
31.37560848 53.32554243
31.37485896 53.32556538
31.37407488 53.32513806
31.37254128 53.32473369
31.37179392 53.32475277
31.37061708 53.32883076
31.3714026 53.32925799
31.37215032 53.32923891
31.37368392 53.32964328
31.37443344 53.32962033
31.37521752 53.33004765
31.37600124 53.33047488
31.37675112 53.33045193
31.37750064 53.33043285
31.37903388 53.33083722
31.3797816 53.33081436
31.38056748 53.33124159
31.3813152 53.33122251
31.38210108 53.33164974
31.3828848 53.33207319
31.38374124 53.33339691
31.38388452 53.3351898
31.38845076 53.33596038
31.38731208 53.34048459
31.38659856 53.34095385
31.39352028 53.34300234
31.38731748 53.34991839
31.39146036 53.35474392
31.39149492 53.35519032
31.388895 53.36021043
31.3889292 53.36065674
31.41188064 53.36583714
31.41440784 53.35992432
31.415085 53.35900497
31.39898868 53.35497666
31.39895232 53.35452648
31.40789616 53.34438321
31.40967384 53.33849334
31.41794772 53.33870313
31.41869724 53.33868027
31.4184798 53.33599089
31.4258958 53.33487705
31.42878156 53.3334465
31.42770588 53.3294334
31.42018116 53.32920075
31.42032624 53.33099364
31.41362376 53.33163831
31.41479484 53.32756041
31.41600228 53.32393269
31.41750132 53.32388688
31.41824904 53.3238678
31.41896256 53.32339863
31.4189262 53.32294845
31.41888984 53.32250214
31.41885384 53.32205196
31.41878112 53.32115556
31.41874512 53.32070538
BRUSH(1,0)
REGION 1
20
28.86208164 53.08073424
28.85387616 53.08079526
28.85388552 53.08124544
28.85100372 53.08620831
28.85027508 53.08711245
28.85625252 53.08751682
28.85626224 53.08796313
28.85938632 53.09468082
28.8646182 53.09508897
28.86903936 53.09236143
28.87199604 53.09099199
28.87573428 53.09141157
28.87569792 53.0896149
28.877859 53.08600617
28.87784964 53.08555599
28.86664212 53.08474347
28.864395 53.08430859
28.86510276 53.08250805
28.86507432 53.08116147
28.86208164 53.08073424
BRUSH(1,0)
REGION 2
31
28.68005736 52.89957045
28.67486004 52.90001298
28.6756362 52.90184403
28.6689798 52.90367895
28.66976532 52.90636833
28.6705512 52.90906149
28.67351544 52.90859223
28.68093108 52.90765002
28.6854552 52.9116669
28.6907616 52.91792298
28.692234 52.91701893
28.69810308 52.91249085
28.69881624 52.91068653
28.70012088 52.89989859
28.70156844 52.89764409
28.70746596 52.89491277
28.71187596 52.8921891
28.71408276 52.89082722
28.71467784 52.88228613
28.70651052 52.8823395
28.69688808 52.8841935
28.6972452 52.8873516
28.69552224 52.89139179
28.6948242 52.89408882
28.69111044 52.89411168
28.68665328 52.89413841
28.67552748 52.89510348
28.67628492 52.89599988
28.67977152 52.89657975
28.68075576 52.89686964
28.68005736 52.89957045
7
28.7123508 52.87646106
28.70789724 52.87648779
28.70794296 52.87918473
28.70722944 52.88098527
28.71168516 52.88095863
28.71242136 52.88050467
28.7123508 52.87646106
BRUSH(1,0)
REGION 1
224
30.98452392 54.25122069
30.98302668 54.25170516
30.98315808 54.25350192
30.98415384 54.25661853
30.9860478 54.26151273
30.984516 54.26155089
30.98052216 54.259407
30.97902312 54.25989534
30.97908792 54.26079174
30.98234952 54.26340489
30.98085012 54.26388927
30.98188008 54.26745984
30.98034684 54.267498
30.97967904 54.26886366
30.980709 54.27243045
30.98247156 54.27553176
30.98173896 54.27599715
30.98017296 54.275589
30.97125252 54.26907345
30.97051992 54.26954271
30.96982008 54.27045819
30.97228248 54.27264024
30.97234728 54.27353664
30.9680118 54.27724077
30.96587736 54.27954099
30.96680652 54.2817612
30.96610632 54.28268055
30.96377388 54.28228761
30.96147528 54.28234485
30.96090504 54.28505322
30.96180144 54.2868309
30.96493344 54.28765107
30.96883188 54.28845216
30.96736344 54.28938672
30.96062856 54.29180142
30.95736696 54.28918458
30.95660016 54.28920366
30.95363232 54.29062656
30.95072928 54.29294586
30.95735184 54.29951856
30.95885268 54.29903409
30.96028692 54.29764935
30.95948808 54.29721834
30.95788968 54.29636001
30.95782488 54.29546352
30.96002592 54.29405979
30.96312516 54.29443356
30.96878616 54.29833605
30.96955296 54.29831697
30.97182096 54.29780964
30.97635444 54.29679867
30.97795284 54.297657
30.9835836 54.30110931
30.98668284 54.3014793
30.99131568 54.30181122
30.99348252 54.29996109
30.99428352 54.30038832
30.99411756 54.29814912
30.99405096 54.29725263
30.9939192 54.29545596
30.9937536 54.29321667
30.99605364 54.29315565
30.99765204 54.29401398
30.9977856 54.29581074
30.9994182 54.29711529
31.0025844 54.29838177
31.0026168 54.29883195
31.003416 54.29925918
31.004217 54.29969028
31.0042494 54.30013659
31.00508316 54.30101391
31.00588236 54.30144501
31.00668156 54.30187224
31.00748256 54.30230334
31.00831596 54.30318066
31.00911516 54.30360798
31.00991436 54.30403899
31.01068116 54.30401613
31.01138316 54.30310056
31.0121154 54.30263517
31.0128498 54.302166
31.0135824 54.30169674
31.01431644 54.30123135
31.01504904 54.30076218
31.01498208 54.29986569
31.01571648 54.29939652
31.01568228 54.29895021
31.01488308 54.29851911
31.01331528 54.29811096
31.01251608 54.29768373
31.01168268 54.29680632
31.01088348 54.29637531
31.01085108 54.295929
31.01004972 54.2954979
31.00998312 54.29460141
31.00918392 54.29417418
31.00838472 54.29374317
31.00758372 54.29331585
31.00678452 54.29288484
31.00598532 54.29245761
31.00441932 54.29204559
31.00365252 54.29206845
31.00511916 54.29113011
31.00588596 54.29111103
31.00661856 54.29064564
31.00735296 54.29017638
31.008852 54.28968813
31.0088178 54.28924182
31.0087854 54.28879164
31.008753 54.28834533
31.00871844 54.28789524
31.00948524 54.28787616
31.01025204 54.28785708
31.01101884 54.287838
31.01258484 54.28824615
31.01335128 54.28822707
31.01411628 54.28820799
31.01488308 54.28818891
31.01561748 54.28771974
31.01711652 54.28723149
31.01784912 54.28676601
31.01858136 54.28629684
31.01854896 54.28585053
31.01771556 54.28497312
31.01768316 54.28452303
31.01688396 54.2840958
31.0160826 54.2836647
31.01528376 54.28323747
31.01445 54.28236006
31.0136508 54.28192905
31.0128516 54.28150173
31.0120524 54.28107072
31.01055336 54.28155897
31.00981896 54.28202823
31.00905432 54.28204731
31.00831992 54.2825127
31.00678812 54.28255464
31.00605408 54.28302003
31.00528908 54.28303911
31.00455468 54.28350828
31.00302324 54.28354644
31.00225644 54.28356552
31.00209444 54.27099225
31.00279428 54.27007677
31.00356108 54.27005769
31.00506012 54.26956944
31.00502592 54.26911926
31.00499352 54.26867295
31.00496112 54.26822277
31.00489416 54.26732637
31.00562676 54.26686098
31.00639356 54.2668419
31.0071582 54.26681904
31.007925 54.26679996
31.00869 54.26678088
31.01022324 54.26674272
31.01098824 54.26672364
31.01172264 54.26625447
31.01168808 54.26580807
31.01162148 54.26491167
31.01235372 54.26444241
31.01232132 54.2639961
31.01228892 54.26354601
31.01302152 54.26307675
31.01378616 54.26305767
31.01535216 54.26346969
31.01611896 54.26345061
31.01688396 54.26342775
31.01768316 54.26385876
31.01844996 54.26383968
31.0200138 54.26424792
31.0207806 54.26422884
31.0215798 54.26465607
31.02231204 54.26419068
31.02227964 54.2637405
31.02224544 54.26329419
31.02221304 54.2628441
31.02294528 54.26237484
31.02287868 54.26147844
31.02284448 54.26103213
31.02281172 54.26058195
31.02354432 54.26011656
31.02351012 54.25966647
31.02424236 54.25919721
31.02341076 54.25831989
31.02264396 54.25834275
31.02187932 54.25836183
31.02111252 54.25838091
31.01958072 54.25841907
31.01961528 54.25886916
31.01964768 54.25931547
31.01891508 54.25978473
31.01815044 54.25980381
31.01661864 54.25984188
31.01581944 54.25941465
31.01502024 54.25898364
31.01425344 54.25900272
31.0134888 54.2590218
31.012722 54.25904079
31.01115816 54.25863264
31.01039136 54.25865172
31.00965876 54.25912098
31.00889196 54.25913997
31.00736052 54.25917813
31.00659552 54.25919721
31.00586328 54.25966647
31.00506408 54.25923537
31.00502952 54.25878906
31.00496292 54.25789257
31.00416552 54.25746156
31.00413132 54.25701525
31.00333212 54.25658415
31.00256712 54.25660323
31.00023648 54.25621416
30.99710664 54.25539399
30.99411 54.25637058
30.9933108 54.25593948
30.994011 54.255024
30.99311244 54.2532501
30.99008196 54.25377651
30.98938356 54.25469208
30.98864952 54.25515747
30.98612196 54.25207902
30.98452392 54.25122069
BRUSH(1,0)
REGION 2
167
29.2444974 53.07051087
29.2400226 53.07056046
29.23876944 53.07865902
29.24039268 53.08313373
29.23892784 53.08404921
29.24052624 53.08762356
29.23535736 53.08947756
29.23694028 53.0926056
29.23626132 53.09485623
29.23482132 53.09666829
29.23651116 53.10338976
29.23136712 53.10614016
29.22986232 53.10570906
29.22764976 53.10662841
29.22613128 53.10574722
29.22394356 53.10756684
29.22397056 53.10846333
29.2166766 53.11437993
29.20316508 53.11182789
29.20604688 53.10820386
29.20079628 53.10736083
29.1993426 53.10872271
29.19333456 53.10743715
29.19117168 53.11015317
29.19791412 53.11098099
29.19872484 53.11322019
29.19732084 53.11637883
29.19384396 53.12540052
29.18259432 53.12371824
29.18254464 53.12192157
29.17352304 53.11976625
29.17363536 53.12380986
29.16689292 53.12297817
29.16648288 53.13511278
29.1411036 53.13581469
29.14203456 53.14254381
29.13538536 53.14530186
29.13696468 53.14843368
29.13994044 53.14795308
29.1416796 53.1569214
29.14856532 53.16269301
29.162115 53.16615297
29.16798012 53.16204834
29.1671964 53.16070941
29.17005912 53.15618898
29.17456632 53.15704344
29.18413908 53.15200425
29.18867292 53.1537552
29.18428056 53.15694426
29.18139264 53.1605682
29.17837908 53.15969853
29.17622556 53.16286473
29.17246428 53.1620064
29.17101852 53.16381459
29.17479312 53.16512679
29.1740724 53.16603093
29.17784484 53.16733935
29.17789668 53.16913602
29.18170944 53.17179489
29.1861936 53.17174908
29.18759904 53.16859053
29.184597 53.16817095
29.18230452 53.16639714
29.19177612 53.15776443
29.19328308 53.15819931
29.192562 53.15910336
29.19484152 53.16042708
29.197071 53.15995791
29.20009788 53.16127398
29.1928824 53.17033005
29.19890016 53.17161561
29.1960126 53.17523955
29.19150144 53.17438887
29.19080556 53.17619328
29.18628324 53.17489242
29.18335716 53.177166
29.19014748 53.17934418
29.1886902 53.18070606
29.1924666 53.18201448
29.19610224 53.17838289
29.19835656 53.17881012
29.19120228 53.19011304
29.19647412 53.19140625
29.19433392 53.19502263
29.20111452 53.19675063
29.20775616 53.19353871
29.20694364 53.19129942
29.19938868 53.18868258
29.202984 53.18370441
29.20598784 53.18412021
29.20966164 53.18183898
29.21569452 53.18357085
29.22151752 53.17811964
29.20413024 53.17156224
29.209221 53.16656877
29.2138596 53.17190937
29.21759604 53.17187121
29.21732316 53.16244128
29.22411348 53.16461559
29.22780996 53.16323094
29.2293702 53.16545871
29.23018452 53.16769791
29.22656616 53.17177581
29.22883416 53.17265322
29.22887412 53.1739998
29.22592356 53.17537689
29.22680268 53.17985916
29.22977844 53.17937847
29.22984504 53.18162541
29.2276152 53.18209836
29.22842988 53.18433765
29.23152552 53.1878967
29.23252308 53.19642258
29.225727 53.19424818
29.22280308 53.19652554
29.23110756 53.19913104
29.23113456 53.20003131
29.22829992 53.20545201
29.22170076 53.21001051
29.2129308 53.21729277
29.21748552 53.21949003
29.22478488 53.21312334
29.23415172 53.2008972
29.23695756 53.19457623
29.2397634 53.18825913
29.23801416 53.1797409
29.2357062 53.17752078
29.23709472 53.17391205
29.236149 53.16718293
29.2315464 53.16318891
29.23150644 53.16184233
29.23374924 53.16181947
29.23517592 53.15955732
29.24418276 53.16080859
29.24987976 53.15131377
29.25288 53.15172957
29.26089684 53.14490505
29.25936144 53.14357377
29.25788112 53.14403916
29.25557316 53.14181904
29.25330552 53.14094541
29.25257292 53.14140324
29.24949276 53.13829041
29.25245268 53.13735963
29.24939736 53.13514707
29.25390636 53.13599775
29.2582512 53.13145833
29.25971784 53.13054276
29.26121148 53.13052746
29.26269144 53.13006207
29.2581846 53.12921139
29.25526428 53.13148884
29.24845128 53.12841795
29.25494208 53.12071224
29.25333036 53.1166878
29.25107748 53.11626057
29.2508622 53.10907749
29.24786376 53.10865782
29.2470912 53.10776898
29.2447206 53.10330201
29.244627 53.10015867
29.2481442 53.09293365
29.2524336 53.08659747
29.2530996 53.08389666
29.25151452 53.08076862
29.24538804 53.07544323
29.2444974 53.07051087
47
29.27090448 53.12997441
29.26943784 53.13088611
29.27321244 53.13219453
29.27182752 53.13580326
29.27485476 53.13711546
29.27710908 53.13754269
29.28020472 53.14110183
29.28171348 53.14153293
29.28322044 53.14196781
29.28324708 53.14286421
29.28103452 53.14378743
29.28032892 53.14514157
29.27883528 53.14516065
29.27811636 53.14606479
29.280384 53.14693833
29.28115836 53.14782717
29.28269376 53.14915845
29.28348144 53.15049747
29.29182228 53.15444946
29.29402152 53.15307615
29.29248612 53.15174487
29.29613868 53.14900968
29.29677408 53.1454086
29.2990284 53.14583205
29.3056812 53.14351275
29.3055552 53.13947292
29.30779656 53.13944628
29.30786532 53.14169313
29.31086736 53.14210515
29.3109228 53.14390182
29.3206176 53.1433449
29.32199856 53.13973617
29.32423956 53.13970944
29.324169 53.13746259
29.31506712 53.13307572
29.30179392 53.13861468
29.29132476 53.13828276
29.28995532 53.14234158
29.29226508 53.14456179
29.28861432 53.14729689
29.2855986 53.146431
29.28620736 53.14193343
29.2847004 53.14150242
29.28067956 53.13211056
29.27763756 53.13034818
29.27543832 53.13172149
29.27090448 53.12997441
BRUSH(1,0)
REGION 1
121
31.09762296 54.1243287
31.0991166 54.12384036
31.09984524 54.12337119
31.10137308 54.12333303
31.10210172 54.12286386
31.103595 54.12237552
31.10734296 54.12137994
31.1080716 54.12091068
31.1116842 54.11812212
31.11241284 54.11765295
31.11161544 54.11722572
31.1100552 54.11681757
31.1092578 54.11638647
31.1084262 54.11550906
31.108392 54.11506275
31.10912064 54.11459358
31.10985108 54.11412432
31.11057972 54.11365893
31.11130836 54.11318976
31.112037 54.11272059
31.11273108 54.11180502
31.11349608 54.11178216
31.11498756 54.11129382
31.11415596 54.11042028
31.11263028 54.11045844
31.11183288 54.11003121
31.11107004 54.11005029
31.1103414 54.11051946
31.10961096 54.11098872
31.10811912 54.11147697
31.10735628 54.11149605
31.10655888 54.11106882
31.10576184 54.11063772
31.104999 54.11066058
31.10350716 54.11114892
31.10274432 54.111168
31.10204808 54.11208348
31.10208264 54.11253366
31.10287968 54.11296089
31.10291424 54.1134072
31.1021856 54.11387637
31.1014548 54.11434563
31.10069196 54.11436471
31.09992912 54.11438379
31.09840308 54.11442573
31.09764024 54.11444481
31.0968774 54.11446389
31.0961142 54.11448675
31.09535136 54.11450583
31.09379112 54.11409768
31.09302828 54.11411676
31.09226328 54.11413584
31.09146804 54.11370852
31.09143384 54.11325843
31.09216248 54.11279304
31.09209552 54.11189655
31.09206132 54.11144646
31.09278996 54.1109772
31.0935186 54.11050803
31.0934862 54.11006172
31.09345164 54.10961154
31.0926546 54.10918431
31.0918572 54.10875708
31.09109436 54.10877616
31.09033116 54.10879524
31.08877092 54.10838709
31.08804264 54.10885626
31.087314 54.10932543
31.0873464 54.10977183
31.08661776 54.110241
31.08588912 54.11071017
31.08595572 54.11160666
31.08599028 54.11205297
31.08526164 54.11252223
31.08529404 54.11296854
31.08532824 54.11341863
31.0845996 54.11388789
31.08386916 54.11435706
31.08234312 54.11439522
31.08158028 54.1144143
31.08081744 54.11443338
31.0800546 54.11445624
31.0792914 54.11447532
31.07776356 54.11451348
31.07700072 54.11453256
31.07623788 54.11455164
31.07547504 54.1145745
31.07467764 54.1141434
31.0739832 54.11506275
31.07401596 54.11550906
31.07405016 54.11595924
31.07411676 54.11685564
31.07415132 54.11730204
31.07494836 54.11773305
31.0765086 54.1181412
31.076541 54.1185876
31.07657556 54.11903769
31.07664216 54.11993418
31.07667672 54.12038049
31.07671092 54.12083058
31.07750832 54.12125781
31.07754072 54.12170799
31.07760912 54.12260439
31.07764152 54.12305457
31.07843892 54.1234818
31.07847312 54.12392811
31.08003336 54.12434013
31.08079656 54.12431727
31.0815594 54.12429819
31.0823568 54.12472542
31.08312144 54.12470634
31.08464748 54.12466818
31.08547908 54.12554559
31.08627612 54.12597282
31.08707352 54.12640005
31.08710592 54.12685023
31.08793752 54.12772755
31.08873492 54.12815478
31.0902606 54.12811671
31.09438728 54.12534759
31.09762296 54.1243287
BRUSH(1,0)
REGION 1
148
27.9463158 55.79060742
27.94783788 55.79203419
27.94863528 55.79248428
27.94943232 55.79248428
27.95022972 55.79248428
27.95182416 55.79248428
27.95262156 55.79248428
27.9534186 55.79293446
27.9542142 55.79293446
27.95501124 55.79293446
27.95660604 55.79293446
27.95740308 55.79293446
27.95820048 55.79248428
27.95899788 55.79248428
27.95979312 55.79203419
27.96138756 55.79158401
27.96218496 55.7911377
27.9629802 55.79023743
27.96218496 55.79023743
27.96138576 55.78844067
27.95979132 55.78619769
27.96457284 55.786644
27.96616548 55.78440093
27.96616368 55.78260426
27.95660028 55.78125759
27.95660028 55.77946092
27.95266332 55.77798078
27.9526158 55.77811434
27.95102136 55.77811434
27.94703868 55.77998733
27.94703868 55.78081128
27.94544424 55.78081128
27.94464864 55.78081128
27.9438516 55.78081128
27.9430542 55.78036119
27.9422568 55.77991101
27.9422568 55.77946092
27.9422568 55.77901461
27.9422568 55.77811434
27.94145976 55.77766803
27.94145976 55.77721785
27.94145976 55.77676776
27.94145976 55.77631758
27.94145976 55.77542118
27.94145976 55.774971
27.94066236 55.77452469
27.94145976 55.77407451
27.94145976 55.77362442
27.94145976 55.77272793
27.9422568 55.77227784
27.9430524 55.77182766
27.94384944 55.77138135
27.94384944 55.77093126
27.94384944 55.77003099
27.9422568 55.76958468
27.94145976 55.7691345
27.94145976 55.76868441
27.94145976 55.7682381
27.94145976 55.76778792
27.9430524 55.76733783
27.94384944 55.76688765
27.94464504 55.76644134
27.94544208 55.76599125
27.94623768 55.76554107
27.94783032 55.76509098
27.94862736 55.76464458
27.94942296 55.76419449
27.95022 55.76374431
27.9510156 55.76329422
27.9510156 55.76239773
27.95022 55.76194764
27.94942296 55.76150133
27.94862556 55.76105115
27.94783032 55.76060106
27.94783032 55.76015475
27.94703292 55.75970457
27.94703292 55.7588043
27.94623768 55.75970457
27.94464504 55.76015475
27.94384764 55.76060106
27.94384764 55.76105115
27.9430524 55.76150133
27.942255 55.76150133
27.9414576 55.76150133
27.93986496 55.76150133
27.93906972 55.76105115
27.93827232 55.76105115
27.93747708 55.76105115
27.93588444 55.76060106
27.93508704 55.76060106
27.93429 55.76015475
27.9334944 55.76015475
27.93269736 55.76015475
27.93110472 55.75970457
27.93030912 55.75970457
27.92951208 55.75970457
27.92871648 55.76015475
27.92791944 55.76060106
27.92791944 55.76105115
27.92791944 55.76150133
27.92712204 55.76239773
27.92712204 55.76284791
27.92712204 55.763298
27.9263268 55.76374431
27.926325 55.76419449
27.926325 55.76509098
27.92712204 55.76554107
27.92791764 55.76554107
27.92871468 55.76599125
27.92871468 55.76644134
27.92871468 55.76733783
27.92871468 55.76778792
27.92871468 55.76823423
27.92871468 55.76868441
27.92871468 55.7691345
27.92871468 55.77003099
27.92951028 55.77048108
27.92951028 55.77093126
27.93030732 55.77138135
27.93030732 55.77182766
27.93030732 55.77272793
27.93110292 55.77317433
27.93110292 55.77362442
27.93269556 55.77946092
27.9334926 55.78619769
27.94066416 55.78619769
27.94146156 55.7853012
27.94146156 55.78485111
27.94146156 55.78440093
27.94146156 55.78395462
27.94146156 55.78350453
27.9430542 55.78305435
27.9438516 55.78305435
27.94464864 55.78350453
27.94544604 55.78350453
27.94624128 55.78395462
27.94703868 55.78440093
27.94703868 55.7853012
27.94703868 55.78574751
27.94704048 55.78619769
27.94704048 55.78664778
27.94704048 55.78709796
27.94704048 55.78799436
27.94704048 55.78844454
27.94704048 55.78889085
27.94704048 55.78934094
27.94704048 55.78979112
27.9463158 55.79060742
BRUSH(1,0)
REGION 1
45
28.8404712 55.89334485
28.83649644 55.89427185
28.83498192 55.89787293
28.83258432 55.89789201
28.826172 55.89704133
28.82541456 55.89884187
28.82463444 55.89974592
28.818243 55.89979173
28.81739232 55.89755253
28.81180944 55.89804078
28.81265832 55.90027998
28.80866448 55.90031049
28.80952272 55.90299609
28.8055782 55.90526958
28.80476748 55.90482714
28.801611 55.90664676
28.79760564 55.90622331
28.7928792 55.90940094
28.79047188 55.90896984
28.78812216 55.91122821
28.79455752 55.91298294
28.79856288 55.91340252
28.79863344 55.91654586
28.80268092 55.9187622
28.80907632 55.91871639
28.80984672 55.91736225
28.81630332 55.92001347
28.819521 55.92088701
28.82107908 55.91907882
28.81702044 55.91641617
28.8185598 55.91370771
28.82095704 55.9136925
28.82098764 55.91503908
28.82497392 55.91456226
28.82412324 55.91232297
28.822464 55.90964124
28.82724948 55.90915677
28.82720772 55.9073601
28.83040416 55.90733715
28.83195108 55.90508274
28.83917628 55.90637586
28.84148964 55.90276722
28.84547412 55.90228653
28.84448628 55.89421083
28.8404712 55.89334485
BRUSH(1,0)
REGION 1
26
29.99506752 55.81522755
29.99122632 55.81798551
29.9845962 55.82842632
29.97592164 55.8303642
29.97850032 55.83391569
29.9831904 55.83203892
29.98483092 55.83291246
29.97672084 55.8456192
29.98471824 55.84593582
29.98959732 55.84765248
29.99196612 55.84716414
29.99426472 55.84532931
29.99661048 55.84439088
29.99733552 55.84303287
29.99327868 55.84175109
29.99634948 55.83945465
29.99794392 55.83942792
29.99864592 55.83761982
29.98968516 55.83417894
29.99270808 55.83098223
29.99756232 55.83224871
29.99826612 55.83044052
29.99498184 55.828701
29.99861136 55.82190321
29.99832732 55.81652067
29.99506752 55.81522755
BRUSH(1,0)
REGION 1
139
29.99982636 55.46710206
30.00142872 55.46752551
30.0022182 55.46751408
30.00303252 55.46794887
30.0030786 55.46884536
30.0023118 55.46930697
30.00152196 55.46932218
30.0015468 55.46976849
30.00159252 55.47066498
30.00161556 55.47111507
30.00141144 55.48234554
30.00222576 55.48278042
30.0030156 55.48276899
30.00380508 55.48275378
30.00459672 55.48274235
30.00617604 55.48271562
30.00694284 55.48225401
30.00770964 55.48179249
30.00849912 55.48177719
30.00931344 55.48221207
30.01010328 55.48220064
30.01087008 55.48173903
30.01163688 55.48127364
30.01240332 55.48081203
30.01317012 55.48035051
30.01391208 55.47943881
30.0138894 55.4789925
30.01386456 55.47854232
30.01305204 55.47810744
30.013029 55.47765735
30.01377096 55.47674943
30.01453776 55.47628782
30.01451508 55.47583773
30.01449024 55.47538755
30.01367772 55.47495267
30.01286304 55.47451779
30.01281552 55.47362139
30.012003 55.47318651
30.01197996 55.47273633
30.01116564 55.47230145
30.01111776 55.47140505
30.01109508 55.47095487
30.01028256 55.47051999
30.00946824 55.47008511
30.00865572 55.46965023
30.00860784 55.46874996
30.0085848 55.46830365
30.00856032 55.46785356
30.00853728 55.46740725
30.00851424 55.46695707
30.0092562 55.46604537
30.00923352 55.46559906
30.00921048 55.46514897
30.00997548 55.46468736
30.00995244 55.46423718
30.0106944 55.46332548
30.01148424 55.46331405
30.01304052 55.46283723
30.01301748 55.46239092
30.0129948 55.46194074
30.01375944 55.46147922
30.01294692 55.46104434
30.0128994 55.46014785
30.01287636 55.45969776
30.01285188 55.45924758
30.01282884 55.45880127
30.01201632 55.45836639
30.01196844 55.45746612
30.01115592 55.45703124
30.00957696 55.45705797
30.00881016 55.45751949
30.00804336 55.4579811
30.00727836 55.45844649
30.00651156 55.4589081
30.00572208 55.45891953
30.00495528 55.45938114
30.00337596 55.45940778
30.00256344 55.4589729
30.00177396 55.4589882
30.00019464 55.45901493
29.99717532 55.46175768
29.99687184 55.45592496
29.99979792 55.45138554
30.0037212 55.45087047
30.00601944 55.44948582
30.00513636 55.44770436
30.00664512 55.44633105
30.00822264 55.44630432
30.00970836 55.44448092
30.00483144 55.44186786
30.00253284 55.44325638
30.00339324 55.44458775
30.00262644 55.44504927
30.00425328 55.44592281
29.99967948 55.44914247
29.9973582 55.4500809
29.99649816 55.44874575
29.98953252 55.45155717
29.97604188 55.45043568
29.97595008 55.4486427
29.96724312 55.44833751
29.9673576 55.45058058
29.96974944 55.45098873
29.97146592 55.45365525
29.9779452 55.45669176
29.97648036 55.45896147
29.979801 55.46205135
29.98073016 55.4647293
29.97838404 55.46521755
29.97510912 55.46302416
29.97580716 55.46121975
29.97250956 55.45858005
29.97016344 55.45906452
29.97041688 55.46400066
29.96488944 55.46409228
29.95789536 55.46645352
29.95550352 55.46604537
29.95080948 55.46702196
29.95083252 55.46746827
29.9573118 55.47050478
29.9645136 55.47218319
29.96390736 55.47578814
29.96402184 55.47803112
29.97194688 55.47834774
29.9727594 55.47878262
29.97259704 55.47564315
29.97973044 55.4759712
29.98038096 55.47326661
29.98437696 55.47409821
29.99148768 55.47397995
29.99158092 55.47577671
29.99555388 55.47615813
29.99703996 55.47433473
29.99929428 55.4720535
29.9983158 55.46847537
29.98951164 55.46637729
29.9894886 55.46593098
29.99654964 55.46491245
29.99982636 55.46710206
BRUSH(1,0)
REGION 1
133
27.47936448 55.77456663
27.47856888 55.77456663
27.47776608 55.77501294
27.47696508 55.77545547
27.47615616 55.77635196
27.47535516 55.77679827
27.474552 55.77724458
27.47295396 55.77768711
27.47215656 55.77768324
27.47135556 55.77812955
27.47054664 55.77902604
27.46974564 55.77947235
27.46894248 55.77991866
27.46814148 55.78036497
27.46733868 55.78081128
27.46653192 55.78170399
27.46493136 55.78214643
27.4649256 55.78259661
27.4641246 55.78304292
27.4633218 55.78348923
27.46251288 55.78438572
27.46171188 55.78482816
27.46090872 55.78527447
27.46010592 55.78572087
27.45930492 55.78616718
27.45850176 55.78661349
27.45769896 55.7870598
27.45690732 55.78660584
27.45531468 55.78660206
27.45451728 55.78659819
27.45371448 55.7870445
27.45291132 55.78749081
27.45211608 55.78748703
27.45051588 55.78792956
27.44971848 55.78792569
27.44892108 55.78792191
27.44812404 55.78792191
27.44732844 55.78791813
27.445734 55.78791048
27.4449366 55.78790661
27.44413956 55.78790283
27.44334216 55.78790283
27.43304652 55.78292088
27.43063164 55.78470612
27.42824736 55.78424838
27.42506028 55.78423308
27.42344856 55.78557588
27.43218612 55.78785702
27.43217856 55.78830342
27.4329702 55.78875729
27.43296444 55.78920747
27.43375032 55.79010774
27.43294716 55.79055405
27.43214976 55.79055027
27.43135848 55.79009631
27.43055532 55.79054262
27.42976008 55.79053875
27.42815988 55.79098128
27.42815412 55.79143146
27.4289454 55.79188542
27.42893784 55.79233173
27.42893208 55.79278182
27.42892092 55.79368209
27.42811776 55.79412462
27.42891516 55.7941284
27.42971796 55.79368209
27.43051536 55.79368587
27.4321098 55.79369352
27.4329072 55.79369739
27.43370424 55.79370117
27.43450164 55.79370495
27.43529112 55.79415513
27.43688592 55.79416278
27.43768872 55.79371647
27.43848612 55.79372025
27.43928352 55.79372403
27.44008056 55.7937279
27.44168076 55.79328159
27.44247816 55.79328537
27.44327556 55.79328915
27.4440708 55.79329302
27.4448682 55.7932968
27.44646264 55.79330445
27.4472658 55.79285814
27.44806284 55.79285814
27.44886024 55.79286192
27.44966304 55.79241561
27.45125568 55.79242326
27.45205884 55.79197695
27.45285624 55.79198073
27.45365328 55.7919846
27.45445644 55.7915382
27.45605088 55.79154585
27.45684612 55.79154585
27.45764928 55.79109954
27.45844668 55.79110332
27.45924372 55.79110719
27.46004112 55.79111097
27.46163556 55.79111862
27.46243656 55.79067231
27.46323396 55.79067231
27.46484568 55.78933338
27.46644408 55.78889085
27.46644984 55.78844067
27.46725264 55.78799436
27.46805364 55.78754805
27.4680594 55.78709796
27.46886832 55.78620525
27.46966932 55.78575894
27.46967508 55.78530885
27.47047788 55.78486254
27.47207628 55.78442001
27.47287944 55.7839737
27.47368044 55.78352739
27.4744836 55.78308108
27.4752864 55.78263477
27.4760874 55.78218846
27.47689056 55.78174593
27.47769156 55.78129962
27.47929176 55.78085331
27.48009312 55.78040691
27.48089592 55.77996447
27.48169692 55.77951816
27.48250008 55.77907185
27.48409848 55.77862545
27.48410424 55.77817914
27.48410784 55.77772905
27.48331656 55.77727887
27.48252492 55.77682491
27.48173328 55.77637482
27.48094164 55.77592086
27.48015612 55.77502059
27.47936448 55.77456663
BRUSH(1,0)
REGION 1
107
27.08893188 55.62877653
27.08814816 55.62832257
27.08736408 55.62786861
27.08658036 55.62741087
27.08579628 55.62695691
27.085806 55.6265106
27.08501256 55.62650295
27.0842382 55.6255989
27.08424756 55.62515259
27.08425728 55.62470241
27.08426664 55.62425232
27.08427636 55.62380223
27.08428572 55.62335583
27.08113104 55.6224327
27.06676668 55.62592695
27.0658836 55.62996291
27.03959856 55.63381581
27.02518452 55.6390953
27.02428632 55.64358135
27.0290394 55.64406582
27.03134916 55.64722824
27.03931056 55.64638899
27.04474656 55.65181734
27.05199444 55.64737701
27.05278968 55.64738466
27.0543672 55.6478424
27.05516064 55.64785005
27.05594436 55.64830401
27.05673996 55.64831157
27.05752368 55.64876553
27.05911056 55.64877705
27.05990616 55.64878083
27.06068988 55.64923857
27.0663282 55.6456833
27.07347492 55.64573667
27.07431804 55.64349369
27.0639954 55.64342115
27.0623988 55.6438599
27.06166476 55.64115909
27.06088068 55.64070513
27.06008724 55.64070126
27.059292 55.6406937
27.05849856 55.64068983
27.05692104 55.64022831
27.0561276 55.64022066
27.05533236 55.64021679
27.05453856 55.64020923
27.05374512 55.64020536
27.05215644 55.64019393
27.051363 55.64018628
27.05056956 55.6401825
27.04977612 55.64017485
27.04898088 55.64017107
27.04740336 55.63970946
27.04660992 55.63970568
27.04582584 55.63924785
27.04504212 55.63879398
27.04505364 55.6383438
27.04427892 55.63743975
27.04587732 55.63700487
27.04668048 55.63656234
27.04748544 55.63611603
27.0482904 55.6356735
27.04988664 55.63523484
27.0506916 55.63479231
27.05148504 55.63479996
27.05308344 55.6343613
27.05468004 55.63392255
27.05547528 55.6339302
27.05627808 55.63348767
27.05708304 55.63304136
27.0578862 55.63259892
27.0594846 55.63216017
27.0602874 55.63171764
27.06187428 55.63172916
27.06346332 55.63174059
27.06425676 55.63174824
27.0650502 55.63175202
27.06663708 55.63176345
27.06743232 55.6317711
27.06821424 55.63222506
27.06979356 55.6326828
27.07056612 55.63358685
27.07055676 55.63403703
27.07134048 55.63449099
27.07213392 55.63449864
27.07293888 55.63405224
27.07374204 55.6336098
27.0737514 55.63315962
27.07456572 55.63227078
27.07457544 55.63182069
27.07537824 55.63137816
27.07538796 55.63092807
27.07698636 55.63048932
27.07778916 55.63004688
27.0785826 55.63005066
27.0793782 55.63005831
27.08017164 55.63006209
27.08175852 55.63007352
27.08254224 55.63052748
27.08333604 55.63053513
27.08412948 55.63053891
27.08492292 55.63054656
27.08652132 55.6301079
27.08732412 55.62966159
27.08812728 55.62921906
27.08893188 55.62877653
BRUSH(1,0)
REGION 1
22
26.63033688 55.38263706
26.6270922 55.38529584
26.62859736 55.38755799
26.62131708 55.39287186
26.62518708 55.39515687
26.62596144 55.39561461
26.62657164 55.40101245
26.62655652 55.40146254
26.63196192 55.40511321
26.6327514 55.40512086
26.63836272 55.40248485
26.63997084 55.40160366
26.64707184 55.40167998
26.64786132 55.40168763
26.64805212 55.39585113
26.64888588 55.3945122
26.63858412 55.39575195
26.63885124 55.3876686
26.63966952 55.38677976
26.6350554 55.38313674
26.63428104 55.382679
26.63033688 55.38263706
BRUSH(1,0)
REGION 1
139
27.61444872 55.62943272
27.61812396 55.63145826
27.61916148 55.63175202
27.61995132 55.63220598
27.62074476 55.63220598
27.6215364 55.63265607
27.62233344 55.63220976
27.62392428 55.63176732
27.62472168 55.63131714
27.62551872 55.63087083
27.62631612 55.63042452
27.62711352 55.62997821
27.6287058 55.6295319
27.6295032 55.62908559
27.6303006 55.62863919
27.6310998 55.62774279
27.63189684 55.62729648
27.63269028 55.62729648
27.63348588 55.62730026
27.63427536 55.62775044
27.6350652 55.62820053
27.63585648 55.62865071
27.63664632 55.62910458
27.63663876 55.63000107
27.63822744 55.63000485
27.63902484 55.62955854
27.63981828 55.62955854
27.64061532 55.62911223
27.64062108 55.62821583
27.6398316 55.62776565
27.6398352 55.62731556
27.63904392 55.62686538
27.63825408 55.62641142
27.63905508 55.62551502
27.63905904 55.62506871
27.63985428 55.62461853
27.63985824 55.62417222
27.64065564 55.62372591
27.64224036 55.624176
27.64303416 55.62417987
27.6438276 55.62417987
27.64462104 55.62418365
27.64541448 55.62418365
27.64700496 55.62374112
27.64700892 55.62329103
27.64780632 55.62284472
27.649395 55.62239841
27.65018664 55.6228485
27.65097612 55.62329868
27.65176776 55.62375264
27.652563 55.62330246
27.6533604 55.62285615
27.6541578 55.62240984
27.65495484 55.62196353
27.6549606 55.62106326
27.655758 55.62061695
27.65655504 55.62017064
27.65735064 55.61972046
27.65735424 55.61927415
27.6581556 55.61837766
27.6581574 55.61792757
27.658161 55.61747739
27.65737152 55.6170273
27.65657988 55.61657712
27.655794 55.61567685
27.65579616 55.61522676
27.65421288 55.61477658
27.65341944 55.6147728
27.6526224 55.61521911
27.6518286 55.61521911
27.65103336 55.61566542
27.64944648 55.61566164
27.64865124 55.61566164
27.6478578 55.61565777
27.64706796 55.61520768
27.64627452 55.6152039
27.6446916 55.61475372
27.64390176 55.61429976
27.64310832 55.61429976
27.64231488 55.61429598
27.64152144 55.61429598
27.63993456 55.61429211
27.63913716 55.61473851
27.63834372 55.61473851
27.63754668 55.61518482
27.63675324 55.61518095
27.6351624 55.61562726
27.63436896 55.61562348
27.63357156 55.61607357
27.63277812 55.61606979
27.63197892 55.61696628
27.63038808 55.61741259
27.62959464 55.61740872
27.62801172 55.61695485
27.62721828 55.61695485
27.62642484 55.61695098
27.62562744 55.61740116
27.6248304 55.61784747
27.62323956 55.61828991
27.62244612 55.61828991
27.62164872 55.61873631
27.62085528 55.61873631
27.62005788 55.61918262
27.618471 55.61917875
27.61767396 55.61962506
27.61688052 55.61962128
27.61608312 55.62006759
27.61528968 55.62006759
27.613701 55.62006381
27.61290756 55.62005994
27.61211412 55.62005994
27.61131672 55.62050625
27.61052328 55.62050247
27.60972984 55.62050247
27.60814296 55.62049869
27.60734952 55.62049482
27.60655608 55.62049104
27.60576264 55.62049104
27.6049728 55.62004086
27.60338592 55.6200333
27.60259248 55.6200333
27.60179904 55.62002943
27.6010038 55.62002943
27.60021036 55.62002565
27.59862312 55.62002178
27.59861952 55.62047196
27.59861556 55.62092205
27.59861196 55.62136845
27.59939748 55.62226872
27.60018732 55.62272259
27.6009768 55.62317277
27.60176664 55.62362286
27.60335172 55.62407682
27.60416784 55.62446976
27.60807996 55.62636183
27.60889608 55.62675477
27.60971652 55.62715149
27.61362648 55.62904356
27.61444872 55.62943272
BRUSH(1,0)
REGION 1
47
28.22981832 55.55503467
28.22665968 55.55639268
28.2250728 55.55594637
28.22427936 55.55594637
28.22113044 55.55864718
28.21954536 55.55865096
28.22031972 55.5559578
28.21952628 55.5559578
28.21476924 55.55551914
28.21081176 55.55597688
28.21081536 55.55642697
28.21241772 55.55911635
28.21166028 55.56406023
28.21483224 55.56450276
28.21405212 55.56629943
28.2085038 55.56586077
28.20767976 55.56137463
28.20371832 55.56138228
28.20215808 55.56497958
28.19502252 55.5645447
28.19027124 55.56500244
28.18552212 55.56591036
28.18475136 55.56950379
28.18238256 55.57085802
28.18556964 55.57354353
28.1911068 55.57173534
28.19348136 55.57128147
28.20378672 55.5717087
28.21329108 55.57079313
28.22121432 55.57032396
28.22437656 55.56941982
28.22595228 55.56806946
28.22594256 55.56672288
28.22118192 55.56583404
28.2164346 55.56674196
28.2156354 55.56584547
28.21563144 55.56539916
28.21562208 55.5640488
28.21799844 55.56404493
28.2243384 55.56402972
28.22513004 55.56402972
28.22432508 55.56223296
28.22511096 55.56133269
28.22747796 55.55998233
28.23379128 55.5563736
28.23299424 55.55592729
28.22981832 55.55503467
BRUSH(1,0)
REGION 1
203
28.60263828 55.48892211
28.59793668 55.491642
28.59236352 55.48942566
28.59157368 55.48942944
28.58846076 55.49259186
28.58375916 55.49531175
28.57359312 55.5025482
28.56971556 55.50750729
28.56102768 55.50844959
28.55473884 55.51117704
28.5523452 55.50984189
28.53191952 55.51982118
28.53112788 55.51982496
28.52236368 55.51582338
28.52235036 55.51492689
28.52312076 55.51357653
28.52469072 55.51266861
28.53026964 55.51533891
28.53344916 55.5162201
28.53423324 55.51576614
28.53499032 55.51351929
28.53419292 55.51307298
28.52863308 55.51175304
28.52463708 55.50907896
28.51837344 55.51359939
28.51760088 55.51494984
28.5280038 55.52253342
28.52564256 55.52344512
28.52014176 55.52616501
28.52095212 55.52750781
28.52016624 55.52796177
28.51466544 55.53068157
28.51546284 55.5311241
28.5233994 55.53243639
28.52655408 55.53152082
28.5296994 55.53015903
28.5312978 55.53105165
28.53210276 55.53194427
28.52975448 55.53375246
28.52976024 55.53420255
28.53214272 55.53463743
28.5345306 55.53552627
28.53924768 55.53325656
28.54238688 55.53144459
28.54317852 55.53144072
28.54475604 55.53098298
28.55967696 55.52327727
28.5596694 55.52282718
28.556469 55.52059941
28.56354912 55.517868
28.5619392 55.51607898
28.56113244 55.51518627
28.56585312 55.51336674
28.56743604 55.51335909
28.57062132 55.51468659
28.5730038 55.51512525
28.57694616 55.5142059
28.57774356 55.51465221
28.57465728 55.51960752
28.57545648 55.52005005
28.5865956 55.52358624
28.59852204 55.52666469
28.59854328 55.52801136
28.59697548 55.52891919
28.5953922 55.52892684
28.59073812 55.53479007
28.58916276 55.53524781
28.5844194 55.53572085
28.58444208 55.53706743
28.58687604 55.54064943
28.58689116 55.54154583
28.58532156 55.54245375
28.58375376 55.54335789
28.58855616 55.54647828
28.5917454 55.54780956
28.59253128 55.54735569
28.59565356 55.54464336
28.59164244 55.54152297
28.59476472 55.53881073
28.59793272 55.53879543
28.60027704 55.53698346
28.60184664 55.53607941
28.60342992 55.53606798
28.60580448 55.53605655
28.60579692 55.53560637
28.60650648 55.53066258
28.60807428 55.52975844
28.61124804 55.53018954
28.61204724 55.53063585
28.61130132 55.53333279
28.61210808 55.5342255
28.614483 55.53421398
28.6168518 55.53375246
28.61759556 55.53105165
28.6183872 55.53104778
28.62313848 55.53102114
28.62317664 55.53326799
28.6263828 55.53549576
28.62799848 55.537281
28.6272144 55.53773496
28.62329292 55.54000089
28.61857404 55.54182438
28.62098892 55.54405593
28.62100404 55.5449562
28.61629092 55.54722591
28.60842312 55.55041119
28.60444836 55.54953765
28.5997104 55.55046078
28.59575076 55.55047986
28.59416784 55.55048751
28.59338196 55.55094147
28.59421932 55.55363085
28.59424956 55.55542752
28.59190956 55.55768589
28.59270876 55.5581322
28.59429348 55.55812077
28.59667776 55.55855943
28.59510024 55.55901717
28.59352488 55.55947491
28.59036264 55.5599403
28.58958432 55.56084057
28.58963004 55.5635376
28.59122844 55.56442644
28.59360696 55.56441114
28.59597576 55.56394962
28.59594552 55.56215664
28.60068528 55.56123351
28.6187058 55.54945755
28.62184896 55.54809189
28.63049904 55.54445265
28.63129032 55.54444887
28.6352748 55.54577259
28.64076984 55.54304505
28.64154636 55.54214478
28.64232252 55.54124073
28.64546568 55.53987507
28.64784816 55.54030995
28.647873 55.54166031
28.64945592 55.54164888
28.65181536 55.54073718
28.65970224 55.53889461
28.66992012 55.53479385
28.680111 55.52934264
28.6902828 55.52299503
28.69183908 55.52163693
28.69422336 55.52207181
28.69500528 55.52161785
28.69735536 55.52025606
28.70049492 55.5188904
28.7020512 55.51753239
28.70518104 55.51571655
28.70359056 55.51527789
28.70119872 55.5143967
28.69723332 55.51396938
28.69326036 55.51309584
28.69088544 55.51311114
28.68692976 55.51313778
28.68538104 55.51494219
28.68220728 55.51451109
28.680624 55.51452252
28.67906016 55.51543044
28.67589396 55.51544952
28.67509476 55.51500321
28.67507748 55.51410672
28.67348664 55.51366806
28.67113692 55.51502607
28.6624242 55.51462935
28.65930732 55.51734159
28.66010868 55.5177879
28.66487328 55.51865766
28.67040432 55.51817706
28.67120352 55.5186195
28.6657218 55.52179722
28.6594812 55.52677152
28.65320388 55.52995302
28.63981836 55.53406908
28.6335162 55.53590391
28.63192572 55.53546147
28.63110168 55.53367236
28.62790308 55.53189468
28.62073908 55.52968599
28.61436096 55.52702712
28.61197848 55.52659224
28.61041068 55.52750016
28.60802064 55.5266151
28.61036496 55.524807
28.60798248 55.52436825
28.60404768 55.52573778
28.6008588 55.52440641
28.59767712 55.52352522
28.59610932 55.52443314
28.58894928 55.52222445
28.589733 55.52177427
28.59052464 55.52177049
28.59209244 55.52086257
28.59285348 55.51906203
28.59206184 55.5190659
28.58968908 55.51907733
28.58252904 55.51687242
28.58406084 55.51372143
28.5816726 55.51283268
28.60820388 55.49068836
28.60263828 55.48892211
BRUSH(1,0)
REGION 1
52
28.48357584 55.40014269
28.48043628 55.40150448
28.47966588 55.40285493
28.47730428 55.40331654
28.47256452 55.40288544
28.46787084 55.40605164
28.46470248 55.40516667
28.46078676 55.40742873
28.45525536 55.4070015
28.45528416 55.40924835
28.45211616 55.40836338
28.45129788 55.40612031
28.4496786 55.40298462
28.44573408 55.40299992
28.44577404 55.40614317
28.443411 55.40660091
28.4426118 55.40570829
28.4402484 55.40616612
28.44345672 55.41019443
28.441908 55.41244506
28.4466726 55.41467283
28.4482098 55.41152193
28.45057284 55.41106419
28.45609668 55.41104124
28.46086308 55.41326523
28.46008476 55.4141655
28.46248236 55.41640092
28.46249964 55.41775128
28.4656698 55.41863247
28.46569428 55.42042923
28.46727936 55.42087176
28.4696406 55.42041393
28.47200976 55.4204025
28.47359484 55.42084503
28.47517956 55.42128756
28.47754296 55.42082973
28.47752964 55.41992946
28.4751378 55.41814422
28.47591396 55.41724395
28.4853744 55.41630174
28.4869422 55.4153976
28.4861394 55.41450498
28.47820284 55.41139602
28.476612 55.4105034
28.47660624 55.41005322
28.47896784 55.40959548
28.48449888 55.41001893
28.48606488 55.40911488
28.48756968 55.40372082
28.48756392 55.40327073
28.48597344 55.40237811
28.48357584 55.40014269
BRUSH(1,0)
REGION 1
19
30.70280844 55.28849796
30.70223244 55.28857806
30.68968608 55.2922974
30.68518824 55.2955437
30.67977924 55.29701232
30.67663392 55.29708099
30.67587864 55.29755025
30.67298136 55.3012047
30.67301376 55.30165479
30.67776108 55.30199814
30.69596484 55.30338666
30.70458036 55.30274199
30.71593296 55.29619602
30.71709828 55.29032901
30.7162494 55.2894516
30.70980648 55.28734974
30.70503036 55.28656008
30.70432836 55.28792952
30.70280844 55.28849796
BRUSH(1,0)
REGION 2
109
30.7055052 55.40647509
30.70629324 55.40645601
30.70868868 55.40685273
30.70947636 55.40683365
30.7102662 55.40681835
30.71187396 55.40723037
30.71502504 55.40715792
30.71584512 55.40758893
30.7190304 55.40796657
30.71984868 55.40839767
30.72066876 55.4088249
30.72148884 55.409256
30.7231272 55.41011811
30.73047444 55.41354369
30.73381812 55.4161644
30.73388112 55.41706089
30.7347012 55.41748812
30.73552128 55.41791913
30.73630896 55.41790392
30.7370988 55.41788484
30.73782348 55.41696927
30.73857876 55.41650388
30.73933584 55.41603471
30.73930344 55.4155884
30.7392732 55.41513822
30.73845276 55.41471099
30.73760028 55.4138298
30.73756968 55.41338349
30.73753728 55.41293331
30.73750704 55.41248322
30.73826232 55.41201783
30.73980708 55.41153336
30.7389564 55.41065595
30.738924 55.41020586
30.73810392 55.40977476
30.73728384 55.40934753
30.7364634 55.40891643
30.73564332 55.40848542
30.73403556 55.4080734
30.73400496 55.40762331
30.73476024 55.40715792
30.73472964 55.40670774
30.73545468 55.40579604
30.73542228 55.40534595
30.73539168 55.40489964
30.73614696 55.40443038
30.73611636 55.40398407
30.73605156 55.40308758
30.73602096 55.40263749
30.73520088 55.40220639
30.7343808 55.40177538
30.73356072 55.40134815
30.73271004 55.40046696
30.731922 55.40048595
30.73110192 55.40005494
30.73034664 55.40052033
30.72952656 55.40008923
30.7279512 55.40012739
30.72716316 55.40014647
30.72719376 55.40059278
30.72722616 55.40104296
30.72728916 55.40193936
30.72653208 55.40240475
30.72656448 55.40285493
30.72659508 55.40330124
30.72662748 55.40375133
30.72669012 55.40464782
30.72672072 55.40509413
30.72675312 55.40554431
30.72678552 55.40599062
30.72681612 55.40644071
30.72609144 55.40735628
30.72527136 55.40692518
30.72445308 55.40649417
30.72363264 55.40606307
30.72281256 55.40563206
30.72278016 55.40518566
30.72271716 55.40428926
30.72268692 55.40383908
30.72265452 55.40339277
30.72183624 55.40296176
30.7210158 55.40253066
30.72016512 55.40165325
30.71934504 55.40122224
30.71852496 55.40079114
30.71770668 55.40036013
30.7168866 55.39992903
30.71606832 55.39949802
30.71524824 55.39906692
30.7144278 55.39863969
30.71285244 55.39867398
30.71291544 55.39957047
30.71215836 55.40003586
30.71140272 55.40050125
30.71143332 55.40095143
30.7122534 55.40138244
30.71310408 55.40225985
30.712347 55.40272902
30.7123794 55.40317533
30.71083464 55.4036598
30.7100448 55.40367888
30.70928952 55.40414427
30.70850184 55.40416335
30.707712 55.40417865
30.70616724 55.40466312
30.70619964 55.40511321
30.70544256 55.4055786
30.7054728 55.40602878
30.7055052 55.40647509
68
30.71997468 55.41019056
30.71994408 55.40974047
30.71751588 55.40889744
30.71357532 55.40898897
30.70878408 55.40819931
30.70481112 55.40784075
30.70487412 55.40873715
30.70493712 55.40963364
30.70414728 55.40964894
30.703329 55.40922162
30.70253952 55.40923692
30.7009638 55.40927508
30.70017612 55.40929029
30.69938664 55.40930937
30.69859896 55.40932845
30.69699084 55.40891265
30.69620316 55.40893173
30.69541548 55.40895081
30.6946278 55.40896602
30.69387072 55.4094315
30.69390096 55.40988159
30.69393156 55.41033177
30.69475164 55.410759
30.69553932 55.4107437
30.69632916 55.41072462
30.69790452 55.41069033
30.6986922 55.41067125
30.69948204 55.41065595
30.70026972 55.41063687
30.7010574 55.41061779
30.70263492 55.4105835
30.7034532 55.4110146
30.70424268 55.41099552
30.70503036 55.41097644
30.70581804 55.41096114
30.70739556 55.41092298
30.70818324 55.41090777
30.70897092 55.41088869
30.70972836 55.4104233
30.70969776 55.40997312
30.71045304 55.40950773
30.71124252 55.40948865
30.71203056 55.40947344
30.71363832 55.40988537
30.714426 55.40986629
30.71524608 55.41029739
30.71606652 55.41072849
30.7169172 55.41160581
30.71773728 55.41203691
30.71855556 55.41246792
30.71937564 55.41289902
30.72019572 55.41333012
30.72025872 55.41422652
30.7210788 55.41465762
30.72189888 55.41508863
30.72271932 55.41551586
30.72278196 55.41641613
30.72360024 55.41684345
30.72442068 55.41727446
30.72603024 55.41768648
30.72684852 55.41811749
30.7276686 55.41854859
30.72848904 55.4189796
30.7300338 55.41849522
30.73075884 55.41757965
30.72981276 55.41535566
30.728079 55.41315075
30.71997468 55.41019056
BRUSH(1,0)
REGION 1
218
29.597742 55.28504178
29.5969734 55.28550339
29.5962066 55.28596113
29.59542072 55.28597256
29.59384716 55.28599551
29.59306128 55.28600307
29.59229268 55.28646468
29.5915068 55.28647611
29.59071912 55.28648376
29.58914772 55.28650662
29.58995232 55.28694537
29.58918372 55.28740311
29.58841692 55.28786472
29.58764832 55.28832246
29.5876674 55.28877255
29.58847236 55.2892113
29.58849144 55.28965761
29.5892964 55.29009627
29.58933276 55.29099654
29.59013736 55.29143142
29.59015644 55.2918816
29.59017552 55.29233169
29.59098048 55.29277035
29.59101864 55.29366684
29.59103592 55.29411693
29.58946236 55.29413601
29.58869556 55.29459762
29.58792696 55.29505536
29.58715836 55.29551697
29.58796512 55.29595185
29.58877008 55.29639051
29.58957468 55.29682926
29.59037964 55.29726792
29.59197228 55.29769515
29.59277724 55.29813381
29.5935822 55.29857256
29.59438716 55.29901122
29.59519392 55.29944988
29.59599888 55.29988863
29.59759152 55.30031586
29.59839648 55.30075074
29.59916508 55.300293
29.59993188 55.29983517
29.60070048 55.29937365
29.60225496 55.29890439
29.60302356 55.29844287
29.60379036 55.29798504
29.60457804 55.29797361
29.605383 55.29841236
29.60618796 55.29885102
29.6077806 55.29927825
29.6085852 55.29971691
29.60860428 55.30016331
29.60785476 55.30107114
29.60708796 55.30153275
29.6055144 55.30155561
29.6047458 55.30201344
29.603979 55.30247118
29.6032104 55.3029327
29.6024418 55.30339053
29.6009064 55.30430988
29.60092548 55.30475997
29.60094456 55.30521015
29.60173044 55.30519863
29.60251812 55.3051872
29.603304 55.30517577
29.60409168 55.30516434
29.60568252 55.30559157
29.6064702 55.30558392
29.60725788 55.30557249
29.60804376 55.30556106
29.60883144 55.30554963
29.610405 55.30553055
29.61119088 55.30551912
29.61197856 55.30550769
29.61278352 55.30594635
29.6128026 55.30639266
29.61282168 55.30684284
29.61284076 55.30729293
29.61287676 55.30818942
29.61289584 55.30863951
29.61291492 55.30908582
29.612934 55.309536
29.61295308 55.30998609
29.61299124 55.31088258
29.61222264 55.31134419
29.61224172 55.3117905
29.61147312 55.31225202
29.61070632 55.31270985
29.6099568 55.31361768
29.6091882 55.31407929
29.60841924 55.31453703
29.60922636 55.31497578
29.61001188 55.31496426
29.61079992 55.31495283
29.61160668 55.31539158
29.61239256 55.31538006
29.61396612 55.31536098
29.6147538 55.31534955
29.6155224 55.31488803
29.61630828 55.31488038
29.61709596 55.31486895
29.61788364 55.31485752
29.6194572 55.31483457
29.62024308 55.31482314
29.62103076 55.31481549
29.62179936 55.31435397
29.62258524 55.31434254
29.6241588 55.31432346
29.62496556 55.31475834
29.62577232 55.315197
29.62657728 55.31563566
29.62738404 55.31607441
29.62816992 55.31606289
29.62974564 55.31604003
29.63051208 55.31558229
29.63128104 55.31512068
29.63204964 55.31466294
29.63281644 55.31420133
29.63279736 55.31375502
29.63277828 55.31330493
29.6327592 55.31285475
29.63193336 55.31196978
29.63191428 55.3115196
29.6318952 55.31107329
29.63187612 55.3106232
29.63107116 55.31018445
29.631033 55.30928805
29.63101392 55.30883787
29.63099484 55.30838778
29.63018808 55.3079529
29.630169 55.30750272
29.63013084 55.30660632
29.62932588 55.30616757
29.6293068 55.30571748
29.62928772 55.30527117
29.62924956 55.3043709
29.6284428 55.30393215
29.62842372 55.30348584
29.62840464 55.30303575
29.62838556 55.30258557
29.62756152 55.3017006
29.629116 55.30123134
29.6298828 55.30076982
29.6306514 55.30031208
29.63143728 55.30030056
29.63220588 55.29983904
29.63376036 55.29936978
29.63452716 55.29890826
29.63529576 55.29845043
29.63606256 55.29798891
29.63684844 55.29798126
29.63840292 55.29750822
29.63917152 55.29705048
29.63993832 55.29658887
29.64070512 55.29613113
29.64227868 55.29610827
29.64304728 55.29564666
29.64381408 55.29518892
29.64459996 55.29517749
29.64458088 55.29472731
29.6453286 55.29381939
29.64530952 55.2933693
29.64607812 55.29291156
29.64605904 55.29246138
29.64603816 55.29201507
29.6452332 55.29157641
29.64442824 55.29113766
29.64364056 55.29114918
29.64204792 55.29072186
29.64124296 55.2902832
29.64045708 55.29029463
29.63965032 55.28985597
29.63884536 55.28941731
29.6380404 55.28898243
29.63646684 55.28900142
29.63566008 55.28856663
29.63485512 55.28812788
29.6340696 55.28813931
29.63330064 55.28859714
29.63172924 55.28862
29.63096064 55.28907774
29.63019384 55.28953935
29.62940796 55.28955078
29.62785348 55.29001995
29.62708668 55.29048156
29.62631808 55.2909393
29.6255322 55.29095082
29.6247654 55.29140856
29.62319184 55.29143142
29.62240416 55.29144285
29.6215992 55.29100419
29.62077516 55.29011913
29.6199702 55.28968047
29.61916344 55.28924181
29.61835848 55.28880306
29.61755388 55.2883644
29.61678492 55.28882601
29.61601812 55.28928375
29.61446364 55.28975679
29.61367812 55.28976444
29.61290916 55.29022596
29.61210456 55.2897873
29.6112996 55.28934864
29.60970696 55.28892132
29.608902 55.28848266
29.60809704 55.28804778
29.60729208 55.28760912
29.60646804 55.28672028
29.60566344 55.28628162
29.60485632 55.28584287
29.60326584 55.28541564
29.60246088 55.28498076
29.60165592 55.2845421
29.60086824 55.28455353
29.60008236 55.28456118
29.59852788 55.28503422
29.597742 55.28504178
BRUSH(1,0)
REGION 1
37
29.32569324 55.33602903
29.31624216 55.33613586
29.31151788 55.33618923
29.31171804 55.34202573
29.30470668 55.3443489
29.30414976 55.35109332
29.29002948 55.35304641
29.28933324 55.35574722
29.28471192 55.35894015
29.28154356 55.35852813
29.28306024 55.35671238
29.27361852 55.35726543
29.27289204 55.35906984
29.26825344 55.36181637
29.26989 55.36359405
29.28009024 55.36213686
29.28325644 55.36254879
29.29353336 55.36333467
29.29578984 55.3601646
29.29341132 55.35974502
29.29113756 55.36246491
29.28709044 55.3593636
29.29015152 55.35663606
29.30210892 55.36054611
29.31596748 55.35095976
29.32466508 55.35176085
29.32786368 55.35306927
29.3333778 55.35300825
29.33643528 55.35027693
29.32283988 55.34459685
29.31653772 55.34466552
29.31647508 55.34286876
29.31801984 55.34195328
29.32038324 55.34192655
29.32104492 55.33832934
29.3249988 55.33873371
29.32569324 55.33602903
BRUSH(1,0)
REGION 1
57
27.4543074 55.35366822
27.4503096 55.35814284
27.4463748 55.35767745
27.44167896 55.35496143
27.43850916 55.35629658
27.43532568 55.35852813
27.43056684 55.3607559
27.432909 55.36256031
27.4408398 55.35900117
27.44396964 55.36080936
27.44868852 55.36172871
27.45344736 55.35950085
27.45815472 55.36131669
27.45813924 55.36266327
27.46128096 55.36357497
27.460476 55.36491777
27.45808416 55.36715697
27.45414144 55.36713789
27.448578 55.37070846
27.45170388 55.37296674
27.4413834 55.37831499
27.44844804 55.38103866
27.45003708 55.38014604
27.45560268 55.37657547
27.4587516 55.37703708
27.46583352 55.37841417
27.46822752 55.37617875
27.47059236 55.3761864
27.47293272 55.3784409
27.48002616 55.37891772
27.4792518 55.37756727
27.48480984 55.37444301
27.4911138 55.37491605
27.49193748 55.37177658
27.48642336 55.37130741
27.47773944 55.3721733
27.47539908 55.3699188
27.4825116 55.36859508
27.48100284 55.36275102
27.4912416 55.36368945
27.4943808 55.36504746
27.49278816 55.36639026
27.49906152 55.36955646
27.50222952 55.36822131
27.5069502 55.36913679
27.50855256 55.36689381
27.50620284 55.36553958
27.50543388 55.36373904
27.49365792 55.35920718
27.49686228 55.35472869
27.48661992 55.35424044
27.4834404 55.35647586
27.4810752 55.35646443
27.4779378 55.35510633
27.47318652 55.35688401
27.46533204 55.35461043
27.4543074 55.35366822
BRUSH(1,0)
REGION 1
50
27.98160552 55.16277318
27.98067276 55.16197209
27.97988508 55.15793226
27.97047036 55.1543427
27.97203636 55.15254594
27.97988112 55.15388874
27.97987932 55.15209198
27.97674192 55.15164567
27.97595388 55.14760206
27.9720324 55.14670566
27.9751644 55.1390724
27.9783 55.13951871
27.9782982 55.13727186
27.9751626 55.13682555
27.97515864 55.13278203
27.97751052 55.13233185
27.97672284 55.12829211
27.97358688 55.12829211
27.97280496 55.13098905
27.96810336 55.13143923
27.96810516 55.13547897
27.96810732 55.13862231
27.96732504 55.14131925
27.96575724 55.14221574
27.96340572 55.14311601
27.96262164 55.14491268
27.96105384 55.14535908
27.95791824 55.1485062
27.95399856 55.15209963
27.95686524 55.15314102
27.95949 55.15389252
27.96971328 55.15786359
27.9759636 55.16017911
27.97674948 55.1610756
27.97518168 55.16242218
27.98224452 55.16601561
27.98617176 55.17050553
27.98068032 55.17050553
27.97989264 55.16826246
27.97204572 55.16646579
27.97047792 55.16781237
27.97597116 55.16915895
27.97597296 55.17230229
27.98539164 55.17364887
27.98774136 55.17140202
27.99794772 55.17499158
27.99794376 55.17319491
27.98930916 55.17005535
27.98538192 55.16601183
27.98160552 55.16277318
BRUSH(1,0)
REGION 1
52
27.68754564 55.12218471
27.68752872 55.12488174
27.69301404 55.12489317
27.6929892 55.12893291
27.68358816 55.12801743
27.67657104 55.12261203
27.66873168 55.12304304
27.66948336 55.12753674
27.66867444 55.13112639
27.66319452 55.13021469
27.66239532 55.13246154
27.65456208 55.13154219
27.65293884 55.13917545
27.65998656 55.14053724
27.65918916 55.142334
27.6709536 55.14191055
27.67090608 55.14864732
27.66305916 55.14952851
27.6638202 55.15267185
27.6692886 55.1558304
27.67325004 55.15000155
27.6763878 55.1500092
27.68188284 55.14912036
27.68504508 55.1450844
27.68582916 55.14508818
27.68897232 55.14419556
27.69053472 55.14509583
27.68973336 55.14778899
27.68342976 55.15226748
27.6818562 55.15316388
27.6826248 55.15541073
27.682623 55.15586091
27.68261328 55.15720749
27.68260752 55.15810398
27.68574348 55.15856172
27.692856 55.15004349
27.69754968 55.15184781
27.69987852 55.1558952
27.70537932 55.15410996
27.70226676 55.15006257
27.71090136 55.1487312
27.7085628 55.14603039
27.70935624 55.14468768
27.71483616 55.14604191
27.71564472 55.14200208
27.71018208 55.13750073
27.7172604 55.13347242
27.71335224 55.1316681
27.70941348 55.13480379
27.69766992 55.13253786
27.69929136 55.12355802
27.68754564 55.12218471
BRUSH(1,0)
REGION 1
44
28.63795644 55.15865703
28.63561068 55.15912251
28.6348896 55.16271594
28.62168516 55.17042543
28.61853228 55.16954424
28.61927028 55.16684721
28.6114482 55.16823582
28.61149392 55.17093276
28.60914024 55.17094419
28.60917084 55.17274095
28.6091766 55.17319104
28.60604676 55.17365643
28.60606944 55.17500301
28.60216128 55.17592236
28.60218252 55.17726894
28.60061472 55.17727659
28.6006662 55.18041993
28.59754176 55.18133541
28.59834096 55.18222812
28.59601608 55.18404009
28.59918408 55.18581768
28.60152444 55.18490598
28.60008048 55.19255067
28.61184708 55.19203569
28.61958132 55.18525698
28.62115848 55.18569942
28.6211664 55.18614582
28.62347616 55.18344114
28.6211052 55.18255617
28.62419904 55.17984393
28.62732888 55.17937467
28.62569052 55.17534258
28.62956808 55.17262647
28.62720684 55.17219159
28.63186848 55.1694717
28.63264464 55.16901783
28.63423728 55.17035676
28.63811304 55.16764065
28.63652796 55.16674803
28.63884924 55.16493984
28.63884168 55.16448975
28.6411878 55.16402814
28.641924 55.1613312
28.63795644 55.15865703
BRUSH(1,0)
REGION 1
39
27.21964248 55.12389372
27.20944584 55.12428288
27.19593036 55.13452911
27.1958562 55.13857272
27.19040112 55.13674167
27.18017568 55.13847354
27.18170928 55.14028164
27.18721404 55.13941575
27.19417752 55.14440157
27.19490256 55.14754869
27.19718748 55.15115742
27.20732508 55.15436169
27.2080422 55.15795899
27.2151108 55.15755084
27.21607416 55.14767838
27.21847536 55.14499665
27.22153104 55.14950565
27.21832848 55.15308
27.22303404 55.15310673
27.22466088 55.14997482
27.22162824 55.14411546
27.22091868 55.14007185
27.22249404 55.13962932
27.22794156 55.14190677
27.23031792 55.1405754
27.22955688 55.13922117
27.23041332 55.13518521
27.23354928 55.13520429
27.23517216 55.1320686
27.22734252 55.1315727
27.22642128 55.13920596
27.22173516 55.13827896
27.22022244 55.13512419
27.2115918 55.13552478
27.21240792 55.1337318
27.21557808 55.13195421
27.21644208 55.12746807
27.21879396 55.12747959
27.21964248 55.12389372
BRUSH(1,0)
REGION 1
78
26.8441542 55.09727478
26.83782756 55.09946061
26.83761588 55.10709765
26.83526616 55.1070747
26.83374984 55.10526273
26.83219536 55.10480121
26.82810396 55.11105351
26.82024588 55.11187746
26.81942364 55.11322017
26.82010656 55.11681747
26.81851392 55.11770244
26.81697276 55.11679074
26.80434792 55.11981582
26.80344756 55.12385178
26.80109784 55.12382892
26.80108452 55.12427901
26.7963696 55.12468338
26.795637 55.12287906
26.79490656 55.12107465
26.79021828 55.12058262
26.79015348 55.1228256
26.78701788 55.12279509
26.78776344 55.1241531
26.79481512 55.12421799
26.79557436 55.12512204
26.80105968 55.1251755
26.8034094 55.12519836
26.80574796 55.12566753
26.81357184 55.12619016
26.82455652 55.12584303
26.8293456 55.12274172
26.83338732 55.11828609
26.83654776 55.11741642
26.83728036 55.11922074
26.83165932 55.12411116
26.82528876 55.12764744
26.82127008 55.13120271
26.82593532 55.13259123
26.84025396 55.12508775
26.84336472 55.12601475
26.83619892 55.12999347
26.83851228 55.13135913
26.84964564 55.12562181
26.84889792 55.12426758
26.85674664 55.12388994
26.85734748 55.13063049
26.85813156 55.13063814
26.861292 55.12976838
26.86687452 55.12622454
26.86771764 55.12398525
26.88808068 55.12461471
26.8935318 55.1260071
26.89597692 55.12243653
26.88753492 55.11562344
26.88132672 55.113327
26.8727094 55.11325077
26.87115492 55.11278538
26.87118912 55.11143871
26.86651416 55.11050037
26.86669524 55.1037636
26.86358628 55.1028366
26.8628274 55.10193255
26.8534908 55.0996056
26.84715084 55.10224152
26.84683044 55.1139183
26.84678256 55.11571506
26.84598552 55.1161575
26.8420698 55.11611934
26.8413354 55.11431889
26.84062584 55.11161421
26.8414956 55.10847852
26.84077452 55.10622789
26.84081088 55.10488131
26.84163096 55.10353851
26.84323512 55.10220714
26.84406852 55.10041812
26.84490012 55.09862901
26.8441542 55.09727478
BRUSH(1,0)
REGION 1
22
26.32029516 55.03435902
26.31546036 55.03788756
26.31231504 55.03829571
26.3075868 55.03913118
26.29791072 55.04618835
26.29776204 55.049778
26.29433808 55.05691914
26.30050452 55.05924987
26.29962936 55.06148529
26.30741508 55.06248852
26.30990988 55.05892947
26.312292 55.05805971
26.31469356 55.05674742
26.31171024 55.05311205
26.31176568 55.05176547
26.31642156 55.05272676
26.32040604 55.05098346
26.3290806 55.04930118
26.32917024 55.04705433
26.32320612 55.03978728
26.32180608 55.03572846
26.32029516 55.03435902
BRUSH(1,0)
REGION 1
32
30.79973592 55.00499346
30.79589832 55.00598148
30.79427544 55.00511928
30.787443 55.00797651
30.78629496 55.01384352
30.79257012 55.01414493
30.79018008 55.02453228
30.78184716 55.02832029
30.78853596 55.03445055
30.79403316 55.03477095
30.79884528 55.0364571
30.80450448 55.0390167
30.80609712 55.03942872
30.80990592 55.03799439
30.81670776 55.03468707
30.82051476 55.03324887
30.81144708 55.02672576
30.81122208 55.02358629
30.80484972 55.02194217
30.80668068 55.01471328
30.80899044 55.01420973
30.81448368 55.01452635
30.81838608 55.01443482
30.82618908 55.01425167
30.82537656 55.01382066
30.82446864 55.01204685
30.82437144 55.01070027
30.8226834 55.00894167
30.81266784 55.01097873
30.81172752 55.00875474
30.80389212 55.00848771
30.79973592 55.00499346
BRUSH(1,0)
REGION 1
78
29.23525044 55.2284775
29.23552512 55.22834016
29.2363092 55.22833251
29.2411404 55.23187257
29.2407894 55.2321243
29.24115372 55.23232266
29.24195472 55.23276519
29.24275392 55.23320385
29.2435398 55.23319629
29.2443102 55.23273846
29.24508096 55.23228072
29.24662392 55.23136524
29.24739468 55.23090741
29.24816508 55.23045345
29.24893584 55.22999571
29.24970624 55.22953797
29.250477 55.22908023
29.25203328 55.22861484
29.25280368 55.22815701
29.25357444 55.22769927
29.25434484 55.22724153
29.25510228 55.22633739
29.25587268 55.22587965
29.25585756 55.22542956
29.25505656 55.22499081
29.25427248 55.22499846
29.25347148 55.22455593
29.25267228 55.22411727
29.2510854 55.22368626
29.25030132 55.22369382
29.24950032 55.22325138
29.24870112 55.22281263
29.24790012 55.22237019
29.24710092 55.22193144
29.24708544 55.22148135
29.24627112 55.22059251
29.24547192 55.22014998
29.2454568 55.21970367
29.2446576 55.21926114
29.24464212 55.21881483
29.2438278 55.21792221
29.24381268 55.2174759
29.24301348 55.21703337
29.2422276 55.21704102
29.24065764 55.2170601
29.23988724 55.21751784
29.23910136 55.21752549
29.23831548 55.21753314
29.23753176 55.2175407
29.23596 55.21755978
29.2351896 55.21801761
29.23440552 55.21802517
29.23363296 55.218483
29.23206336 55.21849821
29.23127748 55.21850586
29.23050672 55.2189636
29.229723 55.21897125
29.22815124 55.21898655
29.22738084 55.21944429
29.22659496 55.21945194
29.22581088 55.21946337
29.2258242 55.21990968
29.22663888 55.2208023
29.226654 55.22124861
29.2274532 55.22169114
29.22746832 55.22213745
29.227482 55.22258763
29.22751044 55.22348403
29.22831144 55.22392656
29.22832476 55.22437665
29.22912612 55.2248154
29.22993864 55.22570415
29.23073964 55.22614668
29.23232472 55.22657778
29.23312392 55.22702022
29.23392492 55.22745897
29.23472412 55.2279015
29.23525044 55.2284775
BRUSH(1,0)
REGION 1
125
28.68200676 54.86693571
28.6734582 54.86788557
28.67034348 54.86790465
28.67040828 54.87149808
28.67041584 54.87194826
28.67120352 54.87239079
28.67121108 54.87284088
28.67200668 54.8737335
28.67201424 54.87418368
28.6720218 54.87463377
28.67202936 54.87508008
28.67203908 54.87553026
28.6720542 54.87642666
28.67284188 54.87687306
28.6728498 54.87732315
28.67363532 54.87776568
28.67364504 54.87821577
28.6728822 54.87911991
28.67288976 54.87956622
28.67367744 54.88001253
28.67523372 54.8800011
28.67601384 54.87999723
28.67679216 54.87999345
28.67757804 54.88043598
28.67836572 54.88088229
28.6791534 54.88132473
28.67994864 54.88222122
28.67995656 54.88266753
28.68074244 54.88311384
28.6807518 54.88356015
28.68153768 54.88400646
28.68155496 54.88490295
28.68156252 54.88535313
28.68157008 54.88580322
28.68157944 54.8862534
28.68002892 54.88671114
28.67924304 54.88626483
28.67923368 54.88581852
28.67922576 54.88536834
28.67843808 54.88492203
28.67842296 54.88402554
28.6784154 54.88357545
28.67762772 54.88313292
28.67683968 54.88268661
28.67604624 54.88179399
28.67526612 54.88179777
28.67448816 54.88180164
28.67449572 54.88225173
28.67529096 54.88314435
28.67607864 54.88359066
28.67686452 54.88403319
28.67687208 54.88448337
28.6768818 54.88493346
28.67767704 54.88582608
28.67768496 54.88627626
28.67847048 54.88671879
28.6784802 54.88716888
28.67538816 54.88853454
28.6738146 54.8876457
28.67301936 54.88675308
28.67145336 54.88631055
28.66751856 54.88409043
28.66517244 54.88365555
28.66439448 54.88365933
28.66283604 54.88366698
28.6621056 54.88636779
28.66603284 54.8881416
28.66452228 54.89084628
28.66374216 54.89085006
28.6661358 54.8939781
28.67555052 54.89751438
28.6770438 54.8939133
28.67859252 54.89345547
28.6762086 54.89077374
28.6769466 54.88852689
28.67773248 54.88896942
28.67852016 54.88941195
28.6800786 54.8894043
28.68086628 54.88985061
28.6816446 54.88984296
28.68242256 54.88983918
28.68320268 54.8898354
28.68476112 54.88982388
28.68474384 54.88892748
28.68396552 54.88893126
28.6831854 54.88893513
28.68240744 54.88894269
28.68162732 54.88894656
28.68007104 54.88895412
28.679283 54.88851168
28.67927544 54.8880615
28.6800462 54.88760754
28.68082416 54.88760376
28.68627744 54.88756947
28.68786036 54.8889084
28.68787584 54.8898048
28.69412616 54.890667
28.69723332 54.89019774
28.70039952 54.89287182
28.69963632 54.89377596
28.70199972 54.89510724
28.71837036 54.89545437
28.72144332 54.89318844
28.71519264 54.8923302
28.71363456 54.89234163
28.71438804 54.8909874
28.7221698 54.8904915
28.72212804 54.88824465
28.7314758 54.88818363
28.73142252 54.88549038
28.73141496 54.88504029
28.7275104 54.88461684
28.72437876 54.88373943
28.72207656 54.88555149
28.71895968 54.88557057
28.71739404 54.88513182
28.71966168 54.88152309
28.71652968 54.88064577
28.71262548 54.88022232
28.72190268 54.87657165
28.71326844 54.87303159
28.70852076 54.86901858
28.7085114 54.86857227
28.68438348 54.86916735
28.68200676 54.86693571
BRUSH(1,0)
REGION 1
46
28.07271 54.74558259
28.07426448 54.74603268
28.0789146 54.74333187
28.07813448 54.74243547
28.0774746 54.74167632
28.07269488 54.74064258
28.07191656 54.74019627
28.06803324 54.73929978
28.07189928 54.7343559
28.06956684 54.73256301
28.06878672 54.73166652
28.07575596 54.72671886
28.07342532 54.72582246
28.07264916 54.72537228
28.0757466 54.72357561
28.07264124 54.72267912
28.0703106 54.72223281
28.0664424 54.72583011
28.06566804 54.72672651
28.06799904 54.727623
28.0656756 54.72942354
28.06567776 54.72987363
28.0625706 54.72852705
28.06179048 54.72763065
28.06178292 54.72448731
28.06255332 54.72269055
28.05401808 54.72224811
28.0524654 54.72224811
28.05091848 54.72449496
28.05014808 54.72629163
28.04704272 54.7262955
28.0447254 54.7307892
28.0501632 54.73258209
28.05171768 54.73347858
28.05171984 54.73392489
28.052496 54.73437498
28.05095484 54.73886868
28.04784948 54.73886868
28.04707908 54.74066544
28.05096636 54.7433586
28.05096816 54.74380878
28.05950916 54.74469753
28.06028748 54.74514771
28.06338888 54.74379726
28.0649394 54.74289699
28.07271 54.74558259
BRUSH(1,0)
REGION 1
22
27.7536906 54.89280702
27.75601008 54.89685063
27.75913056 54.89595792
27.7614612 54.89775846
27.76067928 54.89820864
27.77624712 54.90272142
27.77938272 54.89823528
27.77549544 54.89598465
27.77705748 54.89508816
27.78561972 54.89779284
27.78796764 54.89510346
27.78018552 54.892395
27.781767 54.88700868
27.77631552 54.88655094
27.77474772 54.88879779
27.76775364 54.88474275
27.7591896 54.88338474
27.75762756 54.88427736
27.75374208 54.88202664
27.7506162 54.88426971
27.75604428 54.88966755
27.7536906 54.89280702
BRUSH(1,0)
REGION 1
11
30.193308 54.83671191
30.19004424 54.84799953
30.20045292 54.85319901
30.19912344 54.85726548
30.20855508 54.85888674
30.21274368 54.85027311
30.22523676 54.85093686
30.23255556 54.84271626
30.22543152 54.84060288
30.22445304 54.83702853
30.193308 54.83671191
BRUSH(1,0)
REGION 1
97
29.71456344 54.79656984
29.70757116 54.7966728
29.70679464 54.79668423
29.70390132 54.80166627
29.7039204 54.80211258
29.70256032 54.80662536
29.6971416 54.80715177
29.69523828 54.79909515
29.69599536 54.79863354
29.68902396 54.7991829
29.68004592 54.80739594
29.680065 54.80784603
29.6694144 54.81338499
29.66865732 54.8138466
29.6742114 54.81646344
29.67497064 54.81600192
29.67572772 54.81554409
29.67646788 54.81463239
29.67722496 54.81417465
29.6779842 54.81371304
29.6795178 54.81324387
29.68027704 54.81278226
29.68103412 54.81232452
29.68179336 54.81186291
29.68253136 54.81095508
29.68330752 54.81094356
29.68408584 54.81093213
29.6856594 54.81135945
29.68643556 54.81134793
29.68721388 54.8113365
29.68799004 54.81132507
29.68876836 54.81131364
29.68954452 54.81130221
29.691099 54.81127926
29.69187552 54.81126783
29.69265348 54.81126018
29.69343 54.81124875
29.69420832 54.81123732
29.69578188 54.81166077
29.69657712 54.81209943
29.69739324 54.81298827
29.69817156 54.81297684
29.69898588 54.81386181
29.6982288 54.81432342
29.69824788 54.81476973
29.6974908 54.81523134
29.69750988 54.81568143
29.698326 54.81656649
29.6991234 54.81700515
29.69991864 54.81744003
29.69993988 54.81789021
29.69995896 54.8183403
29.7007542 54.81877518
29.7015516 54.81921384
29.70232956 54.81920241
29.70390312 54.81962964
29.70467964 54.81961821
29.7054576 54.81960678
29.70623412 54.81959535
29.70701208 54.81958392
29.70854748 54.81911466
29.70930492 54.81865314
29.710062 54.81819153
29.71004292 54.81774522
29.7108 54.81728361
29.7107622 54.81638721
29.71151928 54.8159256
29.71305468 54.81545643
29.71383084 54.81544491
29.71458828 54.81498339
29.71534716 54.81452178
29.7161046 54.81406404
29.71763784 54.813591
29.71843524 54.81402966
29.71919268 54.81356814
29.71929168 54.81581112
29.72010816 54.81669996
29.72104272 54.82027818
29.7187308 54.82076265
29.71673208 54.82842633
29.7215748 54.83239749
29.72930904 54.83138661
29.728197 54.82376865
29.72817612 54.82331847
29.72646324 54.81975177
29.72644416 54.81930159
29.7302112 54.81655119
29.72855952 54.81433107
29.71995156 54.81311031
29.72062872 54.81085203
29.72060964 54.81040572
29.71415916 54.80510715
29.71338084 54.80511858
29.71716876 54.80281827
29.71320516 54.80107884
29.71458252 54.79701993
29.71456344 54.79656984
BRUSH(1,0)
REGION 1
14
29.33454132 54.86707305
29.333151 54.86762997
29.34410652 54.87370299
29.34796716 54.87276078
29.34873 54.87230304
29.34782784 54.86872104
29.34779724 54.86782455
29.34851256 54.86602023
29.34927576 54.86555862
29.34608472 54.86334993
29.3453064 54.86336136
29.3376006 54.86569596
29.33761608 54.86614227
29.33454132 54.86707305
BRUSH(1,0)
REGION 1
180
29.16404532 54.86845401
29.1721536 54.86405184
29.16929052 54.86166765
29.1685122 54.8616753
29.17771704 54.85708998
29.18000988 54.85572054
29.17763532 54.85439682
29.18282112 54.84580992
29.18432232 54.84399795
29.18503188 54.84174732
29.18501856 54.84129714
29.1936168 54.84255606
29.19439512 54.84254841
29.19606012 54.84612276
29.1960756 54.84657294
29.196144 54.84881979
29.19615732 54.8492661
29.19546324 54.85197069
29.19547656 54.852417
29.20404996 54.85277943
29.20481496 54.85232169
29.20625892 54.84871296
29.20699512 54.84735873
29.21169096 54.84820941
29.21324724 54.84819033
29.21477508 54.84727863
29.21554008 54.84682089
29.21692644 54.8414154
29.216898 54.840519
29.2144662 54.83740239
29.21366124 54.83650977
29.21288292 54.83651733
29.21211828 54.83697516
29.21133996 54.83698272
29.2105638 54.83699037
29.20900716 54.83700945
29.2082292 54.8370171
29.207466 54.83747484
29.20668804 54.83748249
29.20590972 54.83749014
29.20434012 54.83705526
29.2043268 54.83660895
29.20353516 54.83616642
29.20274352 54.83572776
29.20271508 54.83482749
29.20192344 54.83438874
29.2011318 54.83394621
29.20111848 54.83349612
29.20031172 54.83260728
29.19954888 54.83306502
29.19877812 54.83314899
29.1972276 54.83331297
29.1956652 54.83347704
29.1948948 54.83356092
29.19251808 54.83223729
29.19175704 54.83269503
29.19177072 54.83314521
29.19020076 54.83271033
29.18942244 54.83271789
29.18861784 54.83182914
29.18783952 54.8318367
29.18704788 54.83139426
29.1854934 54.83141325
29.18550672 54.83185965
29.18474388 54.83231739
29.1847572 54.83276748
29.18477052 54.83321766
29.18400588 54.83367162
29.18403432 54.83457189
29.18404764 54.8350182
29.18406096 54.83546829
29.18329812 54.83592612
29.18331144 54.83637621
29.18374812 54.83794401
29.1840876 54.8391609
29.18419848 54.83995821
29.18342016 54.83996586
29.18264184 54.83997342
29.18186568 54.83998107
29.18109708 54.83990097
29.180889 54.83987811
29.17873008 54.83965302
29.17796148 54.83957292
29.17482768 54.839241
29.17405908 54.8391609
29.1740724 54.83961108
29.17408572 54.84006117
29.17411236 54.84095766
29.17412568 54.84140784
29.1741408 54.84185793
29.17337616 54.84231189
29.17338948 54.84276198
29.17341612 54.84365847
29.17265328 54.84411621
29.17188828 54.84457404
29.17111032 54.8445816
29.17034532 54.84503943
29.16878904 54.84505464
29.16802404 54.84551238
29.16724788 54.84552003
29.16648288 54.84597399
29.16571824 54.84643173
29.16573156 54.84688191
29.16652284 54.84732444
29.1657582 54.84777831
29.1649932 54.84823614
29.16423036 54.84869388
29.1626874 54.84915927
29.16190908 54.84916692
29.16114444 54.84962088
29.16036612 54.84962844
29.15882316 54.85009383
29.15962776 54.85098267
29.15964144 54.85143285
29.15965476 54.85188294
29.15966808 54.85233312
29.1596814 54.85277943
29.15970984 54.8536797
29.15972316 54.85412601
29.1589452 54.85413366
29.1581802 54.8545914
29.15740188 54.85459905
29.1558456 54.85461426
29.15508096 54.85507209
29.15430264 54.85507965
29.15353764 54.85553748
29.15199468 54.855999
29.15121636 54.85600665
29.15045172 54.85646439
29.1496734 54.85647204
29.14811712 54.85648734
29.1473388 54.8564949
29.14735212 54.85694508
29.1466008 54.85784913
29.14661412 54.85829931
29.14662564 54.8587494
29.14663896 54.85919571
29.14587396 54.85965354
29.1459006 54.86055381
29.14591392 54.86100012
29.1459276 54.86145021
29.14594092 54.86190039
29.14517592 54.86235426
29.1443976 54.86236191
29.14284132 54.86237721
29.142063 54.86238486
29.14128504 54.86239242
29.14052004 54.86285025
29.13976656 54.8637543
29.14056 54.86419683
29.14057152 54.86464692
29.14058484 54.8650971
29.14059816 54.86554341
29.13984684 54.86645133
29.14063848 54.86688999
29.14141644 54.86688234
29.14220808 54.86732487
29.1429882 54.86731722
29.14376652 54.86730957
29.1453228 54.86729436
29.14610112 54.86728671
29.14686576 54.86682897
29.14764408 54.86682132
29.14920252 54.86680602
29.14996716 54.86634828
29.15074548 54.86634063
29.15152344 54.86633307
29.15228844 54.86587911
29.15384472 54.86586381
29.15462304 54.86585616
29.15540316 54.8658486
29.15618148 54.86584095
29.15695944 54.8658333
29.15851608 54.86581422
29.15930736 54.86625675
29.16008568 54.8662491
29.160864 54.86624145
29.1624354 54.86667633
29.16321372 54.86666877
29.16404532 54.86845401
BRUSH(1,0)
REGION 1
40
29.13093936 54.64153287
29.1270942 54.64246752
29.12963868 54.65007783
29.13042636 54.65052036
29.1304512 54.65141676
29.13123888 54.65185929
29.1312522 54.65230938
29.13126552 54.65275578
29.13206472 54.6536484
29.13361344 54.6536331
29.13440148 54.65407185
29.13518916 54.65451429
29.13597684 54.65495682
29.13676452 54.65539935
29.13831324 54.65538405
29.13910092 54.65582271
29.1398868 54.65626524
29.14067448 54.65670777
29.14144884 54.65670012
29.14223688 54.65713878
29.14379892 54.65757366
29.1445866 54.65801619
29.14536096 54.65800854
29.14614864 54.65844729
29.146923 54.65843964
29.14847172 54.65842434
29.14924608 54.65841678
29.15003412 54.65885922
29.15080848 54.65885166
29.15158284 54.65884401
29.15223876 54.65479662
29.15222544 54.65434644
29.14360236 54.65084076
29.14204032 54.65040588
29.13966576 54.64863207
29.1358584 54.65091708
29.13429636 54.6504822
29.133522 54.65048985
29.13096636 54.64242936
29.13093936 54.64153287
BRUSH(1,0)
REGION 1
20
30.50397864 54.6670647
30.49571808 54.67128372
30.49170876 54.66912075
30.49096104 54.66958614
30.484827 54.67061232
30.4893972 54.68174748
30.48793236 54.68312457
30.48436944 54.6881409
30.48525432 54.68991849
30.48860556 54.69388965
30.49270056 54.69739911
30.49749 54.699543
30.5027694 54.69718554
30.50672724 54.69844815
30.51183708 54.69340131
30.50928864 54.68986134
30.51270684 54.68260194
30.5076942 54.6768684
30.51564408 54.66771702
30.50397864 54.6670647
BRUSH(1,0)
REGION 1
168
30.38972472 54.46729656
30.38895612 54.46731186
30.38433444 54.46740339
30.38003172 54.47288133
30.37952808 54.47738268
30.37910256 54.48323061
30.37838544 54.48414231
30.37689792 54.48507309
30.37540824 54.48600009
30.37153068 54.48562623
30.3692436 54.48612213
30.36855312 54.48748401
30.37014756 54.4883499
30.37793364 54.48954393
30.37952808 54.49040982
30.37748148 54.49494168
30.37750812 54.49539186
30.38141448 54.49620816
30.38075064 54.49802013
30.37772196 54.49897764
30.37384044 54.49860765
30.37298976 54.49727628
30.3698808 54.49689099
30.3653088 54.49787901
30.36227796 54.4988403
30.36233124 54.49973679
30.36081492 54.50021748
30.36020292 54.50292207
30.35791764 54.50341797
30.35645496 54.50479506
30.357252 54.50522616
30.36110688 54.50514984
30.36964032 54.50587848
30.37046436 54.50675967
30.36977208 54.50812146
30.36823092 54.50815197
30.35818116 54.50790402
30.35358036 54.50844573
30.353634 54.50934222
30.35368728 54.51023862
30.35602584 54.51064299
30.35759544 54.51105879
30.3577002 54.51285555
30.35924136 54.51282504
30.36854736 54.51353838
30.37184532 54.51706314
30.37511628 54.52014159
30.374424 54.52150347
30.37128624 54.520668
30.36344148 54.51858135
30.36192516 54.51905826
30.36285576 54.52173612
30.3676416 54.52433397
30.37881276 54.53039934
30.3796368 54.53128053
30.38046264 54.53216172
30.382803 54.53256609
30.39153084 54.53643033
30.39384456 54.53638461
30.39538752 54.5363541
30.39533424 54.53545761
30.391182 54.5305977
30.39110172 54.5292549
30.39187248 54.52923969
30.3995322 54.528183
30.40104852 54.52770618
30.40171236 54.52589421
30.40091532 54.52546311
30.3985998 54.52550892
30.39168564 54.52609635
30.38617908 54.52441029
30.38375844 54.52266312
30.38367852 54.52131654
30.39373224 54.52156449
30.39753348 54.5205879
30.40051068 54.51873399
30.40412508 54.51461793
30.40883244 54.51586911
30.41274276 54.5166855
30.41210556 54.51894756
30.41221428 54.52074054
30.41455464 54.52114104
30.4152984 54.52067943
30.41667936 54.51795576
30.41745012 54.51794055
30.42058932 54.51877215
30.42072504 54.52101513
30.42019656 54.52507017
30.42104904 54.52639767
30.42669312 54.5303268
30.42597564 54.53123859
30.42459504 54.53396226
30.42539388 54.53439714
30.42616644 54.53438184
30.42919728 54.53342055
30.42999648 54.53385165
30.4301052 54.53564832
30.42861552 54.53657532
30.4280892 54.54063036
30.42894168 54.54195786
30.43131048 54.54280854
30.43219176 54.54458622
30.4302312 54.55046844
30.42895896 54.55498509
30.42984024 54.55676268
30.431385 54.55673217
30.43212876 54.55626678
30.43356336 54.55443951
30.43951992 54.55072404
30.44103624 54.55024335
30.44566548 54.55014804
30.447954 54.54965214
30.44784348 54.54785916
30.44550132 54.54745866
30.44470212 54.54702378
30.44544588 54.54656217
30.44767968 54.545166
30.44845188 54.54515079
30.45159324 54.54598617
30.45313656 54.54595188
30.45553416 54.54724887
30.45859344 54.54673767
30.45930876 54.54582597
30.46065912 54.54265212
30.46209156 54.54082485
30.46203792 54.53992845
30.46109976 54.53725437
30.45589452 54.5279274
30.45652776 54.52566912
30.45567528 54.52433775
30.4507998 54.52039719
30.447441 54.51597594
30.44196144 54.51473997
30.4419078 54.51384357
30.44259648 54.51248169
30.4448814 54.51198579
30.44477268 54.5101929
30.44543472 54.50838093
30.44617848 54.50791554
30.447693 54.50743485
30.44907 54.50471118
30.45273192 54.50149152
30.4518528 54.49971393
30.45088944 54.49658967
30.44125944 54.49050144
30.44037996 54.48871998
30.44026944 54.486927
30.438675 54.48606111
30.43325412 54.48572541
30.43099584 54.48666762
30.4319574 54.48979188
30.43044288 54.49027248
30.428793 54.4885101
30.42640116 54.48721311
30.41877564 54.48871611
30.41723448 54.48874662
30.41247564 54.48659895
30.41173188 54.48706056
30.40870464 54.48802185
30.40793424 54.48803715
30.4055406 54.48674007
30.40245828 54.48680118
30.40158096 54.4850235
30.39823152 54.48059847
30.3956262 54.47571183
30.38988492 54.46998594
30.39054876 54.46817784
30.38972472 54.46729656
BRUSH(1,0)
REGION 1
42
30.31888968 54.46915434
30.31734852 54.46918485
30.31208604 54.47153088
30.30900372 54.47159199
30.30430428 54.47033694
30.30356016 54.47079846
30.30286788 54.47216034
30.30990408 54.47381976
30.31691544 54.47503278
30.31850808 54.47589876
30.31635096 54.47863386
30.3148098 54.47866437
30.3069762 54.47657394
30.30140304 54.47353743
30.30065928 54.47399904
30.30153264 54.4757805
30.3016356 54.47757339
30.3017634 54.47982024
30.30415344 54.4811211
30.306465 54.48107529
30.3103944 54.48234555
30.31121628 54.48322674
30.310524 54.48458862
30.31134588 54.48546981
30.31447968 54.48630906
30.31910316 54.48621753
30.32064432 54.48618702
30.322134 54.48526002
30.32203104 54.48346326
30.3296832 54.48241809
30.33040248 54.48150252
30.33037584 54.48105621
30.32415972 54.48027798
30.32413488 54.47983167
30.32397828 54.47713851
30.32464392 54.47533032
30.32695584 54.4752846
30.32762148 54.47347263
30.32757 54.47257614
30.32364096 54.47130588
30.32284356 54.470871
30.31888968 54.46915434
BRUSH(1,0)
REGION 1
38
30.28043124 54.30589029
30.27889764 54.30591702
30.27664692 54.30685923
30.27672144 54.30820581
30.27807144 54.31025466
30.28348296 54.31841865
30.28927248 54.32587668
30.29303556 54.32843466
30.297987 54.3306492
30.30342444 54.33194448
30.31041096 54.33315372
30.31358472 54.33488937
30.31808796 54.33300486
30.31803648 54.33210846
30.31394112 54.32769486
30.31140636 54.32370471
30.31063956 54.32372001
30.30685164 54.32468895
30.30232392 54.32612715
30.29999472 54.32572278
30.29679612 54.32353695
30.29595336 54.32220945
30.29669532 54.32174406
30.29738544 54.32038218
30.2923728 54.3132945
30.29232348 54.31239423
30.29459868 54.3119022
30.29457384 54.3114558
30.29280948 54.30744657
30.29196672 54.30611529
30.2889474 54.3070728
30.28899888 54.3079692
30.28905036 54.30886569
30.2860062 54.30937311
30.28521276 54.30894201
30.28362768 54.30807225
30.281301 54.30766797
30.28043124 54.30589029
BRUSH(1,0)
REGION 1
84
30.68594352 54.56112291
30.68214408 54.56210706
30.68143272 54.56302263
30.68318556 54.56612781
30.68253504 54.56793978
30.68027892 54.56888577
30.67234992 54.5659218
30.67157952 54.56594088
30.66941268 54.56823345
30.66570108 54.57056427
30.66653268 54.57144168
30.66971004 54.57271959
30.67202772 54.57266613
30.6767196 54.57345966
30.68147088 54.5751495
30.67930404 54.57744594
30.67853364 54.57746124
30.67773048 54.57703014
30.67223544 54.57580569
30.6676044 54.57591252
30.66611868 54.5768433
30.66154668 54.57784275
30.66080472 54.57830814
30.66172596 54.58053591
30.66326892 54.58050153
30.66543756 54.57820509
30.66772284 54.57770541
30.66855444 54.57858273
30.66793236 54.58084488
30.66285528 54.58589937
30.66674616 54.58626171
30.66980544 54.58574295
30.67048836 54.58438107
30.67126092 54.58436199
30.67443864 54.58563999
30.676014 54.58605192
30.67536168 54.58786389
30.67619328 54.58874508
30.67699608 54.58917618
30.6785412 54.58914189
30.67996392 54.58731075
30.68067744 54.58639527
30.6822222 54.58636089
30.68982324 54.58439259
30.69585036 54.58201218
30.69727308 54.58018113
30.69644148 54.57930372
30.69097704 54.57852936
30.68165016 54.57783888
30.68233308 54.57647709
30.68542116 54.57640842
30.69320292 54.57712932
30.6971226 54.57793806
30.70196712 54.58097457
30.70369332 54.58362957
30.70545012 54.58673475
30.70693404 54.58580019
30.7085382 54.5866623
30.71171772 54.58793643
30.71245968 54.58747104
30.71542752 54.58560561
30.71685024 54.58377834
30.7167894 54.58288194
30.71438208 54.58158873
30.70888524 54.58036806
30.71089944 54.57582855
30.7115802 54.57446667
30.71309292 54.5739822
30.71380428 54.57306672
30.716091 54.57256695
30.71813184 54.56847762
30.71578608 54.5680809
30.71195784 54.56861874
30.70726596 54.5678253
30.70637316 54.56605149
30.7022418 54.5620995
30.69989568 54.56170656
30.69838152 54.56218716
30.69618804 54.56403351
30.69541548 54.56405259
30.69378072 54.56274417
30.6906642 54.56236266
30.68751708 54.56153484
30.68594352 54.56112291
BRUSH(1,0)
REGION 1
131
29.70026208 54.39255525
29.69735544 54.3966408
29.69658648 54.39665223
29.70297036 54.40194702
29.70298944 54.4023972
29.7030276 54.4032936
29.70304668 54.40374378
29.6992188 54.40424724
29.6984502 54.40425876
29.69758404 54.40202712
29.69679636 54.40158846
29.68048872 54.39822768
29.67818076 54.39826206
29.6728326 54.39923856
29.67208308 54.39969639
29.6721018 54.40014648
29.67211908 54.40059279
29.67290892 54.40103145
29.6736966 54.4014702
29.67371568 54.40192029
29.67452244 54.40280535
29.67531012 54.40324401
29.6760978 54.40368267
29.67686856 54.40367124
29.67765624 54.40410999
29.67842484 54.40409847
29.68000236 54.4049721
29.68002144 54.40542219
29.67926976 54.4058838
29.67774948 54.40635297
29.67699996 54.40681458
29.67624864 54.40727232
29.67626772 54.4077225
29.6762868 54.40816881
29.67707448 54.40860747
29.67788124 54.40949631
29.67867072 54.40993497
29.67945876 54.41036985
29.68024824 54.4108086
29.681055 54.41169735
29.68107408 54.41214375
29.68186176 54.41258241
29.68188084 54.4130325
29.68189992 54.41347881
29.68116768 54.4143906
29.68118676 54.41483691
29.68120584 54.415287
29.68122492 54.41573718
29.681244 54.41618349
29.68128216 54.41708376
29.68130124 54.41753007
29.68131816 54.41798016
29.682108 54.41841891
29.68212708 54.41886522
29.68293384 54.41975406
29.68372332 54.42019272
29.68451136 54.4206276
29.68530084 54.42106626
29.68606944 54.42105483
29.68682112 54.42059709
29.68757064 54.42013548
29.68909272 54.41966631
29.68984224 54.4192047
29.69059356 54.41874696
29.69134344 54.41828535
29.69211384 54.41827392
29.69290152 54.41871258
29.69444088 54.41868972
29.69521128 54.41867829
29.69600112 54.41911695
29.6967888 54.4195557
29.69680788 54.42000201
29.69682696 54.4204521
29.69684604 54.42090228
29.69686512 54.42134859
29.69613252 54.42226029
29.6961516 54.4227066
29.69617068 54.42315678
29.69618976 54.42360687
29.6969796 54.42404175
29.69778816 54.42493059
29.69855676 54.42491916
29.69857584 54.42536547
29.7052938 54.42033006
29.70527472 54.41987988
29.70517932 54.4176369
29.70516024 54.41718672
29.70743004 54.41625594
29.70741096 54.41580585
29.71102896 54.41036607
29.71177848 54.40990446
29.71951308 54.41069034
29.72105208 54.41066739
29.72472588 54.40657041
29.7254754 54.40611267
29.73167028 54.40691754
29.73245796 54.40735629
29.74007412 54.40544514
29.74234392 54.40451427
29.75181192 54.40976334
29.75260176 54.410202
29.76704424 54.40594104
29.76781284 54.40592961
29.76605604 54.40101624
29.765997 54.39966966
29.75818644 54.39709089
29.756628 54.39666744
29.75201208 54.39673611
29.75124348 54.39674763
29.74822416 54.39813993
29.74745556 54.39815136
29.7436086 54.3982086
29.74053204 54.39825441
29.73224448 54.40242006
29.73072636 54.40288923
29.72126196 54.39764025
29.7181836 54.39768219
29.7122022 54.40181355
29.71145232 54.40227507
29.7114714 54.40272138
29.71154772 54.40451814
29.7076626 54.40367511
29.70687492 54.40324023
29.70681768 54.40189365
29.70752904 54.40053555
29.70822132 54.39872745
29.70818316 54.39783096
29.7065106 54.39471057
29.70649152 54.39426039
29.70181836 54.39298248
29.70026208 54.39255525
BRUSH(1,0)
REGION 1
72
29.99979972 54.4570236
29.99606148 54.45932769
29.99449728 54.45890424
29.99372688 54.45891576
29.99443068 54.45755766
29.99592576 54.45663453
29.99667348 54.45617292
29.99660688 54.45482634
29.99658384 54.45437625
29.99114784 54.45357129
29.98960884 54.45359802
29.98589148 54.45635607
29.98591416 54.45680238
29.9884014 54.46035387
29.98842444 54.46080396
29.98083312 54.46317672
29.97931284 54.46364976
29.98094364 54.46541979
29.98327644 54.46583181
29.98329912 54.46627812
30.00031704 54.46733931
30.00181212 54.46641546
30.00561912 54.46545408
30.00632112 54.46409229
30.00783924 54.46361925
30.012417 54.46264266
30.01626972 54.46257786
30.01767336 54.45985797
30.01683636 54.45852282
30.01445784 54.45721818
30.0144348 54.45676809
30.01581756 54.45360189
30.01810464 54.45311355
30.0204162 54.45307161
30.02349672 54.45302202
30.02505876 54.4534416
30.02578344 54.45253377
30.02938452 54.44752887
30.0285702 54.44664381
30.02621472 54.44578557
30.02469624 54.44626239
30.02261364 54.45079038
30.02109516 54.45126342
30.019554 54.45129015
30.01869396 54.44950869
30.01778784 54.44683074
30.01914792 54.44321445
30.01831056 54.4418793
30.0160008 54.44192124
30.0145284 54.44329068
30.01303296 54.44421768
30.0107232 54.44425584
30.00995244 54.44426727
30.00927348 54.44607546
30.01011084 54.44741061
30.0108816 54.44739531
30.01323528 54.44825364
30.01325796 54.44870382
30.013281 54.44915391
30.01332672 54.4500504
30.01337064 54.4509468
30.01339332 54.45139698
30.01418676 54.45183186
30.01343904 54.45229338
30.007368 54.4541931
30.0065976 54.4542084
30.00584988 54.45466992
30.00435444 54.45559314
30.00360672 54.45605466
30.002859 54.45651627
29.99977668 54.45656964
29.99979972 54.4570236
BRUSH(1,0)
REGION 2
149
29.45050236 55.0327644
29.44972044 55.03277205
29.44973772 55.03322223
29.45053476 55.03366089
29.45055204 55.03411107
29.45056932 55.03456116
29.45060352 55.03545765
29.4506208 55.03590774
29.45141784 55.0363464
29.45143512 55.0367928
29.4514524 55.03724289
29.4514866 55.03814316
29.45150172 55.03858947
29.451519 55.03903965
29.450754 55.03949739
29.44998936 55.03995513
29.45002356 55.0408554
29.44925892 55.04131314
29.44927584 55.04176332
29.4485112 55.04222106
29.44852632 55.04266737
29.44776168 55.04312898
29.44619928 55.04314806
29.44541736 55.04315571
29.44463544 55.04316714
29.44385352 55.04317479
29.44305612 55.04273604
29.44149192 55.04275512
29.44071 55.04276655
29.43992808 55.0427742
29.43994536 55.04322438
29.43997776 55.04412078
29.43921276 55.04457852
29.43765072 55.0445976
29.4368688 55.04460903
29.43608652 55.04461668
29.43528732 55.04417802
29.4345054 55.04418945
29.43372348 55.0441971
29.43216144 55.04421618
29.43137916 55.04422761
29.43059724 55.04423526
29.42981532 55.04424669
29.42905032 55.04470443
29.4290676 55.04515461
29.42908272 55.04560092
29.42831808 55.04605866
29.42833536 55.04650875
29.42758548 55.04741667
29.42760276 55.04786685
29.42840196 55.04830551
29.42918388 55.04829408
29.429964 55.04828643
29.43074592 55.048275
29.4323274 55.0487061
29.43310932 55.04869845
29.4331266 55.04914476
29.43314172 55.04959485
29.432394 55.05050277
29.43241128 55.05094908
29.4339906 55.05138018
29.43477252 55.05137253
29.43557172 55.05181119
29.43636912 55.05224994
29.43716796 55.0526886
29.43795024 55.05268095
29.4472332 55.04986953
29.4487974 55.04985045
29.44956204 55.04939271
29.45034396 55.04938128
29.45110896 55.04892354
29.45189088 55.04891589
29.45345292 55.04889681
29.4542352 55.04888538
29.45501712 55.04887773
29.45579904 55.0488663
29.45658096 55.04885487
29.45736324 55.04884722
29.45814516 55.04883579
29.46363444 55.04921721
29.46601476 55.05008697
29.46920976 55.0518417
29.47463244 55.05042645
29.476179 55.04995728
29.479374 55.05171588
29.48776812 55.04621886
29.48853312 55.04576112
29.49397092 55.04479218
29.49469956 55.04343795
29.49543 55.04207994
29.49464808 55.04209137
29.49461352 55.0411911
29.49381432 55.04075244
29.4937974 55.04030613
29.49301512 55.04031369
29.49145128 55.04033664
29.49068844 55.04079438
29.48990616 55.04080203
29.48910696 55.04036328
29.48829084 55.03947831
29.48749164 55.03903965
29.48670972 55.03904721
29.48594652 55.03950504
29.4851646 55.03951647
29.48361768 55.03998564
29.48283576 55.03999329
29.48205564 55.04000472
29.48129064 55.04046246
29.48050872 55.04047398
29.4789618 55.04094315
29.47818168 55.0409508
29.47739976 55.04096223
29.47663512 55.04141997
29.47585284 55.0414314
29.47427172 55.04100039
29.47423752 55.0401039
29.47344012 55.03966524
29.471859 55.03923414
29.47184172 55.03878405
29.47104252 55.0383453
29.4702282 55.03746033
29.47021092 55.03701024
29.46941172 55.03657149
29.4686298 55.03657914
29.46708504 55.03704831
29.46632004 55.03750614
29.46555504 55.03796766
29.4647904 55.03842549
29.46400848 55.03843305
29.46321108 55.03799439
29.46241188 55.03755573
29.46237768 55.03665924
29.4623604 55.03620915
29.4615612 55.0357704
29.46154608 55.03532031
29.46151152 55.03442382
29.46071232 55.03398516
29.45991528 55.03354641
29.45911608 55.03310775
29.45831688 55.03266909
29.45753676 55.03267674
29.45673756 55.03223799
29.45593836 55.03179933
29.45437632 55.03181841
29.45357712 55.03137966
29.45281212 55.03183749
29.45204748 55.03229523
29.45128428 55.03275297
29.45050236 55.0327644
14
29.455101 55.0511208
29.45042784 55.05162813
29.45205864 55.05340194
29.45600136 55.05425262
29.45678328 55.05424497
29.45688624 55.05693822
29.45766816 55.0569267
29.46397392 55.05819705
29.46310812 55.05596163
29.46309084 55.05551145
29.4669666 55.05456546
29.46774852 55.05455403
29.4645348 55.05234912
29.455101 55.0511208
BRUSH(1,0)
REGION 3
255
30.20333112 55.23805233
30.20247468 55.23436737
30.20229144 55.23358158
30.19881996 55.2278061
30.19443912 55.21980285
30.19200912 55.21849821
30.17663964 55.22462082
30.1670208 55.22120289
30.1677552 55.22029119
30.17542824 55.21700673
30.18076884 55.2142143
30.18874356 55.21631625
30.2077044 55.21820832
30.20940036 55.22042466
30.2187672 55.21935276
30.22258968 55.21748355
30.22795296 55.21513752
30.24636444 55.22107698
30.24026676 55.22433858
30.24118044 55.22656635
30.24199116 55.22700123
30.24983988 55.22685246
30.25687788 55.22626881
30.25928484 55.22712327
30.2588406 55.23296742
30.25886544 55.23341751
30.27302172 55.23359679
30.27903948 55.2289887
30.270195 55.2255669
30.26794644 55.2274056
30.26307888 55.22480397
30.2615622 55.22573088
30.25431648 55.22272488
30.26049048 55.22080995
30.2602806 55.2172203
30.26815416 55.21752171
30.26682108 55.22158818
30.2747994 55.22368239
30.27477276 55.2232323
30.2778072 55.2213783
30.27812004 55.21328739
30.27720276 55.21105962
30.27011688 55.21074678
30.25832184 55.21052169
30.25434672 55.20969774
30.25199304 55.20974355
30.24888048 55.21025088
30.24728604 55.20983121
30.24561312 55.20806883
30.2463702 55.20760344
30.25018872 55.20573423
30.25175868 55.20570759
30.25568196 55.20563127
30.26276784 55.20594789
30.26512152 55.20590208
30.265749 55.20319371
30.26634984 55.20003894
30.26700396 55.19778066
30.26857176 55.19775006
30.27014172 55.19771955
30.27152628 55.19454957
30.27220524 55.19274138
30.26982708 55.19233701
30.26888676 55.18965915
30.26177604 55.1889
30.25939752 55.18849563
30.26013012 55.18758393
30.26159496 55.18575666
30.2583276 55.1835747
30.24936684 55.17790605
30.24996768 55.17475128
30.2490558 55.17252351
30.24641808 55.16762922
30.24020016 55.16864775
30.22932996 55.17064665
30.22384464 55.1707497
30.22472952 55.17253116
30.21615792 55.17358785
30.20442588 55.17425538
30.19888692 55.17346194
30.19575312 55.17351918
30.19934448 55.18153764
30.19939416 55.18243413
30.1978512 55.18291095
30.19704264 55.18247607
30.19529736 55.17936711
30.1919346 55.17538452
30.18399444 55.17373662
30.18004992 55.17335889
30.17203524 55.17036054
30.17041776 55.16949078
30.17115036 55.16857908
30.17266848 55.16765595
30.17580408 55.16759871
30.180582 55.16885754
30.18857184 55.1714058
30.190113 55.17092898
30.1922874 55.1677437
30.1953222 55.16588979
30.20224968 55.16351703
30.20295708 55.16215515
30.20510484 55.15852356
30.20876712 55.15396497
30.20871744 55.15306857
30.20793336 55.15308
30.20479956 55.15314102
30.20014944 55.15412526
30.19003884 55.15565877
30.18455496 55.15575795
30.17760264 55.15768431
30.17370996 55.15820316
30.16991628 55.16051868
30.16607292 55.16193771
30.16048824 55.16024022
30.15573696 55.15943148
30.14777556 55.15732953
30.14691912 55.15599825
30.13898472 55.1543427
30.13741692 55.15437321
30.13518924 55.15665822
30.12882228 55.15497594
30.12647256 55.15501788
30.12652008 55.15591428
30.1265946 55.15726086
30.12820992 55.15813062
30.13626852 55.16202924
30.1410198 55.16284176
30.1425876 55.16281125
30.14474112 55.15917966
30.14870832 55.16000748
30.14807328 55.16271207
30.14736372 55.16407395
30.15229032 55.16802594
30.15544896 55.16841888
30.1562082 55.16795349
30.1552506 55.16482923
30.155985 55.16391753
30.15917028 55.16475678
30.16230408 55.16469954
30.16326348 55.16782758
30.16257876 55.16963577
30.15946764 55.17013932
30.15248868 55.17161559
30.14854416 55.17123795
30.14212428 55.16865918
30.13007148 55.16348652
30.13080804 55.16257482
30.12999912 55.16213994
30.1219902 55.15913772
30.1204224 55.15916823
30.11741064 55.16146854
30.11126328 55.16382222
30.10824972 55.16612244
30.12830928 55.17429732
30.12926688 55.17742158
30.13085952 55.17784503
30.1395816 55.17948537
30.1508064 55.18377306
30.150072 55.18468476
30.14019972 55.19070054
30.13399872 55.19215773
30.1324788 55.19308473
30.13252848 55.19398122
30.13186644 55.1962395
30.13451568 55.2015801
30.13562196 55.2074013
30.13571916 55.20919419
30.12716304 55.21069719
30.1232394 55.21076586
30.1193658 55.2117348
30.11708448 55.21312332
30.12515244 55.21701816
30.11983128 55.22025681
30.11509692 55.21989438
30.1089402 55.22224806
30.0969486 55.21841811
30.09015072 55.22348025
30.09338748 55.22521977
30.09417156 55.22520447
30.09719088 55.22290803
30.09797496 55.22289273
30.10920732 55.22718429
30.11227416 55.22578434
30.11691096 55.22435379
30.11784372 55.22703174
30.11794092 55.22882463
30.11806296 55.2310677
30.1158792 55.23425298
30.1168116 55.23693084
30.11614812 55.23918534
30.11774436 55.23960879
30.12562008 55.23991776
30.12638076 55.23945237
30.1271418 55.23899076
30.12706764 55.23764418
30.13003728 55.23444747
30.13074684 55.23308946
30.13042824 55.22725674
30.13099092 55.22320179
30.13319772 55.2204666
30.13694964 55.21725846
30.13842024 55.21543506
30.13758468 55.21455
30.13905528 55.2127266
30.14596944 55.20990753
30.14753904 55.2098808
30.15148752 55.21025853
30.15303048 55.20978162
30.1561452 55.20927429
30.16467468 55.20732498
30.17173752 55.20719529
30.18429 55.20696642
30.19056696 55.20684816
30.19671648 55.2044907
30.19668948 55.20404052
30.19815828 55.20221712
30.1995486 55.19904714
30.19924548 55.1936646
30.19719492 55.18516923
30.19795416 55.18470384
30.20030604 55.1846619
30.20033088 55.18511199
30.200535 55.18870164
30.2024574 55.19495394
30.20195376 55.1999016
30.19831092 55.20491028
30.19608324 55.20719529
30.19529916 55.20721059
30.19226256 55.2090645
30.18679416 55.20961377
30.1805172 55.20972825
30.17183688 55.20898818
30.16793808 55.20951081
30.1640166 55.20957948
30.15935892 55.21056363
30.15707976 55.21195224
30.15712944 55.21284864
30.16576008 55.21269231
30.16912464 55.21667481
30.16383156 55.22036364
30.15823752 55.21866993
30.151224 55.21969602
30.14813412 55.22064975
30.14747424 55.22290425
30.14458272 55.22744754
30.16151604 55.2352257
30.1714974 55.23100281
30.18033396 55.23443226
30.18342384 55.23347853
30.18420792 55.23346332
30.19064148 55.236042
30.19299696 55.23599628
30.20102496 55.23899463
30.20338044 55.23894882
30.20333112 55.23805233
10
30.08189376 55.14278409
30.07724184 55.14376446
30.07816884 55.14644241
30.07909584 55.14912036
30.0846042 55.14947127
30.087738 55.1494179
30.0876426 55.14762114
30.0905838 55.14397812
30.0881844 55.14311979
30.08189376 55.14278409
11
30.11384376 55.22575383
30.11006556 55.22851566
30.10697568 55.2294693
30.10547844 55.23084261
30.10974516 55.23705675
30.11210064 55.23701481
30.11349852 55.23384474
30.1156596 55.23021315
30.11401548 55.22889708
30.1154634 55.2266235
30.11384376 55.22575383
BRUSH(1,0)
REGION 3
149
28.8459072 55.47479247
28.83176028 55.47848895
28.81600956 55.48129659
28.80652248 55.48136517
28.80099684 55.48184964
28.78995708 55.48327641
28.78837596 55.48328784
28.78679484 55.48329927
28.78522308 55.48375701
28.78363224 55.48331835
28.76862708 55.48432158
28.75996764 55.48617558
28.7576046 55.48664097
28.75443264 55.48620987
28.75127976 55.48668291
28.74731652 55.48625946
28.74573504 55.48626711
28.74574296 55.4867172
28.74654396 55.48716351
28.75456224 55.49249646
28.76013576 55.49425506
28.7609634 55.49604795
28.76020056 55.4973984
28.75627332 55.49877171
28.7523936 55.50239178
28.75320252 55.50328449
28.75637628 55.50371172
28.75870332 55.50144957
28.76264748 55.50097653
28.77051168 55.49867631
28.77130332 55.49867253
28.77214068 55.50091173
28.769787 55.50182721
28.76269536 55.5032196
28.75404924 55.50597378
28.75090212 55.50689313
28.75095 55.5091362
28.75173948 55.50913242
28.7548866 55.50821307
28.75879656 55.50593949
28.76115996 55.50547788
28.76590728 55.50544359
28.76671584 55.50633621
28.76676372 55.50858306
28.76601996 55.51083378
28.76365476 55.5112953
28.76055516 55.5144615
28.75821876 55.51627347
28.75745592 55.51762392
28.75905612 55.51851276
28.76220324 55.51759341
28.76609412 55.51442334
28.76766768 55.5139656
28.76845932 55.51395795
28.76856228 55.51889805
28.76942052 55.52203752
28.77505488 55.52648928
28.77588468 55.52827839
28.77436836 55.53143307
28.77284232 55.53413775
28.7704944 55.53549954
28.76575464 55.53598023
28.761795 55.53600696
28.76265324 55.53914643
28.76027868 55.53916173
28.76111604 55.54140093
28.76427468 55.54093167
28.76667768 55.54226304
28.7737578 55.53997038
28.7911566 55.53895185
28.79112816 55.53760527
28.78952616 55.53671643
28.78869456 55.53492741
28.78631028 55.53449253
28.7870256 55.53089523
28.78858944 55.52998731
28.7893314 55.52773668
28.7877294 55.52685162
28.78535448 55.52686692
28.78377156 55.52687835
28.78054812 55.52420427
28.78133004 55.52375031
28.78529724 55.52417376
28.78608888 55.52416611
28.7860698 55.52326962
28.78525908 55.522377
28.78366644 55.52193834
28.7804718 55.52061462
28.77887916 55.52017596
28.77727716 55.51928712
28.77804 55.51793667
28.78198812 55.51745985
28.78115832 55.51566696
28.78192908 55.51476669
28.78431336 55.51519779
28.78583724 55.51249311
28.7866098 55.51158906
28.78183368 55.51027677
28.78097544 55.5071373
28.78174764 55.50623325
28.78410132 55.50532155
28.78570368 55.50620652
28.79366292 55.50839613
28.79680824 55.50747678
28.79598816 55.50613407
28.79675856 55.5052338
28.8030492 55.50339123
28.80543132 55.50382611
28.80783468 55.5051537
28.81267164 55.50916293
28.814274 55.5100479
28.8158454 55.50958638
28.82056248 55.50820542
28.8205128 55.50596235
28.82206548 55.50460434
28.8235854 55.50189975
28.82676132 55.5023232
28.82754144 55.50186924
28.82826216 55.49872212
28.82663928 55.49693679
28.82023236 55.49338917
28.81862064 55.49205402
28.81938168 55.49070357
28.82174292 55.4902344
28.8241254 55.49066928
28.8256968 55.49020767
28.82407572 55.48842243
28.82399544 55.48483278
28.82555568 55.48392108
28.82714832 55.48435974
28.8271674 55.48525623
28.82797812 55.48614885
28.8319626 55.4874687
28.83434472 55.4878998
28.83512484 55.48744584
28.83510576 55.48654557
28.83668724 55.48653414
28.83831984 55.48876956
28.8406926 55.48875048
28.8406602 55.4874039
28.84217076 55.48424913
28.84136004 55.48335651
28.83185208 55.48252869
28.83024972 55.48164372
28.83102984 55.48118589
28.84675032 55.47703176
28.84831056 55.47611997
28.84750956 55.47567753
28.8459072 55.47479247
51
28.74522204 55.46112444
28.74444948 55.46202849
28.7452584 55.46292111
28.74607668 55.46426391
28.74376872 55.46742246
28.7469576 55.46874618
28.75172796 55.47006225
28.75252716 55.47050856
28.75177368 55.4723091
28.75179276 55.47320559
28.75737204 55.47541428
28.7629434 55.47717288
28.76297184 55.47851946
28.7606088 55.47898485
28.76145552 55.48167423
28.76540004 55.48119741
28.77645888 55.48067478
28.78513704 55.47971727
28.78749864 55.47925188
28.79066088 55.47922902
28.80169884 55.47780612
28.80882468 55.47820284
28.81435788 55.47816468
28.81592928 55.47770307
28.81509984 55.47591405
28.81746108 55.47544866
28.82378376 55.47540285
28.82931696 55.47536091
28.83008772 55.47445677
28.83002652 55.47176361
28.83238776 55.47129822
28.82603448 55.46999745
28.82366388 55.47001266
28.81973268 55.47093966
28.81026648 55.4719086
28.809477 55.47191238
28.80945576 55.47101598
28.807047 55.46923443
28.80386532 55.46836089
28.79992296 55.46883771
28.79680068 55.47065355
28.79763984 55.47289275
28.79685792 55.47334671
28.7897148 55.47204972
28.78893468 55.47250368
28.78816428 55.47340773
28.78737264 55.47341538
28.77620328 55.4685516
28.77303132 55.46812437
28.7627202 55.46639637
28.74522204 55.46112444
21
28.81559196 55.53384021
28.80134208 55.53393939
28.79897688 55.53440478
28.79903592 55.53709794
28.79827308 55.53845217
28.80784404 55.54152684
28.80939852 55.54016874
28.81654344 55.54101564
28.8166446 55.54550556
28.82456208 55.54544832
28.82452212 55.54365543
28.82135592 55.54367829
28.82127384 55.54008486
28.82919312 55.54002762
28.82827944 55.53464508
28.82511324 55.53466794
28.82441124 55.53871533
28.82203668 55.53873063
28.82195676 55.53514098
28.8156222 55.53518679
28.81559196 55.53384021
BRUSH(1,0)
REGION 2
49
30.30512796 55.28462985
30.30455592 55.28823471
30.31087104 55.28855898
30.31406964 55.28939436
30.31414992 55.29074094
30.30953976 55.29262923
30.3058224 55.29629133
30.30443568 55.29946518
30.3116742 55.30201722
30.30866244 55.30432131
30.30299748 55.30173876
30.30139728 55.30131909
30.3007716 55.30402755
30.30478272 55.30529403
30.3071688 55.3056984
30.30958188 55.30654908
30.31196796 55.30695345
30.31435404 55.30735395
30.3135948 55.30781934
30.31288704 55.30918122
30.31134228 55.30965804
30.30974208 55.30924224
30.30738264 55.30928805
30.30093 55.30671693
30.29450616 55.30459599
30.29206644 55.30329513
30.29057496 55.30467222
30.3002244 55.30807881
30.30101028 55.30806351
30.30984864 55.31103513
30.31228836 55.31233599
30.3115824 55.31369778
30.31323624 55.31501385
30.31494336 55.31722641
30.3119298 55.3195305
30.31518564 55.32126237
30.32346168 55.31481171
30.32180784 55.31349942
30.31774128 55.31133267
30.31454088 55.31049729
30.31655328 55.30461885
30.32018856 55.2996063
30.3177222 55.29785922
30.31737336 55.2920265
30.32038512 55.28972241
30.3195438 55.28884122
30.31702632 55.28619387
30.31616016 55.2848625
30.30512796 55.28462985
11
30.24337572 55.27817532
30.23949816 55.27914426
30.24295236 55.28446965
30.25099548 55.28746035
30.26223756 55.2912903
30.26595888 55.2876282
30.25946052 55.28415681
30.2593554 55.28236392
30.25453572 55.28065869
30.24814428 55.27898028
30.24337572 55.27817532
BRUSH(1,0)
REGION 2
34
28.11219408 56.00475693
28.10819052 56.00566098
28.10819448 56.00656125
28.109007 56.00880432
28.10901636 56.01104739
28.105812 56.01150135
28.10100564 56.01195909
28.10020644 56.01240918
28.09860984 56.01420594
28.09620468 56.01420972
28.09139616 56.01421737
28.09059516 56.01466755
28.08899892 56.01601413
28.08900072 56.0169144
28.08900828 56.01870729
28.09141344 56.01870729
28.09702476 56.01869964
28.1034414 56.0191383
28.1042442 56.01958848
28.10505312 56.02093506
28.10665908 56.02138137
28.11066804 56.0218239
28.1122722 56.02182003
28.11627756 56.02091598
28.11707676 56.02046589
28.1162664 56.01867291
28.1186694 56.01821904
28.11786084 56.01687237
28.11624336 56.0137329
28.11543264 56.01193623
28.11542904 56.01103974
28.11461256 56.0078964
28.11380184 56.00565342
28.11219408 56.00475693
16
28.11400596 56.04965973
28.1116008 56.05010991
28.10679444 56.05191423
28.1075994 56.05236054
28.11001572 56.05460361
28.11162384 56.05504992
28.1140326 56.05549623
28.11564432 56.05683903
28.11967092 56.0599785
28.12127508 56.05952832
28.12286952 56.05772778
28.12206276 56.05683138
28.11803832 56.054142
28.1180268 56.05189893
28.11642084 56.05145262
28.11400596 56.04965973
BRUSH(1,0)
REGION 5
15
30.67154136 54.71596908
30.658041 54.71133039
30.65258808 54.71100234
30.64561668 54.71115876
30.6432936 54.71121213
30.63867588 54.71176149
30.64144536 54.71843724
30.65473548 54.71994015
30.65699952 54.71899029
30.67270668 54.72178272
30.67899516 54.72298818
30.68110872 54.71979525
30.67782984 54.71717454
30.67630956 54.71765901
30.67154136 54.71596908
9
30.65079888 54.69577029
30.65169348 54.69754788
30.65267772 54.70066836
30.66066 54.70408629
30.67782012 54.70549776
30.67674444 54.7010307
30.6640836 54.69726942
30.66342948 54.69908139
30.65079888 54.69577029
14
30.63867588 54.71176149
30.63789936 54.71178057
30.63402756 54.71186445
30.63337128 54.71367642
30.63208788 54.71774676
30.63077532 54.7213707
30.63166812 54.72314838
30.63399336 54.72309492
30.63479796 54.72352602
30.63554388 54.72306063
30.6371232 54.72347643
30.63864348 54.72299196
30.640671 54.71845632
30.63867588 54.71176149
11
30.65992344 54.72790911
30.65530392 54.72846225
30.65455836 54.72892764
30.65539356 54.72980496
30.6555138 54.73160172
30.6502668 54.73441314
30.65676696 54.73875807
30.65754312 54.73874286
30.66052248 54.73687743
30.66329376 54.7318764
30.65992344 54.72790911
5
30.6593604 54.76634991
30.65457348 54.76803201
30.6624852 54.77570055
30.66767136 54.77422572
30.6593604 54.76634991
BRUSH(1,0)
REGION 1
15
30.416706 52.93356327
30.41089056 52.93592838
30.40651116 52.93736649
30.40510176 52.93874358
30.40884 52.93911744
30.4074306 52.94049453
30.41127 52.94266128
30.41344836 52.94171907
30.41498376 52.94258496
30.41642016 52.94165418
30.41944128 52.94249343
30.42231192 52.94063565
30.41688348 52.93670652
30.419037 52.93531422
30.416706 52.93356327
BRUSH(1,0)
REGION 1
42
30.8351556 53.12188719
30.83217444 53.12195973
30.83148756 53.12287521
30.824091 53.12395098
30.81150252 53.12559888
30.80037492 53.1267624
30.79056348 53.12519838
30.7899648 53.12746044
30.78554904 53.12846376
30.78566568 53.13025665
30.78936576 53.12972259
30.79175004 53.1319122
30.78825552 53.1355896
30.79225152 53.13953781
30.79437048 53.13768768
30.79887588 53.13803103
30.80165292 53.13481902
30.80690388 53.13514329
30.80708136 53.13783645
30.81188376 53.14266207
30.81591036 53.14706037
30.81889548 53.14698792
30.81797028 53.14431384
30.8231028 53.14284513
30.8222388 53.14106754
30.82513248 53.13964842
30.82259736 53.13521961
30.8195838 53.13484188
30.82012164 53.13168333
30.82146444 53.12940597
30.82444776 53.12933352
30.8254014 53.13245391
30.83733576 53.1321678
30.83864796 53.12944035
30.83855832 53.12809368
30.83634936 53.12859723
30.83539572 53.12547684
30.8391534 53.1258354
30.84279264 53.12439729
30.8404044 53.12221146
30.83518584 53.12233737
30.8351556 53.12188719
BRUSH(1,0)
REGION 1
29
30.94091424 52.90093998
30.9359358 52.90420914
30.92978664 52.90121844
30.92424948 52.90719606
30.9212514 52.9068222
30.91852764 52.9104843
30.9155904 52.91100693
30.91309164 52.90702434
30.91602888 52.9065018
30.9166488 52.90468983
30.89961612 52.9055595
30.90140352 52.91000748
30.89846628 52.91053011
30.89858616 52.912323
30.88977228 52.9138908
30.89066688 52.91611479
30.89399724 52.92142488
30.91270248 52.92320634
30.91433904 52.92541503
30.91730688 52.92533871
30.91941252 52.92348858
30.92092704 52.9239006
30.92228892 52.92206955
30.92528916 52.92244719
30.94134336 52.90721892
30.93831432 52.90639497
30.93958296 52.90321734
30.94242876 52.90135191
30.94091424 52.90093998
BRUSH(1,0)
REGION 1
46
30.09431844 52.71154407
30.09373092 52.71469875
30.09449196 52.7151375
30.09399228 52.72008516
30.1001472 52.72491834
30.09738528 52.72901154
30.09827808 52.73213958
30.10054032 52.73299791
30.0999546 52.73615268
30.104046 52.74416736
30.10358988 52.75001529
30.10450536 52.75359342
30.11049072 52.75483326
30.11120784 52.75437165
30.11040324 52.7530365
30.11033628 52.75168992
30.10883508 52.75126647
30.1088124 52.75082016
30.1073112 52.75039671
30.1079196 52.74769212
30.10868064 52.748127
30.10939776 52.74766539
30.11005008 52.74585342
30.1100292 52.74540711
30.11050404 52.74000549
30.10604472 52.73963928
30.10360716 52.73518752
30.1058046 52.73469927
30.10645692 52.73289108
30.11163156 52.73279955
30.11667624 52.73001099
30.1174146 52.72999956
30.11889456 52.72997283
30.12037272 52.7299461
30.12167556 52.72632603
30.12586776 52.7213097
30.11903748 52.71783831
30.1154958 52.72104645
30.1119768 52.72470477
30.10754016 52.72478487
30.107277 52.71939846
30.10434156 52.71990201
30.10412412 52.71541218
30.10188492 52.71500394
30.10173048 52.71186069
30.09431844 52.71154407
BRUSH(1,0)
REGION 1
100
29.99999988 52.87626648
29.9998836 52.87627413
29.99693664 52.87677381
29.99405088 52.87862016
29.99330892 52.87863537
29.9925882 52.87909698
29.98768608 52.88546754
29.97286416 52.88616945
29.96760744 52.88491062
29.96826732 52.88310243
29.962269 52.88185503
29.96018604 52.88503266
29.96171172 52.8859062
29.95606224 52.89229206
29.96055612 52.89311214
29.96270172 52.89128109
29.96797932 52.8929901
29.97224604 52.88887404
29.99302668 52.88852313
29.9939364 52.89210126
29.98797804 52.89175413
29.98804104 52.89310071
29.99976156 52.9054794
29.99999988 52.90550991
30.00275244 52.90587612
30.00415212 52.90405659
30.01461012 52.90522389
30.02284044 52.90642926
30.02354064 52.90551756
30.027294 52.90635303
30.02939424 52.90362171
30.03760332 52.90437699
30.0429288 52.90697862
30.04679124 52.91005707
30.04100028 52.91330337
30.03724476 52.91246799
30.03361884 52.91432955
30.03671664 52.91697312
30.03964416 52.91602326
30.04355052 52.9199982
30.04567164 52.91771319
30.04783452 52.91632845
30.05218332 52.91400528
30.0543462 52.91262054
30.0557232 52.91035083
30.05797212 52.91075898
30.06079092 52.90756605
30.05849844 52.90625763
30.06129456 52.90261461
30.06352224 52.90257645
30.0655116 52.89759828
30.06610092 52.89444351
30.06239112 52.8945084
30.06066888 52.88959881
30.059883 52.88871384
30.0598182 52.88736726
30.06027972 52.88151933
30.05639856 52.8779907
30.0538062 52.87039947
30.04789356 52.87095261
30.04880724 52.87453083
30.04897896 52.87812039
30.04079616 52.87781529
30.04013808 52.87962339
30.0379122 52.87966155
30.03651432 52.88148495
30.03354648 52.88153454
30.03265584 52.8784065
30.03042996 52.87844466
30.03032304 52.87620159
30.03327 52.87570191
30.03454008 52.87118526
30.03157224 52.87123872
30.03341472 52.86311721
30.0341358 52.8626556
30.03474996 52.85995101
30.0301722 52.85733417
30.02870952 52.85781099
30.02436648 52.86013029
30.02133564 52.85883717
30.0198744 52.85931012
30.02301036 52.86285018
30.02667624 52.86188889
30.028923 52.86229704
30.02784336 52.87085343
30.02341284 52.87137984
30.02203548 52.87364964
30.02500152 52.87359618
30.02523624 52.87853619
30.0237732 52.87900923
30.02388012 52.8812523
30.02241708 52.88172912
30.01561164 52.87915035
30.0162906 52.87779234
30.01327884 52.87694553
30.01122288 52.88057325
30.01128588 52.88191983
30.00759696 52.88243103
30.00728052 52.87569813
29.99999988 52.87626648
BRUSH(1,0)
REGION 1
52
30.73878468 52.58503719
30.73807512 52.58550258
30.73739616 52.58641815
30.73600764 52.58779524
30.73603428 52.58824542
30.72039804 52.5859146
30.71914848 52.58953854
30.71926116 52.59133152
30.71435724 52.59548952
30.71220192 52.59643551
30.70919988 52.59560778
30.70846188 52.59562299
30.70778076 52.59653856
30.70707336 52.59700395
30.7093392 52.59785076
30.7108404 52.59826656
30.71449656 52.5977325
30.71597112 52.59769821
30.71387088 52.59954456
30.71392812 52.60044096
30.72001824 52.60344318
30.72078324 52.60387806
30.73424544 52.60670856
30.73571964 52.60667418
30.73778928 52.60437774
30.73849668 52.60391235
30.74824728 52.60638042
30.75051492 52.60722732
30.75116544 52.60586166
30.75113664 52.60541535
30.74733936 52.60370634
30.74583816 52.60329054
30.74495904 52.60106655
30.74566824 52.60060116
30.73597524 52.59902958
30.73523904 52.59904857
30.73589136 52.59768291
30.73586256 52.5972366
30.7461492 52.59654621
30.7476234 52.59651183
30.74824512 52.59469986
30.74821848 52.59424977
30.74657436 52.59159468
30.74578092 52.59071349
30.74286276 52.59123234
30.741417 52.59171294
30.74059692 52.59038544
30.73985856 52.59040074
30.7426356 52.58764269
30.74331672 52.58672712
30.73954968 52.58546829
30.73878468 52.58503719
BRUSH(1,0)
REGION 1
12
29.41664688 52.79855346
29.41153524 52.80086133
29.40720732 52.80450822
29.41101648 52.80760575
29.4096222 52.81031799
29.4171678 52.81426998
29.42300808 52.81150437
29.4258078 52.8065262
29.43011844 52.80242922
29.4233742 52.80026625
29.41959564 52.79806521
29.41664688 52.79855346
BRUSH(1,0)
REGION 1
80
29.78203572 52.60126113
29.77331544 52.60453794
29.77174764 52.60231782
29.75996772 52.60294341
29.75271984 52.60619736
29.75054544 52.60712814
29.74459068 52.60586931
29.74102956 52.6090698
29.74702068 52.61122512
29.75815764 52.61285403
29.76339348 52.61457447
29.75684544 52.61691663
29.75234616 52.61518863
29.74874868 52.61748885
29.74804884 52.61839677
29.75328432 52.62011721
29.73509424 52.62667848
29.72969424 52.6209183
29.72740932 52.61915592
29.7186642 52.62197877
29.71560672 52.61932755
29.71049508 52.62075045
29.71430964 52.62384033
29.71141056 52.62522885
29.70981036 52.62210846
29.70828252 52.62078474
29.70461088 52.62128829
29.70327744 52.6249008
29.69739144 52.62543486
29.69897472 52.62810894
29.70485892 52.6275711
29.71018404 52.63153839
29.69929116 52.63618851
29.70540792 52.64149095
29.6995392 52.6424751
29.70115668 52.64604567
29.70346068 52.64825823
29.71154412 52.64724348
29.71755792 52.64984898
29.7248688 52.64794539
29.73221388 52.64693829
29.73361788 52.64511867
29.74535568 52.6431465
29.75113476 52.6399155
29.75032224 52.63813017
29.75757588 52.63487622
29.7598266 52.6357422
29.76720624 52.63563159
29.77299864 52.63284681
29.77515792 52.63146594
29.77283304 52.62880707
29.77497288 52.62697602
29.77119252 52.62478641
29.76755904 52.62619023
29.76285744 52.61952213
29.75695596 52.61961366
29.75693688 52.61916348
29.75835816 52.61779404
29.76492312 52.6158981
29.77167312 52.61849217
29.76805692 52.62034221
29.76960564 52.62211611
29.77405164 52.62249753
29.78284824 52.62101748
29.7874602 52.62543873
29.78456508 52.62683103
29.78687088 52.62904359
29.79707148 52.62574005
29.7954828 52.62306975
29.78963676 52.62450786
29.78657532 52.62185673
29.790207 52.62045669
29.78867736 52.61912919
29.79304704 52.61771394
29.792898 52.61412429
29.78122536 52.61744691
29.7796572 52.61522679
29.7920664 52.61188887
29.79197496 52.6096458
29.78203572 52.60126113
BRUSH(1,0)
REGION 1
10
29.59650216 52.51229856
29.59136568 52.51281741
29.58639516 52.51782609
29.59388748 52.52132034
29.6072388 52.52383044
29.60789112 52.52157594
29.60340696 52.5198402
29.60626968 52.51755528
29.60248932 52.51491162
29.59650216 52.51229856
BRUSH(1,0)
REGION 1
94
31.17664152 52.54029846
31.17590532 52.54031754
31.17520332 52.54078671
31.17526812 52.5416832
31.17456612 52.54215237
31.17386232 52.54262163
31.17389472 52.54306794
31.17319308 52.54353711
31.17248928 52.54400637
31.17255408 52.54490277
31.17258648 52.54534908
31.17188448 52.54581834
31.17191688 52.54626843
31.17194928 52.54671474
31.17201408 52.54761123
31.17204684 52.54806141
31.17134484 52.54853058
31.17137724 52.54897689
31.17217824 52.5498543
31.17294684 52.55028153
31.17301164 52.55117802
31.1731092 52.5525246
31.1725044 52.55434035
31.17119616 52.55662158
31.17052476 52.55753706
31.16982276 52.55800632
31.16905416 52.557579
31.1704272 52.55619048
31.1717358 52.55390934
31.171671 52.55301285
31.1716386 52.55256654
31.1709672 52.55348202
31.1702976 52.55439759
31.1696262 52.55531694
31.168188 52.55580519
31.1682204 52.5562515
31.1682528 52.55670168
31.167549 52.55716707
31.1675814 52.55761716
31.16761416 52.55806347
31.16768076 52.55896374
31.16771316 52.55941014
31.16700936 52.55987931
31.16704176 52.56032562
31.16707416 52.5607758
31.16637036 52.56124497
31.16643732 52.56214146
31.16573316 52.56261063
31.16576592 52.56305694
31.16506212 52.56352611
31.16509452 52.56397629
31.16516112 52.56487278
31.16519352 52.56531909
31.16164392 52.56721116
31.16174112 52.56855774
31.15892808 52.57043073
31.15752012 52.57136916
31.15681632 52.57183455
31.16213244 52.57394028
31.16396124 52.5788307
31.1683788 52.57871244
31.17493836 52.57763676
31.1755104 52.57537461
31.1747094 52.5744972
31.17585564 52.56997299
31.18017204 52.56850815
31.1825448 52.5706902
31.1825772 52.57114029
31.1833458 52.57156752
31.1848506 52.57197567
31.1856192 52.57240677
31.18638816 52.572834
31.18715676 52.57326123
31.18789296 52.57324215
31.18866156 52.57366947
31.18939776 52.57365039
31.19090256 52.57405854
31.19291316 52.57130814
31.19364936 52.57128906
31.1964282 52.56896589
31.2020208 52.56476973
31.19740668 52.56219861
31.19787972 52.55859375
31.19784732 52.55814366
31.19122512 52.55832294
31.19166576 52.5542679
31.1943132 52.55015184
31.18899924 52.54804989
31.18174164 52.54959492
31.18074408 52.54602813
31.17773628 52.54521183
31.17696768 52.54478073
31.17888072 52.54068753
31.17664152 52.54029846
BRUSH(1,0)
REGION 1
48
28.86614784 52.62741855
28.86849036 52.63368984
28.87369524 52.63544844
28.87889112 52.63675686
28.87895592 52.6399002
28.87301268 52.63814925
28.87614072 52.64665983
28.86509124 52.64809038
28.85762412 52.64410401
28.8583164 52.64185329
28.8568134 52.64051436
28.85387796 52.64143749
28.85543424 52.64546589
28.86069492 52.64992143
28.86589224 52.65122985
28.87404444 52.65251541
28.8740826 52.65431217
28.8784944 52.65338139
28.87927056 52.65517041
28.87782084 52.65653229
28.87566012 52.65924075
28.88012124 52.66055682
28.88382348 52.6609764
28.886013 52.65961452
28.8845064 52.65827559
28.88301096 52.65739062
28.8859464 52.6564674
28.88744364 52.65735624
28.88892936 52.65779499
28.89041724 52.65822987
28.89189324 52.65821835
28.89028548 52.65194319
28.89023796 52.64969634
28.89244476 52.64923095
28.89378936 52.64292906
28.8996678 52.64153667
28.90172196 52.63388442
28.89356436 52.63214877
28.89587196 52.63662339
28.89144324 52.63665768
28.89139572 52.6344147
28.88841456 52.6330872
28.8862362 52.63490295
28.87954524 52.63270569
28.87949952 52.63046262
28.874277 52.62780384
28.86984828 52.62783813
28.86614784 52.62741855
BRUSH(1,0)
REGION 1
228
31.3317432 52.38052749
31.3310088 52.38054657
31.32514764 52.38071442
31.32441504 52.38073728
31.32391932 52.38389583
31.32395352 52.38434223
31.32415764 52.38703539
31.3234254 52.38705447
31.3219584 52.38709641
31.32126036 52.38756558
31.32052812 52.38758466
31.31979552 52.38760761
31.31836308 52.38809586
31.31763084 52.38811872
31.31693064 52.38858798
31.3162326 52.38905715
31.31476596 52.38909531
31.31406792 52.38956448
31.31333532 52.38958743
31.31263548 52.3900566
31.31193744 52.39052586
31.31123724 52.39099503
31.31433864 52.39315413
31.31583804 52.3935585
31.32153144 52.39115145
31.32453168 52.39196397
31.32529848 52.39239498
31.32470124 52.39420704
31.3232022 52.3937988
31.3224678 52.39382175
31.32173556 52.39384083
31.32100296 52.39386369
31.32027036 52.39388277
31.31876952 52.3934784
31.31527536 52.39582065
31.31457516 52.39628982
31.31384292 52.39631268
31.31387712 52.39675899
31.31317728 52.39722825
31.31247888 52.39769742
31.31251128 52.3981476
31.31258004 52.399044
31.3118802 52.39951326
31.3119144 52.39995957
31.3119486 52.40040966
31.31198316 52.40085984
31.31082144 52.40493396
31.3108884 52.40583036
31.3155576 52.4092941
31.31422812 52.41112902
31.31426052 52.41157911
31.31659692 52.4133072
31.31736372 52.41373821
31.31669808 52.41465378
31.31599824 52.41512295
31.31473536 52.41785427
31.31406972 52.41877362
31.31180208 52.41793824
31.31033508 52.41798018
31.31129448 52.4112129
31.30902684 52.41037752
31.30752744 52.40996937
31.30232616 52.40921787
31.30082712 52.40880963
31.28819472 52.40692143
31.28672808 52.4069595
31.2847632 52.41016008
31.28483016 52.41105648
31.2878304 52.41187287
31.2893316 52.41228102
31.29159744 52.41311649
31.29523092 52.41256335
31.29669756 52.41252132
31.298931 52.41291048
31.30133256 52.41553875
31.30059996 52.41555783
31.29990012 52.41602709
31.29919992 52.41649626
31.29846768 52.41651534
31.29703524 52.41700746
31.29630084 52.41702654
31.295601 52.41749571
31.2948684 52.41751479
31.29416856 52.41798405
31.29270156 52.41802599
31.29196932 52.41804507
31.29126948 52.41851424
31.29053508 52.4185371
31.28906808 52.41857913
31.28836824 52.4190483
31.2876702 52.41951369
31.29170616 52.42434309
31.29250716 52.4252205
31.29757488 52.42417911
31.29830748 52.42416003
31.30151184 52.42766571
31.30227864 52.42809294
31.29801192 52.43000796
31.29731352 52.43047713
31.30599024 52.43832018
31.30675884 52.43875119
31.31259336 52.43813703
31.31419752 52.43988798
31.31493012 52.43986512
31.31566416 52.43984604
31.31636436 52.43937687
31.3170642 52.43890761
31.3177644 52.43843844
31.31919684 52.4379501
31.31993088 52.43792724
31.32066348 52.43790816
31.32136332 52.43743899
31.32279792 52.43694687
31.32353016 52.43692779
31.32423036 52.43645862
31.3249302 52.43598936
31.324896 52.43553927
31.32486144 52.43509296
31.32556164 52.4346237
31.32479304 52.43419647
31.32549288 52.4337273
31.32542628 52.43283081
31.32539172 52.43238072
31.32535752 52.43193432
31.32532296 52.43148423
31.32528876 52.43103792
31.32522216 52.43013765
31.3251876 52.42969134
31.3251534 52.42924116
31.32511884 52.42879485
31.32508464 52.42834476
31.32501804 52.42744827
31.32498348 52.42700196
31.32494928 52.42655178
31.32491508 52.42610547
31.32488052 52.42565538
31.32481392 52.42475889
31.32404532 52.42433166
31.32401076 52.42388157
31.32324396 52.42345425
31.32244296 52.42258071
31.32167616 52.42215348
31.32164196 52.4217033
31.32087336 52.42127607
31.32010656 52.42084884
31.31930556 52.41997143
31.319271 52.41952512
31.3185042 52.41909789
31.31847 52.4186478
31.317669 52.41777039
31.3169022 52.41734316
31.32033156 52.41410064
31.32263196 52.4153862
31.32343296 52.41625974
31.32727056 52.41839985
31.32803736 52.41882708
31.33000008 52.4156265
31.33069812 52.41515733
31.327425 52.41075516
31.326624 52.40987775
31.32795348 52.40804292
31.32868752 52.40802384
31.32945432 52.40845107
31.33018692 52.40843199
31.33095552 52.40885922
31.33172232 52.40928654
31.33245456 52.40926359
31.33395576 52.40967174
31.33468836 52.40964888
31.3354224 52.4096298
31.33612044 52.40916063
31.33605204 52.40826414
31.33601964 52.40781405
31.33598508 52.40736774
31.33595088 52.40691756
31.33664892 52.40644839
31.33731456 52.40553282
31.33728036 52.40508273
31.3379802 52.40461347
31.33867824 52.4041443
31.33937628 52.40367504
31.34007648 52.40320587
31.3405704 52.40004732
31.34500308 52.40037159
31.34723652 52.40075688
31.35460104 52.40099331
31.35610008 52.40140155
31.35592836 52.39915848
31.3558596 52.39826199
31.35362832 52.3978767
31.35142908 52.39794159
31.3462638 52.3976364
31.34479716 52.39767834
31.34326356 52.39682388
31.34179692 52.39686582
31.33953108 52.39603422
31.33806408 52.39607616
31.34012616 52.39421847
31.3400916 52.39376829
31.34452428 52.39409256
31.34602368 52.39450071
31.35262104 52.39431
31.35408588 52.39426806
31.3545798 52.39110951
31.3545114 52.39021302
31.3556328 52.38568881
31.354866 52.38526158
31.35340116 52.38530352
31.35266892 52.3853226
31.35193632 52.38534546
31.35120192 52.38536454
31.35043512 52.38493731
31.34897028 52.38497925
31.34823804 52.38500211
31.34747124 52.38457488
31.34673684 52.38459396
31.3460046 52.38461304
31.34453976 52.38465498
31.34380716 52.38467793
31.34307492 52.38469692
31.34234052 52.38471987
31.34160792 52.38473895
31.34010888 52.38433458
31.33937628 52.38435366
31.33864404 52.38437652
31.33787724 52.38394929
31.33690452 52.3808289
31.3317432 52.38052749
BRUSH(1,0)
REGION 1
98
31.42084896 52.22338866
31.42156608 52.22327805
31.4251596 52.22236248
31.43298024 52.21943667
31.43527488 52.22071836
31.43603952 52.22114568
31.43746008 52.22065734
31.43889036 52.22016522
31.44149604 52.21918872
31.44170772 52.21910097
31.4424666 52.218792
31.4438598 52.21821978
31.44525156 52.21764756
31.44740472 52.21676637
31.44932928 52.21641159
31.45028868 52.21623231
31.45317264 52.21569825
31.45390308 52.21567539
31.45463388 52.21565244
31.45536216 52.21563336
31.4568234 52.21559142
31.4575524 52.21556856
31.4610966 52.21411515
31.46026284 52.2127953
31.45946184 52.21191789
31.45782708 52.20972063
31.45709664 52.20973971
31.45490892 52.20980451
31.45421268 52.21027755
31.44406572 52.21147158
31.44403152 52.21102527
31.4311032 52.21409985
31.42512576 52.21247868
31.4250912 52.2120285
31.4250552 52.21158219
31.42575144 52.21111302
31.42568088 52.21021653
31.42564632 52.20976644
31.42561212 52.20932004
31.42557792 52.20886995
31.42554336 52.20841977
31.42620324 52.20750429
31.4254386 52.20707706
31.4246736 52.20664983
31.4246394 52.20619965
31.42457064 52.20530316
31.42453428 52.20485685
31.42450008 52.20440676
31.42446588 52.20396045
31.42001772 52.20318987
31.41925308 52.20276264
31.41855864 52.20323181
31.41786456 52.20370485
31.41640332 52.20374679
31.41570924 52.20421605
31.41497844 52.20423513
31.4142156 52.20380781
31.41348516 52.20383076
31.41202608 52.2038727
31.41132984 52.20434187
31.4106012 52.20436482
31.40987076 52.2043839
31.40914212 52.20440676
31.40768232 52.2044487
31.39927848 52.20689013
31.40076312 52.20959472
31.40083368 52.21049121
31.40962452 52.21068192
31.41049428 52.21245573
31.4105976 52.21380231
31.41647028 52.21407699
31.41796536 52.21448514
31.41810468 52.21627812
31.41817344 52.21717452
31.417443 52.21719747
31.41671436 52.21721646
31.41598392 52.21723941
31.41521892 52.21681218
31.41448848 52.21683126
31.4130294 52.21687698
31.4122644 52.21644975
31.41153576 52.21646883
31.41080532 52.21649169
31.41007488 52.21651077
31.40858124 52.2161064
31.4078508 52.21612548
31.40708616 52.21569825
31.40635536 52.21572111
31.40659764 52.21886067
31.40590356 52.21932984
31.40750196 52.22108079
31.40823024 52.22105793
31.41410508 52.22133639
31.41483552 52.22131731
31.41490428 52.22221371
31.41497484 52.2231102
31.42011888 52.22340774
31.42084896 52.22338866
BRUSH(1,0)
REGION 1
46
29.8331604 52.22128293
29.83332816 52.22532654
29.82524868 52.22455218
29.82267756 52.23313143
29.8270836 52.23350907
29.82496464 52.23534012
29.82224268 52.24032594
29.81929968 52.23992157
29.81858652 52.24038318
29.81944836 52.243515
29.8217718 52.24662396
29.82261456 52.24930569
29.81893932 52.24891284
29.81760588 52.25207904
29.8138734 52.25033952
29.80740168 52.25313564
29.81058696 52.25937651
29.80401984 52.25992965
29.80489932 52.26350787
29.7999972 52.26897429
29.80598076 52.27202988
29.80879776 52.26928713
29.81020536 52.2679176
29.81459628 52.2678528
29.81600568 52.26647949
29.81155788 52.26520158
29.81724552 52.26107022
29.85304248 52.25915907
29.85448644 52.25868603
29.85439284 52.25644305
29.85217848 52.25602725
29.85058224 52.25291064
29.84763708 52.25250627
29.8490256 52.25068665
29.84962464 52.24753188
29.84071536 52.24452975
29.84135256 52.24227138
29.8457604 52.24265289
29.84844024 52.23677067
29.8410894 52.23598479
29.84174532 52.23418047
29.83947768 52.23241809
29.83422672 52.22935485
29.83629024 52.22617722
29.83760244 52.22256471
29.8331604 52.22128293
BRUSH(1,0)
REGION 1
148
30.37759416 52.33278654
30.3674814 52.33568571
30.36372192 52.33396527
30.36298932 52.33398057
30.36162168 52.33580397
30.36091248 52.33626936
30.36315924 52.33712004
30.36462408 52.33709331
30.36108204 52.33940883
30.35966508 52.34033583
30.3559038 52.33861539
30.35377872 52.34000778
30.353094 52.34091948
30.35612124 52.34265522
30.35614572 52.34310153
30.3490332 52.34729004
30.34908108 52.34818653
30.34910592 52.34863662
30.35279448 52.34901048
30.35355012 52.34944536
30.357216 52.34937282
30.3610248 52.35198975
30.36180492 52.35287472
30.36414924 52.35552216
30.36490632 52.35595704
30.370329 52.36123653
30.36673548 52.36265943
30.36602772 52.36312104
30.3595506 52.36549758
30.35737404 52.36599348
30.3522912 52.36699293
30.34940544 52.36795044
30.34798812 52.36887744
30.34654632 52.36935426
30.34363572 52.36986159
30.34060848 52.36812594
30.33772272 52.36908336
30.33628092 52.36956027
30.33860004 52.37176131
30.33862308 52.37220762
30.3335856 52.37410734
30.33287604 52.37456895
30.33519552 52.37676999
30.34172448 52.37529372
30.34319112 52.37526321
30.34548756 52.37701416
30.34697724 52.37743374
30.349863 52.37647632
30.3536988 52.37954334
30.3457986 52.38284679
30.34440432 52.38422397
30.3459912 52.38644031
30.34601604 52.38688662
30.35041632 52.38679887
30.3512706 52.38903042
30.36080736 52.38883593
30.36153996 52.38882063
30.36298356 52.38834381
30.37251852 52.38814923
30.3746472 52.38676071
30.37537944 52.38674541
30.37384044 52.38542934
30.3738156 52.38497925
30.37376772 52.38408276
30.37447548 52.38361737
30.37518504 52.38315585
30.3758946 52.38269046
30.37660416 52.38222885
30.37731156 52.38176346
30.37799628 52.38085176
30.37870584 52.38038637
30.3794154 52.37992476
30.38012496 52.37945937
30.38159196 52.37942886
30.38227452 52.37851716
30.38298408 52.37805555
30.38369364 52.37759016
30.3844032 52.37712477
30.38584536 52.37664795
30.3865776 52.37663265
30.38726232 52.37572095
30.38797188 52.37525556
30.38867964 52.37479404
30.3893892 52.37432865
30.3900966 52.37386326
30.39080616 52.37340165
30.39149088 52.37248995
30.39219864 52.37202456
30.3921756 52.37157438
30.39361776 52.37109756
30.39432516 52.37063217
30.39503472 52.37017056
30.39574248 52.36970517
30.39645204 52.36924365
30.39718428 52.36922835
30.39865128 52.36919784
30.39938352 52.36918263
30.4016094 52.36958691
30.40456572 52.36997607
30.4089642 52.36988445
30.41507736 52.37425233
30.41886708 52.37641908
30.41957664 52.37595369
30.4259778 52.3722267
30.4266852 52.37176518
30.43037592 52.37213517
30.43111032 52.37211987
30.43245132 52.36984638
30.43316088 52.36938477
30.43457604 52.36845399
30.43591884 52.36618041
30.43730916 52.36480332
30.43799208 52.36389162
30.43796724 52.36344144
30.4394094 52.36296462
30.44082456 52.36203384
30.44079972 52.36158753
30.43847664 52.35939027
30.4384518 52.35894009
30.44052504 52.3566513
30.44125764 52.35663609
30.44274912 52.35705189
30.44416428 52.35612489
30.44413944 52.35567471
30.43736856 52.35267258
30.43734372 52.3522224
30.43312056 52.35545727
30.4317054 52.35638427
30.42945684 52.35553359
30.4272576 52.3555794
30.41828928 52.35261921
30.41576964 52.34682843
30.41205588 52.34600826
30.41061588 52.34648517
30.40980912 52.3451538
30.40905204 52.34472279
30.40741332 52.34160996
30.40668108 52.34162517
30.40521444 52.34165577
30.40450668 52.34212116
30.38980284 52.34152221
30.38816628 52.33840938
30.38670144 52.33843998
30.3852366 52.33847049
30.38081544 52.33811184
30.3800832 52.33812714
30.37837392 52.33366773
30.37759416 52.33278654
BRUSH(1,0)
REGION 1
122
28.81861884 52.30429074
28.81790352 52.30519488
28.8171864 52.30609893
28.81573884 52.30700685
28.81426428 52.30656819
28.81278036 52.30567935
28.81131552 52.30569078
28.80984132 52.30525212
28.80838404 52.30570986
28.8069192 52.30572129
28.80546192 52.30617903
28.80400464 52.30664064
28.80253044 52.30620189
28.80105588 52.30576323
28.79958168 52.3053207
28.79811684 52.30533222
28.79666712 52.30624005
28.7952174 52.30714797
28.79523468 52.30804824
28.7952498 52.30894473
28.79526708 52.309845
28.79528436 52.31074527
28.79529948 52.31164167
28.79531676 52.31254194
28.79533404 52.31343843
28.79534916 52.3143387
28.7938746 52.31389995
28.7924022 52.31345751
28.790928 52.31301876
28.789461 52.31303028
28.78799616 52.31304171
28.78652196 52.31259918
28.7850474 52.31216052
28.7835732 52.31172177
28.78210656 52.31173329
28.78064172 52.31174085
28.77917472 52.31175228
28.77771744 52.31221011
28.77700032 52.31311416
28.77774984 52.31400678
28.77921684 52.31399922
28.78068168 52.3139877
28.78214076 52.31352996
28.78361316 52.31396862
28.7850798 52.31395719
28.78655436 52.31439594
28.78802856 52.31483838
28.78950312 52.31527713
28.79097732 52.31571579
28.79245008 52.31615445
28.79392428 52.3165932
28.79539884 52.31703186
28.79687304 52.31747052
28.7983476 52.31790927
28.7998218 52.31834793
28.80129636 52.31879046
28.80277056 52.31922912
28.80424692 52.31966778
28.80572112 52.32010653
28.80718596 52.3200951
28.80866052 52.32053376
28.81013472 52.32097242
28.81160172 52.32096477
28.81306836 52.32095334
28.81454292 52.32139209
28.81455984 52.32228849
28.81530936 52.32318498
28.81678392 52.32362364
28.81750104 52.32271959
28.81895076 52.32180789
28.81966608 52.32090762
28.82114028 52.32134628
28.82261484 52.32178494
28.82409876 52.32267
28.82557296 52.32310866
28.82705688 52.3239975
28.8285408 52.32488634
28.83002472 52.32577518
28.83149892 52.32621384
28.8315162 52.32711033
28.83080088 52.32801438
28.83008376 52.32891843
28.82862648 52.32938004
28.82715984 52.32938769
28.82570256 52.32984921
28.82498544 52.33075335
28.82427012 52.3316574
28.823553 52.33255767
28.82357028 52.33345794
28.83598524 52.33067325
28.83670056 52.32976911
28.83668328 52.32886884
28.836666 52.32797244
28.83738132 52.3270683
28.83736404 52.3261719
28.83734712 52.32527163
28.83732984 52.32437136
28.83657852 52.32347874
28.83510396 52.32303999
28.83362976 52.32260133
28.8321552 52.32216267
28.83067884 52.32172392
28.83066192 52.32082752
28.83137904 52.31992338
28.83209436 52.31901933
28.83207708 52.31812284
28.8313254 52.31722644
28.8298512 52.31678769
28.82910168 52.31589507
28.82981664 52.31499102
28.82833488 52.31410596
28.82685096 52.31321712
28.82610144 52.3123245
28.82461752 52.31143566
28.8231354 52.31054691
28.82238588 52.3096542
28.82090196 52.30876545
28.82015244 52.30787274
28.82013516 52.30697634
28.82011788 52.30607607
28.82010096 52.30517958
28.81861884 52.30429074
BRUSH(1,0)
REGION 1
111
28.48081788 52.11570357
28.4793588 52.11571122
28.47863952 52.11661149
28.47864924 52.11751176
28.47938904 52.11840816
28.4801292 52.11930087
28.47940812 52.12020492
28.4786892 52.12110519
28.47869856 52.12200546
28.47797964 52.12290573
28.47725856 52.123806
28.47726828 52.12470627
28.4772798 52.12560276
28.47655872 52.12650681
28.47510324 52.12696077
28.47365388 52.12786482
28.47439368 52.12876131
28.47586428 52.12965393
28.47733308 52.13054655
28.47807324 52.13144304
28.47954384 52.13233566
28.48101408 52.13322828
28.48247892 52.13367081
28.48394376 52.13411334
28.48541436 52.13500596
28.48688496 52.13589858
28.4883498 52.13634111
28.4898168 52.13678364
28.4912874 52.13767626
28.49275224 52.1381187
28.49422248 52.13901141
28.49569308 52.13990403
28.49715792 52.14034656
28.49863068 52.14123918
28.50009552 52.14168171
28.50080508 52.13988117
28.50079356 52.1389809
28.50151428 52.13808063
28.50150312 52.13718036
28.50222384 52.13628009
28.50368292 52.13627244
28.50514992 52.13671497
28.50660324 52.13626101
28.50659388 52.13536074
28.5073128 52.13446047
28.50877368 52.13445282
28.51023276 52.13444904
28.511694 52.13444139
28.51314912 52.13398365
28.51461396 52.13442609
28.5160734 52.13442231
28.51754004 52.13486484
28.51900488 52.13530728
28.52047152 52.13574981
28.52193636 52.13619234
28.523403 52.13663487
28.52486784 52.13707731
28.52633268 52.13751984
28.52779968 52.13796237
28.52926452 52.13840481
28.53073116 52.13884734
28.5321924 52.13883969
28.53291132 52.13793942
28.53363024 52.13703537
28.53361908 52.13613888
28.53360756 52.13523861
28.53359604 52.13433834
28.53358452 52.13344194
28.53211392 52.13254932
28.53064908 52.13210679
28.5291882 52.13211444
28.52772336 52.13167191
28.52625672 52.13122938
28.52479188 52.13078694
28.52405532 52.13034054
28.52259048 52.1298981
28.52114112 52.13080215
28.51968564 52.13125989
28.5182208 52.13081745
28.51675596 52.13037492
28.51529112 52.12993239
28.51382448 52.12948986
28.51235964 52.12904742
28.51088904 52.12815471
28.51014888 52.12725831
28.51013772 52.12636182
28.50866712 52.1254692
28.50720804 52.12547298
28.50573744 52.12458423
28.50645636 52.12368009
28.50644484 52.12278369
28.50716412 52.12187955
28.50642396 52.12098693
28.5056838 52.12009044
28.50421896 52.119648
28.50276384 52.12010196
28.50131592 52.12100601
28.49986656 52.12191393
28.49841108 52.12236789
28.49694624 52.12192536
28.4954814 52.12148283
28.4940108 52.12059021
28.49254596 52.12014768
28.49108112 52.11970524
28.48961268 52.11881253
28.48814784 52.11837009
28.486683 52.11792756
28.4852124 52.11703494
28.48374756 52.11659241
28.48228272 52.1161461
28.48081788 52.11570357
BRUSH(1,0)
REGION 1
30
30.88073556 52.55647281
30.8785554 52.55697636
30.8770848 52.55701443
30.87643608 52.55837631
30.87646668 52.55882649
30.87211032 52.55982972
30.87060732 52.5594177
30.86987112 52.55943678
30.86916552 52.55990217
30.86772336 52.56038664
30.8671056 52.56219861
30.86792928 52.56352611
30.86869608 52.56395721
30.86949168 52.5648384
30.86957916 52.56618498
30.87175752 52.56568143
30.87326052 52.56609345
30.875616 52.56828306
30.87647064 52.57005696
30.88671876 52.56890865
30.89013084 52.56478116
30.8908386 52.56431199
30.89283768 52.56111906
30.89425104 52.5601845
30.89348424 52.5597534
30.89274804 52.55977248
30.88753704 52.5590019
30.88453284 52.55817795
30.8822364 52.55688861
30.88073556 52.55647281
BRUSH(1,0)
REGION 1
28
30.91267008 52.52693175
30.90972888 52.5270042
30.90755088 52.52750775
30.9002076 52.53892137
30.89959128 52.54073334
30.90415392 52.54286571
30.90642156 52.54370883
30.90595428 52.54776378
30.90536892 52.55002593
30.9076956 52.55176545
30.9084912 52.55264286
30.91346352 52.54982379
30.91416948 52.5493584
30.91113468 52.54808427
30.91604616 52.54436871
30.91678236 52.54434963
30.92049036 52.54470828
30.92122656 52.5446892
30.9267216 52.53871158
30.9273966 52.53779601
30.92365836 52.53699114
30.92215716 52.53657912
30.91992012 52.53618618
30.91841892 52.53577425
30.92044464 52.53302763
30.9210912 52.53166197
30.91496652 52.52822109
30.91267008 52.52693175
BRUSH(1,0)
REGION 1
25
29.26347336 52.45528797
29.25471672 52.45763013
29.2592718 52.46252442
29.25932328 52.46432118
29.24909388 52.46667477
29.24754516 52.46399691
29.24310672 52.46314623
29.2357674 52.46367264
29.23878492 52.46633907
29.24628084 52.47119907
29.24704368 52.47209169
29.256525 52.4692917
29.25877176 52.47061542
29.26612476 52.47053532
29.28075408 52.46767809
29.28301416 52.4694519
29.28737268 52.46760555
29.28285396 52.46406171
29.28137004 52.4636307
29.27771964 52.46456913
29.27699856 52.46502687
29.27317608 52.46012493
29.26869948 52.45792767
29.26789848 52.45569225
29.26347336 52.45528797
BRUSH(1,0)
REGION 1
68
29.35412424 52.10652924
29.34683028 52.10661312
29.34619704 52.10976411
29.34623736 52.11111069
29.34048456 52.1138763
29.33828172 52.11344907
29.33678232 52.11212157
29.33810424 52.10761257
29.33006652 52.10725401
29.3257044 52.10775378
29.32359696 52.11047367
29.31849108 52.11053082
29.31571944 52.11550521
29.32097436 52.12038807
29.31436908 52.11911394
29.31003 52.12051011
29.30418 52.1201286
29.30345136 52.12013625
29.30281452 52.12328724
29.29571532 52.13010789
29.29501152 52.13101194
29.2899438 52.13241963
29.29076388 52.13555523
29.2980366 52.13457486
29.30031972 52.13769534
29.3120118 52.13801196
29.30994216 52.14207843
29.30337144 52.14215088
29.30418216 52.14484026
29.31439032 52.14427569
29.315916 52.14650346
29.324745 52.14865113
29.32621776 52.14908214
29.32760988 52.14682008
29.33346564 52.1472015
29.33487144 52.14538953
29.340765 52.14711762
29.34215748 52.14485547
29.33404524 52.14225384
29.31940476 52.14107133
29.32006824 52.13882061
29.33618148 52.14043044
29.33981712 52.13994219
29.34638604 52.13986587
29.3558616 52.13930508
29.3550912 52.13796615
29.34992592 52.1362305
29.35127628 52.13261799
29.35631556 52.1303139
29.35552968 52.12852857
29.34975996 52.13084031
29.3431932 52.13091663
29.34165204 52.12823868
29.34455688 52.12775421
29.35256976 52.1272125
29.35252764 52.12586592
29.35692036 52.12626264
29.35623168 52.12762074
29.35917864 52.12848285
29.36573208 52.12795635
29.36493288 52.12572102
29.3605272 52.12487412
29.36045844 52.12262727
29.36108988 52.11947628
29.36246688 52.11676404
29.35879128 52.11590958
29.35791 52.11097713
29.35412424 52.10652924
BRUSH(1,0)
REGION 1
31
27.72199836 52.07461164
27.72565452 52.07424165
27.7285842 52.07200245
27.7351362 52.07381442
27.74169936 52.07382585
27.74243736 52.07203296
27.74680524 52.07338719
27.74606904 52.07473377
27.75043476 52.07654187
27.752634 52.07429889
27.75481992 52.07475285
27.76140612 52.07027058
27.76071564 52.06218336
27.75999636 52.06038282
27.75124728 52.06036761
27.75123612 52.06261446
27.73739232 52.06123737
27.73591812 52.06438062
27.73154628 52.0639191
27.72936648 52.06256865
27.71624772 52.06208805
27.71478648 52.06253436
27.71477712 52.06388472
27.71040708 52.0634232
27.70966152 52.06612014
27.71766468 52.06883238
27.71910684 52.07153319
27.71837604 52.0719795
27.7202646 52.07374188
27.72127548 52.07468418
27.72199836 52.07461164
BRUSH(1,0)
REGION 1
34
30.79692648 51.92497251
30.79477692 51.92547606
30.79483236 51.92637255
30.79500192 51.92906571
30.79276848 51.92821881
30.78919584 51.92920305
30.78219024 51.93341442
30.77998344 51.9330177
30.78001224 51.93346401
30.777975 51.93576054
30.77434548 51.9358482
30.77370252 51.93721008
30.778839 51.93798831
30.78168696 51.93701937
30.7841454 51.94145583
30.78422928 51.94280241
30.79199016 51.93902205
30.7922706 51.94350819
30.78604332 51.94860075
30.79283148 51.95248029
30.78931248 51.95436093
30.7916604 51.95700072
30.78534708 51.96074679
30.78696816 51.96340557
30.79126944 51.96240234
30.79464912 51.95827863
30.796686 51.95598219
30.80288304 51.95044323
30.80268684 51.94730376
30.80664828 51.94091799
30.807846 51.93684387
30.80681028 51.93192672
30.80133612 51.92576595
30.79692648 51.92497251
BRUSH(1,0)
REGION 1
59
28.32636456 51.76892853
28.31914152 51.77164455
28.31553072 51.77300265
28.31699196 51.77479932
28.3177242 51.77569581
28.31192964 51.77571102
28.3097592 51.77616498
28.30833252 51.77931597
28.30689612 51.78111651
28.31341536 51.78109743
28.31921568 51.78153231
28.322136 51.784668
28.3221396 51.78511809
28.32141492 51.78511809
28.31923872 51.78467556
28.31706432 51.78468321
28.31126976 51.78469851
28.31201352 51.78739167
28.31201928 51.78829194
28.31491656 51.78828429
28.31854644 51.78917313
28.318554 51.79006962
28.31928048 51.79051593
28.31492988 51.79008105
28.3120326 51.79008861
28.31203836 51.79098888
28.31204232 51.79143528
28.31785776 51.79411701
28.32004152 51.79545972
28.3258458 51.79634091
28.32947352 51.79677966
28.3266144 51.80218128
28.32590304 51.80397795
28.32880212 51.8039703
28.32953076 51.8044167
28.33167456 51.80036922
28.33238592 51.79856877
28.33237836 51.7976685
28.33381656 51.79631805
28.33380684 51.79496769
28.33379928 51.7940712
28.33741944 51.79360959
28.34104356 51.79359816
28.34177796 51.79494474
28.3425102 51.79584123
28.34612856 51.79537962
28.3490316 51.79582215
28.34755308 51.7922325
28.34754552 51.79133223
28.34609976 51.79178619
28.34537688 51.79178997
28.34095752 51.782814
28.34095392 51.78236769
28.33292016 51.77385333
28.33218576 51.77250675
28.33145532 51.77161026
28.33145136 51.77116017
28.32781608 51.76937484
28.32636456 51.76892853
BRUSH(1,0)
REGION 1
50
30.27395808 51.77321622
30.26835252 51.77692035
30.26611332 51.77561571
30.25464804 51.77808378
30.25622952 51.7807503
30.26059524 51.78111651
30.26588832 51.78550716
30.26016432 51.78696444
30.261114 51.79143906
30.24903312 51.7961655
30.25502784 51.80009463
30.2509764 51.80601501
30.25468836 51.80773923
30.25869372 51.80092236
30.26163492 51.80176548
30.26369268 51.7994766
30.25781064 51.79779432
30.26134116 51.79592898
30.27391992 51.801075
30.27484908 51.80510331
30.27066408 51.80832675
30.27147876 51.81010821
30.2758236 51.81002424
30.27682116 51.81539913
30.28044132 51.81532668
30.28109724 51.8139648
30.28474224 51.81434631
30.29109948 51.81107328
30.29691492 51.81140898
30.29759424 51.81049728
30.29385744 51.80832288
30.28582368 51.80713272
30.28586976 51.80803299
30.2844906 51.8094063
30.27926268 51.80636214
30.27622788 51.80372622
30.27692988 51.80326461
30.27968964 51.80051421
30.27962124 51.79916763
30.27484512 51.79072572
30.274641 51.78668211
30.27592836 51.78351213
30.27941136 51.7807503
30.28870404 51.7783203
30.2922306 51.77645496
30.29076 51.77603529
30.28926852 51.77516553
30.27981564 51.77445219
30.27759948 51.77359773
30.27395808 51.77321622
BRUSH(1,0)
REGION 1
16
30.56165316 51.43161015
30.55962564 51.43390272
30.563469 51.43830876
30.5557956 51.442524
30.55743396 51.44608305
30.56171796 51.44553756
30.56946552 51.44267277
30.57805836 51.44203188
30.58147044 51.43881222
30.58142076 51.43791582
30.57911316 51.43526838
30.576807 51.43262481
30.57252516 51.43316652
30.56742288 51.43193055
30.56457708 51.43244553
30.56165316 51.43161015
BRUSH(1,0)
REGION 3
31
30.04687116 53.06684112
30.047022 53.06998446
30.03765696 53.07688521
30.03993612 53.07774354
30.03789348 53.08182144
30.03725448 53.08407972
30.0373632 53.08632279
30.036789 53.08992765
30.0345534 53.08996581
30.03557796 53.09579088
30.03574932 53.09938053
30.03875532 53.09977725
30.03886224 53.10202023
30.032982 53.10391995
30.03313248 53.10706329
30.05410392 53.10849384
30.0577032 53.10573579
30.05981064 53.10300447
30.06277092 53.10250092
30.06358344 53.10383607
30.06952668 53.10327915
30.07058148 53.09427645
30.07038492 53.09023671
30.0665034 53.08716204
30.06352224 53.08721541
30.06038664 53.08412553
30.05782524 53.0774307
30.05609508 53.0725212
30.0538368 53.07210927
30.05212968 53.06764599
30.04687116 53.06684112
21
29.99999988 53.06091309
29.9914092 53.06105808
29.99228112 53.06373981
29.99004552 53.06377797
29.99091708 53.06645583
29.99400336 53.06865309
29.99999988 53.07457734
30.00025944 53.07483294
30.00634956 53.07742692
30.00696768 53.07471846
30.0099276 53.07421878
30.0100554 53.07691194
30.01538088 53.07906726
30.01827636 53.07722091
30.02106672 53.07312771
30.02317416 53.07039639
30.01263444 53.06833269
30.0059262 53.06844708
30.00262824 53.06176755
30.00035088 53.06090544
29.99999988 53.06091309
16
30.01870152 53.05475232
30.01580604 53.05659867
30.01806252 53.05700682
30.01753044 53.06150817
30.01765824 53.06420133
30.0139542 53.06471631
30.01020624 53.06433102
30.01103604 53.06611248
30.01480488 53.06694795
30.02451516 53.06723019
30.02598396 53.06675337
30.0280896 53.06402205
30.02787576 53.059536
30.02766228 53.05504608
30.02319144 53.0551224
30.01870152 53.05475232
BRUSH(1,0)
REGION 2
651
30.98431008 52.40021895
30.97740384 52.40668869
30.97743408 52.407135
30.97224036 52.40636829
30.97291176 52.40545272
30.97288152 52.40500263
30.9676266 52.40333943
30.96689436 52.40335842
30.96823896 52.40152737
30.96301464 52.40031048
30.96102708 52.40350728
30.95137224 52.40195469
30.948408 52.40157696
30.94691076 52.40116881
30.94620912 52.4016342
30.94556616 52.40299986
30.947796 52.4033928
30.94852824 52.40337372
30.95225712 52.40417859
30.95891748 52.40490723
30.95830548 52.40672298
30.95760168 52.40718846
30.9538746 52.4063835
30.95243856 52.40686797
30.95127288 52.41139218
30.95063028 52.41275406
30.93721596 52.40994642
30.93015096 52.41416931
30.93018156 52.41461562
30.91747104 52.41133881
30.91673664 52.41135789
30.91934196 52.40634921
30.91414824 52.40558241
30.91188996 52.40473938
30.90965832 52.40434266
30.90892608 52.40436174
30.90013308 52.41581343
30.89878452 52.41764448
30.8950578 52.41683583
30.8942946 52.41640851
30.89496816 52.41549303
30.89118204 52.4137878
30.89044764 52.41380688
30.88763244 52.41567231
30.88695708 52.41658779
30.88320156 52.41533283
30.88170432 52.41492081
30.87891756 52.41723633
30.87968076 52.41766743
30.8804436 52.41809466
30.88120644 52.41852567
30.88270368 52.41893769
30.88346688 52.41936879
30.88419912 52.41935349
30.88499256 52.4202309
30.88502316 52.42068099
30.885786 52.42110822
30.8865492 52.42153932
30.88731204 52.42197033
30.88807488 52.42240143
30.88886832 52.42327884
30.88963116 52.42370985
30.89036556 52.42369464
30.8918628 52.42410657
30.88840104 52.42733379
30.88766664 52.42735287
30.8869038 52.42692186
30.885435 52.42696002
30.88470276 52.4269791
30.88396836 52.42699431
30.88323396 52.42701339
30.88247112 52.42658238
30.88173672 52.42660137
30.88027008 52.42663575
30.87950724 52.42620852
30.87877284 52.42622373
30.87801 52.42579272
30.8772756 52.4258118
30.8758086 52.42584996
30.87504396 52.42541886
30.87431136 52.42543416
30.87354852 52.42500306
30.87281412 52.42502214
30.87131688 52.42461012
30.87058248 52.4246292
30.86981964 52.42419819
30.86908524 52.42421727
30.868353 52.42423248
30.8668842 52.42427064
30.8661804 52.42473603
30.865446 52.42475511
30.86039736 52.42622373
30.85895916 52.4267082
30.86060328 52.42936707
30.86139492 52.43024448
30.86066232 52.43026356
30.86142552 52.43069457
30.86233524 52.43336865
30.85804764 52.43526837
30.85731504 52.43528745
30.85743132 52.43708043
30.85819452 52.43751144
30.86400816 52.43647005
30.866886 52.43550111
30.8676186 52.43548581
30.87199404 52.43492889
30.87346068 52.43489073
30.87636768 52.43437197
30.87663264 52.43840793
30.87739584 52.43883894
30.87962712 52.43923188
30.88036152 52.43921658
30.88097784 52.43740461
30.88071252 52.43336487
30.88438236 52.43327712
30.88511676 52.43325804
30.89145456 52.4290581
30.89215872 52.42859271
30.90031992 52.42973706
30.90178692 52.42969899
30.90184776 52.43059926
30.90187656 52.43104557
30.9019356 52.43194197
30.90120336 52.43196105
30.9012624 52.43285754
30.90569508 52.43319702
30.90645792 52.43362812
30.90924468 52.4313126
30.9137076 52.43210217
30.9130632 52.43346405
30.91312404 52.43436054
30.9213468 52.43640516
30.92284404 52.43681718
30.92082228 52.43956371
30.92011848 52.44002919
30.92103216 52.44270327
30.9218256 52.44358059
30.92188464 52.44447708
30.92121144 52.44539265
30.92053608 52.44630813
30.91995252 52.44857028
30.91998312 52.44902037
30.92973696 52.45191954
30.93050016 52.45235064
30.9270096 52.45513533
30.91422852 52.45095825
30.91346352 52.45052715
30.91279032 52.45144272
30.91211496 52.45235829
30.91141116 52.45282746
30.91147056 52.45372395
30.91740408 52.45447545
30.91966632 52.45531848
30.92040072 52.4552994
30.92189976 52.45571133
30.92339916 52.45612335
30.9219894 52.457058
30.92204844 52.4579544
30.92281344 52.45838163
30.92578128 52.45875927
30.92801472 52.45915221
30.92954256 52.46001432
30.93030756 52.46044155
30.9310722 52.46087265
30.93529716 52.45807266
30.93600096 52.45760349
30.93982308 52.45975494
30.93985368 52.46020512
30.94276068 52.45968249
30.94854372 52.45818714
30.96175572 52.46863938
30.96475416 52.46946333
30.9641112 52.47082521
30.9641418 52.4712753
30.96117396 52.47090153
30.95970336 52.47093582
30.95909136 52.47275166
30.9591216 52.47319797
30.96576324 52.47348021
30.97096452 52.47424701
30.97316952 52.47418977
30.97515888 52.47099684
30.98097432 52.4699478
30.98317716 52.46989443
30.97714608 52.47858429
30.97644228 52.47904968
30.97794348 52.4794617
30.97867788 52.47944262
30.98152368 52.4780235
30.98225772 52.47800442
30.98385036 52.47975924
30.98241252 52.48024749
30.98173716 52.48116306
30.97812672 52.48215099
30.97524852 52.4831238
30.97457496 52.48403928
30.97387116 52.48450854
30.97843164 52.48663713
30.97919664 52.48706814
30.97993104 52.48704915
30.98703384 52.48327257
30.98835 52.48099521
30.99131964 52.48136898
30.99603456 52.48574064
31.00031856 52.48383336
31.00674636 52.48097226
31.01235192 52.48756791
31.01311872 52.48799892
31.01388372 52.48843002
31.01464836 52.48885725
31.01544576 52.48973466
31.01832216 52.48876194
31.01905836 52.48874286
31.02331176 52.48638918
31.02018552 52.48377225
31.02088932 52.48330686
31.02162372 52.48328778
31.02232752 52.48281861
31.02303132 52.48235322
31.02446952 52.48186497
31.02517332 52.48139958
31.02587712 52.48093032
31.02658092 52.48046115
31.02804936 52.48042677
31.02875316 52.4799576
31.02945696 52.47948834
31.03016112 52.47902295
31.03159896 52.4785347
31.03233336 52.47851562
31.03303716 52.47805023
31.03373916 52.47758106
31.03441236 52.47666549
31.03438176 52.47621918
31.03434936 52.47576909
31.03358472 52.47533799
31.03355232 52.47489168
31.03275672 52.47401427
31.03272432 52.47356418
31.03195968 52.47313308
31.03192908 52.47268677
31.03113168 52.47180936
31.03110144 52.47135927
31.03107084 52.47091296
31.03103844 52.47046278
31.03100784 52.47001269
31.03094484 52.4691162
31.0301802 52.46868897
31.030884 52.4682198
31.03085124 52.4677734
31.030821 52.46732331
31.0314942 52.46640774
31.0314618 52.46595765
31.04005644 52.46258931
31.04330436 52.46699904
31.04407116 52.46743014
31.0513212 52.46589276
31.04966376 52.46324154
31.04883576 52.46191404
31.04466624 52.45483401
31.04463384 52.45438383
31.04147916 52.45132068
31.04141796 52.45042419
31.03340544 52.45153047
31.03267104 52.45154955
31.03515252 52.45552827
31.03594992 52.45640568
31.03922844 52.46126559
31.02993216 52.46509932
31.02996276 52.4655495
31.02855696 52.46648406
31.02641496 52.46743779
31.02564996 52.46700669
31.02066432 52.46938323
31.01977368 52.46715924
31.01821344 52.46585082
31.0173246 52.46362683
31.0165272 52.46274951
31.01398488 52.4578743
31.0094568 52.45619202
31.0087224 52.4562111
31.0107384 52.45346448
31.0107078 52.45301439
31.0128804 52.45251084
31.0128174 52.45161057
31.0127868 52.45116426
31.01275656 52.45071408
31.01272596 52.45026777
31.01269536 52.44981768
31.01263236 52.44892119
31.01260176 52.4484711
31.01257152 52.44802479
31.01254092 52.44757461
31.01251032 52.4471283
31.01244732 52.44622803
31.01315112 52.44576264
31.01312052 52.44531246
31.01308812 52.44486615
31.01305788 52.44441606
31.01376168 52.44395067
31.01370048 52.44305418
31.01440248 52.44258501
31.01437188 52.44213483
31.01434128 52.44168852
31.01504328 52.44121935
31.01498244 52.44032286
31.01568624 52.43985747
31.01638788 52.4393883
31.01635764 52.43894199
31.01706144 52.43847273
31.01702868 52.43802264
31.01696784 52.43712615
31.01767164 52.43666076
31.01763924 52.43621067
31.01834304 52.43574528
31.01831244 52.4352951
31.01898384 52.43437962
31.01968764 52.43391036
31.02038964 52.43344497
31.02035904 52.43299488
31.02106104 52.43252949
31.0209696 52.43118282
31.0209066 52.43028642
31.02008076 52.42895892
31.02005016 52.42851261
31.01986332 52.42581936
31.01983272 52.42537305
31.01466564 52.42505643
31.0139334 52.42507551
31.01142312 52.4206467
31.01426496 52.4192238
31.01496876 52.41875841
31.01414112 52.41743091
31.01334588 52.4165535
31.01248944 52.41477582
31.0109616 52.41391758
31.01169384 52.4138985
31.010931 52.4134674
31.01377104 52.41204837
31.01380344 52.41249468
31.01878188 52.41012192
31.01951592 52.41010284
31.01954652 52.41055302
31.02034176 52.41143034
31.02037236 52.41187665
31.02040296 52.41232683
31.02116796 52.41275784
31.0211982 52.41320424
31.0219938 52.41408156
31.0220262 52.41453174
31.0220568 52.41497805
31.02282144 52.41540906
31.02288264 52.41630555
31.02364728 52.41673665
31.02367788 52.41718296
31.02444288 52.41761397
31.02447312 52.41806415
31.02526872 52.41894147
31.02529896 52.41938778
31.02606396 52.41981888
31.02682896 52.42024998
31.0268916 52.42114638
31.0276566 52.42157361
31.02841944 52.42200471
31.02918444 52.42243572
31.02997968 52.42331313
31.03074468 52.42374036
31.03150932 52.42417146
31.03221312 52.4237022
31.03291512 52.42323681
31.03435152 52.42274856
31.03505316 52.42228317
31.03575696 52.421814
31.03648956 52.42179492
31.0379256 52.42131045
31.03866 52.42129137
31.039362 52.42082211
31.0400964 52.42080303
31.0407984 52.42033764
31.04226504 52.42029957
31.04296884 52.41983031
31.04370108 52.41981123
31.04440308 52.41934584
31.04587188 52.41930768
31.04657352 52.41883851
31.04727552 52.41836934
31.04800992 52.41835026
31.04944632 52.41786579
31.05014796 52.41739653
31.05084996 52.41693114
31.05158436 52.41691206
31.05228636 52.41644289
31.053753 52.41640473
31.054455 52.41593556
31.0544244 52.41548916
31.054392 52.41503907
31.0543308 52.41414258
31.0542984 52.41369627
31.0542678 52.41324618
31.0542354 52.412796
31.05420516 52.41234969
31.05414216 52.41145329
31.05411156 52.41100311
31.05334656 52.41057588
31.05258192 52.41014478
31.05178632 52.40926746
31.05175392 52.40881728
31.05245772 52.40835189
31.05315972 52.40788272
31.05389232 52.40786364
31.05459396 52.40739825
31.05599976 52.40645982
31.05596736 52.40601351
31.05593676 52.40556333
31.05590436 52.40511702
31.05513972 52.40468601
31.05437652 52.40425869
31.05364248 52.40427777
31.05290988 52.40429685
31.05147384 52.40478132
31.05074124 52.4048004
31.05000684 52.40481948
31.04930484 52.40528874
31.0485726 52.40530773
31.04707356 52.4048958
31.04704296 52.40444949
31.04701236 52.40399931
31.04624736 52.4035683
31.04618472 52.40267181
31.04615412 52.4022255
31.04538912 52.4017944
31.04535888 52.40134809
31.04459388 52.40091708
31.04453088 52.40002059
31.04450028 52.3995705
31.04373564 52.39914318
31.04370504 52.39869309
31.04364204 52.3977966
31.04361144 52.39734651
31.0435812 52.3969002
31.0435488 52.39645002
31.0435182 52.39600371
31.0434552 52.39510731
31.0434246 52.39465713
31.043394 52.39420704
31.04262936 52.39377972
31.04259876 52.39332963
31.04253576 52.39243314
31.04250516 52.39198683
31.04247492 52.39153674
31.04244252 52.39108656
31.04167932 52.39065933
31.04161632 52.38976284
31.04158608 52.38931275
31.04155368 52.38886257
31.04225532 52.38839718
31.04295732 52.38792801
31.04439372 52.38744354
31.04509536 52.38697437
31.04579736 52.38650898
31.04649936 52.38603972
31.0479336 52.38555525
31.0486356 52.38508608
31.04936784 52.385067
31.05003924 52.38415143
31.05150624 52.38411327
31.05220608 52.3836441
31.05290808 52.38317871
31.05360972 52.38270954
31.05431172 52.38224415
31.05574596 52.38175581
31.05571572 52.38130572
31.05641736 52.38084033
31.05711936 52.38037107
31.05412488 52.3795509
31.05262764 52.37914275
31.04893296 52.37878797
31.04819892 52.37880705
31.04695116 52.38198468
31.04130564 52.38527679
31.04060364 52.38574218
31.03602048 52.38316728
31.03592688 52.3818207
31.03662888 52.38135531
31.03653528 52.38000873
31.0342752 52.37916948
31.0335408 52.37918856
31.03335576 52.3764954
31.03332516 52.376049
31.03698924 52.37595369
31.03772184 52.37593461
31.03836048 52.37456895
31.03833024 52.37411877
31.04199396 52.37402724
31.04349156 52.37443539
31.04473896 52.37125776
31.04470836 52.37081145
31.0460796 52.36942671
31.046049 52.36897662
31.0481226 52.36712649
31.04357148 52.3649979
31.04353908 52.36455159
31.04350848 52.36410141
31.04347788 52.36365132
31.04341524 52.36275483
31.04338464 52.36230852
31.04335404 52.36185834
31.04405604 52.36139295
31.04402364 52.36094286
31.04396244 52.36004637
31.04393004 52.35959628
31.04389944 52.35914997
31.04460144 52.35868071
31.04457084 52.3582344
31.04453844 52.35778431
31.0444776 52.35688782
31.0444452 52.35643773
31.043682 52.35601041
31.04291916 52.3555794
31.04218692 52.35559848
31.04142192 52.35516738
31.03995708 52.35520554
31.03922484 52.35522462
31.03849224 52.3552437
31.03839864 52.3539009
31.0376358 52.35346989
31.03397388 52.3535652
31.03324128 52.35358428
31.03266348 52.35584643
31.03272432 52.35674283
31.02979464 52.35681915
31.0283298 52.35685731
31.02317064 52.35654069
31.02243804 52.35655977
31.02173604 52.35702516
31.02176844 52.35747525
31.0210668 52.35794064
31.0203648 52.3584099
31.0196628 52.35887529
31.0189914 52.35979464
31.01828976 52.36026003
31.01758776 52.3607292
31.01917644 52.36248402
31.01990904 52.36246494
31.02095052 52.36693191
31.02174576 52.36780932
31.01954652 52.36786656
31.01881428 52.36788555
31.01658444 52.3674927
31.01585184 52.36751178
31.01566716 52.3648224
31.01560596 52.36392213
31.01340888 52.36397937
31.01267448 52.36399845
31.01120964 52.36403652
31.0097448 52.36407468
31.00683024 52.36450956
31.00611132 52.36461639
31.00537872 52.36463547
31.00476852 52.36644744
31.00406652 52.3669167
31.00644864 52.36955262
31.00648104 52.36999893
31.00651164 52.37044911
31.00657284 52.37134551
31.00660344 52.37179182
31.00590144 52.37226108
31.00593204 52.37271117
31.00596228 52.37315748
31.00602348 52.37405397
31.00605408 52.37450406
31.00608432 52.37495037
31.00611708 52.37540055
31.00614732 52.37585064
31.00620852 52.37674713
31.00623912 52.37719344
31.00553712 52.3776627
31.00556772 52.37810901
31.00629996 52.37808993
31.00568976 52.37990568
31.00498776 52.38037107
31.00501836 52.38082125
31.00504896 52.38126756
31.00437756 52.38218304
31.0044078 52.38263322
31.0044384 52.38308331
31.0037364 52.3835487
31.00819608 52.38433458
31.00969332 52.38474273
31.01042556 52.38472752
31.01115996 52.38470844
31.0119228 52.38513567
31.0126878 52.38556668
31.01342004 52.3855476
31.01418324 52.3859787
31.01800356 52.38812637
31.02392952 52.38887022
31.02622236 52.39015965
31.0270788 52.39193346
31.0256748 52.39287189
31.0257054 52.3933182
31.0250034 52.39378737
31.0250646 52.39468386
31.0216464 52.39836504
31.01953896 52.39976886
31.01956956 52.40021517
31.01886756 52.40068434
31.01889816 52.40113065
31.01819616 52.40159991
31.02281208 52.4046249
31.02360732 52.40550231
31.02290532 52.40597157
31.02146928 52.40645982
31.02076728 52.40692521
31.02006348 52.40739438
31.01936148 52.40785977
31.01865948 52.40832903
31.01722344 52.4088135
31.01651964 52.40928267
31.01581764 52.40974806
31.01511564 52.41021732
31.0143816 52.4102364
31.0136796 52.41070179
31.0137102 52.41115188
31.01016636 52.41304017
31.01013576 52.41258999
31.00943196 52.41305925
31.00872996 52.41352464
31.00802796 52.41399381
31.00429728 52.41318894
31.00484664 52.41048048
31.00551984 52.409565
31.00316436 52.40737917
31.00365252 52.40377044
31.00353048 52.40197755
31.00349988 52.40152737
31.00273524 52.40109636
30.999771 52.40072628
30.99610512 52.4008179
30.99625776 52.40306088
30.9943944 52.40805057
30.9937536 52.40941623
30.9930498 52.40988162
30.9916134 52.41036987
30.991644 52.41081618
30.99085056 52.40993877
30.98846628 52.40730285
30.98978064 52.40502549
30.99042144 52.40365983
30.99103344 52.40184786
30.98580732 52.40063097
30.98431008 52.40021895
36
30.96722808 52.48422621
30.9618054 52.4911041
30.95834544 52.49433519
30.96208008 52.49514006
30.96357912 52.49555208
30.96563148 52.49325177
30.96694944 52.49097441
30.96848124 52.49183274
30.97071468 52.49222568
30.97013292 52.49448774
30.96955116 52.49674989
30.97028556 52.49673081
30.9747564 52.4975166
30.97699164 52.49790576
30.9783078 52.4956284
30.9796866 52.49424366
30.980421 52.49422458
30.9811554 52.4942055
30.9818916 52.4941902
30.983391 52.49459835
30.98559564 52.49454498
30.98853504 52.49446866
30.9898512 52.49218752
30.9898206 52.49174121
30.98534976 52.49095533
30.98164572 52.49060055
30.97714608 52.48936845
30.97417644 52.48899459
30.97276704 52.48992537
30.97135944 52.49086002
30.97059264 52.4904327
30.96909324 52.49002077
30.97035036 52.48684314
30.97099296 52.48547748
30.96946152 52.48461915
30.96722808 52.48422621
BRUSH(1,0)
REGION 2
39
27.86094864 52.19937513
27.8572806 52.20341496
27.8572788 52.20431136
27.84777264 52.20385362
27.8389854 52.2074394
27.83970828 52.21013643
27.83385864 52.20967869
27.830925 52.21192167
27.83603304 52.21552275
27.83382624 52.21956249
27.82870668 52.21910862
27.82722852 52.22314836
27.83161728 52.2236061
27.83234988 52.2236061
27.83234232 52.22585295
27.83599848 52.22630691
27.83745972 52.22675709
27.83893572 52.22316357
27.8520966 52.2258759
27.85208688 52.22901915
27.85720824 52.22992329
27.85645872 52.23621366
27.86084748 52.23666762
27.86083236 52.2425079
27.87472728 52.24791339
27.87327576 52.24251942
27.87181848 52.23937608
27.87401592 52.2389259
27.87623028 52.23084255
27.88062084 52.23084642
27.88355844 52.22635272
27.87697404 52.22544858
27.87917328 52.22365569
27.87479388 52.21915821
27.87114132 52.21735767
27.8762778 52.2106209
27.86750208 52.21016316
27.86898996 52.20027927
27.86094864 52.19937513
6
27.8426916 52.19171523
27.83975616 52.19530866
27.84486024 52.19935605
27.85217868 52.19756703
27.85218984 52.19352342
27.8426916 52.19171523
BRUSH(1,0)
REGION 2
119
29.99299248 51.90455628
29.9878866 51.90424731
29.98643508 51.90427017
29.98437696 51.90700149
29.98145484 51.90660099
29.97774504 51.90486912
29.97911628 51.90304563
29.97905724 51.90169905
29.9767608 51.89904405
29.97817236 51.89812092
29.98099512 51.89627457
29.97948456 51.89495472
29.97718812 51.89229585
29.97862056 51.89182281
29.98079676 51.89178465
29.98295388 51.89130018
29.98361988 51.88994217
29.98434456 51.88992696
29.985777 51.88945392
29.9857158 51.88810734
29.98567764 51.88721085
29.98781388 51.88627629
29.99079504 51.88802337
29.99571408 51.88434219
29.99261268 51.87990186
29.98463256 51.8800392
29.98032012 51.88101201
29.97381024 51.88156893
29.97306432 51.88113405
29.9735928 51.8766327
29.97410004 51.87168126
29.9733354 51.8707962
29.97115884 51.87083058
29.96680644 51.87090681
29.96535672 51.87092976
29.96539488 51.87182616
29.9647692 51.87408444
29.96353548 51.8790474
29.96281044 51.87905883
29.96061336 51.8786469
29.95843716 51.87868497
29.9570256 51.87960819
29.9571246 51.88185117
29.95730208 51.885891
29.95586964 51.88636395
29.94569208 51.88608549
29.93849568 51.8875542
29.93637672 51.88893894
29.93574924 51.89119344
29.93214024 51.89170455
29.93235408 51.89664078
29.9389248 51.89743044
29.94686892 51.89640048
29.9555568 51.8958054
29.95777332 51.89666751
29.9557134 51.89939883
29.96240436 51.90288165
29.95963848 51.90607071
29.96116848 51.90784452
29.96334648 51.90780645
29.96471988 51.90598683
29.96893692 51.90277104
29.97117252 51.90407946
29.97121248 51.90497973
29.967642 51.90638733
29.96854596 51.91041564
29.97070488 51.90992739
29.97358884 51.90943149
29.9757672 51.90939333
29.97437472 51.91076664
29.97374724 51.91302114
29.97604368 51.91567992
29.97822204 51.91564176
29.98263924 51.91691589
29.98560348 51.91821288
29.99286288 51.91809084
29.99360844 51.91852572
29.9916306 51.92305371
29.9988918 51.92292789
29.99721924 51.91801452
29.99999988 51.9179688
30.00012408 51.91796493
30.0025026 51.92241669
30.00254256 51.92331696
30.00786768 51.92861562
30.0172482 51.92710497
30.01990896 51.92166906
30.01623732 51.92083359
30.01357656 51.9262695
30.0106926 51.92676927
30.0076866 51.92457579
30.00607308 51.92100909
30.01539024 51.91815186
30.01458348 51.9163704
30.01744656 51.91542054
30.01873608 51.91180425
30.01365468 51.91189191
30.01212108 51.91012197
30.01065048 51.90969852
30.0069198 51.90751647
30.00534624 51.90484617
30.0045816 51.9039612
30.0059928 51.90303807
30.00589164 51.90079113
30.00441924 51.90036777
30.00220092 51.89950944
29.99999988 51.89865498
29.99768652 51.89599224
29.99335284 51.89651487
29.99119572 51.89699934
29.9919816 51.89833449
29.99127564 51.8987961
29.98409832 51.9007149
29.9834118 51.9016266
29.98419768 51.90296175
29.98637568 51.90292359
29.9921418 51.90192792
29.99222172 51.90372468
29.99299248 51.90455628
4
29.99663352 51.90460587
29.99518596 51.90502167
29.99372112 51.90459822
29.99663352 51.90460587
BRUSH(1,0)
REGION 6
71
29.24476812 52.03226853
29.23923312 52.04266362
29.2326642 52.04228211
29.22630876 52.04953764
29.22269076 52.05047607
29.22427188 52.05495069
29.2243212 52.05674745
29.2207662 52.05992895
29.22370524 52.06079862
29.21800032 52.06534956
29.21949396 52.06668471
29.21880348 52.06803894
29.21809968 52.06894308
29.2137012 52.0680924
29.21000868 52.0663338
29.20907016 52.05870441
29.20028868 52.05744936
29.19884508 52.05791097
29.19955068 52.06283955
29.19095028 52.06248855
29.19256596 52.06830984
29.19115656 52.07012181
29.19559104 52.07232285
29.19772908 52.07050323
29.20067964 52.07182317
29.20194252 52.07061006
29.20210092 52.07045751
29.20194252 52.07061006
29.20211424 52.0709076
29.1964284 52.07635881
29.1912786 52.07461551
29.18836224 52.07464602
29.1854574 52.07512284
29.18259036 52.07695011
29.18333232 52.07739255
29.18630808 52.07960889
29.18639196 52.08275223
29.18860452 52.08362577
29.19224916 52.08359148
29.20302576 52.07763672
29.20952592 52.07532498
29.22175584 52.06935501
29.23180956 52.06385808
29.23834212 52.06288914
29.24194716 52.0615044
29.24042688 52.05927276
29.24403192 52.05788802
29.24979768 52.05558015
29.25629244 52.05326085
29.26137924 52.0527573
29.27004444 52.04996874
29.2707864 52.0504074
29.27870748 52.0471764
29.2873572 52.04393766
29.29376988 52.03892133
29.29225932 52.03714374
29.30588532 52.02980046
29.30809608 52.030674
29.31951888 52.02290727
29.31657984 52.02204129
29.30728896 52.02798849
29.29917348 52.02448659
29.29558572 52.02632142
29.29861656 52.03033065
29.2878648 52.03629306
29.28491208 52.03497699
29.27903364 52.03324512
29.26661508 52.03203201
29.26082808 52.03344348
29.2498416 52.03131489
29.24476812 52.03226853
4
29.2011318 52.06612779
29.20087044 52.06552506
29.20125024 52.06597524
29.2011318 52.06612779
4
29.20165236 52.07010273
29.19986532 52.06868361
29.20134744 52.06956867
29.20165236 52.07010273
37
29.24476812 52.03226853
29.24185572 52.03229904
29.23815168 52.03009413
29.24174304 52.0282593
29.24761788 52.02999117
29.25331704 52.02543636
29.2466754 52.02236556
29.24447832 52.02193833
29.23585308 52.02607347
29.22994224 52.02299115
29.22774516 52.02256392
29.21976072 52.02354816
29.21986008 52.02714159
29.209158 52.03533933
29.18653308 52.03377531
29.18720052 52.03152468
29.18058768 52.0293465
29.17704204 52.03297422
29.18077848 52.03653336
29.17864224 52.03834911
29.1809484 52.04281995
29.20139136 52.04440692
29.20202244 52.04080584
29.19546684 52.04087451
29.19543084 52.03952793
29.20269024 52.03855134
29.21588712 52.04156112
29.21945364 52.03882602
29.2268124 52.04144673
29.22839352 52.04592135
29.21746644 52.04603574
29.21537988 52.04965212
29.22196212 52.05048372
29.22558012 52.04954529
29.2326642 52.04228211
29.2392198 52.04221344
29.24476812 52.03226853
22
29.22352236 52.09623207
29.22446808 52.0966692
29.22530616 52.09621155
29.22949764 52.09392267
29.2250232 52.09037496
29.22788988 52.08854769
29.2316472 52.09254936
29.24102556 52.08885684
29.2387122 52.08438978
29.24377812 52.08298605
29.24656668 52.07846184
29.25306504 52.07614632
29.2493304 52.07304114
29.2450086 52.0748874
29.23927704 52.07854185
29.2379454 52.08304698
29.2320882 52.08221151
29.22489756 52.08588126
29.2234518 52.08634665
29.22283548 52.09039782
29.21781708 52.09359453
29.22352236 52.09623207
8
29.27866932 52.07099157
29.27506248 52.07237622
29.2729932 52.07644269
29.27895552 52.08087159
29.283264 52.07857515
29.27879892 52.0754814
29.28239064 52.0736427
29.27866932 52.07099157
BRUSH(1,0)
REGION 2
59
29.4876864 51.82430508
29.49026436 51.82136973
29.49109164 51.82091181
29.49524676 51.81861177
29.49592752 51.81725376
29.49567228 51.8096205
29.49704568 51.80735457
29.50272216 51.80368878
29.50487928 51.80321196
29.50774596 51.80227353
29.51836848 51.79494951
29.52194472 51.79355334
29.5219296 51.79310325
29.51737128 51.78687372
29.51510724 51.78420729
29.51507664 51.7833108
29.51717292 51.78103344
29.51643492 51.78059478
29.5142472 51.78017511
29.50845444 51.78025134
29.50560288 51.78163599
29.50279704 51.78436731
29.5013646 51.7848327
29.49410736 51.78447783
29.49267492 51.784947
29.49060708 51.78811698
29.4898824 51.78812841
29.48701572 51.78906297
29.48562684 51.79087872
29.4849612 51.79268313
29.48720976 51.79489947
29.48862888 51.79398399
29.4922206 51.793038
29.49294348 51.79303035
29.49446736 51.79525812
29.4967314 51.79792464
29.49674472 51.79837482
29.49460272 51.79929795
29.49309396 51.79752027
29.4902118 51.79800852
29.48521464 51.8003163
29.48453568 51.80167431
29.48384124 51.80258223
29.47875444 51.80219685
29.47658184 51.80222349
29.47525236 51.805836
29.47529628 51.80718267
29.47674564 51.80716737
29.47820868 51.80759469
29.48130036 51.81339681
29.48218884 51.81832926
29.48510124 51.81874128
29.48658156 51.81962256
29.47957164 51.82690086
29.478906 51.82870518
29.48256036 51.82955595
29.48328504 51.8295483
29.48467572 51.82773255
29.4876864 51.82430508
10
29.502405 51.76683423
29.49812136 51.76868823
29.50038324 51.77135466
29.50275024 51.77716443
29.50575264 51.78026961
29.50718688 51.77980422
29.50931376 51.77842713
29.5077744 51.77575305
29.50682436 51.76902393
29.502405 51.76683423
BRUSH(1,0)
REGION 2
35
30.56134212 52.70316318
30.55912596 52.70321277
30.56005116 52.70633694
30.5581266 52.71132276
30.55678164 52.71359634
30.55242744 52.71503832
30.55638708 52.71944805
30.55279932 52.72132113
30.5514792 52.7240448
30.54854952 52.72455978
30.54788964 52.72592166
30.55166424 52.72718814
30.55697064 52.72931673
30.55707756 52.7311134
30.56085216 52.73237988
30.5641764 52.72601697
30.56866272 52.72681428
30.5744418 52.72444152
30.57966792 52.7252274
30.5818596 52.72472763
30.58410276 52.72512822
30.5906202 52.72274016
30.5889264 52.71918102
30.59016228 52.71511077
30.59189604 52.70698548
30.58741008 52.70618817
30.58532712 52.70847705
30.5801298 52.70814513
30.57799356 52.70953752
30.5734806 52.70829012
30.57263568 52.70651244
30.56825628 52.70750424
30.56582628 52.70396427
30.56289876 52.70447925
30.56134212 52.70316318
8
30.5490798 52.73353197
30.54255876 52.73591994
30.5433504 52.73680113
30.54192552 52.73773191
30.5434818 52.73904798
30.55084812 52.73843769
30.55290804 52.73569485
30.5490798 52.73353197
BRUSH(1,0)
REGION 1
5
30.07820772 52.42985163
30.0788064 52.4384334
30.09431772 52.43802813
30.09371616 52.42944654
30.07820772 52.42985163
BRUSH(1,0)
REGION 3
54
29.13958116 51.82060707
29.139588 51.82059978
29.14980516 51.8256684
29.15262396 51.82249833
29.1562938 51.82425693
29.14862076 51.83601768
29.15735616 51.83727651
29.15857332 51.82827759
29.15998848 51.8269158
29.16287604 51.82643889
29.16657252 51.82909776
29.17102824 51.83309556
29.17682856 51.83303832
29.17671012 51.82854462
29.17005552 51.8236695
29.17434492 51.82138062
29.17426284 51.81823737
29.18221092 51.817257
29.18438532 51.81723405
29.19013596 51.81538014
29.1893274 51.81224067
29.18353068 51.81230169
29.18342196 51.80825808
29.1754512 51.80833818
29.16676908 51.80887611
29.16601956 51.80798727
29.17095192 51.80254371
29.16643896 51.79629897
29.1721878 51.79444506
29.16921996 51.79177863
29.15774532 51.79638672
29.15336412 51.79508208
29.14899444 51.79422762
29.14609716 51.79425435
29.14539516 51.79516227
29.14474104 51.79786299
29.14401636 51.79787064
29.13305868 51.79438404
29.13447204 51.79302216
29.13512796 51.79031757
29.12490828 51.78727341
29.12588136 51.79714965
29.14050852 51.80239872
29.14406208 51.7996674
29.14838604 51.79872519
29.15068644 51.80364612
29.14853652 51.80456547
29.14487856 51.80325318
29.13711552 51.81141663
29.13125976 51.80922702
29.1298104 51.80924232
29.1241494 51.81468966
29.130741 51.8173218
29.13958116 51.82060707
21
29.14450056 51.84504324
29.13434784 51.84514242
29.13000876 51.84563445
29.12282388 51.84840015
29.12283504 51.84885024
29.12435352 51.85152819
29.12731164 51.8537484
29.13092604 51.85326393
29.13526728 51.85277181
29.1417732 51.85181052
29.14613712 51.85221489
29.1534138 51.85304262
29.15413848 51.85303497
29.15550792 51.84987642
29.15622144 51.84941868
29.15840916 51.84984591
29.15912232 51.84939195
29.1583386 51.84715275
29.15759088 51.84626013
29.15249076 51.84541323
29.14450056 51.84504324
11
29.13075252 51.81776811
29.12663088 51.82679754
29.13245208 51.82763679
29.13241752 51.82629021
29.13382152 51.82447824
29.14115148 51.82755282
29.14399332 51.82527924
29.1395988 51.82352451
29.13811488 51.82218936
29.13917472 51.82102044
29.13075252 51.81776811
BRUSH(1,0)
REGION 1
48
25.95295908 54.60283296
25.94907792 54.60244398
25.94823804 54.60377904
25.94793096 54.60361497
25.94647008 54.60824196
25.94183004 54.608166
25.94105712 54.60815097
25.94397312 54.61179399
25.93663596 54.61931196
25.94958912 54.62356896
25.95812184 54.62326098
25.96166208 54.63005796
25.97860008 54.63213399
25.97883804 54.62719299
25.97196204 54.62528598
25.97121 54.624825
25.96893084 54.62388999
25.96977 54.62255502
25.96988088 54.62030799
25.969923 54.61941204
25.97001084 54.61761501
25.97003388 54.61716798
25.97865084 54.61505901
25.97869512 54.61416198
25.97568696 54.61231599
25.96631796 54.61396002
25.964748 54.61438401
25.96240584 54.61479603
25.96088016 54.61431903
25.96015188 54.61341102
25.95785292 54.61292304
25.95555504 54.61243398
25.95405204 54.61151103
25.95256992 54.61013799
25.95184092 54.60922998
25.95343212 54.60835698
25.95648204 54.60930603
25.95794112 54.61112601
25.96483584 54.61258698
25.965567 54.61349904
25.97418396 54.61139304
25.97044788 54.60863499
25.96969584 54.60817302
25.97459796 54.60286302
25.976187 54.60199002
25.96931496 54.60008202
25.965252 54.60405696
25.95295908 54.60283296
BRUSH(1,0)
REGION 1
31
26.39630304 54.46255104
26.39087316 54.46337904
26.39296296 54.46924596
26.379 54.47131299
26.36764308 54.46577502
26.35762212 54.46564101
26.35611588 54.46472202
26.35299684 54.46557999
26.35516908 54.46920402
26.36407296 54.47830599
26.363232 54.48009096
26.37082116 54.48333699
26.37519084 54.490131
26.37973188 54.49243896
26.37810288 54.49466304
26.38345104 54.49608198
26.38907388 54.49031496
26.39610108 54.48815496
26.399052 54.49179096
26.41454712 54.49018896
26.41984596 54.49295403
26.43156612 54.48905901
26.43163308 54.48726297
26.43168312 54.48591603
26.43173208 54.48456603
26.42043312 54.47723796
26.42048316 54.47588697
26.40752604 54.47168001
26.407629 54.46898604
26.40142584 54.46980702
26.39630304 54.46255104
BRUSH(1,0)
REGION 1
39
25.91547804 54.42260004
25.91378784 54.42708204
25.91980704 54.42851601
25.92057816 54.42852798
25.919496 54.434799
25.924095 54.43532604
25.92486612 54.43534098
25.92660492 54.43132401
25.92662796 54.43087797
25.94097288 54.43695801
25.94172096 54.43741998
25.95105216 54.43577604
25.95336192 54.43581402
25.96016304 54.43862103
25.96093416 54.43863696
25.97345208 54.434799
25.974243 54.43436097
25.96667292 54.431541
25.96517604 54.43061796
25.96543704 54.42522804
25.96548096 54.424332
25.97157504 54.425781
25.97687892 54.42766596
25.98019596 54.422775
25.98023988 54.42187896
25.96638096 54.42165
25.96484016 54.42162696
25.95729492 54.41835402
25.953291 54.42143598
25.95181896 54.42006303
25.94886984 54.41731596
25.94737404 54.41639301
25.93534284 54.41035104
25.93536588 54.40990401
25.92735912 54.416061
25.92124596 54.41505804
25.92122292 54.41550804
25.92088884 54.42224103
25.91547804 54.42260004
BRUSH(1,0)
REGION 1
97
25.32835188 54.15553701
25.32914496 54.155106
25.32917412 54.15465501
25.32920292 54.15420897
25.329231 54.15375897
25.32926016 54.15330897
25.32931488 54.15241203
25.32934404 54.15196203
25.32937212 54.15151599
25.32940092 54.15106599
25.330194 54.15063498
25.32948696 54.14971896
25.33028004 54.14928804
25.33030884 54.14883804
25.329573 54.14837301
25.32960108 54.14792598
25.32889188 54.14701104
25.32891996 54.14656104
25.32818412 54.14609502
25.32745008 54.14562999
25.32671388 54.14516496
25.32597696 54.14469903
25.32526992 54.143784
25.324533 54.14331798
25.32379716 54.14285304
25.32306096 54.14238702
25.32232512 54.14192199
25.32159 54.14145696
25.32088296 54.14054103
25.32091104 54.14009499
25.32017484 54.13962897
25.31864592 54.13959504
25.317882 54.13958001
25.31711808 54.13956102
25.31635308 54.139545
25.31555892 54.13997601
25.31403108 54.13994199
25.31326716 54.13992696
25.31250216 54.13990797
25.31173896 54.13989303
25.31094588 54.14032404
25.31088792 54.14122404
25.31085984 54.14166999
25.31083104 54.14211999
25.31080296 54.14257098
25.31077416 54.14301702
25.31071692 54.14391702
25.31068812 54.14436297
25.30992312 54.14434803
25.30913004 54.14477904
25.30836504 54.14476401
25.30757088 54.14519502
25.30604412 54.145161
25.30524996 54.14559201
25.30448496 54.14557599
25.30369188 54.14600799
25.30292904 54.14599197
25.30137096 54.14640804
25.30057716 54.14683896
25.29978408 54.14726997
25.30051992 54.14773599
25.30049112 54.14818599
25.30122804 54.14865102
25.30119708 54.14909697
25.30190484 54.15001299
25.30187604 54.15046299
25.30184796 54.15090903
25.30258416 54.15137901
25.302555 54.15182496
25.30329084 54.15228999
25.30323396 54.15319098
25.30320408 54.15363702
25.30393992 54.15410196
25.30391112 54.15455196
25.30388304 54.15500304
25.30459008 54.15591402
25.304562 54.15636402
25.30453284 54.15681501
25.30526904 54.15728004
25.30524096 54.15772599
25.305183 54.15862698
25.30591992 54.15909201
25.30589112 54.15953796
25.30662588 54.16000398
25.30736208 54.16047297
25.308126 54.160488
25.30892016 54.16005699
25.30968516 54.16007202
25.31047788 54.15964101
25.314417 54.15792804
25.31753388 54.15710103
25.31988288 54.15624999
25.32376512 54.15543702
25.32453012 54.15545304
25.32529404 54.15547203
25.32679416 54.155952
25.32835188 54.15553701
BRUSH(1,0)
REGION 1
19
24.99217596 54.03760101
24.98522004 54.03877596
24.98861484 54.04470399
24.982605 54.05399298
24.99976296 54.05981103
24.99999984 54.05969601
25.00926588 54.05509998
25.01005896 54.05467203
25.01040888 54.04973598
25.02152784 54.043713
25.02311688 54.04285404
25.020225 54.04053501
25.01787384 54.04137804
25.00500888 54.03971502
25.00424604 54.03969603
25.00014888 54.04364001
24.99999984 54.043659
24.99706692 54.04401396
24.99217596 54.03760101
BRUSH(1,0)
REGION 1
17
25.92434484 54.024174
25.91739504 54.02585601
25.92100908 54.029961
25.918524 54.03396204
25.91850096 54.03441204
25.93271088 54.04049298
25.94197296 54.038403
25.94273616 54.03841398
25.94840004 54.03176901
25.94918412 54.03133404
25.94236392 54.03031902
25.94414916 54.02495997
25.94417184 54.02450898
25.93423692 54.02479203
25.93251396 54.028809
25.925085 54.02463903
25.92434484 54.024174
BRUSH(1,0)
REGION 1
44
25.77669696 53.914185
25.77586788 53.91551601
25.77503592 53.91685098
25.76743092 53.91671004
25.76873988 53.92078002
25.76783988 53.92345797
25.76270916 53.93415096
25.75811988 53.93451699
25.75488888 53.938053
25.76991888 53.94192102
25.77132216 53.94419496
25.77655584 53.94608703
25.78183596 53.94708297
25.790922 53.94814704
25.79180004 53.94591504
25.79279292 53.941437
25.78670712 53.94132999
25.786224 53.93592801
25.79221908 53.93783196
25.79380992 53.93651202
25.79982804 53.93796903
25.80303384 53.93488302
25.796349 53.93161404
25.802505 53.93037798
25.80109992 53.92810404
25.80725484 53.92686798
25.807392 53.924175
25.80285312 53.92364499
25.80294384 53.92184796
25.79994792 53.92089504
25.798311 53.92311102
25.79810292 53.92715499
25.79118588 53.92837503
25.78821408 53.92697499
25.79370084 53.92392696
25.78770792 53.922024
25.78531104 53.92422504
25.78060512 53.92683801
25.77998592 53.92412901
25.78160088 53.92236303
25.78568292 53.91704196
25.78655988 53.91480996
25.78199796 53.91473004
25.77669696 53.914185
BRUSH(1,0)
REGION 1
11
25.41711996 53.88103899
25.41009096 53.88403698
25.41212496 53.88812604
25.40732004 53.89206696
25.40321892 53.896923
25.40845692 53.89838397
25.416603 53.88956802
25.41961512 53.89007904
25.42298112 53.88475797
25.42387608 53.88253002
25.41711996 53.88103899
BRUSH(1,0)
REGION 2
110
25.332336 53.86253697
25.32631716 53.86084002
25.32326292 53.86148496
25.31690604 53.86584096
25.31344392 53.87250501
25.313301 53.87474799
25.31026512 53.87468301
25.306551 53.873253
25.30753884 53.86967802
25.30835496 53.86879701
25.30548684 53.866035
25.30154808 53.86819797
25.29865296 53.86588704
25.30183212 53.86370796
25.29286416 53.86126302
25.28965584 53.86388796
25.281774 53.86820598
25.27932312 53.87085
25.27526808 53.87480199
25.272144 53.87608296
25.27273008 53.87879196
25.26671196 53.87775804
25.26425892 53.88039801
25.27025004 53.88188202
25.27784712 53.88205302
25.27452108 53.88647499
25.27151112 53.88595596
25.27063596 53.88773301
25.26160392 53.88618501
25.259211 53.88792804
25.25695992 53.887428
25.25526612 53.89008696
25.25965092 53.89287903
25.27079004 53.897175
25.26222816 53.90013096
25.252407 53.89901001
25.25158908 53.89989102
25.24898916 53.90477802
25.25734908 53.90496396
25.26214212 53.90147799
25.26740496 53.90249301
25.27205112 53.90124903
25.27427304 53.90219898
25.27722792 53.90361396
25.27807212 53.90228304
25.28105508 53.90324802
25.28938692 53.90388504
25.28293392 53.90958402
25.27960608 53.914005
25.27233084 53.92058202
25.27534512 53.92110096
25.28373708 53.92083699
25.28347788 53.924877
25.28806896 53.92452996
25.28692092 53.91866304
25.28996292 53.91872802
25.290306 53.91334197
25.29518112 53.90850798
25.29737712 53.90990496
25.29991296 53.905914
25.300674 53.90593299
25.30143396 53.90594901
25.302195 53.905968
25.30301112 53.90508699
25.30303992 53.904636
25.303068 53.904186
25.30309716 53.90373996
25.30312488 53.90328996
25.30318212 53.90239302
25.30321092 53.90194302
25.30324008 53.90149302
25.30326888 53.90104698
25.30329696 53.90059698
25.30335384 53.89970004
25.30338084 53.89925004
25.30417104 53.89881903
25.30419912 53.89836903
25.30498716 53.89793802
25.30577484 53.89750701
25.30653588 53.89752204
25.308027 53.89800597
25.30875816 53.89847199
25.30762812 53.90428896
25.30675512 53.906067
25.307316 53.90922501
25.30556892 53.91278496
25.30249812 53.91316602
25.30063584 53.91851796
25.30488384 53.92355301
25.31248812 53.92372104
25.313868 53.92599903
25.31772612 53.92518597
25.31145096 53.91605799
25.31331288 53.91070596
25.32848688 53.91149103
25.32953088 53.90701704
25.32837708 53.90115003
25.32164904 53.89920396
25.32587292 53.89255503
25.32913812 53.88903
25.32773196 53.887203
25.32719808 53.88359499
25.324272 53.88173298
25.32058704 53.87985198
25.31439612 53.88151599
25.328043 53.87012901
25.33130604 53.86660398
25.332966 53.86439502
25.33380912 53.86306401
25.332336 53.86253697
8
25.24785012 53.91059499
25.23381804 53.91566802
25.24028004 53.92166103
25.24768092 53.92497303
25.24934592 53.92276398
25.24589388 53.91729396
25.25215104 53.91473796
25.24785012 53.91059499
BRUSH(1,0)
REGION 1
23
24.53162616 53.72187003
24.53003892 53.72272503
24.52704984 53.72219097
24.52467204 53.72347302
24.52531788 53.72483796
24.52456296 53.72481501
24.52452516 53.72526501
24.51727908 53.73045396
24.52523184 53.73517599
24.527538 53.73479502
24.530418 53.73667503
24.52872312 53.73887301
24.53311512 53.74079901
24.53625288 53.73954
24.53560488 53.73817101
24.53956992 53.73603801
24.541803 53.73654903
24.54425604 53.73437103
24.53925096 53.73063297
24.54008112 53.72975502
24.53295492 53.724159
24.534576 53.72285499
24.53162616 53.72187003
BRUSH(1,0)
REGION 1
28
24.75085788 53.59038201
24.74629992 53.59070997
24.746094 53.59340304
24.73845084 53.59454298
24.73529616 53.59625604
24.73354908 53.59935798
24.72833808 53.59831596
24.72497712 53.602722
24.73156008 53.60559804
24.72981084 53.60869602
24.73347996 53.61014601
24.73152696 53.61593598
24.74270784 53.61803802
24.74774712 53.61142698
24.73965288 53.60851296
24.74057808 53.60628897
24.74438508 53.60594598
24.74795196 53.60873796
24.75100296 53.60836797
24.75162108 53.61018399
24.75463896 53.610264
24.75707292 53.60808204
24.75717588 53.60673501
24.754158 53.606655
24.75535392 53.60084496
24.75586512 53.59411197
24.75065196 53.59307499
24.75085788 53.59038201
BRUSH(1,0)
REGION 1
16
24.98812704 53.59022901
24.98052204 53.59093902
24.980427 53.59228497
24.97737708 53.59265496
24.97787892 53.59626396
24.97633704 53.59667598
24.97699692 53.598042
24.97375908 53.60110902
24.98331312 53.60494203
24.98652108 53.60232501
24.99170688 53.603802
24.99573096 53.60030703
24.98985288 53.59791204
24.99324984 53.59260204
24.98872392 53.59249098
24.98812704 53.59022901
BRUSH(1,0)
REGION 1
106
23.65071084 53.82426798
23.64990804 53.82468801
23.64839208 53.824635
23.647635 53.824608
23.64683112 53.82502704
23.64602904 53.82544698
23.64598116 53.82589698
23.64593508 53.82634401
23.64508584 53.82721296
23.64504012 53.82766296
23.64423588 53.82808299
23.64419016 53.82852903
23.64334092 53.82939897
23.64329304 53.82984897
23.64324804 53.830296
23.64320196 53.830746
23.64315588 53.83119204
23.64386796 53.83166904
23.64301692 53.83253502
23.64225912 53.83250802
23.64150204 53.83248102
23.64145704 53.83293201
23.640606 53.833797
23.64055992 53.83424799
23.64051384 53.83469403
23.64122592 53.83517103
23.641983 53.83519704
23.642694 53.83567404
23.64345216 53.83570104
23.64491988 53.83620396
23.64567912 53.83623096
23.64639084 53.836704
23.64634296 53.837154
23.64625188 53.83805103
23.64544908 53.83846998
23.64464412 53.83889001
23.64459804 53.83934001
23.64530904 53.83981701
23.64597504 53.84073996
23.64744384 53.84124
23.64820092 53.84126997
23.64896016 53.84129697
23.64976296 53.84087397
23.65127892 53.84093103
23.65203708 53.84095803
23.65283988 53.840538
23.65288704 53.840088
23.65293312 53.83964196
23.65297884 53.83919097
23.65382808 53.83832202
23.65458696 53.83834803
23.65529796 53.83882503
23.65601004 53.83930203
23.65747812 53.83980198
23.65818984 53.84027898
23.65894908 53.84030499
23.65966008 53.84078199
23.66046288 53.84035899
23.66202492 53.83996596
23.66282808 53.83954602
23.66358588 53.83957302
23.66439012 53.83915299
23.66514792 53.83917999
23.66595108 53.83875699
23.66675604 53.83833696
23.66680104 53.83789101
23.66684712 53.83744002
23.66693892 53.83654398
23.666985 53.83609803
23.66778708 53.83567404
23.66859204 53.835255
23.66863812 53.834805
23.66792496 53.83433196
23.66801784 53.83343502
23.66730504 53.83295802
23.66659404 53.83248498
23.66663904 53.83203498
23.66592804 53.83156203
23.66601912 53.83066599
23.66677908 53.830692
23.66829288 53.830746
23.66904996 53.83077201
23.66838504 53.82984897
23.66843004 53.82940302
23.66771904 53.82892602
23.66700696 53.82844902
23.66629596 53.82797598
23.66558496 53.82749898
23.66487288 53.82702603
23.664114 53.82700002
23.66335692 53.82696897
23.66259912 53.82694197
23.66108496 53.82688896
23.66032788 53.82686196
23.65961688 53.82638496
23.65885908 53.82635904
23.65809984 53.82633204
23.65658604 53.82627903
23.65582896 53.82625203
23.65507116 53.82622098
23.65431408 53.82619497
23.65360308 53.82572202
23.652891 53.82524502
23.65218 53.82477198
23.65146792 53.82429498
23.65071084 53.82426798
BRUSH(1,0)
REGION 1
819
23.78364912 53.64952101
23.78440512 53.64954801
23.78511396 53.65002402
23.78582388 53.65049697
23.78728908 53.65100097
23.78804184 53.65102401
23.78875392 53.65150101
23.78950704 53.65152702
23.79017304 53.65245096
23.79012912 53.652897
23.79008484 53.653347
23.789286 53.65376703
23.78924208 53.65421703
23.78915208 53.65511298
23.78835504 53.65553301
23.78830896 53.65598301
23.78826504 53.65642896
23.78742192 53.65729899
23.787378 53.65774899
23.787333 53.65819503
23.78653488 53.65861902
23.78577996 53.65859202
23.78422692 53.65898901
23.783472 53.65896201
23.78271708 53.658936
23.78196288 53.658909
23.78120796 53.658882
23.77969884 53.65882899
23.7789 53.65925199
23.77814508 53.65922499
23.77739196 53.65919898
23.77663596 53.65917198
23.77512792 53.65911897
23.77437192 53.65909197
23.77361916 53.65906497
23.77281996 53.65948896
23.77206396 53.65946196
23.77130904 53.65943496
23.76979992 53.65938204
23.76904716 53.65935504
23.76824796 53.65977903
23.76815796 53.66067498
23.76811404 53.66112102
23.76731484 53.66154501
23.76726912 53.66199096
23.76722484 53.66244096
23.76869004 53.662941
23.76935604 53.66386404
23.77010916 53.66389104
23.771574 53.66439099
23.77224 53.66531403
23.772951 53.66579103
23.77366092 53.66626398
23.77437012 53.66673999
23.77516896 53.66631699
23.77667988 53.66637
23.777433 53.666397
23.77823292 53.665974
23.77898784 53.66600001
23.77978704 53.66558097
23.78054196 53.66560401
23.78200716 53.66610702
23.782761 53.66613402
23.783472 53.66660697
23.78422692 53.66663397
23.784138 53.66753001
23.78409408 53.66798001
23.78480292 53.66845296
23.78400408 53.66887704
23.78320488 53.66929599
23.78244996 53.66926998
23.78165004 53.66969298
23.780142 53.66963997
23.779386 53.66961297
23.77858788 53.67003597
23.77783404 53.67000996
23.77703484 53.670429
23.77627992 53.67040299
23.77472508 53.67079899
23.77397016 53.67077298
23.77317096 53.67119598
23.77237104 53.67161601
23.77161612 53.67158901
23.770863 53.67156201
23.76930816 53.671959
23.76855288 53.671932
23.76779796 53.67190599
23.76704412 53.67187899
23.76628884 53.67185199
23.76478008 53.67179898
23.76544608 53.67272202
23.7654 53.67317202
23.76535608 53.67361797
23.76531 53.67406797
23.76526608 53.674515
23.765976 53.674992
23.766642 53.67591504
23.76744084 53.67549096
23.76819612 53.67551796
23.76895104 53.67554496
23.77046196 53.67559797
23.77121508 53.67562497
23.772015 53.67520098
23.77276992 53.67522798
23.77352484 53.67525498
23.77432404 53.67483099
23.77583496 53.67488499
23.77658808 53.67491199
23.77734408 53.674938
23.77814292 53.67451896
23.77889784 53.67454101
23.78040696 53.67459501
23.78116188 53.67462201
23.78196108 53.67420198
23.78271708 53.67422898
23.783472 53.67425202
23.78502612 53.67385899
23.78577996 53.673885
23.78653488 53.673912
23.78733408 53.673489
23.78662488 53.67301596
23.78595708 53.67209202
23.78600316 53.67164202
23.78529216 53.67116898
23.786091 53.67074598
23.78684592 53.67077298
23.78760192 53.67079899
23.78835504 53.67082599
23.78986596 53.670879
23.79057516 53.67135204
23.79133008 53.67137904
23.79204216 53.67185199
23.79355092 53.67190599
23.79426192 53.672382
23.79421584 53.67282903
23.79417192 53.67327903
23.79563712 53.67377898
23.79634812 53.67425202
23.79705804 53.67472803
23.79776904 53.67520098
23.79927996 53.67525498
23.79998988 53.67572802
23.80074516 53.67575502
23.80150008 53.67578103
23.80225392 53.67580803
23.80380804 53.67541104
23.80452012 53.67588804
23.80447584 53.67633399
23.80443012 53.67678498
23.80514112 53.67725802
23.805054 53.67815397
23.80576284 53.67862701
23.80571892 53.67907701
23.805675 53.67952296
23.80638708 53.67999996
23.80629708 53.68089699
23.80549788 53.68131603
23.80474512 53.68129002
23.80318992 53.68168602
23.802435 53.68166001
23.80168008 53.68163301
23.80088088 53.68205601
23.80008096 53.68248
23.79923784 53.68335003
23.798439 53.68376898
23.79764016 53.68419297
23.79759408 53.68463901
23.79755016 53.68508901
23.79750588 53.68553496
23.79746196 53.68598604
23.79737304 53.68688199
23.79808404 53.68735503
23.79879612 53.68783203
23.79950496 53.68830498
23.80021704 53.68877802
23.80092804 53.68925502
23.80088196 53.68970097
23.80012884 53.68967397
23.79861792 53.68962501
23.797863 53.68959801
23.79710808 53.68957101
23.79635208 53.689545
23.79484188 53.689491
23.79408696 53.68946499
23.79333096 53.68943799
23.79257784 53.68941504
23.79182292 53.68938804
23.790312 53.68933503
23.78951316 53.68975497
23.78946708 53.69020497
23.79017808 53.69067801
23.79013488 53.69112801
23.79008916 53.69157396
23.79000096 53.69247099
23.78995704 53.69292099
23.78991096 53.69336703
23.78986704 53.69381703
23.79057912 53.69428998
23.79133404 53.69431698
23.79204396 53.69479002
23.79355416 53.69484303
23.79430908 53.69487003
23.79506508 53.69489703
23.79582 53.69492304
23.797287 53.69542299
23.79804192 53.69544999
23.79879792 53.69547699
23.79955284 53.695503
23.80026384 53.69597604
23.80177512 53.69603004
23.80252788 53.69605596
23.80328388 53.69608296
23.80399488 53.696556
23.80470696 53.697033
23.80466304 53.69747904
23.80461912 53.69792904
23.80377384 53.69879898
23.80372992 53.69924502
23.803686 53.69969601
23.80364208 53.70014196
23.80284108 53.70056496
23.80275396 53.70146199
23.80271004 53.70190803
23.80191012 53.70233202
23.80186512 53.70277797
23.80106592 53.70320097
23.80035384 53.70272802
23.79884292 53.70267501
23.79813408 53.70219801
23.797422 53.70172497
23.796711 53.70125202
23.796621 53.70214797
23.79657708 53.702595
23.79653388 53.703045
23.79648996 53.70349104
23.79644604 53.70394104
23.79635604 53.70483798
23.79631212 53.70528402
23.79626892 53.70573402
23.79622284 53.70618096
23.79617892 53.70663096
23.79609108 53.707527
23.796045 53.70797304
23.79600108 53.70842403
23.79595788 53.70886998
23.79515796 53.70929298
23.79506904 53.71019001
23.79502512 53.71063596
23.79498084 53.71108596
23.79493512 53.71153299
23.794848 53.71242903
23.79480408 53.71287903
23.794002 53.71329897
23.79324708 53.71327197
23.79249216 53.71324902
23.79169116 53.71366896
23.79240216 53.71414596
23.79311388 53.714619
23.79382488 53.71509204
23.79529188 53.71559496
23.79604716 53.715618
23.79675888 53.716095
23.79751416 53.716122
23.79902688 53.71617501
23.79973788 53.71664796
23.80049316 53.71667496
23.80044888 53.717121
23.80115916 53.717598
23.80111488 53.71804404
23.80182696 53.71852104
23.80333896 53.71857099
23.80413816 53.71815096
23.80489308 53.71817796
23.80569408 53.71775397
23.806494 53.71733097
23.80653792 53.71688502
23.80658112 53.71643403
23.80738212 53.71601499
23.80818204 53.715591
23.80893696 53.715618
23.80969188 53.715645
23.81049396 53.71522101
23.81200416 53.71527501
23.812803 53.71485102
23.813604 53.71443198
23.81364792 53.71398198
23.81444712 53.71356204
23.81524704 53.71313904
23.81675904 53.71319196
23.81751396 53.71321896
23.81826996 53.713242
23.81898096 53.71371801
23.81973696 53.71374501
23.82120288 53.71424496
23.82191496 53.714718
23.82266988 53.714745
23.82342516 53.71477101
23.82489396 53.71527096
23.82773184 53.70952203
23.82782004 53.70862599
23.83030692 53.70646302
23.83035084 53.70601698
23.83412796 53.70614604
23.83488288 53.70617304
23.83861716 53.70674904
23.83937316 53.70677604
23.83985484 53.70184701
23.83989912 53.70139701
23.84371908 53.70108003
23.84571312 53.69620104
23.84802288 53.69583096
23.85024408 53.696358
23.85352692 53.69377104
23.85357084 53.69332104
23.84925804 53.69092596
23.84854704 53.69045301
23.84645688 53.68858002
23.84969508 53.68644297
23.85045 53.68646997
23.85782784 53.68852197
23.85778392 53.688969
23.87666304 53.689617
23.87741904 53.68964004
23.88016116 53.68478796
23.88020508 53.68434102
23.85986112 53.68319298
23.860035 53.6814
23.85794412 53.67953097
23.86051596 53.67647196
23.87725488 53.675694
23.87801016 53.67572001
23.87876508 53.67574701
23.87956212 53.67532302
23.88107304 53.67537297
23.88182796 53.67539997
23.88262608 53.67497598
23.883381 53.67500298
23.88413592 53.67502998
23.88489192 53.67505599
23.88639996 53.67510603
23.88719988 53.67468303
23.88791088 53.67515904
23.88866616 53.67518199
23.89021884 53.67478599
23.89097412 53.674812
23.89168512 53.67528504
23.89248504 53.674866
23.89323816 53.67488904
23.89474908 53.67494196
23.895504 53.674965
23.89625892 53.674992
23.89701312 53.67501801
23.89776804 53.67504501
23.89927896 53.67509496
23.90003388 53.67512097
23.90078916 53.67514797
23.901543 53.67517101
23.90229792 53.67519801
23.90380812 53.67524697
23.90456412 53.67527397
23.90531688 53.67530097
23.90607288 53.67532698
23.90687208 53.67490398
23.90838012 53.67495303
23.909094 53.67542697
23.90984712 53.67545298
23.91060204 53.67547998
23.91206904 53.67598002
23.91278292 53.67645297
23.91353604 53.67647898
23.91424992 53.67695202
23.91571584 53.67745197
23.91647112 53.67747501
23.91726888 53.67705498
23.91806592 53.67663198
23.91886512 53.67620898
23.91970608 53.67533904
23.92050312 53.67491496
23.92130088 53.67449196
23.92210008 53.67406797
23.922855 53.67409497
23.92440804 53.67369798
23.92524684 53.67282498
23.92604604 53.67240504
23.92684416 53.67198204
23.92759908 53.67200499
23.92839612 53.67158496
23.92994916 53.671185
23.93074584 53.67076101
23.93154504 53.67034197
23.93230104 53.67036402
23.93309808 53.66994102
23.933853 53.66996802
23.93540604 53.66957103
23.93615916 53.66959803
23.936958 53.66917404
23.93771184 53.66919699
23.93851104 53.66877804
23.93926416 53.6688
23.94077508 53.668854
23.94153 53.66887704
23.94228312 53.66890296
23.94303912 53.668926
23.94379404 53.668953
23.94534708 53.66855601
23.946102 53.66858301
23.94685512 53.66860596
23.947569 53.669079
23.94828 53.669556
23.94979092 53.66960496
23.95054584 53.669628
23.95130004 53.669655
23.95209888 53.66923101
23.952852 53.66925801
23.95369296 53.66838501
23.95373508 53.66793798
23.95302408 53.66746503
23.95226808 53.66743803
23.95155708 53.66696499
23.95080216 53.66693898
23.94933516 53.66644299
23.94857988 53.66641599
23.947866 53.66594304
23.94711288 53.66591604
23.94564588 53.66541699
23.94489096 53.66539404
23.94417816 53.66491704
23.94342396 53.664894
23.94195696 53.66439396
23.94120204 53.66436804
23.94049104 53.663895
23.93973504 53.66387196
23.93822484 53.66381796
23.937471 53.66379501
23.93671608 53.663769
23.93591904 53.664192
23.935122 53.66461599
23.934366 53.66458899
23.93285508 53.66453904
23.93205804 53.66495898
23.93130312 53.66493603
23.93050608 53.66535903
23.92975188 53.66533302
23.92895304 53.66575602
23.92744392 53.66570301
23.926689 53.66567997
23.92589196 53.66610297
23.92513704 53.66607696
23.92433892 53.66649996
23.92282908 53.66644704
23.92203096 53.66687004
23.92127604 53.666847
23.92052292 53.66682099
23.919723 53.66724399
23.91821496 53.66719098
23.91745896 53.66716803
23.91670404 53.66714103
23.915907 53.66756403
23.91515208 53.66753802
23.91439788 53.66751102
23.91288804 53.66746098
23.91213204 53.66743497
23.911335 53.66785797
23.91058008 53.66783097
23.90982408 53.66780901
23.90831604 53.66775501
23.90756004 53.66773197
23.90680512 53.66770596
23.90600808 53.66812896
23.90525208 53.66810196
23.90374404 53.668053
23.90298804 53.668026
23.902191 53.668449
23.90143608 53.66842299
23.90068008 53.66839599
23.89912812 53.66879298
23.89837212 53.66877003
23.89757508 53.66918898
23.89682016 53.66916702
23.89606488 53.66914002
23.89526712 53.66956302
23.89375692 53.66951001
23.89300308 53.66948301
23.89220388 53.669907
23.89144896 53.66988
23.89069512 53.66985696
23.889141 53.67025404
23.88838788 53.67022704
23.88763188 53.67020004
23.88687696 53.670177
23.88612204 53.67015099
23.88461292 53.67009699
23.883858 53.67007404
23.883102 53.67004803
23.88234888 53.67002103
23.88159396 53.66999403
23.88008304 53.66994498
23.87932992 53.66991798
23.87857392 53.66989098
23.877819 53.66986803
23.87706408 53.66984202
23.87555496 53.66978802
23.87480004 53.66976498
23.87404404 53.66973897
23.87329092 53.66971197
23.87249208 53.67013596
23.87098116 53.67008196
23.87022804 53.67005496
23.86947204 53.67003201
23.86871712 53.670006
23.86796184 53.669979
23.86645308 53.66992896
23.86569816 53.66990304
23.86490112 53.67032604
23.86414512 53.67029904
23.86338984 53.67027303
23.86188108 53.67021903
23.86112616 53.67019698
23.86121184 53.66930004
23.86050192 53.66882304
23.86054404 53.668377
23.86058796 53.667927
23.86063188 53.66748096
23.85996408 53.66655702
23.85925308 53.66608398
23.859297 53.66563398
23.85934092 53.66518803
23.85862884 53.66471103
23.85791784 53.66423799
23.857164 53.66421099
23.85640908 53.66418804
23.85560988 53.66460798
23.85481212 53.66503098
23.85405684 53.66500497
23.85254808 53.66495502
23.85179316 53.66492802
23.85099396 53.66534796
23.85024084 53.66532501
23.84939808 53.66619504
23.84859996 53.66661804
23.84780112 53.66703798
23.84700192 53.66746098
23.84616096 53.66833101
23.84611704 53.66878101
23.84531784 53.66920104
23.844519 53.66962404
23.84376516 53.66959803
23.84305416 53.66912499
23.84229888 53.66909799
23.84079012 53.66904498
23.84003412 53.66902203
23.83923492 53.66944098
23.83843608 53.66986497
23.83763904 53.67028797
23.83755084 53.671185
23.83750692 53.67163104
23.837463 53.67208104
23.83741908 53.67252699
23.83661988 53.67295098
23.83582104 53.67337398
23.835024 53.67379401
23.83431192 53.67332097
23.83360092 53.67284802
23.83209 53.67279402
23.83133688 53.67276801
23.83058196 53.67274101
23.82978204 53.67316401
23.82898284 53.673588
23.82818616 53.67400704
23.82738696 53.67443103
23.82658812 53.67485403
23.82654384 53.67530097
23.826456 53.67619701
23.82565716 53.67662001
23.82490188 53.676594
23.82414588 53.676567
23.82330312 53.67743703
23.82250608 53.67786003
23.82246 53.67830697
23.82241608 53.67875697
23.82312816 53.67923001
23.82303996 53.68012596
23.82224112 53.68055004
23.82148512 53.68052304
23.820021 53.680023
23.81930892 53.679546
23.818554 53.67952296
23.81775516 53.67994299
23.81695596 53.68036698
23.81611212 53.68123602
23.81535684 53.68121001
23.814648 53.68073697
23.813892 53.68070997
23.81233788 53.68110696
23.81158296 53.68107996
23.81078304 53.681499
23.81002812 53.68147704
23.809275 53.68145004
23.80856292 53.68097304
23.80860684 53.680527
23.80789584 53.68005
23.80798512 53.67915297
23.80802904 53.67870702
23.80731804 53.67823398
23.80736196 53.67778398
23.80740588 53.67733803
23.80816116 53.67736098
23.80891608 53.67738699
23.80971492 53.67696804
23.80980312 53.67607101
23.81060196 53.67564801
23.81135796 53.67567402
23.81211288 53.67570102
23.81357808 53.67620097
23.814333 53.67622797
23.81508792 53.67625398
23.81588712 53.67583098
23.81668704 53.67540699
23.81748408 53.67498804
23.81828292 53.67456396
23.81908212 53.67414501
23.81988096 53.67372102
23.82068088 53.67329802
23.82143616 53.67332502
23.82298812 53.67292803
23.82378804 53.672508
23.82458688 53.672085
23.82543 53.67121497
23.82622884 53.67079197
23.82702588 53.67037203
23.82782508 53.66994903
23.82858108 53.66997504
23.82937992 53.66955204
23.83017696 53.66912796
23.83173216 53.66873502
23.832531 53.66831202
23.83332804 53.66788902
23.83412796 53.66746899
23.83492608 53.66704599
23.83572384 53.666622
23.83652304 53.666199
23.83803396 53.66625201
23.838831 53.66582901
23.83962984 53.66540898
23.84042904 53.66498598
23.84122608 53.66456199
23.842026 53.66414304
23.84278092 53.66416896
23.84429004 53.664219
23.84504496 53.664246
23.845842 53.66382201
23.84664192 53.66340297
23.84668512 53.66295198
23.84672904 53.66250603
23.84681688 53.66160999
23.84686116 53.66115999
23.84072496 53.654202
23.84001396 53.65372896
23.83296012 53.65618101
23.83220484 53.65615797
23.83242408 53.65391499
23.83251192 53.65301904
23.83424208 53.65082898
23.83428384 53.65038303
23.84416908 53.642178
23.844213 53.64173097
23.84270496 53.64167796
23.84199288 53.64120501
23.84128404 53.64072801
23.84052804 53.64070101
23.83906392 53.64020196
23.838354 53.63972901
23.837643 53.63925597
23.83688916 53.63922897
23.83542396 53.63872902
23.83471296 53.63825202
23.83400304 53.63777898
23.83329384 53.63730603
23.83258212 53.63682903
23.83187292 53.63635599
23.83040808 53.63585703
23.82965316 53.63583003
23.82885504 53.63625303
23.828058 53.63667297
23.82730308 53.63665002
23.82654996 53.63662302
23.82499692 53.63702001
23.82419808 53.63744004
23.82344388 53.63741304
23.82268896 53.63738604
23.82193512 53.637363
23.82202296 53.63646696
23.82206688 53.63601696
23.82211116 53.63557101
23.82215508 53.63512002
23.822199 53.63467398
23.82148908 53.63419698
23.81998104 53.63414802
23.81918292 53.63456697
23.818428 53.63454096
23.81763096 53.63496396
23.81687496 53.63493696
23.81607792 53.63536104
23.81527908 53.63577999
23.81372784 53.63617698
23.812929 53.63660097
23.81213196 53.63702397
23.81137704 53.63699697
23.81062284 53.63697096
23.809824 53.63739
23.80907088 53.63736696
23.80756212 53.63731404
23.80680612 53.63728704
23.80600908 53.63771103
23.80520988 53.63812998
23.80445712 53.63810397
23.803614 53.63897301
23.80432284 53.63945001
23.80427892 53.63989596
23.804991 53.64037296
23.80494708 53.64081999
23.80565592 53.641296
23.80645404 53.640873
23.80796208 53.64092601
23.80871808 53.64095301
23.80947084 53.64097596
23.81022612 53.64100296
23.81097996 53.64102897
23.81248908 53.64108297
23.813244 53.64110898
23.81399712 53.64113598
23.81475096 53.64115902
23.81541804 53.64208197
23.81612796 53.64255897
23.81683896 53.64303201
23.81679396 53.64348201
23.81750496 53.64395496
23.81821488 53.644428
23.81812704 53.64532503
23.81883804 53.64580203
23.81954796 53.64627498
23.82025716 53.64674802
23.82096888 53.64722403
23.82167808 53.64769698
23.82314292 53.64819702
23.82385392 53.64867402
23.82456384 53.64914697
23.82602904 53.64964701
23.82674004 53.65011996
23.82744996 53.65059696
23.82820488 53.65062297
23.82967008 53.65112301
23.829363 53.65425897
23.82554592 53.65457901
23.81715792 53.65518597
23.81636088 53.65560897
23.81094216 53.64912402
23.81023008 53.64865098
23.80477284 53.65026099
23.80322088 53.65065402
23.79274596 53.64174303
23.79278988 53.641296
23.77672812 53.64298296
23.77597392 53.64295596
23.775219 53.64293301
23.77366596 53.64332604
23.77291104 53.64329904
23.77215792 53.64327204
23.77140408 53.64324603
23.77060488 53.64366903
23.76909612 53.64361602
23.76829692 53.64403902
23.76754416 53.64401202
23.76674496 53.64443196
23.76594504 53.64485604
23.76585612 53.64575199
23.76505692 53.64617202
23.765013 53.64662202
23.76421308 53.64704097
23.76412416 53.647938
23.76332496 53.648361
23.76328104 53.64880704
23.76323712 53.64925803
23.76239184 53.65012698
23.76234792 53.65057401
23.76154908 53.65099701
23.76150516 53.65144404
23.76070596 53.65186704
23.76061596 53.65276299
23.76057204 53.65321002
23.76052704 53.65366002
23.76123588 53.65413297
23.76194796 53.65460997
23.76270108 53.65463598
23.76416592 53.65513602
23.76487512 53.65561302
23.76558504 53.65608597
23.76633996 53.65611297
23.76784908 53.65616598
23.768604 53.65619298
23.76935784 53.65621899
23.77011312 53.65624599
23.77091196 53.65582299
23.77242108 53.655876
23.77317384 53.655903
23.77397304 53.65547901
23.77472904 53.65550601
23.77552788 53.65508697
23.77557216 53.65463598
23.77641492 53.65376703
23.776461 53.65332
23.77725804 53.652897
23.77805688 53.65247697
23.77961208 53.65208097
23.78041092 53.65165698
23.78120796 53.65123704
23.78205108 53.650368
23.78284992 53.64994401
23.78364912 53.64952101
BRUSH(1,0)
REGION 1
52
26.07047604 53.74616202
26.066628 53.74744803
26.06584896 53.74788696
26.06275908 53.74918404
26.059851 53.74644102
26.05679892 53.74684098
26.05604184 53.74683
26.055981 53.74817703
26.05368816 53.74859202
26.052174 53.74856601
26.05213188 53.74946601
26.05049496 53.75213604
26.05430196 53.75174697
26.05573692 53.75356704
26.05571712 53.75401704
26.05035204 53.75528001
26.04498696 53.75654199
26.04422988 53.75652696
26.04482316 53.760132
26.04557988 53.76014298
26.04633912 53.760159
26.04711708 53.75971998
26.04787488 53.75973096
26.04939084 53.75975796
26.05016916 53.75931903
26.05094712 53.75888397
26.05170492 53.75889603
26.052462 53.75890701
26.05399704 53.75847996
26.05475592 53.75849499
26.05553388 53.75805696
26.05629204 53.75806803
26.05707 53.75763297
26.05784796 53.75719404
26.05936212 53.75721699
26.06014008 53.75678301
26.06090004 53.75679399
26.061678 53.75635497
26.06243508 53.75637099
26.06397012 53.75594304
26.06472792 53.75595501
26.06548716 53.75596599
26.06626296 53.75553102
26.06702184 53.75554299
26.06855796 53.755119
26.06933592 53.75468097
26.07025284 53.75109897
26.07033492 53.74930599
26.07266808 53.74799298
26.07121296 53.74662003
26.07123384 53.74617399
26.07047604 53.74616202
BRUSH(1,0)
REGION 2
44
25.82486388 53.61125598
25.827219 53.60950098
25.827597 53.60950899
25.82799696 53.60906601
25.83430812 53.60378697
25.83725904 53.60518701
25.84249884 53.606178
25.84771704 53.60761998
25.84927188 53.60674698
25.847118 53.60446197
25.84794204 53.60312997
25.84652112 53.60130702
25.84590192 53.59859901
25.84896516 53.59775598
25.84612692 53.594109
25.84466208 53.59318596
25.84697004 53.592327
25.85167704 53.58881403
25.84655208 53.58557898
25.839558 53.58949704
25.83491688 53.59166298
25.83263016 53.59207203
25.83034308 53.59248
25.82819388 53.59019499
25.82771112 53.58479301
25.82556012 53.582508
25.82480592 53.58249297
25.82178696 53.58243996
25.82027784 53.58241296
25.816437 53.58369096
25.81252704 53.58631896
25.80781788 53.58982896
25.80850404 53.59119003
25.80999012 53.59166703
25.815159 53.59400604
25.81355808 53.59577598
25.80907392 53.59479498
25.80752016 53.59566501
25.80889284 53.59838904
25.80957792 53.59974696
25.81332984 53.60026599
25.81308 53.605206
25.81891488 53.60935203
25.82486388 53.61125598
7
25.79853492 53.57932704
25.79009796 53.58186702
25.79297688 53.58461796
25.80132312 53.58386997
25.80591996 53.58260304
25.801506 53.580276
25.79853492 53.57932704
BRUSH(1,0)
REGION 1
30
26.15992704 53.55116604
26.15538384 53.551548
26.14012884 53.55535896
26.13245004 53.558388
26.13676212 53.56339596
26.138214 53.56476999
26.13285612 53.56648296
26.13215988 53.56512396
26.12455704 53.56635696
26.12362896 53.570385
26.126451 53.57492496
26.12948796 53.57451996
26.13248784 53.57501604
26.13451788 53.58044097
26.14374684 53.57653803
26.14895208 53.57841102
26.15891508 53.57496996
26.15461704 53.56951101
26.14991796 53.57348298
26.14852512 53.57076597
26.14854384 53.57031597
26.148582 53.56942002
26.14860108 53.56897002
26.14862088 53.56852299
26.14939488 53.56808496
26.14948992 53.56583802
26.15714784 53.56325898
26.15879088 53.56013904
26.16137892 53.55253602
26.15992704 53.55116604
BRUSH(1,0)
REGION 1
66
26.48957796 53.44514802
26.48423412 53.44732998
26.48346696 53.447769
26.48127204 53.445942
26.48052 53.44593399
26.47824696 53.44635402
26.47748016 53.44679601
26.47818396 53.44815096
26.47359108 53.45034003
26.47283904 53.45033301
26.47575396 53.45306397
26.47649196 53.45352198
26.47344996 53.454384
26.47343412 53.454834
26.47123884 53.453007
26.470503 53.45254899
26.46979704 53.45119503
26.46758808 53.44981803
26.46685188 53.44936002
26.46467388 53.44708599
26.46390492 53.44752501
26.46315396 53.44751403
26.46022212 53.44523199
26.45868708 53.44611003
26.45793396 53.44610202
26.45772696 53.45193897
26.45547084 53.45191197
26.45396604 53.45189298
26.45458992 53.45549397
26.45159688 53.45500896
26.45085888 53.45454798
26.447769 53.45675703
26.44700004 53.45719497
26.45214084 53.46085698
26.45212608 53.46130401
26.45670492 53.45956404
26.45452692 53.457291
26.45681616 53.45642097
26.45683092 53.45597097
26.46048312 53.45916399
26.46427716 53.45831304
26.467209 53.46059796
26.46717696 53.461494
26.47239912 53.46290997
26.47691388 53.46296298
26.477667 53.46297504
26.47769688 53.46207396
26.48075508 53.46076599
26.47638108 53.45666901
26.47868508 53.45534898
26.48234016 53.45853804
26.48840688 53.457264
26.48621196 53.45544096
26.48622708 53.45498997
26.48404692 53.45271702
26.48331108 53.45225901
26.48559996 53.45138898
26.48561508 53.45093898
26.48853108 53.45367399
26.48926692 53.454132
26.49232512 53.45281998
26.48940804 53.45008803
26.48867004 53.44963101
26.49249504 53.44787997
26.49030084 53.44605603
26.48957796 53.44514802
BRUSH(1,0)
REGION 1
27
25.30314288 53.30188404
25.297092 53.30264697
25.29467604 53.30529
25.29095688 53.30475603
25.28701416 53.30781603
25.28096184 53.30857896
25.28298396 53.31221802
25.28053812 53.31531096
25.27595712 53.31655503
25.27154388 53.31510504
25.27051212 53.31958002
25.27486812 53.32192596
25.27283088 53.330418
25.279551 53.33102001
25.28372412 53.32437099
25.28513712 53.32575204
25.29644004 53.325108
25.30013292 53.32608801
25.306299 53.32352796
25.30568916 53.32126599
25.29980316 53.31933999
25.30152684 53.31578103
25.29855504 53.31526596
25.30247112 53.31265596
25.297533 53.30760201
25.30380816 53.30324601
25.30314288 53.30188404
BRUSH(1,0)
REGION 1
32
25.40192616 53.45642502
25.40033892 53.45773704
25.39730412 53.45812197
25.40004192 53.46267696
25.39321704 53.46342801
25.39082484 53.46562203
25.38846 53.46736902
25.39966392 53.46896004
25.401087 53.470341
25.39952892 53.47120302
25.40242908 53.47306404
25.404768 53.47176696
25.40627316 53.47179801
25.41046284 53.47728396
25.41102588 53.48044197
25.41099888 53.48088801
25.41250404 53.48092302
25.41559608 53.47963701
25.42000392 53.48152899
25.42150908 53.481564
25.42027104 53.47704303
25.41761208 53.471142
25.41704796 53.467983
25.41570516 53.46525996
25.41798792 53.46485901
25.41865896 53.46622098
25.423227 53.46541998
25.42263588 53.46270801
25.41989484 53.45815698
25.417665 53.45766099
25.40794212 53.45655102
25.40192616 53.45642502
BRUSH(1,0)
REGION 1
22
25.58044296 53.45562699
25.57964088 53.45650899
25.56953388 53.462151
25.56870696 53.46348201
25.57083708 53.46577098
25.577532 53.46725499
25.58181996 53.47138203
25.58545704 53.47370502
25.58613384 53.47506699
25.589169 53.47467801
25.58851596 53.47286604
25.58430288 53.46738801
25.585884 53.46607203
25.59403404 53.46847899
25.60075596 53.469513
25.60178412 53.46458802
25.59598884 53.46043002
25.59388212 53.45769096
25.59087396 53.45763003
25.59019608 53.45626797
25.58638584 53.45709201
25.58044296 53.45562699
BRUSH(1,0)
REGION 1
60
24.53867892 53.39205504
24.53760288 53.39607201
24.53310216 53.39594304
24.53302908 53.39683899
24.53077692 53.39677401
24.52991904 53.398098
24.52459104 53.39884599
24.52426488 53.40288204
24.536493 53.40053601
24.53538096 53.40499902
24.52690692 53.40745503
24.527475 53.40971799
24.52969188 53.41023297
24.53037084 53.41115196
24.52704192 53.41509999
24.52982688 53.41788099
24.534405 53.41711401
24.53644188 53.41986801
24.53876712 53.41903704
24.53883912 53.41814001
24.54345288 53.41692303
24.54942312 53.41754196
24.550281 53.41621797
24.55403688 53.41632498
24.55160292 53.41850703
24.54369912 53.42322501
24.54144516 53.42316102
24.54044112 53.426277
24.54190812 53.42676903
24.53993604 53.43255999
24.542046 53.43441804
24.54801912 53.43503904
24.54913188 53.43057297
24.55800012 53.43262497
24.56193492 53.430489
24.55835904 53.42813901
24.56308188 53.425575
24.57230904 53.43258303
24.57542088 53.43132402
24.57749592 53.43363198
24.57903492 53.43322401
24.57921204 53.43098103
24.57145116 53.42446503
24.57634896 53.41965903
24.57191484 53.418636
24.56866116 53.42168799
24.56572896 53.42070798
24.56823204 53.41762899
24.563799 53.41660704
24.56401212 53.41391397
24.55418016 53.414532
24.55414416 53.414982
24.54820992 53.41391001
24.54910488 53.41213998
24.538347 53.40553704
24.53945904 53.40106998
24.54417792 53.39851002
24.54611184 53.39316897
24.54618492 53.39227302
24.53867892 53.39205504
BRUSH(1,0)
REGION 1
19
24.01068708 53.18817903
24.007536 53.18987301
24.01106112 53.19223803
24.00662592 53.19973404
24.01392708 53.20177803
24.02048304 53.20379304
24.02301204 53.20072899
24.02769708 53.19863496
24.02570484 53.19587304
24.02184708 53.19709398
24.01898616 53.19564804
24.02138916 53.19392796
24.02732088 53.19457596
24.03371196 53.19838296
24.03528804 53.19753696
24.03424692 53.19255402
24.02686296 53.19141399
24.02636292 53.18869797
24.01068708 53.18817903
BRUSH(1,0)
REGION 1
20
23.97696516 53.10789498
23.97613716 53.10876798
23.96723796 53.10801702
23.963346 53.10968796
23.96532996 53.11245303
23.95886796 53.11763001
23.95940616 53.11989603
23.96234484 53.12044503
23.96143188 53.12221497
23.96209284 53.12313801
23.96793204 53.12468304
23.972652 53.12214297
23.97861504 53.12234097
23.97886488 53.11965204
23.98631904 53.11990404
23.987394 53.11634103
23.98387716 53.11397601
23.98776804 53.11230498
23.98218192 53.10807003
23.97696516 53.10789498
BRUSH(1,0)
REGION 1
37
24.42788316 53.276859
24.41995416 53.28202104
24.40060812 53.28009396
24.39630504 53.277714
24.39390996 53.279442
24.40034712 53.28323397
24.40008396 53.28637299
24.38402796 53.289936
24.37998408 53.29341099
24.38065692 53.29433403
24.38447616 53.29354896
24.38660988 53.29495998
24.38342712 53.29711503
24.38406396 53.29848096
24.389379 53.29774098
24.38960508 53.29505196
24.391926 53.29422
24.39364608 53.29157598
24.39982188 53.289513
24.40146996 53.28776196
24.40671012 53.28791802
24.40959192 53.28935604
24.41629008 53.29000503
24.41890908 53.28558396
24.424074 53.28664002
24.420708 53.29103499
24.41887704 53.29502901
24.42400596 53.29652796
24.42980988 53.29895004
24.42995784 53.29715301
24.43358196 53.28961902
24.42920292 53.28813897
24.42354804 53.283924
24.42440808 53.28260001
24.42882492 53.28362997
24.43308408 53.277462
24.42788316 53.276859
BRUSH(1,0)
REGION 1
11
24.43115988 53.25537501
24.41646396 53.26077996
24.41841084 53.264439
24.420618 53.26495398
24.42229992 53.26275204
24.42596616 53.26376301
24.42163284 53.27082801
24.42900312 53.27239599
24.43651416 53.26317603
24.43482396 53.25638202
24.43115988 53.25537501
BRUSH(1,0)
REGION 1
66
25.35447096 53.05084596
25.34131404 53.05864698
25.32186108 53.07170103
25.31777616 53.07745401
25.31081808 53.08134498
25.30642716 53.07989904
25.30095912 53.08381998
25.29808812 53.08195896
25.29046584 53.084484
25.291044 53.08719597
25.29549 53.08774596
25.29706392 53.08642998
25.30532088 53.08571601
25.30291788 53.08836003
25.30857888 53.09343297
25.30703196 53.09429598
25.29979704 53.09053803
25.29313992 53.08948899
25.28855496 53.09118297
25.29512784 53.09357796
25.28957412 53.09884998
25.28989992 53.105598
25.29501012 53.10751302
25.31918484 53.10310698
25.33053816 53.10066204
25.33305312 53.10836001
25.33709196 53.11564299
25.34729184 53.11991502
25.35430716 53.11512396
25.34368896 53.10545004
25.33844016 53.10578196
25.33432212 53.09984997
25.34882004 53.09477604
25.34948388 53.09613801
25.350948 53.09661897
25.37039412 53.09614602
25.37199396 53.09438301
25.36538904 53.09244198
25.37599212 53.08997697
25.37096184 53.08671996
25.38616896 53.082108
25.38875016 53.08890498
25.38946692 53.089371
25.38619092 53.09424198
25.39204812 53.09616897
25.39740384 53.09403597
25.39660788 53.082333
25.39740708 53.081451
25.41021588 53.07947901
25.40978784 53.07407802
25.40260116 53.069427
25.39887408 53.06934699
25.39176408 53.07593499
25.388172 53.07360804
25.38563904 53.078499
25.37967492 53.07836904
25.37882208 53.08014699
25.37056692 53.08086798
25.35005808 53.08671204
25.35013908 53.08536501
25.33008996 53.08357203
25.33444992 53.07333003
25.35078204 53.06245398
25.352964 53.06339997
25.35693588 53.05944096
25.35447096 53.05084596
BRUSH(1,0)
REGION 1
24
24.80947488 53.13742101
24.806412 53.14857903
24.80193288 53.14845699
24.80170212 53.15159997
24.80608188 53.15306499
24.80195196 53.15835204
24.80324796 53.161083
24.79701096 53.16451299
24.80366304 53.16558804
24.80606892 53.16340599
24.81356808 53.16315498
24.814863 53.16588603
24.81941016 53.16510798
24.81970608 53.16106797
24.81003396 53.16036201
24.80782716 53.15985504
24.81260292 53.15593698
24.81854004 53.15654403
24.82457904 53.15580396
24.82873704 53.15006601
24.82153704 53.14628196
24.82179804 53.14269303
24.81544296 53.13757698
24.80947488 53.13742101
BRUSH(1,0)
REGION 1
23
24.09436584 53.02408203
24.087933 53.02926999
24.09046596 53.03429802
24.08662404 53.03552202
24.08567796 53.03773899
24.08171688 53.04031002
24.08680296 53.041824
24.09126804 53.04196899
24.09159096 53.03838303
24.09444612 53.03982501
24.09396192 53.045208
24.09917112 53.04537603
24.10313184 53.04280896
24.103332 53.04056598
24.10568604 53.03929104
24.10596612 53.03615202
24.10749396 53.03575098
24.11051004 53.03539998
24.11533404 53.03150901
24.10891884 53.02815201
24.09764292 53.02913697
24.09726096 53.02507797
24.09436584 53.02408203
BRUSH(1,0)
REGION 1
17
24.37117416 52.93335303
24.36600888 52.93280403
24.36237108 52.93179297
24.35947596 52.93080504
24.35491008 52.93201401
24.35182992 52.93327302
24.35817312 52.93751103
24.36210396 52.94392803
24.36589188 52.94314197
24.369345 52.94639601
24.380001 52.94356902
24.37799688 52.94081097
24.37536096 52.93668402
24.374619 52.93666098
24.37098084 52.93565397
24.37101792 52.93520397
24.37117416 52.93335303
BRUSH(1,0)
REGION 2
35
24.20013816 53.56262196
24.19621308 53.56429704
24.20029404 53.56937403
24.19870788 53.57022102
24.20005608 53.57206296
24.19311492 53.573643
24.19572996 53.57822004
24.20346492 53.57621799
24.20282988 53.57484801
24.20742996 53.574093
24.20810316 53.57501604
24.21222696 53.57963898
24.216867 53.57843802
24.21964296 53.58122298
24.22348992 53.58044403
24.22420488 53.58091401
24.23276892 53.57803302
24.231501 53.57529801
24.23308608 53.57444796
24.232491 53.57263203
24.23871612 53.57057598
24.24172788 53.57067102
24.23685096 53.56602099
24.22757304 53.56842804
24.22273608 53.56333197
24.21805788 53.56498302
24.21869112 53.566353
24.21484596 53.56713096
24.21544104 53.56895103
24.21076212 53.57060199
24.20794692 53.56826397
24.20485488 53.56906497
24.20144604 53.56491102
24.20148708 53.56446498
24.20013816 53.56262196
32
24.25740012 53.58150099
24.24966804 53.58350799
24.23836296 53.58315699
24.23653992 53.58669696
24.23987604 53.59174704
24.23598912 53.59297599
24.23781396 53.59797702
24.24003588 53.59849596
24.24614688 53.59778604
24.24868416 53.59471902
24.25074804 53.59703103
24.25768992 53.59544802
24.259041 53.59728996
24.25745412 53.59813704
24.25868784 53.60132601
24.26329008 53.60056704
24.26431896 53.59744998
24.26943816 53.59940703
24.27181812 53.59813299
24.26447484 53.595657
24.26221296 53.59558896
24.26038308 53.59058397
24.26272416 53.58976002
24.264153 53.59070196
24.26796 53.59037004
24.26771592 53.58451797
24.264702 53.58442302
24.264936 53.581734
24.26116788 53.58161502
24.26006088 53.58562803
24.25704804 53.58553704
24.25740012 53.58150099
BRUSH(1,0)
REGION 2
47
24.41889396 53.13180204
24.41285316 53.13252303
24.41270592 53.13431502
24.40673784 53.13413601
24.40793412 53.13777201
24.41307996 53.13882402
24.41509596 53.14158297
24.41334492 53.144676
24.41804904 53.15111199
24.42245112 53.15214204
24.42544416 53.16122403
24.43074192 53.16048396
24.43261104 53.16503499
24.43854492 53.16566103
24.44178996 53.16260904
24.44846904 53.16325803
24.44903208 53.16552396
24.45194412 53.16650802
24.45165108 53.17009704
24.45609312 53.170677
24.45773292 53.16892596
24.46213896 53.16995601
24.46377804 53.16820497
24.46747416 53.16876603
24.46956792 53.17062399
24.47703396 53.17084503
24.48094788 53.16870897
24.47981784 53.16418098
24.49094184 53.16540498
24.48903096 53.16130404
24.49145088 53.15912604
24.48573516 53.15581098
24.47681616 53.155098
24.47510292 53.15774499
24.47144496 53.15674203
24.47870796 53.15020704
24.47743392 53.14747203
24.47299404 53.14689297
24.46438392 53.151588
24.45259284 53.14944096
24.44456916 53.14695399
24.43751388 53.14179996
24.435495 53.139042
24.43176612 53.13893103
24.43008204 53.13213396
24.42023892 53.13364002
24.41889396 53.13180204
5
24.38906112 53.14889502
24.38880012 53.15203503
24.399918 53.15326704
24.400215 53.14968099
24.38906112 53.14889502
BRUSH(1,0)
REGION 1
26
25.50366504 53.71520202
25.49928096 53.712414
25.49466288 53.71366896
25.49818404 53.71823502
25.49367 53.71769304
25.48915488 53.717148
25.48531908 53.71796799
25.48951704 53.72389998
25.48792404 53.72521596
25.489305 53.727489
25.49296008 53.72981298
25.50126096 53.73043398
25.50358692 53.72953803
25.50901392 53.72744796
25.51120596 53.72883999
25.512669 53.72976699
25.51885416 53.72764596
25.51381704 53.72304903
25.50880584 53.71800201
25.51191192 53.71671699
25.51279788 53.71448904
25.50758004 53.71303599
25.503849 53.71205904
25.50444804 53.71476696
25.50366612 53.71520202
25.50366504 53.71520202
BRUSH(1,0)
REGION 1
41
26.93774808 54.86405949
26.92444212 54.86664204
26.93125908 54.87433623
26.9351082 54.87616728
26.93426148 54.87885288
26.93348136 54.87884901
26.93035512 54.87927246
26.92488096 54.88012314
26.91784656 54.88096239
26.91237276 54.88181307
26.9115696 54.88270569
26.90918748 54.88448337
26.9091396 54.88628004
26.91459468 54.88632585
26.91850104 54.88591005
26.92009368 54.8845749
26.92712592 54.88373565
26.93098656 54.88511661
26.93412576 54.88424298
26.93800944 54.88472367
26.93796552 54.88652043
26.94183732 54.88745121
26.94499776 54.88568118
26.9434854 54.88387299
26.94276252 54.88161849
26.94664584 54.88210296
26.94900528 54.88122177
26.95364388 54.88260651
26.95206456 54.88349148
26.9496936 54.88482285
26.95278744 54.88574598
26.953533 54.88710021
26.95741848 54.8875809
26.95815288 54.88938144
26.96360796 54.88942716
26.9729118 54.89130024
26.97454656 54.88816833
26.96838948 54.88497162
26.94375216 54.87309261
26.93998152 54.86812209
26.93774808 54.86405949
BRUSH(1,0)
REGION 1
20
26.40746484 54.84141918
26.39653776 54.84217833
26.39714436 54.84667968
26.39475828 54.84799575
26.38851552 54.84836574
26.38376028 54.85055157
26.38599012 54.85327533
26.38121616 54.85591125
26.38500408 54.858654
26.38481328 54.8635941
26.38868724 54.86409378
26.39117808 54.86008068
26.39520828 54.85654071
26.39674764 54.8570061
26.40072636 54.85481262
26.4000168 54.85300443
26.40485772 54.84857562
26.4026088 54.84630204
26.40739824 54.84321594
26.40746484 54.84141918
BRUSH(1,0)
REGION 1
18
27.29239848 54.69985197
27.28149804 54.70248411
27.28300464 54.70518879
27.28688256 54.70521165
27.28526508 54.70924374
27.2767104 54.7105446
27.27666648 54.71323776
27.28593828 54.7155342
27.28580652 54.72362133
27.29824272 54.72233964
27.29608164 54.71199801
27.29766852 54.70975872
27.3046284 54.71114346
27.30857832 54.70667271
27.30084984 54.70483779
27.29848104 54.70751952
27.29616156 54.70705791
27.29239848 54.69985197
BRUSH(1,0)
REGION 1
35
26.8934022 54.47422026
26.89255152 54.47735595
26.89079868 54.48542787
26.89065936 54.49081419
26.90670024 54.49724577
26.90589348 54.49858479
26.90200044 54.49990086
26.90043444 54.50078583
26.90119548 54.50123979
26.90960328 54.50445936
26.91203292 54.49998474
26.92204092 54.50096889
26.92192824 54.50546268
26.9286498 54.51450345
26.93251044 54.51453396
26.94024072 54.51415254
26.93895156 54.50380704
26.95276656 54.50706864
26.95399272 54.5201073
26.9647578 54.52199172
26.97517008 54.50635143
26.95829976 54.50172426
26.94680208 54.49848174
26.92377648 54.49334715
26.92168812 54.48434445
26.92560204 54.48213198
26.9370936 54.48537441
26.93785284 54.48583224
26.94420036 54.47869488
26.94273552 54.4755402
26.94120408 54.47507859
26.93655576 54.47593692
26.91715032 54.48071286
26.90651304 54.47433474
26.8934022 54.47422026
BRUSH(1,0)
REGION 1
32
27.84296412 54.4311981
27.84296592 54.43029783
27.84450924 54.42940143
27.8468208 54.42940521
27.84913236 54.42895512
27.85530096 54.42716601
27.85761468 54.42581943
27.86300676 54.42582321
27.86377896 54.42447663
27.86378472 54.42267987
27.86994756 54.42223356
27.87072192 54.4195404
27.85993956 54.41953275
27.859167 54.42087933
27.84454164 54.41727447
27.84222612 54.41906736
27.83453364 54.41591646
27.81606276 54.41185377
27.81220644 54.41409684
27.8114166 54.41948703
27.80833824 54.41903307
27.80679132 54.42082596
27.80985636 54.42532353
27.80138196 54.42576219
27.79751592 54.42935184
27.80830368 54.42846678
27.81600948 54.42802425
27.82063116 54.42847821
27.82986624 54.43118289
27.83448612 54.43253712
27.83448216 54.43343352
27.84296412 54.4311981
BRUSH(1,0)
REGION 1
57
27.83896812 54.20750805
27.84280572 54.20832066
27.84356316 54.20840832
27.84663 54.2075157
27.8497008 54.20571903
27.8512362 54.20437245
27.8535384 54.20302965
27.855072 54.20213316
27.8581392 54.20123676
27.85967244 54.20123676
27.86043744 54.20168685
27.85966884 54.20213703
27.85890204 54.20258334
27.85813524 54.20303343
27.85660164 54.20347974
27.85583484 54.20392992
27.8543016 54.20392605
27.8535366 54.20392605
27.8512344 54.20527263
27.849699 54.2066193
27.84663 54.20796201
27.8473968 54.20796588
27.8473644 54.22009275
27.85349268 54.2214432
27.85732452 54.22144698
27.85809708 54.21920391
27.85733208 54.21875382
27.85503384 54.21830364
27.85580244 54.21695328
27.85886964 54.21650697
27.85964004 54.21471021
27.85964976 54.21067047
27.86349096 54.20663073
27.86426532 54.2030373
27.86809356 54.20393757
27.87116796 54.19900134
27.86734188 54.19675062
27.86581224 54.19585035
27.86427684 54.19719693
27.8619822 54.19585035
27.86198616 54.19405368
27.85739508 54.19225314
27.85586364 54.19179918
27.85356324 54.19269558
27.8520318 54.19269558
27.84820572 54.19089504
27.84437388 54.19179153
27.84437172 54.19268802
27.84666636 54.19403838
27.8474292 54.19538883
27.84359916 54.19538496
27.83900088 54.19582749
27.83975796 54.19897461
27.8359164 54.20301057
27.8359146 54.20391084
27.83820348 54.20705796
27.83896812 54.20750805
BRUSH(1,0)
REGION 1
173
28.46830752 54.1669464
28.4675598 54.16829685
28.4675922 54.17099379
28.47219084 54.17142102
28.47220812 54.1727676
28.471464 54.17456814
28.46997252 54.17771913
28.46767608 54.17773056
28.4669208 54.17863083
28.46616732 54.1795311
28.4654178 54.18088146
28.46313684 54.18223956
28.46622276 54.1840248
28.4708214 54.18445203
28.48000536 54.18396378
28.48155984 54.18575289
28.48003956 54.18666081
28.48082148 54.18800352
28.48473756 54.19472508
28.48245048 54.19563291
28.4770602 54.19340901
28.47249972 54.19612503
28.48636044 54.20190429
28.48792824 54.2045898
28.48798548 54.20908359
28.48645404 54.20908737
28.48567572 54.20819475
28.48333752 54.20505906
28.47720708 54.20508579
28.46645928 54.20333484
28.4657994 54.21187206
28.46662704 54.21680829
28.46740356 54.21770478
28.46822544 54.2221947
28.47129624 54.22262958
28.47132504 54.22487643
28.46751012 54.22623822
28.46674908 54.22669218
28.46601504 54.22938921
28.46531484 54.23478318
28.47067056 54.23386005
28.47222144 54.23520276
28.47070512 54.23655699
28.46612556 54.23837283
28.46383092 54.23883057
28.46075832 54.23839569
28.4584752 54.23974992
28.45468512 54.24335865
28.45469088 54.24380874
28.4554728 54.24515154
28.45781136 54.24828723
28.46162412 54.24647526
28.46469312 54.24646374
28.46854404 54.24779511
28.4685498 54.24824142
28.46859372 54.25183485
28.47397428 54.25271226
28.4754906 54.25135803
28.47775824 54.24865344
28.48228452 54.24279408
28.48686228 54.24097824
28.49372856 54.2382507
28.49905404 54.2350845
28.50592428 54.23280714
28.5082434 54.23414229
28.50062364 54.2377701
28.4907492 54.24500277
28.49159232 54.2508354
28.48852332 54.2508507
28.48703004 54.2540016
28.489338 54.25444035
28.48634352 54.26029206
28.47954168 54.26840592
28.4749776 54.27157212
28.48035636 54.27199557
28.47959892 54.27289962
28.48573296 54.2724228
28.486494 54.27196884
28.4895342 54.26971056
28.4926032 54.26969526
28.5010452 54.2696571
28.50332256 54.26785278
28.5040494 54.26470566
28.50325776 54.26291277
28.51095384 54.26467137
28.51861392 54.2637405
28.52008632 54.25923924
28.52697744 54.25830837
28.53077508 54.25559613
28.5284556 54.25426098
28.52767764 54.25336458
28.522251 54.2493477
28.52760888 54.24842457
28.53680436 54.24793245
28.5390738 54.24567417
28.54366884 54.24520491
28.54520784 54.24564744
28.5475482 54.24832917
28.55136888 54.2474136
28.5597666 54.24467472
28.55897316 54.24288174
28.56354696 54.24106212
28.57272156 54.23921964
28.57270824 54.23832324
28.57112892 54.23518368
28.56652848 54.23521041
28.5657426 54.23386383
28.5634422 54.23387526
28.55808828 54.23480226
28.55578248 54.2343636
28.55421648 54.23212818
28.54884924 54.23215482
28.54729656 54.23081211
28.54346472 54.23083119
28.5396444 54.23175045
28.54122732 54.23533632
28.5451452 54.24115374
28.54285056 54.24161526
28.5382746 54.24343488
28.53596304 54.24254604
28.52904312 54.24123384
28.5198156 54.23947902
28.51750368 54.23859027
28.51518456 54.23725512
28.51286688 54.23591997
28.51053624 54.23368455
28.50897996 54.23189544
28.51356708 54.23097609
28.52120772 54.22914126
28.53114336 54.2268486
28.53192708 54.2281914
28.5357474 54.22727583
28.53572256 54.22547916
28.53644544 54.22233204
28.53565416 54.22053906
28.5418224 54.22320558
28.5463962 54.22138596
28.5448302 54.21914676
28.55159964 54.21013263
28.555416 54.20921328
28.5569172 54.20696256
28.55146392 54.20069883
28.54989828 54.19846341
28.55293668 54.19665144
28.5621282 54.19660572
28.56676284 54.19927593
28.56525804 54.20108034
28.56986028 54.20150757
28.57365036 54.19879146
28.56589884 54.19254303
28.55594808 54.1930428
28.54608156 54.19937898
28.53838908 54.19717029
28.53380592 54.19808964
28.52769672 54.19946673
28.52769096 54.19901655
28.52535636 54.19633482
28.52686296 54.1945305
28.52838324 54.19362636
28.52680212 54.19004058
28.50905412 54.18024066
28.50371352 54.18161388
28.4990958 54.17983629
28.49601564 54.17850492
28.4913864 54.17583084
28.4890842 54.17539218
28.48831956 54.17539218
28.48600404 54.17405703
28.48290264 54.17092512
28.48135932 54.17003628
28.47752748 54.1696014
28.47520836 54.16781616
28.46830752 54.1669464
BRUSH(1,0)
REGION 1
16
28.9772586 54.50415417
28.9703484 54.50555799
28.9619046 54.5074272
28.95495984 54.50748444
28.95421032 54.50838849
28.94960196 54.50932692
28.93891716 54.51435468
28.93828572 54.52019883
28.94609268 54.52372746
28.95536628 54.52409745
28.96541388 54.52446366
28.96689024 54.5217552
28.971342 54.51453396
28.973646 54.51406479
28.9758492 54.50955579
28.9772586 54.50415417
BRUSH(1,0)
REGION 1
87
29.271015 54.32748795
29.26339164 54.32936859
29.26185408 54.32938389
29.26191132 54.33118056
29.2619268 54.33163074
29.26657872 54.33292773
29.26518444 54.33743286
29.26519956 54.33788304
29.25825516 54.337059
29.25668916 54.33617781
29.25590688 54.33573915
29.252079 54.3362274
29.25447084 54.3388977
29.25296208 54.33981327
29.24597556 54.33764265
29.24519364 54.33720012
29.24368488 54.33811569
29.2436982 54.338562
29.25301752 54.34160616
29.25381456 54.34249878
29.2560768 54.34112547
29.27013984 54.34815978
29.27092176 54.34859844
29.27170548 54.34904097
29.27247444 54.34903332
29.27327148 54.34992216
29.27482236 54.35035326
29.27560608 54.35079579
29.2756194 54.3512421
29.27640348 54.35168454
29.27720052 54.35257338
29.2779828 54.35301591
29.2787514 54.35300448
29.28027528 54.35253909
29.28104388 54.35253144
29.28181284 54.35252379
29.28256596 54.35206605
29.28331944 54.35160831
29.28407472 54.35115048
29.2848282 54.35069274
29.28481488 54.35024265
29.28478428 54.34934616
29.28400236 54.3489075
29.28398688 54.34845732
29.28320496 54.34801479
29.28242124 54.34757613
29.28239244 54.34667586
29.28085524 54.34669494
29.28007332 54.34625241
29.27930436 54.34626393
29.27852064 54.3458214
29.27773872 54.34538265
29.27695464 54.34494021
29.27770812 54.34448238
29.27847672 54.34447482
29.2792608 54.34491726
29.2800294 54.34490583
29.28081132 54.34534836
29.282364 54.34577946
29.2831326 54.34577181
29.28391452 54.34621047
29.28468312 54.34620282
29.28545172 54.34619526
29.2870026 54.34662627
29.2877712 54.34661862
29.28855528 54.34705737
29.28929508 54.34615323
29.29006368 54.34614567
29.29236804 54.34611894
29.29309272 54.34476093
29.2930794 54.34431462
29.28767004 54.34347537
29.28688632 54.34303662
29.28608892 54.342144
29.2860756 54.34169769
29.28758256 54.34078221
29.28833784 54.34032438
29.28830724 54.33942798
29.2890474 54.33852006
29.27357856 54.33554457
29.27202804 54.33511356
29.27039148 54.3319893
29.26959408 54.33109668
29.27111616 54.33063129
29.27186964 54.33017346
29.27105892 54.32883453
29.271015 54.32748795
BRUSH(1,0)
REGION 1
117
29.13203232 54.30422214
29.13367068 54.30780027
29.13524424 54.30913164
29.1369096 54.31360626
29.136141 54.31361391
29.11315356 54.31563567
29.11239828 54.31609341
29.11240944 54.31653972
29.11165416 54.31699755
29.11243428 54.31743999
29.11322772 54.31832883
29.11399668 54.31832127
29.11477644 54.31876371
29.1155454 54.31875606
29.11632552 54.31919859
29.11710744 54.31964112
29.11865616 54.32007213
29.11943628 54.32051466
29.1202182 54.32095719
29.12099832 54.32139972
29.12177844 54.32183838
29.12254704 54.32183073
29.12409576 54.32226561
29.12486472 54.32225796
29.12564484 54.32270049
29.12641344 54.32269284
29.12719356 54.32313537
29.12873076 54.32312016
29.12951088 54.3235626
29.13027948 54.32355495
29.1310596 54.3239937
29.1318282 54.32398983
29.13337692 54.32442093
29.13414588 54.32441328
29.1349278 54.32485581
29.1356946 54.32484816
29.13647652 54.32529069
29.13724512 54.32528304
29.13879384 54.32571792
29.13956244 54.32571027
29.14032924 54.32570271
29.1410982 54.32569506
29.14188012 54.32613372
29.14341552 54.32611851
29.14419744 54.32656095
29.14496424 54.3265533
29.14574616 54.32699583
29.14651476 54.32698818
29.14805016 54.32697297
29.14881912 54.32696532
29.14960104 54.32740785
29.15035632 54.32695011
29.150343 54.32649993
29.15032968 54.32604984
29.15031636 54.32560353
29.15030304 54.32515335
29.1502782 54.32425686
29.14949592 54.32381442
29.148714 54.32337189
29.14870248 54.32292558
29.14868916 54.3224754
29.14789392 54.32158278
29.1478824 54.32113647
29.14786908 54.32068638
29.14708716 54.32024385
29.14707384 54.31979754
29.147049 54.31889727
29.14626708 54.31845474
29.14625556 54.31800843
29.14624224 54.31755825
29.14622892 54.31710816
29.14620192 54.31621167
29.14619076 54.31576158
29.14771284 54.31529997
29.14848144 54.31529232
29.14924824 54.31528476
29.15001684 54.31527711
29.15078544 54.31526946
29.15230752 54.31480407
29.15228088 54.3139038
29.15226936 54.31345749
29.15302284 54.31299975
29.15377812 54.31254192
29.1537648 54.31209561
29.15297136 54.31120299
29.15218908 54.31076433
29.15140932 54.3103218
29.15064036 54.31032945
29.14988724 54.31078341
29.14914528 54.31169124
29.14838964 54.31214907
29.14763436 54.31260303
29.14764768 54.31305312
29.14766136 54.3135033
29.1469194 54.31440735
29.14615044 54.314415
29.14538184 54.31442265
29.14383312 54.31398777
29.1438216 54.31354137
29.14303968 54.31309893
29.14302636 54.31264875
29.14300152 54.31175235
29.1429882 54.31130217
29.14374348 54.31084443
29.14373016 54.31039812
29.14371684 54.30994794
29.1429234 54.3090591
29.14214328 54.30861666
29.14136136 54.30817413
29.14058124 54.3077316
29.14056792 54.30728529
29.14054308 54.30638502
29.14052976 54.30593871
29.14051644 54.30548862
29.14050276 54.30503844
29.13281244 54.30466458
29.13203232 54.30422214
BRUSH(1,0)
REGION 1
56
26.79430968 54.30833433
26.79834744 54.31611636
26.8115328 54.31174848
26.81772624 54.31000905
26.81834616 54.3154068
26.83370988 54.31555179
26.8344288 54.31735233
26.8282584 54.31819536
26.8282224 54.31954194
26.8312338 54.32181552
26.82330516 54.3307266
26.8247682 54.33343506
26.82703584 54.3348045
26.83084284 54.33618924
26.83162296 54.3357468
26.8324164 54.33485409
26.83400148 54.33307263
26.83707624 54.33310314
26.84323692 54.33271029
26.84562696 54.32958603
26.84639556 54.32959368
26.85866724 54.33060456
26.8655472 54.33201603
26.87320908 54.3329811
26.87935644 54.33303834
26.88706584 54.33220674
26.89323624 54.33136371
26.8924788 54.33090588
26.88733296 54.32187654
26.89887996 54.32107923
26.89896024 54.31793598
26.9058744 54.317997
26.908146 54.31936266
26.91661824 54.31853871
26.91528696 54.31044006
26.89373412 54.31204989
26.88985836 54.31336209
26.88847164 54.30751038
26.87770836 54.30786516
26.87624172 54.3051567
26.88791292 54.29941938
26.88570216 54.29580687
26.8756866 54.2970657
26.8735122 54.29210283
26.8681374 54.29205702
26.86883364 54.29475783
26.86112028 54.29603574
26.85592476 54.28924938
26.84668932 54.29006199
26.83664712 54.29221722
26.8296642 54.29484936
26.8219242 54.29701998
26.81339076 54.300087
26.80489548 54.30180357
26.79179004 54.30347442
26.79430968 54.30833433
BRUSH(1,0)
REGION 1
39
27.24157512 54.14525226
27.24003036 54.14614101
27.24077232 54.14749524
27.23530572 54.15375141
27.2375622 54.15600969
27.23979744 54.15961842
27.2382354 54.16140366
27.23670396 54.16139601
27.22679316 54.15909192
27.2206782 54.15860367
27.22068792 54.15815349
27.21992112 54.15814971
27.21304116 54.15765759
27.21150396 54.15810012
27.2114946 54.15854643
27.21223656 54.15990066
27.21454056 54.15946578
27.21681216 54.16082766
27.22062312 54.16174701
27.22601304 54.15998463
27.22830012 54.16044615
27.22437864 54.16581348
27.22971348 54.16719435
27.22888548 54.170784
27.23652468 54.17172621
27.2373372 54.16903683
27.24044616 54.16635897
27.24199308 54.16547013
27.25119396 54.1646271
27.25196652 54.16418079
27.25204284 54.15969087
27.25055712 54.15698628
27.25446708 54.15206913
27.25143804 54.15025329
27.25145352 54.14935302
27.25071732 54.14755248
27.24535368 54.14797215
27.24305904 54.14795685
27.24157512 54.14525226
BRUSH(1,0)
REGION 1
59
26.74297908 53.87259672
26.74063476 53.87481693
26.73903672 53.87749866
26.73752796 53.87703327
26.73676872 53.87702562
26.72976888 53.88234714
26.7297174 53.88414381
26.7296904 53.8850403
26.73651888 53.88555906
26.73882684 53.88468552
26.73962604 53.88334272
26.7404004 53.88290406
26.741907 53.88336945
26.74265472 53.88382341
26.744175 53.88383862
26.74492056 53.88429645
26.74414836 53.88473889
26.74109448 53.88515469
26.73954756 53.88603975
26.7387084 53.88872526
26.73718848 53.88871005
26.73645408 53.88780591
26.73649404 53.88645933
26.72817048 53.885025
26.72282232 53.88586803
26.722782 53.8872147
26.71669944 53.88715359
26.71517952 53.88713838
26.71511256 53.88938145
26.71509924 53.88983154
26.71736724 53.89030458
26.7181128 53.89076232
26.72174268 53.89664076
26.73017316 53.89448166
26.7316416 53.89629363
26.73006804 53.89807509
26.73005472 53.8985214
26.73228456 53.90034102
26.73459252 53.89946748
26.73536508 53.89902495
26.7414246 53.89998624
26.7400206 53.89592742
26.74307448 53.89551162
26.7444648 53.90001675
26.74445328 53.90046693
26.74588212 53.90362548
26.75199312 53.9027901
26.75134836 53.89873884
26.7544422 53.89697268
26.75160792 53.88975522
26.75540916 53.88979338
26.7569694 53.8884621
26.75321964 53.88662718
26.75477988 53.8852959
26.75408364 53.8830414
26.75874708 53.87949369
26.75427624 53.87630463
26.75046348 53.87671665
26.74297908 53.87259672
BRUSH(1,0)
REGION 1
45
26.52073272 54.09734724
26.52082056 54.09865953
26.52620904 54.0975456
26.52914232 54.10117719
26.52990516 54.10118484
26.5383414 54.10038762
26.53985592 54.10085301
26.54446968 54.10000989
26.55065916 54.09783558
26.54696088 54.09419634
26.55243108 54.09066771
26.55241596 54.09111402
26.55620568 54.0920601
26.55702972 54.09027099
26.557974 54.08489232
26.54801352 54.08567433
26.54650116 54.08520507
26.53823664 54.08106615
26.53000452 54.07602696
26.52323904 54.07279965
26.52565392 54.06923295
26.52112008 54.06783291
26.51806656 54.06779484
26.511957 54.0677223
26.51041404 54.0681534
26.50801464 54.07127001
26.50926204 54.07203294
26.5102902 54.07174683
26.51058576 54.07188417
26.51105304 54.07175448
26.51626404 54.0745506
26.51705352 54.07497405
26.51315688 54.07717131
26.50938408 54.07858656
26.50851252 54.07891461
26.51976576 54.08488845
26.51200308 54.08839035
26.5058136 54.09056475
26.50877568 54.09329607
26.51176836 54.09512712
26.5125636 54.09423828
26.5133268 54.09424593
26.51791176 54.09430317
26.520876 54.09703449
26.52073272 54.09734724
BRUSH(1,0)
REGION 1
43
27.3067398 53.99064252
27.303669 53.99197389
27.30288492 53.99331669
27.30212388 53.99331282
27.29983716 53.99329761
27.29216376 53.9964027
27.289854 53.99773785
27.2913588 53.99909208
27.2898198 53.99998092
27.28751004 54.00131607
27.27911556 54.00172044
27.2752668 54.00394443
27.2760066 54.00529479
27.2805462 54.00756837
27.27977544 54.0080109
27.2744082 54.00977706
27.27139464 54.00751491
27.26756676 54.00839232
27.26526456 54.00927738
27.26671608 54.01377873
27.2559546 54.01865772
27.26197416 54.02363202
27.26427852 54.02274705
27.26814456 54.01962666
27.27198036 54.01829907
27.27278712 54.01560978
27.27432828 54.01472094
27.27738576 54.01428606
27.28194804 54.01521297
27.28271664 54.01476666
27.28272456 54.01431657
27.28890612 54.00941085
27.29578212 54.00854874
27.29808432 54.00766377
27.29963124 54.00632475
27.299673 54.00363159
27.30049308 54.00004194
27.3020382 53.99870301
27.3066138 53.99872587
27.30662712 53.99782947
27.30822192 53.99334333
27.30750264 53.99064639
27.3067398 53.99064252
BRUSH(1,0)
REGION 1
531
27.67560192 53.95020678
27.67596804 53.949852
27.67900644 53.95120623
27.67900284 53.95165254
27.68964768 53.95437243
27.69192684 53.95527648
27.68883696 53.96200947
27.68959224 53.96290974
27.69111648 53.96291352
27.7025508 53.9615898
27.7116966 53.96070861
27.71932212 53.95937733
27.72313308 53.9589348
27.72162072 53.95713804
27.71782128 53.95533372
27.7132644 53.95307544
27.7140312 53.95217895
27.71632368 53.95083615
27.71709444 53.94948957
27.71405604 53.94813534
27.71329896 53.94723894
27.72855936 53.94187548
27.73159992 53.94277953
27.73236096 53.9427834
27.73312956 53.94143673
27.73467072 53.93784717
27.73621368 53.93425374
27.73546236 53.93245698
27.73394208 53.93200302
27.72709668 53.93109132
27.72177516 53.92973331
27.71721072 53.92927548
27.71644788 53.92972566
27.71338644 53.93241504
27.7118586 53.93330766
27.7095852 53.93150712
27.70124616 53.92609785
27.6989688 53.92519758
27.69288264 53.92473219
27.69060528 53.92382814
27.69216156 53.91844182
27.69140628 53.91754155
27.68531796 53.91753003
27.6830388 53.91707607
27.68304816 53.91572571
27.68537124 53.9094429
27.689211 53.90406036
27.68845176 53.90361027
27.6823692 53.90314866
27.68313996 53.90180208
27.68543064 53.90045928
27.68619168 53.90045928
27.68847084 53.90091702
27.68999472 53.90047071
27.69076548 53.89867404
27.69000804 53.89822386
27.6869718 53.89731981
27.68469444 53.89686585
27.6793632 53.89775082
27.675558 53.89818957
27.67478184 53.90043642
27.6770574 53.90133669
27.67321764 53.90671923
27.672453 53.90716554
27.66559788 53.90849682
27.6640722 53.90894322
27.66480264 53.91343692
27.66935736 53.91479493
27.6693516 53.9156952
27.66553488 53.91748044
27.6640128 53.91748044
27.65488428 53.91700749
27.6495552 53.91744237
27.64346328 53.91787716
27.64271736 53.91607662
27.6404382 53.91562275
27.63815508 53.9156151
27.63739008 53.91606141
27.63814356 53.91696168
27.63889884 53.91786195
27.63130572 53.91559602
27.62371836 53.91287991
27.621441 53.91242604
27.61991496 53.91286848
27.6183738 53.91511155
27.61609284 53.9151039
27.61457832 53.91420363
27.61458984 53.91285327
27.6161328 53.91016389
27.60930072 53.90834805
27.6077862 53.907444
27.6085512 53.90699769
27.6131304 53.90521245
27.61389144 53.90521623
27.6192018 53.9070282
27.61996644 53.90658189
27.62375832 53.9079399
27.62526132 53.91019062
27.62829792 53.91109845
27.63133056 53.91245268
27.63587952 53.91471096
27.6381684 53.91381834
27.64505016 53.90934372
27.64429668 53.90844345
27.64202292 53.90708922
27.63898848 53.90618517
27.63747216 53.90528103
27.63823716 53.90483472
27.63976464 53.9039421
27.64355868 53.90529633
27.64887624 53.9062119
27.65117844 53.90352252
27.65193948 53.90352252
27.65725128 53.90533449
27.66105288 53.90579223
27.6625728 53.90579601
27.6648768 53.90265654
27.66488652 53.90130996
27.6603336 53.89995195
27.65882124 53.89859772
27.65655324 53.89679718
27.65731608 53.89635087
27.66341592 53.89411923
27.671013 53.89548489
27.67482756 53.89369587
27.6778908 53.89056018
27.68168448 53.89191441
27.6832026 53.89236828
27.6893082 53.88879015
27.69313032 53.88565446
27.69542892 53.8829613
27.69544044 53.88116454
27.69393924 53.87801742
27.69243624 53.87532048
27.69170004 53.87172318
27.68868432 53.86767579
27.68339736 53.86272048
27.6818868 53.86137012
27.68189436 53.86002354
27.68341824 53.85957714
27.69104016 53.85599901
27.69333084 53.8542099
27.69790068 53.85242079
27.70933536 53.84615706
27.7139052 53.84392164
27.71848296 53.84033586
27.7200126 53.83854297
27.7162398 53.83449171
27.71398908 53.82954792
27.7132302 53.82954405
27.71018784 53.83043667
27.70714008 53.83222578
27.70713432 53.83312605
27.70940412 53.8344765
27.71015544 53.83582686
27.7093962 53.83582686
27.70711524 53.83626939
27.70560648 53.83446885
27.70256412 53.83536147
27.69951816 53.83670427
27.69725592 53.83400346
27.69725988 53.83355328
27.70413012 53.8277283
27.70718004 53.82548901
27.70870968 53.82369612
27.70493328 53.82054135
27.6996384 53.81738667
27.692829 53.81377794
27.69056496 53.81152722
27.68448456 53.81286237
27.67687992 53.81509014
27.68141376 53.81824491
27.6859494 53.82094959
27.69729228 53.82816318
27.69728652 53.82905958
27.69348132 53.83040238
27.68891724 53.83173753
27.688896 53.83488087
27.68433372 53.83576962
27.68356512 53.83711629
27.68353848 53.84115981
27.6835194 53.84430315
27.68350968 53.84564973
27.68122872 53.84609604
27.67895892 53.84474181
27.67362588 53.84697723
27.66981708 53.84831616
27.6607152 53.84649663
27.65616048 53.84603502
27.65388096 53.84602737
27.65234772 53.84782026
27.64776996 53.85050586
27.64700316 53.85140226
27.64851012 53.8532028
27.64850616 53.85365298
27.64394172 53.85453795
27.64088424 53.85677715
27.637083 53.8572159
27.63251316 53.85855105
27.63099288 53.85854718
27.62720496 53.85718917
27.62644392 53.85718539
27.62261568 53.86076739
27.62260632 53.86211775
27.62411868 53.86301802
27.62181648 53.8657074
27.6195258 53.8670502
27.6172524 53.86614606
27.61573968 53.86524201
27.61653708 53.86075209
27.61731144 53.85895542
27.61960968 53.85671613
27.61885656 53.85581586
27.61963092 53.85402297
27.6158466 53.85221478
27.61586172 53.85041811
27.6151104 53.84951784
27.61132248 53.84815983
27.60451128 53.84499363
27.60299316 53.84498976
27.60147288 53.84498598
27.59993172 53.84767536
27.59460264 53.84900664
27.59155092 53.85034566
27.59229864 53.85169602
27.59914764 53.85036852
27.5960826 53.85350421
27.59224716 53.8575363
27.58993704 53.86112217
27.58763304 53.86381146
27.58457772 53.86559679
27.580761 53.86738203
27.58075704 53.86783221
27.58226976 53.86873626
27.58608072 53.86739733
27.5876046 53.8669548
27.59140188 53.86741641
27.5929164 53.86787037
27.59213448 53.87056353
27.59136588 53.87145993
27.58832568 53.8714485
27.58678452 53.87369157
27.58598136 53.8786278
27.58065984 53.8786125
27.57604032 53.88488766
27.57600792 53.88848118
27.57144564 53.88846588
27.5706882 53.88801579
27.56994048 53.88666534
27.5714874 53.88397218
27.57151224 53.88127902
27.5700168 53.87857821
27.57002832 53.87723163
27.57235536 53.8722954
27.57844368 53.87141799
27.57846816 53.86872105
27.57930948 53.85974121
27.5785542 53.85929112
27.57627864 53.85883329
27.57400308 53.85837555
27.5747796 53.85658266
27.5755482 53.85568617
27.57859992 53.85434724
27.57861144 53.85300066
27.57862296 53.85165408
27.57939516 53.8503075
27.58168584 53.84896848
27.58702104 53.84718702
27.59083956 53.8449516
27.59695056 53.84092716
27.60229116 53.83824921
27.60381684 53.83735659
27.60533136 53.83781055
27.6075954 53.83961109
27.61138908 53.84007261
27.61670304 53.840538
27.62354268 53.84010699
27.62657748 53.84056473
27.6273288 53.841465
27.62807832 53.84281536
27.62727156 53.84865186
27.62878788 53.84910582
27.63485892 53.85002139
27.63713844 53.85002904
27.64094724 53.84869002
27.64399896 53.84690091
27.64857672 53.84421918
27.65162484 53.84288025
27.6554106 53.84468457
27.65693268 53.84423826
27.65921796 53.84334564
27.65999016 53.84155275
27.6584796 53.8402023
27.65394036 53.83794402
27.6524334 53.83614348
27.65016 53.83568574
27.6440868 53.83522035
27.62206632 53.83471302
27.61674696 53.8351479
27.6083928 53.83512117
27.60535044 53.8355637
27.60306156 53.83690263
27.59926428 53.8368912
27.5977422 53.83733751
27.5924016 53.84001546
27.5870646 53.84224701
27.58171464 53.84582136
27.57945636 53.84357073
27.57258792 53.8471413
27.57257856 53.84804157
27.57182328 53.84758761
27.57255372 53.85073473
27.57253248 53.85298158
27.56265264 53.85339738
27.56037708 53.85293964
27.55811124 53.85158541
27.55585296 53.84933091
27.55586988 53.84753415
27.557415 53.84484486
27.56586456 53.83499148
27.53470404 53.8371315
27.48908628 53.84145357
27.50639544 53.85634236
27.49116312 53.85942837
27.48124872 53.86253355
27.4752216 53.85801699
27.47217744 53.85845565
27.46993464 53.85530088
27.47526732 53.85397725
27.47083104 53.8436241
27.45332136 53.84669877
27.45252432 53.84983824
27.45025056 53.8493805
27.44792172 53.85341259
27.44639208 53.8543053
27.44108388 53.85338208
27.44032464 53.8533783
27.43799976 53.85696408
27.4349214 53.86009599
27.4318542 53.86232754
27.43790436 53.86460112
27.4394304 53.86415859
27.44479368 53.86058811
27.44933112 53.86240386
27.45611748 53.86692429
27.4606398 53.87008671
27.46365372 53.87234499
27.46592892 53.87280651
27.4712544 53.8723755
27.47272284 53.87687685
27.47194092 53.87866974
27.47191608 53.88091659
27.47569644 53.88272856
27.47641572 53.88632586
27.47639448 53.88812253
27.47410776 53.88856128
27.473337 53.88945768
27.47332188 53.89080426
27.47636784 53.8903656
27.47558196 53.89260867
27.47329524 53.89305111
27.46721088 53.89302447
27.46114344 53.89165116
27.46038816 53.89120098
27.46423332 53.88762285
27.45971856 53.88356016
27.4535982 53.88668064
27.45207792 53.88667299
27.44073864 53.88123321
27.43921836 53.88122556
27.43461792 53.8843536
27.43231392 53.88613893
27.43382268 53.88704298
27.43758576 53.8902054
27.43908516 53.89200972
27.43905636 53.89425279
27.43828596 53.89514919
27.42991452 53.89556121
27.42911928 53.89825437
27.43443108 53.89917372
27.43439292 53.90232084
27.43727292 53.9153595
27.43802244 53.91625977
27.4494096 53.91855621
27.45093168 53.91856386
27.4570236 53.91814041
27.4615992 53.91725922
27.46464912 53.91682434
27.4661388 53.91952515
27.45313272 53.92531206
27.4580154 53.9311752
27.45883764 53.93216322
27.459135 53.93252178
27.47056968 53.93122101
27.47970756 53.93080899
27.48038112 53.9384499
27.4689198 53.94199752
27.475731 53.94561768
27.47649204 53.94562146
27.48031416 53.94429018
27.48107736 53.94429396
27.48184776 53.94339756
27.48489948 53.94295881
27.48489372 53.94340899
27.48869136 53.94432069
27.497097 53.94165804
27.50167476 53.94077685
27.50473404 53.9394417
27.50932692 53.93721393
27.50708592 53.93316267
27.51166728 53.93183139
27.5147172 53.93139264
27.52765848 53.93144223
27.5284368 53.92964556
27.52768152 53.92919538
27.5177898 53.92871091
27.52314192 53.92648314
27.53157816 53.92022328
27.53695476 53.91530226
27.53847684 53.91530613
27.54377568 53.91802215
27.54984276 53.92028808
27.5498334 53.92118835
27.54216 53.9274483
27.53987688 53.92744065
27.53834148 53.92878345
27.53526492 53.93191914
27.53294004 53.93595123
27.52375788 53.94041064
27.536661 53.94449997
27.53974152 53.94091797
27.54808632 53.94409182
27.55113588 53.94365307
27.55951128 53.9436798
27.5656032 53.94369888
27.57394584 53.94731904
27.57545676 53.94867327
27.57697488 53.94912723
27.5792598 53.94913479
27.58002084 53.94913866
27.58152384 53.95138929
27.5830344 53.95273974
27.58989348 53.95231251
27.5914116 53.95276638
27.592146 53.95591359
27.59595876 53.95547484
27.59747688 53.9559288
27.59821704 53.95862583
27.602028 53.95818708
27.60355188 53.95819473
27.6035328 53.9604378
27.60428232 53.96178816
27.60960384 53.96315382
27.61264404 53.96405796
27.6149214 53.96496579
27.62562168 53.9605026
27.62944776 53.95826718
27.64319616 53.95336155
27.6447258 53.95246884
27.6409548 53.9475174
27.64249992 53.94482424
27.6425172 53.94258117
27.64480788 53.94168855
27.646326 53.94213864
27.65012364 53.94349674
27.65620224 53.94530871
27.6577416 53.94306942
27.66081816 53.93858337
27.65702232 53.93722536
27.6494292 53.93451312
27.64182672 53.93314359
27.64258776 53.93314746
27.65021328 53.93136978
27.65174472 53.93002698
27.6502266 53.92957302
27.64946556 53.92956924
27.64793952 53.93001555
27.64564884 53.93090817
27.6441192 53.93180466
27.64260468 53.93090061
27.64261044 53.93000034
27.64413648 53.92955781
27.64566612 53.92866132
27.64871424 53.92822266
27.64871784 53.92777257
27.64796256 53.9268723
27.6456834 53.92641447
27.64416708 53.9255142
27.64189512 53.92415997
27.64190088 53.92326357
27.6419106 53.92191312
27.64116108 53.92056654
27.6404094 53.91921618
27.63965988 53.91786573
27.6389046 53.91696546
27.63815112 53.91606519
27.63891216 53.91606519
27.6427098 53.91697689
27.64270008 53.91832356
27.64269252 53.91921996
27.6434442 53.92057041
27.64419372 53.92192077
27.64570608 53.92327122
27.6472188 53.92462536
27.64797588 53.92507554
27.649494 53.9255295
27.65024964 53.92642977
27.65100492 53.92733004
27.65175804 53.92823031
27.6509934 53.92867662
27.65251368 53.92913058
27.65252304 53.92778013
27.65101428 53.92597959
27.64949796 53.92507932
27.64722456 53.92372509
27.65331648 53.9232903
27.6555996 53.92329786
27.65557116 53.92734147
27.67232124 53.92648314
27.67688748 53.92649457
27.67764276 53.92739484
27.67762548 53.93008809
27.67837896 53.93098836
27.6799032 53.93099214
27.68522436 53.93190384
27.68522256 53.93235402
27.68061816 53.93773269
27.67294512 53.94669723
27.67217436 53.94804381
27.67368708 53.94939426
27.67560192 53.95020678
BRUSH(1,0)
REGION 1
108
28.35871128 54.07393644
28.35032256 54.07531353
28.34879508 54.0753174
28.35033048 54.07621002
28.35109908 54.07665633
28.35110268 54.07710651
28.34729568 54.07846452
28.3473054 54.07936479
28.347309 54.07981488
28.34808156 54.08071137
28.3488444 54.08070759
28.34961336 54.0811539
28.34961696 54.08160399
28.34963028 54.08295057
28.3481064 54.08340453
28.34507196 54.08565903
28.34431632 54.0865593
28.343565 54.08790966
28.34509644 54.08835606
28.3451022 54.08880237
28.34511372 54.09015273
28.34588232 54.09059904
28.34818632 54.09193806
28.34895528 54.09238437
28.34820756 54.09418491
28.35051732 54.09597393
28.35282312 54.09731295
28.35359208 54.09775926
28.3543722 54.09955215
28.35209664 54.10135647
28.35132408 54.10046385
28.34825904 54.09957501
28.34440416 54.09599301
28.3436316 54.09509661
28.34210016 54.09465408
28.34054568 54.0919647
28.33976952 54.09061812
28.3389894 54.08882523
28.33898148 54.08792496
28.33820928 54.08702847
28.33820532 54.08658216
28.33820136 54.08613207
28.33819596 54.08568189
28.33818444 54.08433531
28.34121132 54.08118054
28.34120196 54.08028414
28.33965864 54.07849125
28.338894 54.07849503
28.33279236 54.07941051
28.33593372 54.08883288
28.33059708 54.09019854
28.32676128 54.08841321
28.32296184 54.09067158
28.3183614 54.08888625
28.3145256 54.08710101
28.30607604 54.08173755
28.30151952 54.0848961
28.2969684 54.08895114
28.29090312 54.09480663
28.29549996 54.09614178
28.30468752 54.09836199
28.30164516 54.10016631
28.30241772 54.1010628
28.30778712 54.10329057
28.3078098 54.10598751
28.3093452 54.10688022
28.31626692 54.11180115
28.3162824 54.11359791
28.31858064 54.11404035
28.33543188 54.11758041
28.34690868 54.11844252
28.3507002 54.11528775
28.34991468 54.11304477
28.34990676 54.1121445
28.35371196 54.11033631
28.35678672 54.11212155
28.3560354 54.113472
28.35451872 54.11482623
28.35529128 54.11571885
28.35991296 54.11929707
28.36755 54.11837385
28.3713912 54.12015918
28.3767336 54.11923983
28.37364948 54.1165581
28.36902636 54.11297988
28.3659498 54.11119464
28.36440468 54.10940166
28.3674564 54.10894392
28.36898244 54.10848618
28.37508192 54.10712052
28.37507832 54.10667034
28.37581056 54.10352322
28.3887576 54.09898758
28.38951108 54.09808353
28.38950172 54.09718704
28.38719556 54.09584811
28.38337524 54.09585954
28.3757382 54.09633636
28.37572488 54.09498978
28.38028716 54.09272763
28.37799072 54.09228519
28.37338812 54.09050751
28.3649616 54.08829117
28.363428 54.08784486
28.36492524 54.08469774
28.36568052 54.0837936
28.3671684 54.07974621
28.35871128 54.07393644
BRUSH(1,0)
REGION 1
39
28.06449516 54.00897984
28.05382908 54.0134811
28.05078132 54.01483155
28.0485018 54.01887516
28.05689628 54.02111436
28.05843528 54.02650068
28.0576764 54.02830122
28.06683552 54.02919006
28.07064612 54.0278397
28.0721682 54.02648925
28.07369424 54.02693943
28.07674992 54.02828214
28.08133308 54.03007503
28.079811 54.0309753
28.07676108 54.03232575
28.07677476 54.03681567
28.07678988 54.04175946
28.08670824 54.04084776
28.09662444 54.03948975
28.09738332 54.03858948
28.09737792 54.03679659
28.10119428 54.03678894
28.10195928 54.03768921
28.10424816 54.03723525
28.10882376 54.0363312
28.10729412 54.03543471
28.10575872 54.03319164
28.10499012 54.03139497
28.105749 54.03004839
28.1057472 54.02959821
28.10573964 54.02780154
28.12019544 54.01745226
28.10416032 54.01253124
28.10566512 54.00669096
28.09955988 54.00490185
28.09652148 54.00849915
28.09041984 54.00805662
28.08434304 54.01614762
28.06449516 54.00897984
BRUSH(1,0)
REGION 1
34
28.48386564 54.00563049
28.48235328 54.00653454
28.47931848 54.00789642
28.47401424 54.01061253
28.4724846 54.01017
28.4686452 54.00794223
28.467882 54.00794601
28.46560464 54.00885393
28.462572 54.01021194
28.4679414 54.01288602
28.47178836 54.01556397
28.47791664 54.01778409
28.47867948 54.01778031
28.47943692 54.01732635
28.48019976 54.01732257
28.48172004 54.01686861
28.48248288 54.01686474
28.48324572 54.01686096
28.484001 54.01641087
28.4847642 54.016407
28.48628988 54.01639935
28.48704732 54.01594539
28.4878044 54.0154953
28.48856148 54.01504134
28.48931712 54.01459125
28.49083704 54.01413342
28.49158872 54.01323315
28.4923458 54.01277928
28.49310108 54.01232532
28.49309532 54.01187901
28.49308956 54.01142883
28.49231736 54.01053234
28.48923684 54.00830079
28.48386564 54.00563049
BRUSH(1,0)
REGION 1
53
29.00020212 53.8279839
28.99771884 53.81902314
28.995453 53.81949231
28.99239552 53.81861877
28.99158084 53.81637957
28.98847944 53.81371305
28.9862136 53.81418231
28.98235512 53.81151966
28.9778346 53.8129044
28.98174852 53.81781003
28.98557676 53.8191261
28.99015236 53.81998443
28.99170288 53.82131958
28.98420156 53.8249779
28.9857618 53.82675936
28.98434268 53.8308144
28.9813176 53.83129122
28.98135 53.8326378
28.97604756 53.8331337
28.9637928 53.82874296
28.96012512 53.83416366
28.96543872 53.83412172
28.9700604 53.83677672
28.97234712 53.83720782
28.97842212 53.83715436
28.97925768 53.84029005
28.98078732 53.8407288
28.98085212 53.84342196
28.97630676 53.84391021
28.9763946 53.84750364
28.97792424 53.84793852
28.97794728 53.84883879
28.98175428 53.84925459
28.98103896 53.85105513
28.99248696 53.8532028
28.98958032 53.85861972
28.99188216 53.85949704
28.99718856 53.85900501
28.99997712 53.8481979
28.99997136 53.84864808
29.00071908 53.84819412
29.00069604 53.84729385
29.00139984 53.84504322
29.00059704 53.84325411
29.00053008 53.84055708
29.00046348 53.83786392
29.00041776 53.83606716
29.00114424 53.83471302
29.00111004 53.83336644
29.0010546 53.8311195
29.00101104 53.82932661
29.00020788 53.82753372
29.00020212 53.8279839
BRUSH(1,0)
REGION 1
30
28.00850292 53.73321156
28.00320048 53.73411183
28.00471896 53.73635481
28.00320228 53.73680499
28.00699812 53.74264527
28.00472436 53.74264527
28.0054836 53.74399185
28.00396908 53.74489212
28.00017936 53.74399563
27.99639144 53.74444581
28.00018512 53.749836
28.00625616 53.75836566
28.0092888 53.75791548
28.01762568 53.75656512
28.01990124 53.75881197
28.02596652 53.7588081
28.0267218 53.75701143
28.02747924 53.75656125
28.02823272 53.75386431
28.02747168 53.75161746
28.02671064 53.7498207
28.02670848 53.7489243
28.0259514 53.74847412
28.02215952 53.74713132
28.0206432 53.74623105
28.01912508 53.74533465
28.02139668 53.74353789
28.01684376 53.73904797
28.01457216 53.73949815
28.00850292 53.73321156
BRUSH(1,0)
REGION 1
59
28.3871556 53.71988679
28.3947336 53.72030637
28.39853844 53.7220917
28.41137892 53.71889877
28.41141312 53.72204211
28.41444216 53.72203068
28.41521436 53.72337726
28.41975792 53.72335818
28.42053048 53.72470476
28.42658424 53.72423172
28.42348464 53.71795269
28.42726716 53.71749117
28.4287968 53.71883388
28.4325732 53.7179184
28.43709192 53.71565625
28.4393826 53.71744158
28.4423922 53.71563339
28.44159876 53.71249392
28.445364 53.71068195
28.44612504 53.71112826
28.45064736 53.70931242
28.44835092 53.707077
28.452114 53.70526503
28.45058436 53.70392223
28.45886976 53.70029451
28.457325 53.69760513
28.4490396 53.70123294
28.44750024 53.69899365
28.44445788 53.6976585
28.43919 53.70037461
28.4376546 53.6985855
28.4338206 53.6941071
28.430046 53.6950188
28.43082792 53.69726178
28.42856784 53.6981697
28.42702848 53.6959305
28.4247378 53.69414139
28.41793236 53.69461821
28.41949836 53.69955444
28.42482744 53.70222852
28.42560396 53.70402141
28.42107768 53.70538716
28.41801084 53.70180507
28.41572016 53.70001605
28.4134158 53.69688036
28.40661252 53.69780349
28.40663736 53.70005034
28.40361768 53.70096204
28.40440356 53.70365142
28.4089356 53.70273594
28.41429312 53.70810696
28.4112738 53.70901875
28.41283044 53.71305462
28.4045256 53.71533207
28.40606316 53.71757127
28.40002056 53.71894071
28.38865104 53.71808247
28.3878936 53.71808625
28.3871556 53.71988679
BRUSH(1,0)
REGION 1
29
27.3357486 53.7324867
27.32658372 53.73738099
27.32280156 53.73691173
27.318222 53.73913194
27.31970412 53.74138644
27.31816656 53.74272537
27.32339664 53.74769589
27.32789628 53.75086209
27.330948 53.74953081
27.33546816 53.75135421
27.34686468 53.74961469
27.34614 53.74736406
27.33179292 53.74369431
27.33333588 53.74190907
27.34615908 53.74601748
27.3461724 53.74511721
27.34242804 53.74195479
27.34471512 53.74106595
27.34771356 53.7433281
27.35150904 53.74290087
27.3523122 53.73975753
27.35838144 53.73934173
27.35766216 53.73664092
27.35993376 53.73665235
27.35996616 53.7344055
27.34785072 53.73389439
27.34778592 53.73838809
27.34397712 53.73971559
27.3357486 53.7324867
BRUSH(1,0)
REGION 1
27
27.12358656 53.68904496
27.12561228 53.68975452
27.12825396 53.68899159
27.12841236 53.68917087
27.13084596 53.6919327
27.13343796 53.69487003
27.1410408 53.69312286
27.13957992 53.69041827
27.15620436 53.69187924
27.15851772 53.68964769
27.17066772 53.68748472
27.18053064 53.68619916
27.18063936 53.68035888
27.17611704 53.67943188
27.1737882 53.68256001
27.16168032 53.68247982
27.14889528 53.67835233
27.13388616 53.67195891
27.129303 53.67417525
27.12553992 53.67324825
27.12170232 53.67591855
27.1186866 53.67544938
27.1186506 53.67724614
27.11634444 53.67902373
27.1178208 53.68083192
27.11621844 53.68531419
27.12358656 53.68904496
BRUSH(1,0)
REGION 1
11
27.06630912 53.61129765
27.07452216 53.61672213
27.0760518 53.61583707
27.0843714 53.615448
27.08885772 53.61772923
27.09039492 53.61639021
27.08892252 53.61458202
27.07921404 53.60911938
27.069498 53.60410692
27.06558048 53.61081696
27.06630912 53.61129765
BRUSH(1,0)
REGION 2
82
26.7685434 53.4899025
26.7675516 53.48959353
26.767557 53.48933793
26.76162708 53.48593899
26.76613428 53.48643498
26.7691842 53.48511891
26.76696192 53.4837456
26.76622212 53.48329164
26.7655068 53.48193363
26.76477996 53.48102949
26.76402648 53.48102184
26.76326004 53.48146437
26.7617664 53.48099898
26.76102624 53.48054124
26.76028644 53.48008728
26.75801484 53.48051073
26.75726136 53.48050308
26.75574288 53.48093796
26.75279412 53.4786606
26.74834056 53.47637181
26.75062548 53.4754944
26.75139228 53.47505187
26.75292192 53.47417068
26.75442888 53.47418598
26.75519388 53.47374345
26.75596032 53.47330092
26.75888244 53.47647855
26.75958444 53.47828296
26.7618312 53.47875213
26.76333636 53.47876743
26.76406464 53.47967526
26.7648048 53.48012922
26.76481812 53.47968291
26.76555828 53.48013687
26.76705156 53.48060226
26.770113 53.4788361
26.76572244 53.47430037
26.76216132 53.46707535
26.75158308 53.4683151
26.75007828 53.46829989
26.7493248 53.46829224
26.7515316 53.47011186
26.74773036 53.47142028
26.74696356 53.47186281
26.74552356 53.46960066
26.7402402 53.46999738
26.7394752 53.47043991
26.73943524 53.47178649
26.73488052 53.47308735
26.73411372 53.47352979
26.73263376 53.47261431
26.73186876 53.47305675
26.73110196 53.47349928
26.73034848 53.47349163
26.72958384 53.47393038
26.72881704 53.47437282
26.72729856 53.4748077
26.72653212 53.47524645
26.72576712 53.47568889
26.72501364 53.47568133
26.72424684 53.47612377
26.7234822 53.47656252
26.72197524 53.47654722
26.7212106 53.47698975
26.72045712 53.4769821
26.71970364 53.47697445
26.71893684 53.47741698
26.71741872 53.47784808
26.71811856 53.4796524
26.71660044 53.48008728
26.71508016 53.48051838
26.71196364 53.4840813
26.71571556 53.48456955
26.73373608 53.48655315
26.73887832 53.49110031
26.74410048 53.49295044
26.75096892 53.48987577
26.75615112 53.49307248
26.76372156 53.49180222
26.76519 53.4931641
26.77200696 53.4918861
26.7685434 53.4899025
9
26.78417784 53.46055602
26.77885992 53.46229932
26.77736664 53.46183393
26.76901248 53.46444699
26.77491936 53.46855162
26.77795596 53.46768186
26.78315148 53.47042848
26.79234696 53.46467973
26.78417784 53.46055602
BRUSH(1,0)
REGION 1
26
27.86867532 53.58584214
27.8671626 53.58718872
27.86565384 53.58628845
27.8596134 53.58628467
27.85659012 53.58807756
27.8535708 53.5876236
27.8512992 53.58987045
27.85581972 53.59391784
27.8505288 53.59615704
27.85579668 53.60290146
27.85502988 53.60739138
27.8663598 53.6078529
27.8769492 53.60066982
27.8754462 53.59752657
27.8731764 53.59887315
27.8716698 53.59707261
27.87318216 53.59617612
27.87243084 53.59482954
27.86109552 53.59796523
27.85883508 53.5957146
27.86865804 53.593029
27.87017616 53.58988575
27.87319368 53.59123611
27.8747082 53.58898926
27.87018408 53.58629223
27.86867532 53.58584214
BRUSH(1,0)
REGION 1
23
27.83419812 53.50360104
27.83268936 53.50404735
27.83343492 53.50674438
27.84319884 53.51798628
27.8371602 53.52112197
27.83414844 53.51977161
27.8318826 53.52111819
27.82887264 53.51976774
27.8266068 53.52111054
27.8281098 53.5224609
27.82433124 53.52515415
27.83562264 53.53055577
27.84015864 53.52696612
27.84318156 53.52382656
27.84695616 53.52203367
27.84545316 53.52023313
27.84998304 53.51799015
27.84923172 53.51709366
27.85225284 53.5144005
27.84774024 53.51124951
27.843975 53.50989915
27.84095748 53.51124573
27.83419812 53.50360104
BRUSH(1,0)
REGION 1
82
28.17464436 53.47743228
28.17314532 53.47878264
28.17616284 53.47967526
28.1724282 53.4859695
28.16867052 53.48777391
28.16416728 53.49137499
28.14456744 53.48781207
28.14080436 53.48826603
28.13628384 53.4878235
28.13403888 53.49187089
28.13479992 53.49366756
28.13931288 53.49186324
28.14157296 53.49185946
28.1438388 53.49365235
28.14309324 53.49545289
28.1378232 53.49590685
28.13707548 53.49770739
28.13933736 53.4981537
28.14234732 53.49724956
28.14160932 53.50084308
28.14010236 53.50084686
28.13410368 53.50804137
28.12885488 53.51478957
28.13262552 53.5152321
28.130373 53.51748273
28.1311398 53.52062607
28.12586976 53.52243039
28.12662684 53.52332688
28.13265792 53.52331923
28.13566968 53.52241518
28.13944428 53.52375789
28.1469726 53.52149961
28.1575278 53.52193071
28.15826976 53.51923755
28.16051868 53.51653674
28.15975584 53.51473998
28.18763748 53.51379399
28.19666664 53.51108166
28.19363004 53.50704579
28.1943666 53.50389858
28.19132028 53.49806595
28.18604664 53.4980736
28.18228896 53.49987792
28.18456632 53.50301739
28.18006308 53.50662234
28.17478944 53.5066299
28.17326916 53.50393674
28.1770326 53.50303269
28.17777816 53.50168224
28.17625428 53.49809268
28.17173196 53.49765015
28.167219 53.49945447
28.16799732 53.50439457
28.17100908 53.50394061
28.17101844 53.50618746
28.158966 53.50665663
28.1581956 53.5030632
28.15593156 53.50217058
28.1627064 53.50081257
28.16193564 53.49721905
28.1679498 53.49451446
28.17019476 53.49136356
28.1747016 53.48910906
28.17998892 53.49179844
28.18599516 53.48819349
28.19652192 53.4845772
28.19653128 53.48637387
28.1995488 53.48726658
28.20781332 53.48365785
28.20704076 53.48051451
28.20477312 53.47872162
28.20177468 53.48142243
28.19725416 53.48098377
28.18372716 53.4864006
28.18072908 53.48910141
28.17695628 53.48775861
28.17543996 53.48596572
28.17693144 53.4828186
28.17843264 53.48191833
28.18295856 53.48325726
28.18520352 53.48055645
28.17464436 53.47743228
BRUSH(1,0)
REGION 1
27
27.22847544 53.45333478
27.21110904 53.45637129
27.20511252 53.45498655
27.20432844 53.45677944
27.2020302 53.45901108
27.20726784 53.46084213
27.20343024 53.46485901
27.2064096 53.46667476
27.21468348 53.46717831
27.21615012 53.46943281
27.2206746 53.46901323
27.22210128 53.47351458
27.22588164 53.47263717
27.23111352 53.4749184
27.23341932 53.47223667
27.23641596 53.47315215
27.23953428 53.46688077
27.2410488 53.46644211
27.24182316 53.46509931
27.2350332 53.46595386
27.23274432 53.4677391
27.23120676 53.46952434
27.22896396 53.46861264
27.22759812 53.46051786
27.22835916 53.46007542
27.23063292 53.45919036
27.22847544 53.45333478
BRUSH(1,0)
REGION 1
79
26.51548968 53.30302425
26.50855824 53.30833056
26.50779144 53.308773
26.51218596 53.3119698
26.51293548 53.31198123
26.5152456 53.3102112
26.5159818 53.31066894
26.51671584 53.31112668
26.5166856 53.31202695
26.51741964 53.31248478
26.51815404 53.31294252
26.51813892 53.31339261
26.51887512 53.31385044
26.51960952 53.31430818
26.51957892 53.31520458
26.52031332 53.31566241
26.52029784 53.3161125
26.52103224 53.31657024
26.52101892 53.31702042
26.52098832 53.31792069
26.5209732 53.318367
26.5217076 53.31882474
26.52169212 53.31927492
26.52242652 53.31973266
26.52239592 53.32063293
26.52313248 53.32109067
26.523117 53.32154085
26.52611724 53.32157514
26.52688224 53.32113648
26.52913296 53.32116321
26.52988248 53.32117077
26.53217892 53.31985092
26.53223976 53.31805416
26.53225344 53.31760407
26.5345344 53.31673431
26.54113572 53.32130811
26.5411206 53.32175442
26.53727904 53.32440564
26.53726392 53.32485582
26.54011548 53.32938381
26.54919432 53.32724379
26.55018252 53.32006458
26.55393228 53.3201103
26.5546836 53.32011795
26.55475632 53.31787488
26.56303776 53.31707379
26.56378764 53.31708144
26.56380276 53.31663135
26.56381788 53.31618504
26.56384668 53.31528477
26.56311048 53.31482694
26.5631256 53.31437685
26.5638906 53.3139381
26.56390572 53.31348801
26.56393416 53.31259152
26.56394964 53.31214143
26.56396476 53.31169125
26.56397808 53.31124116
26.56399356 53.31079485
26.5640238 53.30989458
26.56403748 53.3094444
26.5640526 53.30899809
26.5633182 53.30854035
26.56183248 53.30807118
26.56108296 53.30806353
26.56042092 53.30535885
26.55442224 53.3052864
26.55356796 53.30842209
26.54833428 53.30791089
26.5475844 53.30790333
26.54456904 53.30831526
26.54381952 53.30830761
26.54390916 53.30561445
26.52885072 53.30722806
26.52808572 53.30767059
26.52817716 53.30497356
26.52819264 53.30452725
26.5162392 53.3030319
26.51548968 53.30302425
BRUSH(1,0)
REGION 1
186
26.69699664 53.20264437
26.6962338 53.20308681
26.69548608 53.20307925
26.69472504 53.20352169
26.69321628 53.20395279
26.69245344 53.20439532
26.69170572 53.20438767
26.69094468 53.20482633
26.69018364 53.20526886
26.68943412 53.20526121
26.68792536 53.20569231
26.68717764 53.20568466
26.68642812 53.20567701
26.6856804 53.20566936
26.68491936 53.20611189
26.68342212 53.20609668
26.68266108 53.20653534
26.68190004 53.20697787
26.6811372 53.20741653
26.68037616 53.20785906
26.68036284 53.20830915
26.68109688 53.20876698
26.68183128 53.20922472
26.68256748 53.20967868
26.68330188 53.21013642
26.684784 53.21060181
26.6855202 53.21105955
26.6862546 53.21151729
26.68700232 53.21152494
26.6877252 53.21243286
26.68845924 53.2128906
26.68919364 53.21334456
26.68918032 53.21379474
26.68991472 53.21425248
26.68988808 53.21515275
26.69062428 53.21560671
26.69135868 53.21606445
26.68605408 53.21825406
26.68529124 53.21869659
26.68457016 53.21778867
26.68458384 53.21734236
26.68384944 53.21688462
26.68386276 53.21643444
26.68237884 53.21596905
26.68164444 53.21551131
26.68090824 53.21505357
26.68016052 53.21504592
26.67942612 53.21458818
26.67792888 53.21457288
26.67719448 53.21411514
26.67644496 53.21410749
26.67571056 53.21364975
26.67497652 53.21319201
26.67347892 53.21317671
26.67274488 53.21271897
26.67199716 53.21271132
26.67126276 53.21225358
26.67051324 53.21224593
26.66903112 53.21178054
26.66829672 53.2113228
26.66756052 53.21086506
26.66683944 53.20995714
26.66609208 53.20994949
26.66535768 53.20949175
26.66538432 53.20859526
26.66539764 53.20814517
26.66466324 53.20768734
26.66394216 53.20678329
26.66323476 53.20542528
26.66250036 53.20496754
26.66173932 53.20540998
26.66171268 53.20630647
26.66094984 53.206749
26.6601888 53.20719144
26.6594256 53.20763019
26.65866456 53.20807263
26.65790172 53.20851138
26.6578884 53.20896147
26.65787508 53.20941165
26.65859616 53.21031948
26.6593302 53.21077731
26.66007792 53.21078487
26.66154852 53.21169666
26.66228292 53.2121544
26.6622696 53.21260449
26.663004 53.21306232
26.6637384 53.21352006
26.66372472 53.21397015
26.66369808 53.21486664
26.66443248 53.21532438
26.66441916 53.21577456
26.66870496 53.22256092
26.66716776 53.2238922
26.66564172 53.22477339
26.66181744 53.22742848
26.66106972 53.22742083
26.66180412 53.22787857
26.6617908 53.22832488
26.66177748 53.22877506
26.66249856 53.22968289
26.66248524 53.23013307
26.66321928 53.23059081
26.66320596 53.23103712
26.66394036 53.23149486
26.66466144 53.23240278
26.66615868 53.23241808
26.66689488 53.23287582
26.66762928 53.23333356
26.66761596 53.23378374
26.67498012 53.23790745
26.67571632 53.23836519
26.67805668 53.23524471
26.67881952 53.23480227
26.6795406 53.2357101
26.6809446 53.23886874
26.68167864 53.23932648
26.6846868 53.23891068
26.68618584 53.23892589
26.68476852 53.23621365
26.6847822 53.23576734
26.68629276 53.23533246
26.68780332 53.23490145
26.68637268 53.2326393
26.68639932 53.23173903
26.68569192 53.2303848
26.68495572 53.22992706
26.68653288 53.22724533
26.68509108 53.22543336
26.68435488 53.22497562
26.68589208 53.22364425
26.68593204 53.22229767
26.68597236 53.22095109
26.68601232 53.21960451
26.68677516 53.21916198
26.69131836 53.2174149
26.69351004 53.21923443
26.69423292 53.22013857
26.69574168 53.21970747
26.6964912 53.21971512
26.69794848 53.221077
26.6979618 53.22063069
26.69945724 53.2206459
26.70022008 53.22020337
26.70098112 53.21976471
26.70174216 53.21932218
26.70249168 53.21932983
26.7032394 53.21933748
26.7039756 53.21979522
26.70396228 53.2202454
26.7054462 53.22071079
26.70545952 53.22026061
26.70622056 53.21981808
26.7062472 53.21892168
26.70626052 53.2184715
26.7062742 53.21802141
26.70628536 53.21757123
26.70629868 53.21712492
26.70632568 53.21622465
26.706339 53.21577456
26.70635232 53.21532825
26.70636564 53.21487807
26.70712668 53.21443554
26.70715332 53.21353914
26.70716664 53.21308896
26.70717996 53.21263887
26.70719328 53.21218869
26.7072066 53.21174238
26.70721992 53.21129229
26.70649704 53.21038437
26.70501312 53.20991898
26.70427908 53.20946502
26.70354468 53.20900728
26.70280848 53.20854954
26.7028218 53.20809936
26.70210072 53.20719531
26.70211404 53.20674513
26.70137964 53.20628739
26.70139116 53.20583721
26.70065676 53.20537947
26.70068376 53.20448307
26.69994936 53.20402524
26.69996268 53.20357515
26.69922648 53.20311741
26.6992398 53.20267101
26.69774436 53.20265202
26.69699664 53.20264437
BRUSH(1,0)
REGION 1
78
27.09196092 53.13656232
27.0904482 53.13744738
27.08969292 53.13789369
27.0903492 53.14239117
27.08586504 53.14235688
27.08511912 53.1423531
27.08582868 53.14415355
27.08581932 53.14460373
27.0858096 53.14505382
27.08505432 53.14549635
27.07984152 53.14455792
27.07679736 53.14723209
27.07677828 53.14813236
27.07070724 53.15257647
27.07069788 53.15302656
27.07142652 53.1539307
27.07216452 53.15438457
27.06987564 53.15661621
27.0698472 53.15796279
27.07353792 53.16023637
27.07655508 53.15891265
27.077238 53.16206364
27.0824508 53.16300198
27.07781796 53.17015455
27.0754452 53.17642593
27.079893 53.17825698
27.08824716 53.17202763
27.09208692 53.16711426
27.0965538 53.16804504
27.09961704 53.16447447
27.10332684 53.16584778
27.105606 53.1640701
27.10264392 53.16270066
27.10341828 53.16135786
27.11165796 53.16051861
27.09756468 53.15502546
27.09301752 53.15813442
27.09078408 53.15766903
27.09006516 53.15631867
27.09090432 53.15182875
27.09241668 53.15094378
27.0968724 53.15232465
27.10140228 53.15010831
27.09696384 53.14783095
27.09621612 53.14782717
27.09848592 53.1464958
27.10070784 53.1474075
27.10516536 53.14878846
27.10740672 53.14880367
27.10815444 53.14881132
27.1089288 53.14746861
27.10893636 53.14701843
27.12383856 53.14937211
27.12458412 53.14937589
27.12245004 53.14397049
27.1224576 53.1435204
27.12170988 53.14351653
27.12174624 53.14171986
27.12178224 53.1399231
27.11726388 53.14168926
27.11276244 53.14255524
27.10676772 53.1434097
27.10601028 53.14385223
27.10454364 53.14249422
27.10154736 53.14292145
27.10078992 53.14336398
27.10005192 53.14291002
27.10006128 53.14246371
27.10084536 53.14067082
27.10085292 53.14022064
27.10309428 53.14023594
27.10384164 53.1402435
27.10386072 53.13934323
27.103878 53.13844683
27.09714492 53.13884733
27.09639936 53.13883968
27.09344664 53.13702015
27.09196092 53.13656232
BRUSH(1,0)
REGION 1
102
27.52499592 53.02035522
27.52647984 53.02080918
27.52724448 53.01901242
27.527994 53.01856611
27.52948368 53.01857376
27.530964 53.01947781
27.53169624 53.02082826
27.5376474 53.02174761
27.53839296 53.02175139
27.53686152 53.02578735
27.53685756 53.02623753
27.53458596 53.02982331
27.53305056 53.03430936
27.53823096 53.03792187
27.54118908 53.04018024
27.54417996 53.0392914
27.55088028 53.04021453
27.55088424 53.03976444
27.55685232 53.03933712
27.55832112 53.04158784
27.55831716 53.04203793
27.55683144 53.04158397
27.55606284 53.04382704
27.55531872 53.04382326
27.55605132 53.04517362
27.558279 53.04608154
27.55902492 53.04608532
27.55826568 53.04742812
27.56124288 53.04788973
27.56201364 53.04519657
27.56275956 53.04520035
27.57096468 53.0447769
27.57172212 53.04343032
27.57172572 53.04298401
27.56427588 53.04250719
27.56503476 53.04116439
27.56727036 53.04117204
27.56877336 53.03982924
27.57770172 53.04165264
27.57996 53.03941731
27.5799636 53.03896713
27.58591476 53.04033279
27.58141692 53.04301452
27.5806674 53.04346083
27.58512888 53.04482271
27.58286484 53.04796218
27.58211892 53.0479584
27.57687948 53.05018995
27.57613356 53.05018617
27.57610512 53.05332951
27.5753592 53.05332951
27.57607668 53.05647663
27.57607272 53.05692294
27.58874148 53.05786515
27.592497 53.05473324
27.59324652 53.05428315
27.5895576 53.0497818
27.58881564 53.04932784
27.59033196 53.04663846
27.59256756 53.04664611
27.59926608 53.04801177
27.60302736 53.04398346
27.62386884 53.04808809
27.62538516 53.04494862
27.60230844 53.04083634
27.60233112 53.03813931
27.5978718 53.03677752
27.59787936 53.03587725
27.59565168 53.03497311
27.59716044 53.03273013
27.59793264 53.02959057
27.57782952 53.02772901
27.57710088 53.02592847
27.57635892 53.02547451
27.5726376 53.02501299
27.57189168 53.02501299
27.57265488 53.02321623
27.57340224 53.02276992
27.56894508 53.02140804
27.56971152 53.01916506
27.56972304 53.01781461
27.57274452 53.01333234
27.56754684 53.01152037
27.54969012 53.00920872
27.54377172 53.00514603
27.53786268 53.00018307
27.53188704 53.00195697
27.53705016 53.00691984
27.53481096 53.00735859
27.53330796 53.0087013
27.53033832 53.00779347
27.52958484 53.00868987
27.49908456 53.00497818
27.49831596 53.00722125
27.50275404 53.00993349
27.51316848 53.01132201
27.51239952 53.01356508
27.51612084 53.01403047
27.51909048 53.01493839
27.5257818 53.01631161
27.52350984 53.01989748
27.52499592 53.02035522
BRUSH(1,0)
REGION 1
33
28.2790566 53.03022003
28.27458396 53.03023146
28.27459332 53.03157804
28.2746124 53.03427507
28.26790236 53.03384019
28.26713952 53.03114703
28.26341244 53.03115846
28.2649212 53.03384784
28.25300412 53.03477475
28.25376876 53.03791809
28.25378424 53.04016494
28.25156196 53.04241566
28.24859808 53.04512025
28.25384724 53.04959865
28.25835228 53.0545311
28.265814 53.05541229
28.27026936 53.05270383
28.27625076 53.05493547
28.28069676 53.05133061
28.27471356 53.04864879
28.28360736 53.04143907
28.28808396 53.04187395
28.29105936 53.04096981
28.29327408 53.038269
28.29178044 53.03782269
28.28805156 53.03738403
28.28877624 53.034687
28.28801736 53.03289033
28.28354256 53.03245545
28.27981944 53.03291319
28.27907172 53.03246688
28.27906812 53.03201679
28.2790566 53.03022003
BRUSH(1,0)
REGION 1
143
26.62149636 53.05667499
26.62073532 53.05711743
26.61997608 53.05755618
26.61921684 53.05799862
26.61920352 53.0584488
26.61844248 53.05888746
26.61841584 53.05978773
26.61840072 53.06023791
26.61913296 53.06069187
26.6198634 53.06114961
26.61985008 53.0615997
26.6205672 53.06250762
26.62055388 53.0629578
26.62128432 53.06341554
26.621271 53.06386185
26.62051212 53.06430438
26.62048332 53.06520078
26.61972444 53.06564331
26.61970896 53.0660934
26.62044156 53.06655123
26.61968232 53.06698989
26.61965388 53.06789016
26.6196384 53.06834034
26.6292648 53.07069393
26.6299974 53.07115176
26.63072784 53.0716095
26.63071452 53.07205959
26.6307012 53.07250599
26.63143164 53.07296373
26.63217936 53.07297516
26.63292492 53.07298281
26.63365572 53.07344055
26.63438796 53.07389829
26.63437464 53.0743446
26.63510688 53.07480243
26.63509176 53.07525252
26.63506512 53.07615279
26.63504964 53.0765991
26.63578224 53.07705684
26.63652816 53.07706836
26.63727372 53.07707592
26.63876736 53.07709122
26.63951292 53.07709887
26.64024336 53.07755661
26.64096264 53.07846453
26.64169488 53.07892227
26.64242748 53.07938001
26.64317304 53.07938766
26.64466488 53.07940296
26.64541044 53.07941439
26.64614304 53.07986835
26.64690192 53.0794296
26.64764784 53.07943725
26.64914148 53.07945255
26.64988704 53.07946398
26.65064628 53.07902145
26.65140516 53.07857892
26.6521662 53.07814026
26.65291212 53.07814791
26.6544036 53.07816312
26.65514952 53.07817077
26.65590876 53.07773211
26.65665432 53.07773976
26.65741536 53.07729723
26.65892016 53.07686613
26.65966608 53.07687378
26.66042532 53.07643512
26.6611842 53.07599259
26.66194524 53.07555006
26.66195856 53.07510375
26.66197188 53.07465366
26.66123964 53.07419583
26.65976148 53.07373044
26.65902888 53.0732727
26.65829664 53.07281496
26.65756404 53.07235722
26.65607256 53.07234192
26.655327 53.07233427
26.65458108 53.07232284
26.65384848 53.07186888
26.65311624 53.07141114
26.65161144 53.07184215
26.65086552 53.07183459
26.65010628 53.07227325
26.64936072 53.0722656
26.64862812 53.07180786
26.64713664 53.07179256
26.64716328 53.07089616
26.64643284 53.07043842
26.6457006 53.06998059
26.644968 53.06952285
26.64423576 53.06906511
26.6449968 53.06862258
26.64575568 53.06818392
26.64651492 53.06774139
26.64726084 53.06774904
26.64801972 53.06731029
26.64876564 53.06731794
26.65027044 53.06688306
26.65103148 53.0664444
26.65180404 53.06555178
26.65181736 53.06510547
26.65332216 53.06467059
26.65333548 53.06422428
26.65335096 53.0637741
26.65261836 53.06331636
26.65263168 53.06286618
26.652645 53.06241609
26.65192788 53.06151195
26.65118232 53.06150439
26.6497038 53.06103513
26.64897156 53.06058117
26.64822564 53.06056974
26.6474952 53.060112
26.64674964 53.06010435
26.6452578 53.06008914
26.64451224 53.06008149
26.64377964 53.05962375
26.64303408 53.0596161
26.64228816 53.05960467
26.6408118 53.05913928
26.64007956 53.05868145
26.63933364 53.05867389
26.63858808 53.05866624
26.63711172 53.05820085
26.63637912 53.05774311
26.63563356 53.05773546
26.63487432 53.05817412
26.63409996 53.05906674
26.6333562 53.05905531
26.63261028 53.05904766
26.63113212 53.05858227
26.6303862 53.05857471
26.62966908 53.05766679
26.62892352 53.05765914
26.6281776 53.05765149
26.62743204 53.05764393
26.62595568 53.05717467
26.62520976 53.05716702
26.6244642 53.05715946
26.6237316 53.05670163
26.62298568 53.05669407
26.62149636 53.05667499
BRUSH(1,0)
REGION 1
65
27.91328436 52.94533536
27.91029744 52.94569401
27.90881352 52.94344707
27.90807156 52.9425468
27.90062892 52.94524005
27.89691732 52.94119266
27.89245404 52.94208906
27.893196 52.94298933
27.893196 52.94343951
27.88873308 52.94388582
27.88798896 52.94388195
27.88576308 52.94118501
27.87906636 52.94252781
27.88054848 52.94522475
27.88129044 52.94567493
27.87757128 52.94612124
27.87682716 52.94612124
27.87608736 52.94477466
27.86939064 52.94566728
27.86790276 52.94611359
27.86642064 52.94386674
27.86567868 52.94296647
27.85972788 52.94341278
27.8582382 52.94385909
27.8582364 52.94520567
27.86195376 52.94520954
27.86269176 52.94790648
27.85971456 52.94835279
27.8589708 52.94880297
27.8626806 52.95240018
27.86267844 52.95285036
27.8716068 52.95195774
27.87235056 52.95195774
27.87681564 52.95151134
27.87755976 52.95151521
27.87830172 52.95241161
27.8857404 52.95196917
27.88648596 52.95196917
27.88648236 52.95376584
27.87978348 52.95510864
27.87903396 52.95780567
27.89093772 52.95781323
27.89168184 52.95781323
27.89168364 52.95646665
27.90135576 52.95647052
27.90210168 52.95467376
27.89913168 52.95197682
27.89838792 52.95197682
27.89020728 52.95062259
27.88946352 52.95062259
27.88946532 52.94927601
27.88946712 52.94882583
27.90136512 52.94973375
27.90210924 52.94973375
27.90508464 52.94973375
27.9058284 52.94973375
27.92070576 52.949295
27.92219364 52.949295
27.91996956 52.94390103
27.91848384 52.94255445
27.92071728 52.9403076
27.92071728 52.93985751
27.91699992 52.93895724
27.91327464 52.94389725
27.91328436 52.94533536
BRUSH(1,0)
REGION 1
53
28.00019628 52.79520033
28.00019628 52.79565051
28.00093644 52.7961006
28.0009404 52.80149079
28.00168596 52.80733107
28.00094796 52.81182477
28.00168992 52.81272126
28.0120698 52.81182099
28.02245724 52.81810758
28.027647 52.81720731
28.02912696 52.81540677
28.03431888 52.81585695
28.03506084 52.81540677
28.03431528 52.81315992
28.03060332 52.81001667
28.02837564 52.80687333
28.01874168 52.81092072
28.0165158 52.81002423
28.01725596 52.80867387
28.01799 52.80103683
28.01724804 52.80013656
28.01428236 52.79924016
28.0142802 52.7974434
28.01353464 52.79160312
28.0105686 52.79205321
28.00834272 52.78845978
28.00315656 52.78981014
28.00019268 52.78981014
28.00019448 52.7916069
27.99871056 52.7916069
27.99722664 52.78846356
27.9935226 52.78891374
27.98611056 52.78846356
27.9846288 52.78846356
27.98611272 52.79071041
27.98611272 52.79116059
27.97054848 52.79116059
27.96906672 52.79116059
27.96906672 52.79295735
27.9801828 52.79340744
27.98166456 52.79340744
27.98389044 52.80284115
27.98389044 52.80329133
27.9883386 52.80284115
27.98908236 52.80553818
27.9927882 52.8055344
27.99353016 52.8055344
27.99427212 52.80913161
27.99501408 52.80957792
27.99872208 52.8100281
27.99946404 52.8100281
27.99871236 52.79565051
28.00019628 52.79520033
BRUSH(1,0)
REGION 1
58
27.17217828 52.83922959
27.17141904 52.84012608
27.17066952 52.84056852
27.16770168 52.84054944
27.16831008 52.84774395
27.16829496 52.84864044
27.15944868 52.84543608
27.15871428 52.84498212
27.15796296 52.84542465
27.15721308 52.84587096
27.1542798 52.84405134
27.1535454 52.84359738
27.14761728 52.84310535
27.14687532 52.84310148
27.14685048 52.84444806
27.14684112 52.84489824
27.15128532 52.84537884
27.15276132 52.84584045
27.16450884 52.85265732
27.16449912 52.85310741
27.16373268 52.85445021
27.1629828 52.85489652
27.17550072 52.86037068
27.17771148 52.86128616
27.17847828 52.85994336
27.18144792 52.85996244
27.18218988 52.85996631
27.183609 52.86357117
27.1843434 52.86402513
27.18807228 52.86315159
27.18956376 52.86271284
27.18961344 52.8600159
27.18963612 52.85866932
27.188919 52.85731509
27.18745056 52.85640717
27.20009232 52.85514069
27.20083428 52.85514834
27.20160864 52.85335545
27.20235816 52.85290905
27.18604656 52.85190582
27.18456264 52.85189439
27.18754776 52.85101698
27.18683064 52.84966275
27.18534672 52.84965519
27.18537912 52.84785843
27.17646588 52.8482475
27.1742382 52.84823229
27.17432964 52.84328841
27.17434692 52.84239201
27.17731476 52.842411
27.17805672 52.84241487
27.17807184 52.84151838
27.17808912 52.84061811
27.17512128 52.84059903
27.17437932 52.84059525
27.17365464 52.8396912
27.1736622 52.83924102
27.17217828 52.83922959
BRUSH(1,0)
REGION 1
44
27.54502668 52.80207066
27.54539676 52.80229566
27.54651456 52.80162813
27.54725472 52.80162813
27.54874224 52.8011856
27.54948816 52.80073929
27.5532552 52.79446026
27.55326456 52.79356386
27.55700892 52.78953168
27.55776204 52.78818897
27.55628388 52.78773114
27.55554768 52.78728105
27.55336392 52.78322979
27.55263132 52.78232952
27.55411704 52.78188321
27.5548536 52.78233717
27.55487628 52.78009032
27.55489716 52.77784347
27.55490112 52.77739338
27.55417248 52.77604293
27.55047816 52.77513123
27.5497362 52.77512745
27.54748728 52.77781674
27.53788392 52.77508542
27.5364054 52.77463146
27.53866764 52.77059559
27.53349696 52.76922993
27.53276076 52.76877597
27.53050248 52.77236175
27.52975656 52.77280806
27.53418348 52.7746239
27.53565984 52.77507786
27.5311566 52.78090284
27.5303916 52.78314591
27.51854148 52.78265379
27.50892264 52.78126527
27.5015124 52.78123854
27.50139612 52.79201892
27.52584444 52.7930145
27.53471196 52.79574204
27.53914644 52.7971077
27.53914068 52.79755779
27.54140076 52.79928966
27.54502668 52.80207066
BRUSH(1,0)
REGION 1
28
27.4541148 52.71678927
27.45038988 52.71901704
27.44964396 52.71946335
27.44885448 52.72350309
27.44957916 52.72485732
27.45248976 52.72891236
27.45248616 52.72936245
27.44878572 52.72934724
27.44872488 52.73428725
27.44871516 52.73518752
27.45975888 52.74017712
27.46049508 52.74063108
27.46642104 52.74020763
27.46647468 52.73571393
27.46648404 52.73481366
27.47018628 52.73482896
27.47023776 52.73033904
27.47024172 52.72988895
27.46952244 52.72808841
27.46953396 52.72718814
27.46881468 52.7253876
27.46881864 52.72494129
27.46737108 52.72223661
27.46738044 52.72134021
27.46371852 52.71817779
27.46298412 52.71772383
27.45559512 52.71679305
27.4541148 52.71678927
BRUSH(1,0)
REGION 1
18
27.92374236 53.63348769
27.92071908 53.63348769
27.92071908 53.63483427
27.92071728 53.63618472
27.92147076 53.63932797
27.91995624 53.64157482
27.9154242 53.63797761
27.91163808 53.64291762
27.90937044 53.64246753
27.90861336 53.64381411
27.91843596 53.64831159
27.92524536 53.64337158
27.92524896 53.64067842
27.92525112 53.63708499
27.9282762 53.63663481
27.9282762 53.63573841
27.92449764 53.63573454
27.92374236 53.63348769
BRUSH(1,0)
