VERSION 300
DELIMITER ","
 CoordSys Earth Projection 1, 1001                                                                                                                                                                      
COLUMNS 6
    ID decimal(5,0)
    CODE char(8)
    NAME_CODE char(60)
    AREA char(40)
    F1 decimal(7,1)
    F7 decimal(7,1)
DATA
REGION 1
5
23.888161 53.915324
23.908814 53.922319
23.908271 53.920052
23.892089 53.914108
23.888161 53.915324
BRUSH(1,0)
REGION 1
14
23.851408 53.34199
23.842233 53.335826
23.835146 53.339179
23.84203 53.345714
23.83265 53.349437
23.833356 53.349911
23.847214 53.362085
23.850428 53.359947
23.853382 53.360499
23.858051 53.358861
23.854823 53.353352
23.857156 53.352533
23.847447 53.344102
23.851408 53.34199
BRUSH(1,0)
REGION 1
38
23.984439 53.864138
23.983178 53.861398
23.981116 53.859081
23.9804 53.858608
23.973329 53.852976
23.967818 53.846947
23.964701 53.847742
23.960696 53.849857
23.961411 53.850331
23.969154 53.856885
23.969068 53.857781
23.969025 53.85823
23.968983 53.858678
23.96894 53.859126
23.968897 53.859575
23.968812 53.860471
23.968769 53.860919
23.969485 53.861393
23.969442 53.861841
23.970158 53.862315
23.970072 53.863211
23.970788 53.863685
23.971504 53.864158
23.972219 53.864632
23.972935 53.865105
23.973693 53.865131
23.974452 53.865156
23.976012 53.864758
23.976813 53.864335
23.977571 53.86436
23.978372 53.863937
23.979131 53.863962
23.980605 53.864461
23.981363 53.864486
23.982122 53.864511
23.98288 53.864536
23.983638 53.864562
23.984439 53.864138
BRUSH(1,0)
REGION 1
23
25.761098 54.427536
25.757272 54.427017
25.756574 54.425656
25.757513 54.422528
25.756767 54.422065
25.752918 54.421995
25.751402 54.421518
25.750777 54.41881
25.751065 54.413423
25.747265 54.412455
25.741132 54.411894
25.741059 54.41324
25.742357 54.417758
25.744667 54.4178
25.746927 54.41874
25.746855 54.420087
25.747553 54.421448
25.75056 54.422851
25.750512 54.423748
25.750993 54.42915
25.752509 54.429627
25.755516 54.431029
25.761098 54.427536
BRUSH(1,0)
REGION 1
26
25.686809 54.391114
25.680233 54.384699
25.675967 54.378327
25.674503 54.376952
25.668352 54.376835
25.662175 54.377168
25.656792 54.377065
25.655923 54.378846
25.655723 54.382437
25.655547 54.38558
25.653214 54.385985
25.643216 54.385794
25.641627 54.386662
25.643039 54.388936
25.644527 54.389863
25.653039 54.389127
25.654577 54.389156
25.65604 54.390532
25.656784 54.390996
25.668373 54.390317
25.669142 54.390332
25.669836 54.391693
25.668892 54.394821
25.670406 54.395299
25.685047 54.395125
25.686809 54.391114
BRUSH(1,0)
REGION 1
10
25.602532 54.370179
25.597996 54.368742
25.591923 54.367275
25.591154 54.36726
25.58472 54.372077
25.585438 54.37299
25.592971 54.375834
25.59374 54.375849
25.600892 54.371944
25.602532 54.370179
BRUSH(1,0)
REGION 1
27
25.901923 54.308238
25.91285 54.304828
25.915086 54.306214
25.923421 54.308601
25.924167 54.309063
25.930353 54.308269
25.930398 54.307371
25.928928 54.305998
25.923819 54.30052
25.921715 54.29644
25.920202 54.295966
25.91325 54.296747
25.910224 54.295797
25.909479 54.295335
25.913494 54.291808
25.914328 54.290474
25.914484 54.287331
25.91306 54.285061
25.913038 54.28551
25.906676 54.289895
25.904195 54.293448
25.903972 54.297937
25.903115 54.29972
25.895237 54.30363
25.89596 54.304541
25.899687 54.306851
25.901923 54.308238
BRUSH(1,0)
REGION 1
10
25.463386 54.278404
25.465083 54.275743
25.465164 54.274396
25.457657 54.271545
25.452975 54.272796
25.45366 54.274158
25.455689 54.278694
25.456429 54.279159
25.460291 54.27879
25.463386 54.278404
BRUSH(1,0)
REGION 1
20
25.900237 54.234066
25.894353 54.229023
25.889643 54.231189
25.888899 54.230727
25.88669 54.228891
25.881213 54.231044
25.881979 54.231057
25.88119 54.231493
25.883332 54.234675
25.884887 54.234253
25.888787 54.232971
25.88953 54.233434
25.890229 54.234794
25.895348 54.239824
25.896115 54.239837
25.899203 54.239441
25.900803 54.23812
25.900848 54.237222
25.901637 54.236786
25.900237 54.234066
BRUSH(1,0)
REGION 1
11
25.073085 54.12632
25.069997 54.126696
25.066941 54.126622
25.066021 54.128848
25.06599 54.129296
25.069015 54.129818
25.07048 54.130753
25.071151 54.132117
25.072741 54.131256
25.073724 54.128133
25.073085 54.12632
BRUSH(1,0)
REGION 1
6
25.054665 54.138013
25.060936 54.135917
25.05813 54.132254
25.050426 54.132967
25.051672 54.137042
25.054665 54.138013
BRUSH(1,0)
REGION 1
9
25.028657 54.135586
25.028299 54.131981
25.020627 54.132243
25.021562 54.135741
25.022697 54.135441
25.024225 54.135479
25.025753 54.135513
25.027281 54.135551
25.028657 54.135586
BRUSH(1,0)
REGION 1
11
25.106251 54.055643
25.102045 54.050149
25.099364 54.044692
25.087864 54.045317
25.087102 54.045298
25.08195 54.042478
25.081157 54.042909
25.07957 54.04377
25.091852 54.053952
25.09914 54.05907
25.106251 54.055643
BRUSH(1,0)
REGION 1
5
25.12651 54.049829
25.123734 54.045718
25.119922 54.045628
25.117481 54.047818
25.12651 54.049829
BRUSH(1,0)
REGION 1
6
25.50401 54.00779
25.509345 54.007899
25.514811 54.005763
25.51573 54.003085
25.505063 54.002868
25.50401 54.00779
BRUSH(1,0)
REGION 1
14
25.785228 54.39382
25.789749 54.395699
25.79278 54.396652
25.794389 54.395333
25.795928 54.39536
25.79833 54.393606
25.798377 54.392708
25.795277 54.393102
25.793738 54.393074
25.792246 54.392149
25.790779 54.390774
25.790033 54.390312
25.786861 54.392052
25.785228 54.39382
BRUSH(1,0)
REGION 1
6
25.514465 54.258776
25.50783 54.254148
25.499764 54.260725
25.503518 54.26215
25.509071 54.259117
25.514465 54.258776
BRUSH(1,0)
REGION 1
15
25.172419 54.048654
25.167963 54.046753
25.165033 54.044887
25.164361 54.043523
25.164391 54.043074
25.160669 54.041639
25.159937 54.041172
25.156404 54.048282
25.155581 54.049162
25.159333 54.050148
25.164582 54.051618
25.1698 54.053537
25.171386 54.052675
25.171536 54.050431
25.172419 54.048654
BRUSH(1,0)
REGION 1
14
25.81486 54.38671
25.797545 54.379212
25.792978 54.378232
25.790553 54.380435
25.792765 54.382272
25.793464 54.383633
25.795049 54.382762
25.795818 54.382776
25.798078 54.383715
25.801689 54.388273
25.803903 54.39011
25.809195 54.392002
25.815559 54.38807
25.81486 54.38671
BRUSH(1,0)
REGION 1
22
26.115065 54.594292
26.122165 54.591254
26.126945 54.588181
26.129324 54.586869
26.127065 54.585487
26.129424 54.584624
26.13892 54.579824
26.146868 54.575001
26.15634 54.570649
26.14879 54.566493
26.143222 54.570004
26.132976 54.574344
26.127406 54.577854
26.126573 54.57919
26.118312 54.573673
26.107209 54.579795
26.113943 54.584839
26.113109 54.586175
26.107596 54.588337
26.10601 54.589212
26.112073 54.592
26.115065 54.594292
BRUSH(1,0)
REGION 1
19
26.274634 54.627607
26.278651 54.624068
26.280217 54.623641
26.284842 54.624154
26.286426 54.623277
26.287237 54.62239
26.287475 54.616552
26.287585 54.613858
26.291618 54.60987
26.292446 54.608534
26.292464 54.608084
26.27854 54.607893
26.276827 54.611913
26.267799 54.624367
26.265421 54.625682
26.25759 54.627819
26.265199 54.63107
26.271501 54.628462
26.274634 54.627607
BRUSH(1,0)
REGION 1
8
26.50035 54.59503
26.505085 54.592391
26.508274 54.589733
26.506806 54.58747
26.502925 54.587873
26.497528 54.587359
26.493421 54.594048
26.50035 54.59503
BRUSH(1,0)
REGION 1
10
26.543179 54.587
26.547803 54.587503
26.554762 54.587583
26.557128 54.586263
26.552612 54.582617
26.549473 54.583928
26.544834 54.583874
26.542499 54.584296
26.54321 54.586102
26.543179 54.587
BRUSH(1,0)
REGION 1
8
26.056066 54.548452
26.064562 54.548584
26.065458 54.545903
26.060053 54.545818
26.058529 54.545345
26.05544 54.545297
26.053874 54.545721
26.056066 54.548452
BRUSH(1,0)
REGION 1
9
26.270466 54.540838
26.2751 54.540903
26.281407 54.537845
26.28376 54.536979
26.283116 54.533825
26.275321 54.535514
26.269805 54.538133
26.269014 54.538572
26.270466 54.540838
BRUSH(1,0)
REGION 1
9
26.233614 54.295903
26.237564 54.293263
26.240728 54.291062
26.233183 54.287809
26.227698 54.290426
26.225376 54.290842
26.229888 54.293154
26.232846 54.295892
26.233614 54.295903
BRUSH(1,0)
REGION 1
15
26.059056 54.3836
26.05442 54.383976
26.049826 54.383454
26.043651 54.383806
26.04363 54.384255
26.047268 54.388806
26.057208 54.39031
26.067127 54.392263
26.070933 54.393221
26.071723 54.392784
26.067209 54.390467
26.061178 54.387677
26.058932 54.386294
26.058267 54.384037
26.059056 54.3836
BRUSH(1,0)
REGION 1
76
24.336944 53.781783
24.336225 53.781312
24.336303 53.780415
24.336341 53.779967
24.335623 53.779495
24.335662 53.779047
24.3357 53.778598
24.33502 53.777678
24.335059 53.77723
24.335098 53.776782
24.335136 53.776333
24.334418 53.775862
24.334457 53.775413
24.334534 53.774516
24.334573 53.774068
24.334611 53.773619
24.333893 53.773148
24.333932 53.7727
24.333971 53.772251
24.333291 53.771331
24.332572 53.77086
24.332611 53.770411
24.331893 53.76994
24.331932 53.769491
24.332009 53.768595
24.348099 53.766833
24.348253 53.765039
24.356618 53.764841
24.356656 53.764393
24.356733 53.763496
24.356772 53.763047
24.35681 53.762599
24.356848 53.76215
24.356887 53.761702
24.356207 53.760782
24.356245 53.760334
24.356284 53.759885
24.355565 53.759414
24.355604 53.758965
24.355681 53.758068
24.354962 53.757597
24.349742 53.756541
24.345471 53.753264
24.347934 53.75109
24.346613 53.748802
24.3451 53.748757
24.344343 53.748734
24.343548 53.749159
24.342791 53.749137
24.341239 53.749539
24.340483 53.749516
24.339726 53.749493
24.338213 53.749448
24.337418 53.749873
24.336661 53.74985
24.335148 53.749805
24.334352 53.75023
24.333634 53.749759
24.332082 53.750161
24.331326 53.750138
24.330569 53.750115
24.329056 53.75007
24.32826 53.750495
24.327504 53.750472
24.325583 53.746367
24.314156 53.746919
24.310317 53.738708
24.301045 53.740673
24.305655 53.757451
24.30216 53.76274
24.303322 53.766823
24.311008 53.765708
24.314811 53.774367
24.309395 53.775551
24.312479 53.783739
24.336944 53.781783
BRUSH(1,0)
REGION 1
8
24.00579 53.637741
24.005078 53.637268
24.004323 53.637243
24.003569 53.637218
24.002773 53.637641
24.003485 53.638115
24.004197 53.638588
24.00579 53.637741
BRUSH(1,0)
REGION 1
16
24.00466 53.633656
24.003151 53.633606
24.002397 53.633581
24.0016 53.634005
24.001558 53.634453
24.001516 53.634901
24.001474 53.63535
24.002983 53.6354
24.003737 53.635425
24.004491 53.63545
24.005246 53.635475
24.006 53.6355
24.006042 53.635051
24.00533 53.634578
24.004617 53.634105
24.00466 53.633656
BRUSH(1,0)
REGION 1
14
24.363638 53.611725
24.362884 53.611702
24.362168 53.611231
24.361375 53.611657
24.360583 53.612082
24.360545 53.612531
24.361261 53.613002
24.362015 53.613025
24.362769 53.613048
24.364278 53.613093
24.36507 53.612667
24.365108 53.612219
24.364392 53.611747
24.363638 53.611725
BRUSH(1,0)
REGION 1
55
24.493942 53.507217
24.505595 53.503059
24.505631 53.50261
24.504915 53.50214
24.504952 53.501691
24.504988 53.501243
24.505061 53.500345
24.505851 53.499919
24.507392 53.499514
24.508144 53.499535
24.508933 53.499109
24.509722 53.498682
24.510547 53.497806
24.510583 53.497358
24.511372 53.496931
24.512161 53.496504
24.512986 53.495629
24.513022 53.49518
24.513811 53.494753
24.5146 53.494327
24.515388 53.4939
24.516213 53.493024
24.517002 53.492597
24.517791 53.49217
24.518579 53.491744
24.519404 53.490868
24.520193 53.490441
24.520981 53.490014
24.52177 53.489588
24.521806 53.489139
24.514467 53.486679
24.513642 53.487554
24.512854 53.487981
24.512065 53.488408
24.511276 53.488835
24.511203 53.489732
24.510415 53.490159
24.509626 53.490586
24.509589 53.491034
24.508801 53.491461
24.507976 53.492336
24.507939 53.492785
24.50715 53.493212
24.506362 53.493639
24.506289 53.494536
24.5055 53.494963
24.504711 53.495389
24.503922 53.495816
24.503097 53.496691
24.503061 53.49714
24.503024 53.497589
24.502235 53.498015
24.502198 53.498464
24.490474 53.503519
24.493942 53.507217
BRUSH(1,0)
REGION 1
17
24.433538 53.471724
24.433464 53.472621
24.432674 53.473047
24.432637 53.473496
24.433352 53.473966
24.434066 53.474437
24.434818 53.474459
24.436322 53.474504
24.437074 53.474526
24.437148 53.473629
24.436434 53.473158
24.436471 53.47271
24.436508 53.472261
24.435793 53.47179
24.435041 53.471768
24.43429 53.471746
24.433538 53.471724
BRUSH(1,0)
REGION 1
15
24.129832 53.438069
24.130623 53.437645
24.131374 53.437669
24.132205 53.436797
24.132997 53.436372
24.133037 53.435924
24.133078 53.435476
24.132367 53.435003
24.131616 53.434979
24.130825 53.435403
24.129993 53.436276
24.129202 53.4367
24.129161 53.437148
24.129121 53.437597
24.129832 53.438069
BRUSH(1,0)
REGION 1
19
24.050972 53.640127
24.050218 53.640103
24.049505 53.639629
24.048792 53.639156
24.048037 53.639132
24.047325 53.638659
24.04657 53.638634
24.046529 53.639082
24.046446 53.639979
24.045649 53.640403
24.045608 53.640851
24.046321 53.641324
24.047075 53.641349
24.047871 53.640925
24.048626 53.64095
24.04938 53.640975
24.050135 53.640999
24.050931 53.640576
24.050972 53.640127
BRUSH(1,0)
REGION 1
85
25.103559 53.961187
25.10359 53.960738
25.104381 53.960307
25.104443 53.95941
25.105234 53.958979
25.105265 53.95853
25.106057 53.958099
25.106848 53.957669
25.10764 53.957238
25.109223 53.956377
25.110014 53.955946
25.110806 53.955515
25.111597 53.955085
25.111628 53.954636
25.11245 53.953756
25.11248 53.953307
25.113272 53.952877
25.113303 53.952428
25.113364 53.95153
25.113394 53.951082
25.113425 53.950633
25.113455 53.950184
25.113486 53.949735
25.113547 53.948838
25.112817 53.948371
25.112847 53.947922
25.112117 53.947455
25.111387 53.946989
25.110657 53.946522
25.109958 53.945606
25.109227 53.94514
25.108497 53.944673
25.107767 53.944206
25.107037 53.943739
25.106307 53.943272
25.106368 53.942375
25.105638 53.941908
25.104908 53.941441
25.103387 53.941405
25.102596 53.941835
25.101835 53.941817
25.101044 53.942248
25.100283 53.94223
25.098731 53.942642
25.097971 53.942624
25.097179 53.943055
25.096418 53.943037
25.095627 53.943467
25.095596 53.943916
25.095565 53.944365
25.096296 53.944832
25.096995 53.945748
25.096964 53.946196
25.097694 53.946663
25.098424 53.94713
25.099154 53.947597
25.099123 53.948046
25.099822 53.948961
25.100553 53.949428
25.100522 53.949877
25.101252 53.950344
25.101221 53.950793
25.10116 53.95169
25.101129 53.952139
25.101099 53.952588
25.101068 53.953036
25.101037 53.953485
25.100976 53.954383
25.100184 53.954813
25.100153 53.955262
25.100123 53.955711
25.100092 53.95616
25.100031 53.957057
25.099239 53.957488
25.099208 53.957937
25.099177 53.958385
25.099147 53.958834
25.099085 53.959732
25.099055 53.96018
25.099785 53.960647
25.100546 53.960665
25.101307 53.960683
25.102068 53.960702
25.102829 53.96072
25.103559 53.961187
BRUSH(1,0)
REGION 1
5
25.009105 53.917099
25.017022 53.912799
25.014267 53.908685
25.004006 53.913827
25.009105 53.917099
BRUSH(1,0)
REGION 1
117
25.090383 53.919968
25.090352 53.920417
25.090321 53.920866
25.09029 53.921315
25.09102 53.921782
25.090989 53.92223
25.091688 53.923146
25.091657 53.923595
25.092387 53.924062
25.092356 53.924511
25.093085 53.924978
25.093055 53.925426
25.093754 53.926342
25.094483 53.926809
25.094452 53.927258
25.095182 53.927725
25.095151 53.928173
25.09585 53.929089
25.09582 53.929538
25.095789 53.929986
25.095758 53.930435
25.095727 53.930884
25.096426 53.9318
25.096396 53.932248
25.096365 53.932697
25.097156 53.932267
25.097947 53.931836
25.099499 53.931423
25.10029 53.930993
25.10105 53.931011
25.101811 53.931029
25.102602 53.930598
25.104123 53.930634
25.104883 53.930653
25.105674 53.930222
25.106404 53.930689
25.107195 53.930258
25.108716 53.930294
25.109477 53.930312
25.110237 53.93033
25.110997 53.930348
25.111788 53.929918
25.113309 53.929954
25.114069 53.929972
25.11486 53.929541
25.115621 53.929559
25.116412 53.929128
25.117203 53.928697
25.118724 53.928733
25.119484 53.928751
25.120275 53.928321
25.121066 53.92789
25.121826 53.927908
25.123347 53.927944
25.124138 53.927513
25.124898 53.927531
25.125689 53.9271
25.12648 53.926669
25.127271 53.926238
25.127301 53.92579
25.126571 53.925323
25.125841 53.924856
25.125902 53.923959
25.125172 53.923492
25.124442 53.923025
25.123712 53.922558
25.123743 53.92211
25.123043 53.921194
25.123073 53.920745
25.122344 53.920279
25.122374 53.91983
25.121644 53.919363
25.120914 53.918896
25.120975 53.917999
25.120246 53.917532
25.120276 53.917083
25.120307 53.916635
25.119577 53.916168
25.118878 53.915252
25.118908 53.914803
25.118178 53.914337
25.118209 53.913888
25.117479 53.913421
25.11751 53.912972
25.11602 53.912488
25.115229 53.912918
25.114469 53.9129
25.113709 53.912882
25.112949 53.912864
25.111398 53.913277
25.110638 53.913259
25.109847 53.91369
25.109087 53.913672
25.108327 53.913654
25.106776 53.914066
25.106016 53.914048
25.105225 53.914479
25.104465 53.914461
25.103674 53.914891
25.102914 53.914873
25.101394 53.914837
25.100634 53.914819
25.099874 53.914801
25.099114 53.914783
25.098323 53.915214
25.097532 53.915644
25.097501 53.916093
25.09744 53.91699
25.096649 53.917421
25.096618 53.91787
25.095827 53.918301
25.095036 53.918731
25.094245 53.919162
25.093485 53.919144
25.091934 53.919556
25.091174 53.919538
25.090383 53.919968
BRUSH(1,0)
REGION 1
181
25.674112 53.910926
25.674897 53.910492
25.675657 53.910506
25.676418 53.910521
25.677178 53.910535
25.677938 53.91055
25.679483 53.91013
25.680244 53.910144
25.681004 53.910158
25.681789 53.909724
25.682549 53.909738
25.684095 53.909318
25.684855 53.909333
25.685591 53.909796
25.686327 53.910259
25.687063 53.910723
25.687038 53.911172
25.687014 53.911621
25.68851 53.912098
25.689271 53.912113
25.690031 53.912127
25.690792 53.912141
25.691552 53.912156
25.693073 53.912185
25.693833 53.912199
25.694594 53.912213
25.695354 53.912228
25.696875 53.912256
25.697635 53.912271
25.69842 53.911836
25.69918 53.91185
25.700701 53.911879
25.701462 53.911893
25.702222 53.911908
25.702982 53.911922
25.703767 53.911487
25.704552 53.911052
25.7046 53.910155
25.704624 53.909706
25.705409 53.909271
25.706193 53.908836
25.706978 53.908402
25.707738 53.908416
25.708523 53.907981
25.710067 53.907561
25.710828 53.907575
25.711612 53.90714
25.712373 53.907154
25.713133 53.907169
25.714678 53.906748
25.715462 53.906314
25.716246 53.905879
25.717006 53.905893
25.717791 53.905458
25.718551 53.905472
25.720096 53.905052
25.720856 53.905066
25.72164 53.904631
25.721664 53.904182
25.720952 53.90327
25.720192 53.903256
25.719432 53.903242
25.718671 53.903228
25.717887 53.903662
25.716366 53.903634
25.715606 53.90362
25.714822 53.904055
25.714062 53.90404
25.713301 53.904026
25.711781 53.903998
25.710997 53.904432
25.710236 53.904418
25.709476 53.904404
25.708716 53.90439
25.707931 53.904824
25.706411 53.904796
25.70565 53.904782
25.70489 53.904767
25.704105 53.905202
25.703346 53.905188
25.701825 53.905159
25.70104 53.905594
25.70028 53.905579
25.699495 53.906014
25.698759 53.905551
25.698808 53.904653
25.698072 53.90419
25.698096 53.903741
25.696576 53.903712
25.695815 53.903698
25.695031 53.904132
25.694271 53.904118
25.69351 53.904104
25.691966 53.904524
25.691205 53.904509
25.690421 53.904944
25.68966 53.90493
25.688876 53.905364
25.687355 53.905335
25.686571 53.90577
25.68581 53.905756
25.685025 53.90619
25.684265 53.906176
25.682745 53.906147
25.68196 53.906581
25.6812 53.906567
25.680439 53.906553
25.679679 53.906538
25.678158 53.906509
25.677398 53.906495
25.676638 53.90648
25.675878 53.906466
25.675117 53.906451
25.673597 53.906422
25.672861 53.905959
25.672886 53.90551
25.67291 53.905061
25.673695 53.904627
25.672983 53.903714
25.672248 53.903251
25.671488 53.903236
25.670727 53.903222
25.669207 53.903193
25.668471 53.902729
25.667686 53.903164
25.666926 53.903149
25.666166 53.903135
25.664646 53.903106
25.663885 53.903091
25.6631 53.903526
25.66234 53.903511
25.661555 53.903946
25.660035 53.903916
25.659275 53.903902
25.658514 53.903887
25.657754 53.903873
25.656994 53.903858
25.655473 53.903829
25.654713 53.903814
25.653953 53.9038
25.653193 53.903785
25.652433 53.903771
25.650912 53.903741
25.650127 53.904176
25.649392 53.903712
25.648631 53.903697
25.647896 53.903234
25.647846 53.904132
25.647822 53.904581
25.648557 53.905044
25.648532 53.905493
25.649268 53.905957
25.649218 53.906855
25.649954 53.907318
25.650689 53.907782
25.651425 53.908245
25.65216 53.908709
25.652921 53.908723
25.653681 53.908738
25.655202 53.908767
25.655986 53.908333
25.656747 53.908348
25.657507 53.908362
25.659028 53.908391
25.659788 53.908406
25.660548 53.90842
25.661334 53.907986
25.662094 53.908
25.662854 53.908015
25.664399 53.907595
25.66516 53.90761
25.66592 53.907624
25.66668 53.907639
25.667441 53.907653
25.668176 53.908117
25.668912 53.90858
25.669648 53.909044
25.671144 53.909522
25.67188 53.909985
25.67264 53.909999
25.674112 53.910926
BRUSH(1,0)
REGION 1
6
25.536013 53.890241
25.535331 53.888879
25.52946 53.885165
25.522465 53.887719
25.528965 53.893694
25.536013 53.890241
BRUSH(1,0)
REGION 1
351
25.533572 53.879855
25.534358 53.879421
25.535143 53.878988
25.535929 53.878554
25.535955 53.878105
25.535981 53.877656
25.536033 53.876758
25.536059 53.876309
25.535325 53.875845
25.535351 53.875396
25.535377 53.874947
25.535429 53.87405
25.536214 53.873616
25.536974 53.873631
25.53776 53.873198
25.538545 53.872764
25.540091 53.872346
25.540876 53.871912
25.541662 53.871479
25.540928 53.871015
25.540194 53.87055
25.539486 53.869637
25.538727 53.869622
25.537993 53.869158
25.537285 53.868245
25.536526 53.868229
25.535059 53.867301
25.534325 53.866836
25.534351 53.866388
25.533618 53.865923
25.532884 53.865459
25.532151 53.864995
25.531443 53.864082
25.53071 53.863617
25.530736 53.863168
25.530003 53.862704
25.52851 53.862224
25.527776 53.86176
25.527043 53.861296
25.526336 53.860383
25.525602 53.859918
25.524869 53.859454
25.524136 53.85899
25.523402 53.858525
25.522669 53.858061
25.521962 53.857148
25.521203 53.857132
25.520443 53.857117
25.518925 53.857086
25.518139 53.857519
25.51738 53.857504
25.516621 53.857489
25.515861 53.857473
25.514316 53.857891
25.513557 53.857876
25.512798 53.85786
25.512065 53.857396
25.511332 53.856931
25.510598 53.856467
25.509865 53.856003
25.509132 53.855538
25.508425 53.854625
25.507692 53.85416
25.506959 53.853696
25.506226 53.853232
25.505493 53.852767
25.504761 53.852303
25.504001 53.852287
25.503216 53.85272
25.50243 53.853154
25.501618 53.854036
25.500833 53.854469
25.500047 53.854903
25.499262 53.855336
25.498476 53.855769
25.49769 53.856203
25.496905 53.856636
25.496878 53.857085
25.496066 53.857967
25.49528 53.8584
25.494495 53.858834
25.493709 53.859267
25.492923 53.8597
25.491378 53.860118
25.490619 53.860102
25.489833 53.860536
25.489047 53.860969
25.488261 53.861402
25.487502 53.861386
25.48601 53.860906
25.485303 53.859993
25.48457 53.859528
25.484597 53.859079
25.483864 53.858615
25.483131 53.85815
25.482398 53.857686
25.481692 53.856772
25.480959 53.856308
25.480227 53.855843
25.479494 53.855378
25.478761 53.854914
25.478028 53.854449
25.477322 53.853536
25.477349 53.853087
25.475857 53.852606
25.475124 53.852142
25.474338 53.852575
25.473553 53.853008
25.472767 53.853441
25.472008 53.853426
25.471222 53.853859
25.469677 53.854276
25.468891 53.854709
25.468105 53.855142
25.467319 53.855575
25.466506 53.856457
25.46648 53.856906
25.466453 53.857355
25.466426 53.857804
25.466399 53.858253
25.465587 53.859135
25.464827 53.859119
25.464041 53.859552
25.462496 53.85997
25.461737 53.859954
25.46095 53.860387
25.460164 53.86082
25.459378 53.861253
25.457859 53.861221
25.457073 53.861654
25.456287 53.862087
25.455501 53.86252
25.454714 53.862953
25.453928 53.863386
25.452383 53.863804
25.451623 53.863788
25.450837 53.864221
25.450051 53.864654
25.449264 53.865087
25.448478 53.86552
25.446932 53.865937
25.446146 53.86637
25.445359 53.866803
25.444573 53.867236
25.443787 53.867669
25.442241 53.868086
25.442214 53.868534
25.442187 53.868983
25.442919 53.869448
25.443652 53.869913
25.444358 53.870827
25.44509 53.871291
25.445063 53.87174
25.445796 53.872205
25.446528 53.87267
25.446501 53.873119
25.444956 53.873536
25.444929 53.873985
25.444902 53.874434
25.445607 53.875347
25.44634 53.875812
25.447073 53.876277
25.447046 53.876726
25.447779 53.877191
25.447725 53.878088
25.449244 53.87812
25.449977 53.878585
25.45071 53.87905
25.451469 53.879066
25.452962 53.879546
25.453722 53.879562
25.454454 53.880027
25.455214 53.880043
25.455974 53.880058
25.457466 53.880539
25.458226 53.880555
25.458986 53.880571
25.459745 53.880587
25.460505 53.880602
25.462025 53.880634
25.462785 53.88065
25.463544 53.880666
25.464304 53.880681
25.465064 53.880697
25.466583 53.880729
25.467343 53.880745
25.468102 53.88076
25.468862 53.880776
25.469622 53.880792
25.471142 53.880823
25.471901 53.880839
25.472661 53.880855
25.473421 53.880871
25.47418 53.880886
25.4757 53.880918
25.476433 53.881383
25.477246 53.8805
25.477273 53.880052
25.478059 53.879618
25.478086 53.87917
25.478139 53.878272
25.478165 53.877823
25.478192 53.877374
25.478218 53.876925
25.478245 53.876476
25.478298 53.875578
25.478325 53.875129
25.478351 53.874681
25.478378 53.874232
25.478405 53.873783
25.478457 53.872885
25.479244 53.872452
25.47927 53.872003
25.479297 53.871554
25.479324 53.871105
25.480136 53.870223
25.480869 53.870688
25.481576 53.871601
25.481549 53.87205
25.482282 53.872515
25.483015 53.872979
25.483748 53.873444
25.484481 53.873908
25.485188 53.874822
25.485161 53.875271
25.485895 53.875735
25.486628 53.8762
25.487361 53.876664
25.488094 53.877129
25.488801 53.878042
25.489534 53.878507
25.490267 53.878971
25.491001 53.879436
25.491734 53.8799
25.492467 53.880365
25.493174 53.881278
25.493907 53.881743
25.494641 53.882207
25.495374 53.882672
25.496108 53.883136
25.4976 53.883616
25.498308 53.88453
25.499041 53.884994
25.499775 53.885459
25.499748 53.885908
25.500482 53.886372
25.501215 53.886837
25.502735 53.886868
25.503521 53.886434
25.504281 53.88645
25.505067 53.886017
25.505827 53.886032
25.506613 53.885599
25.508159 53.885181
25.508945 53.884747
25.509731 53.884314
25.510517 53.883881
25.511303 53.883447
25.512089 53.883014
25.513609 53.883045
25.514395 53.882611
25.515181 53.882178
25.514447 53.881714
25.51374 53.8808
25.513006 53.880336
25.513033 53.879887
25.512299 53.879423
25.511566 53.878958
25.510832 53.878494
25.509339 53.878014
25.508606 53.87755
25.507898 53.876636
25.507165 53.876172
25.506432 53.875707
25.505698 53.875243
25.504965 53.874779
25.504232 53.874314
25.503525 53.873401
25.502791 53.872936
25.502058 53.872472
25.501325 53.872007
25.500591 53.871543
25.499858 53.871079
25.499125 53.870614
25.498418 53.869701
25.497685 53.869236
25.496952 53.868772
25.496219 53.868307
25.496245 53.867858
25.497057 53.866976
25.497817 53.866992
25.499362 53.866574
25.500148 53.866141
25.500934 53.865707
25.50172 53.865274
25.502505 53.864841
25.503291 53.864407
25.50481 53.864438
25.505596 53.864005
25.506382 53.863572
25.507167 53.863138
25.507927 53.863154
25.508712 53.86272
25.510257 53.862303
25.511043 53.861869
25.511829 53.861436
25.512614 53.861002
25.5134 53.860569
25.514185 53.860136
25.51573 53.859718
25.516437 53.860631
25.517171 53.861095
25.517145 53.861544
25.517878 53.862008
25.518611 53.862473
25.519344 53.862937
25.520078 53.863402
25.521544 53.86433
25.522278 53.864795
25.523011 53.865259
25.523744 53.865723
25.524478 53.866188
25.525211 53.866652
25.525945 53.867116
25.527438 53.867596
25.528171 53.86806
25.528879 53.868973
25.529612 53.869438
25.529586 53.869887
25.530319 53.870351
25.531053 53.870815
25.531787 53.871279
25.532494 53.872193
25.532468 53.872642
25.531683 53.873075
25.530923 53.87306
25.530137 53.873493
25.528592 53.873911
25.527806 53.874345
25.527047 53.874329
25.526261 53.874763
25.526969 53.875676
25.527702 53.87614
25.528462 53.876156
25.52917 53.877069
25.529903 53.877533
25.530637 53.877998
25.531371 53.878462
25.532104 53.878926
25.532838 53.87939
25.533572 53.879855
BRUSH(1,0)
REGION 1
24
25.436213 53.841891
25.446382 53.849745
25.423065 53.858243
25.423797 53.858708
25.423743 53.859606
25.423716 53.860055
25.424448 53.86052
25.42442 53.860969
25.425153 53.861434
25.425885 53.861899
25.42659 53.862812
25.426563 53.863261
25.427295 53.863726
25.428028 53.864191
25.427241 53.864624
25.426454 53.865057
25.426427 53.865506
25.427105 53.866868
25.444191 53.860935
25.441423 53.856383
25.457796 53.849534
25.457144 53.847723
25.444805 53.838027
25.436213 53.841891
BRUSH(1,0)
REGION 1
13
25.076873 53.673765
25.074126 53.669653
25.067355 53.66904
25.06942 53.660999
25.057717 53.666109
25.054663 53.666485
25.050916 53.665944
25.049281 53.667703
25.053722 53.669159
25.0662 53.674856
25.069978 53.674947
25.073002 53.67502
25.076873 53.673765
BRUSH(1,0)
REGION 1
32
26.307511 53.44321
26.306776 53.44275
26.303977 53.437319
26.304012 53.436421
26.304852 53.434186
26.3041 53.434175
26.296597 53.433621
26.297208 53.437225
26.297191 53.437674
26.297173 53.438123
26.297155 53.438572
26.29712 53.43947
26.297103 53.439919
26.297085 53.440369
26.297068 53.440818
26.29705 53.441267
26.297015 53.442165
26.296997 53.442614
26.296979 53.443063
26.296962 53.443512
26.298449 53.443983
26.299201 53.443993
26.299953 53.444003
26.300688 53.444463
26.30144 53.444474
26.302945 53.444495
26.303697 53.444505
26.304449 53.444515
26.305219 53.444077
26.305971 53.444087
26.307493 53.443659
26.307511 53.44321
BRUSH(1,0)
REGION 1
13
26.22444 53.7076
26.225216 53.707162
26.240849 53.695255
26.241624 53.694817
26.234814 53.694719
26.233318 53.694248
26.221249 53.693175
26.220492 53.693164
26.21656 53.696701
26.21032 53.701104
26.210301 53.701553
26.218496 53.704818
26.22444 53.7076
BRUSH(1,0)
REGION 1
5
24.440359 52.769108
24.440528 52.757871
24.425703 52.757878
24.425567 52.768666
24.440359 52.769108
BRUSH(1,0)
REGION 1
14
25.007021 53.015273
25.017125 53.00923
25.019449 53.007939
25.018767 53.007023
25.012346 53.002818
25.01092 53.001883
25.00937 53.002744
25.005343 53.007139
25.002305 53.007962
25.002243 53.00886
25.002649 53.013815
25.003269 53.015629
25.004727 53.016115
25.007021 53.015273
BRUSH(1,0)
REGION 1
15
25.264669 52.971968
25.268527 52.969808
25.271558 52.968978
25.273788 52.969029
25.27456 52.968597
25.275359 52.967716
25.270238 52.966251
25.257024 52.963253
25.251876 52.962236
25.251133 52.962219
25.248734 52.964861
25.247905 52.966191
25.249336 52.967123
25.254484 52.96814
25.264669 52.971968
BRUSH(1,0)
REGION 1
7
25.578796 53.283451
25.59248 53.280128
25.593254 53.279694
25.589708 53.276028
25.586662 53.276866
25.575975 53.280248
25.578796 53.283451
BRUSH(1,0)
REGION 1
11
25.011866 53.30356
25.040373 53.281786
25.035561 53.275374
25.030074 53.278836
25.027325 53.275171
25.023428 53.277323
25.004371 53.292585
25.001937 53.295222
25.0025 53.297933
25.00609 53.30027
25.011866 53.30356
BRUSH(1,0)
REGION 1
13
30.342232 55.364748
30.343698 55.362923
30.342856 55.362041
30.337181 55.359458
30.334602 55.355915
30.332213 55.355513
30.329932 55.356905
30.327677 55.358746
30.327785 55.36054
30.329387 55.360958
30.33251 55.360448
30.34139 55.363867
30.342232 55.364748
BRUSH(1,0)
REGION 1
21
30.864659 55.402322
30.86456 55.400977
30.868367 55.39909
30.868267 55.397744
30.868889 55.395484
30.869511 55.393223
30.867049 55.391934
30.862124 55.389357
30.85894 55.388984
30.853525 55.390461
30.847322 55.391956
30.844269 55.393376
30.843613 55.395188
30.8445 55.396515
30.847061 55.399149
30.848768 55.400905
30.849754 55.403577
30.853005 55.404847
30.859375 55.405593
30.861739 55.405536
30.864659 55.402322
BRUSH(1,0)
REGION 1
14
30.527441 55.676709
30.528145 55.675347
30.526499 55.674483
30.520795 55.672358
30.515004 55.668887
30.512594 55.668488
30.50795 55.670382
30.506422 55.671312
30.507363 55.673538
30.508186 55.67397
30.516122 55.673804
30.52012 55.674169
30.526618 55.676277
30.527441 55.676709
BRUSH(1,0)
REGION 1
29
30.059692 55.492578
30.059644 55.491681
30.057967 55.489913
30.05787 55.488119
30.057846 55.48767
30.056266 55.487697
30.053943 55.488636
30.052315 55.487766
30.050686 55.486895
30.049154 55.48782
30.048388 55.488282
30.04676 55.487412
30.045945 55.486977
30.044413 55.487902
30.042809 55.48748
30.04039 55.486624
30.0396 55.486637
30.038833 55.487099
30.039695 55.488432
30.042185 55.490635
30.041467 55.491994
30.041491 55.492443
30.047047 55.492797
30.050232 55.493191
30.051789 55.492715
30.053393 55.493136
30.054136 55.492225
30.055692 55.491749
30.059692 55.492578
BRUSH(1,0)
REGION 1
15
30.319991 55.362039
30.307417 55.362733
30.29878 55.363349
30.29248 55.36347
30.297419 55.366968
30.300596 55.367356
30.303773 55.367743
30.308553 55.368549
30.311703 55.368488
30.313252 55.368009
30.314773 55.367081
30.315588 55.367515
30.317109 55.366587
30.319284 55.363401
30.319991 55.362039
BRUSH(1,0)
REGION 1
10
30.518949 55.378215
30.515769 55.377833
30.512647 55.378348
30.511129 55.379278
30.511188 55.380175
30.512004 55.380607
30.515185 55.380989
30.51676 55.380956
30.518248 55.379577
30.518949 55.378215
BRUSH(1,0)
REGION 1
9
30.712739 55.351964
30.704019 55.351263
30.703232 55.351281
30.703326 55.352626
30.706568 55.3539
30.708205 55.354762
30.709779 55.354726
30.711291 55.353793
30.712739 55.351964
BRUSH(1,0)
REGION 1
16
30.273705 55.352602
30.276987 55.354785
30.276305 55.356594
30.277907 55.357013
30.284339 55.359135
30.285126 55.35912
30.286675 55.358641
30.291081 55.353167
30.290975 55.351373
30.287692 55.34919
30.286118 55.34922
30.283756 55.349266
30.282234 55.350193
30.281447 55.350208
30.277457 55.349386
30.273705 55.352602
BRUSH(1,0)
REGION 1
95
26.705094 55.464716
26.70429 55.465157
26.703485 55.465598
26.702695 55.46559
26.7011 55.466023
26.700296 55.466464
26.699505 55.466456
26.698701 55.466897
26.69791 55.466889
26.696316 55.467322
26.695525 55.467314
26.69472 55.467755
26.69393 55.467747
26.69314 55.467739
26.691559 55.467723
26.690768 55.467715
26.689978 55.467707
26.689188 55.467698
26.688383 55.468139
26.686802 55.468123
26.686788 55.468572
26.686774 55.469021
26.686745 55.469919
26.686731 55.470368
26.685926 55.470809
26.685912 55.471258
26.686688 55.471715
26.68745 55.472621
26.687436 55.473071
26.688212 55.473528
26.688988 55.473985
26.690555 55.47445
26.690541 55.474899
26.691317 55.475356
26.691303 55.475805
26.691275 55.476703
26.691261 55.477152
26.691246 55.477601
26.691232 55.47805
26.692799 55.478515
26.69359 55.478523
26.694381 55.478532
26.695185 55.478091
26.695976 55.478099
26.697557 55.478115
26.698334 55.478572
26.699124 55.47858
26.699915 55.478588
26.700719 55.478147
26.701524 55.477706
26.702329 55.477265
26.703134 55.476824
26.703162 55.475926
26.704743 55.475942
26.705533 55.47595
26.706324 55.475958
26.7071 55.476414
26.707877 55.476871
26.707863 55.47732
26.707849 55.477769
26.707835 55.478219
26.707807 55.479117
26.708598 55.479125
26.709402 55.478683
26.710207 55.478242
26.710221 55.477793
26.71104 55.476903
26.711054 55.476454
26.711858 55.476013
26.712662 55.475572
26.713467 55.475131
26.714285 55.474241
26.71509 55.4738
26.715894 55.473359
26.715908 55.47291
26.715132 55.472453
26.713551 55.472437
26.71276 55.472429
26.71197 55.472421
26.711179 55.472413
26.710403 55.471956
26.708836 55.471491
26.708059 55.471034
26.708073 55.470585
26.707297 55.470128
26.707311 55.469679
26.706549 55.468773
26.706563 55.468324
26.706577 55.467875
26.7058 55.467418
26.705814 55.466969
26.705842 55.466071
26.705856 55.465622
26.70587 55.465173
26.705094 55.464716
BRUSH(1,0)
REGION 1
56
26.737755 55.482559
26.736951 55.483
26.73616 55.482992
26.73537 55.482984
26.734579 55.482977
26.732997 55.482961
26.73222 55.482504
26.73143 55.482496
26.730653 55.48204
26.729072 55.482024
26.728281 55.482016
26.727504 55.481559
26.726713 55.481551
26.725923 55.481544
26.724341 55.481528
26.723551 55.48152
26.723537 55.481969
26.723523 55.482418
26.7243 55.482875
26.725077 55.483332
26.725049 55.48423
26.725826 55.484687
26.726603 55.485144
26.72738 55.4856
26.728157 55.486057
26.728934 55.486514
26.729697 55.48742
26.730474 55.487877
26.73046 55.488326
26.732028 55.488791
26.732805 55.489247
26.732791 55.489696
26.733582 55.489704
26.735178 55.489271
26.735982 55.488829
26.736773 55.488837
26.737564 55.488845
26.738355 55.488853
26.739936 55.488868
26.740727 55.488876
26.741518 55.488884
26.742309 55.488892
26.743113 55.48845
26.743918 55.488009
26.743931 55.48756
26.743945 55.487111
26.742377 55.486646
26.7416 55.48619
26.740823 55.485733
26.740046 55.485276
26.740059 55.484827
26.739282 55.48437
26.739296 55.483921
26.738532 55.483015
26.738546 55.482566
26.737755 55.482559
BRUSH(1,0)
REGION 1
5
27.546727 55.33424
27.541941 55.340063
27.556098 55.342803
27.563272 55.334292
27.546727 55.33424
BRUSH(1,0)
REGION 1
8
27.208717 55.334475
27.199263 55.334418
27.185099 55.333432
27.177983 55.334735
27.177767 55.345963
27.205332 55.34703
27.206262 55.3394
27.208717 55.334475
BRUSH(1,0)
REGION 1
12
27.824608 55.96083
27.827011 55.960383
27.832621 55.958142
27.834223 55.957694
27.831826 55.955896
27.834234 55.953204
27.83104 55.950507
27.82543 55.953196
27.827828 55.954546
27.819814 55.957682
27.822213 55.958582
27.824608 55.96083
BRUSH(1,0)
REGION 1
6
27.548486 55.714181
27.539758 55.711907
27.535763 55.71369
27.535721 55.717732
27.539681 55.719541
27.548486 55.714181
BRUSH(1,0)
REGION 1
9
27.633047 55.479997
27.628321 55.47774
27.625165 55.476833
27.624371 55.47728
27.625938 55.479081
27.628303 55.479985
27.631459 55.480891
27.632246 55.481342
27.633047 55.479997
BRUSH(1,0)
REGION 1
8
27.521017 55.679062
27.521836 55.676819
27.517082 55.675456
27.510759 55.67229
27.507561 55.674075
27.501998 55.674056
27.501978 55.675852
27.521017 55.679062
BRUSH(1,0)
REGION 1
8
27.769102 55.65271
27.765914 55.6554
27.761904 55.663927
27.774613 55.664394
27.776211 55.66215
27.778596 55.661704
27.787362 55.65453
27.769102 55.65271
BRUSH(1,0)
REGION 1
6
27.709821 55.603664
27.7297 55.594718
27.728123 55.592919
27.720984 55.593356
27.705081 55.600512
27.709821 55.603664
BRUSH(1,0)
REGION 1
16
27.518805 55.588787
27.521251 55.582508
27.513342 55.580685
27.512535 55.582029
27.506995 55.581112
27.5054 55.582004
27.502233 55.581544
27.496714 55.578829
27.493543 55.578818
27.491196 55.576115
27.487232 55.5761
27.485544 55.585076
27.506926 55.587399
27.50928 55.589652
27.514816 55.591019
27.518805 55.588787
BRUSH(1,0)
REGION 1
8
27.470607 55.574241
27.459516 55.573749
27.455531 55.57553
27.453868 55.581811
27.463365 55.583195
27.470516 55.581876
27.471384 55.575592
27.470607 55.574241
BRUSH(1,0)
REGION 1
7
27.094175 55.569528
27.094871 55.574024
27.096457 55.574035
27.105939 55.575448
27.110016 55.570086
27.109271 55.567835
27.094175 55.569528
BRUSH(1,0)
REGION 1
22
27.04888 55.574597
27.063157 55.574251
27.06397 55.573358
27.071113 55.57296
27.072212 55.559045
27.080145 55.558652
27.080331 55.55012
27.075579 55.550086
27.071658 55.548262
27.067727 55.546887
27.063767 55.546858
27.062173 55.547296
27.059736 55.549974
27.05734 55.550855
27.055776 55.549945
27.055786 55.549496
27.054212 55.549035
27.050261 55.548558
27.026186 55.561855
27.026124 55.564549
27.039523 55.567792
27.04888 55.574597
BRUSH(1,0)
REGION 1
9
27.25341 55.528756
27.254195 55.529209
27.265271 55.52972
27.267669 55.528386
27.270836 55.528403
27.281218 55.52307
27.282062 55.519931
27.276559 55.517655
27.25341 55.528756
BRUSH(1,0)
REGION 1
6
27.322913 55.539904
27.329165 55.545325
27.338738 55.540881
27.327756 55.53409
27.325331 55.537222
27.322913 55.539904
BRUSH(1,0)
REGION 1
12
27.497134 55.541556
27.502712 55.538432
27.497991 55.535721
27.494839 55.534362
27.493224 55.537051
27.489265 55.537036
27.487702 55.535234
27.482925 55.537462
27.485269 55.540165
27.49161 55.539739
27.493174 55.541542
27.497134 55.541556
BRUSH(1,0)
REGION 1
15
27.673772 55.538474
27.682513 55.534002
27.678581 55.529952
27.679384 55.528157
27.682569 55.52547
27.680211 55.52277
27.672308 55.520957
27.666748 55.523639
27.668322 55.52499
27.667505 55.528581
27.665903 55.531272
27.665891 55.533068
27.667468 55.53397
27.671418 55.535326
27.673772 55.538474
BRUSH(1,0)
REGION 1
5
27.658204 55.500716
27.647097 55.504732
27.650239 55.507883
27.666078 55.506123
27.658204 55.500716
BRUSH(1,0)
REGION 1
7
27.634371 55.513233
27.641515 55.510556
27.636811 55.504707
27.644744 55.502032
27.643959 55.501131
27.614649 55.505548
27.634371 55.513233
BRUSH(1,0)
REGION 1
8
27.431257 55.491001
27.434461 55.48787
27.43763 55.487434
27.437693 55.482494
27.434513 55.483828
27.426575 55.486041
27.418625 55.489151
27.431257 55.491001
BRUSH(1,0)
REGION 1
9
27.17547 55.424097
27.190515 55.421945
27.187519 55.413393
27.186738 55.412939
27.185125 55.414725
27.17174 55.412845
27.171661 55.416887
27.173986 55.419147
27.17547 55.424097
BRUSH(1,0)
REGION 1
9
27.454781 55.379268
27.457147 55.379278
27.45873 55.378835
27.457958 55.377484
27.456386 55.377029
27.45402 55.37702
27.453226 55.377466
27.453203 55.379262
27.454781 55.379268
BRUSH(1,0)
REGION 1
11
27.205327 55.602132
27.21492 55.598147
27.207047 55.594956
27.20471 55.592697
27.203141 55.591789
27.198383 55.59176
27.193608 55.59263
27.188057 55.592596
27.188833 55.593499
27.200619 55.599409
27.205327 55.602132
BRUSH(1,0)
REGION 1
13
28.704466 55.844874
28.698801 55.840868
28.686936 55.846329
28.688549 55.847218
28.687768 55.84812
28.691793 55.849892
28.692583 55.849438
28.697406 55.851205
28.699003 55.851195
28.701397 55.85118
28.702178 55.850277
28.702896 55.846231
28.704466 55.844874
BRUSH(1,0)
REGION 1
14
28.335592 55.752324
28.331611 55.752337
28.320447 55.750576
28.317253 55.749688
28.31567 55.750591
28.315687 55.752387
28.317323 55.756872
28.319721 55.757763
28.324507 55.758646
28.329281 55.758182
28.330865 55.757279
28.331652 55.756378
28.334027 55.755023
28.335592 55.752324
BRUSH(1,0)
REGION 1
5
28.508422 55.646566
28.498042 55.642572
28.49981 55.655137
28.508539 55.654648
28.508422 55.646566
BRUSH(1,0)
REGION 1
28
28.532894 55.531941
28.533679 55.531488
28.53761 55.529672
28.561974 55.518325
28.565924 55.517855
28.575392 55.51601
28.576975 55.516002
28.579342 55.515541
28.593363 55.501995
28.592557 55.501101
28.587774 55.498881
28.58855 55.497979
28.594027 55.494358
28.592431 55.493468
28.586858 55.491252
28.586067 55.491256
28.566537 55.506626
28.559452 55.508907
28.557078 55.508919
28.554704 55.508931
28.554725 55.510278
28.557127 55.512062
28.556357 55.513413
28.548513 55.517943
28.535161 55.524745
28.52809 55.528371
28.52811 55.529718
28.532894 55.531941
BRUSH(1,0)
REGION 1
5
28.080534 55.45785
28.08447 55.453804
28.061541 55.449338
28.058393 55.453832
28.080534 55.45785
BRUSH(1,0)
REGION 1
6
28.582061 55.875214
28.57647 55.875243
28.568534 55.878427
28.572587 55.881998
28.583703 55.877899
28.582061 55.875214
BRUSH(1,0)
REGION 1
17
29.117669 55.361561
29.108841 55.356256
29.106437 55.354932
29.104875 55.355396
29.1041 55.355852
29.103325 55.356309
29.10255 55.356765
29.101775 55.357222
29.101 55.357678
29.101013 55.358127
29.105046 55.361232
29.108264 55.363447
29.109867 55.36433
29.110668 55.364771
29.111457 55.364764
29.114596 55.364285
29.117669 55.361561
BRUSH(1,0)
REGION 1
7
29.17034 55.509235
29.156892 55.509369
29.156906 55.509818
29.15549 55.515221
29.157849 55.514749
29.170424 55.511928
29.17034 55.509235
BRUSH(1,0)
REGION 1
39
29.268721 55.914599
29.27032 55.914582
29.270289 55.913684
29.271073 55.913227
29.271057 55.912778
29.271042 55.912329
29.271027 55.91188
29.269413 55.911448
29.268598 55.911008
29.267799 55.911017
29.267 55.911026
29.266185 55.910585
29.264587 55.910603
29.263773 55.910162
29.262973 55.910171
29.262174 55.91018
29.261359 55.909739
29.259761 55.909756
29.258962 55.909765
29.258163 55.909774
29.258178 55.910222
29.25741 55.911129
29.257425 55.911578
29.25744 55.912027
29.257455 55.912475
29.257471 55.912924
29.257501 55.913822
29.258316 55.914262
29.259115 55.914254
29.259914 55.914245
29.260729 55.914685
29.261543 55.915126
29.263142 55.915108
29.263956 55.915549
29.264756 55.91554
29.26557 55.91598
29.267169 55.915963
29.267154 55.915514
29.268721 55.914599
BRUSH(1,0)
REGION 1
56
29.320319 55.859247
29.321101 55.858789
29.321868 55.857882
29.322649 55.857424
29.323432 55.856966
29.324214 55.856509
29.324996 55.856051
29.325762 55.855144
29.326544 55.854686
29.327325 55.854228
29.328107 55.85377
29.32889 55.853312
29.328075 55.852873
29.327261 55.852433
29.326479 55.852891
29.3249 55.853357
29.324118 55.853815
29.32332 55.853824
29.322538 55.854282
29.32174 55.854291
29.320144 55.854309
29.319346 55.854318
29.318548 55.854327
29.31775 55.854336
29.316952 55.854345
29.315356 55.854363
29.314542 55.853923
29.313728 55.853483
29.312946 55.853941
29.312164 55.854399
29.312978 55.854839
29.313792 55.855279
29.314605 55.855718
29.315419 55.856158
29.315435 55.856607
29.313855 55.857074
29.313057 55.857083
29.312259 55.857092
29.311461 55.857101
29.309865 55.857119
29.309082 55.857576
29.3083 55.858034
29.308316 55.858483
29.30913 55.858923
29.310726 55.858905
29.311524 55.858896
29.312338 55.859336
29.313152 55.859776
29.313966 55.860216
29.314764 55.860207
29.316361 55.860189
29.317159 55.86018
29.317973 55.86062
29.318771 55.860611
29.319553 55.860153
29.320319 55.859247
BRUSH(1,0)
REGION 1
50
29.76894 55.465831
29.769709 55.465371
29.769688 55.464922
29.770457 55.464461
29.771226 55.464001
29.771974 55.463091
29.771954 55.462643
29.772723 55.462182
29.772702 55.461733
29.773471 55.461273
29.772639 55.460387
29.77185 55.460399
29.77106 55.460411
29.770228 55.459525
29.770997 55.459064
29.770977 55.458615
29.769376 55.45819
29.768586 55.458202
29.767776 55.457765
29.766986 55.457777
29.766196 55.457789
29.764617 55.457812
29.763848 55.458273
29.763868 55.458722
29.763099 55.459182
29.76312 55.459631
29.762372 55.46054
29.762392 55.460989
29.761623 55.46145
29.760854 55.46191
29.760875 55.462359
29.760895 55.462808
29.760916 55.463256
29.760957 55.464154
29.760188 55.464614
29.760209 55.465063
29.760229 55.465512
29.75946 55.465973
29.759502 55.46687
29.760292 55.466858
29.761892 55.467284
29.762682 55.467272
29.763493 55.467709
29.764283 55.467697
29.765073 55.467685
29.766653 55.467662
29.767443 55.46765
29.768212 55.467189
29.768191 55.466741
29.76894 55.465831
BRUSH(1,0)
REGION 1
39
29.283952 55.336496
29.283937 55.336047
29.284694 55.335141
29.283892 55.3347
29.283876 55.334251
29.283089 55.33426
29.281514 55.334277
29.280726 55.334286
29.279939 55.334295
29.279151 55.334303
29.277576 55.33432
29.276789 55.334329
29.276001 55.334338
29.275214 55.334346
29.274426 55.334355
29.272851 55.334372
29.272064 55.33438
29.271291 55.334838
29.272109 55.335727
29.272124 55.336176
29.272139 55.336625
29.272154 55.337074
29.272169 55.337523
29.272987 55.338412
29.273789 55.338853
29.274592 55.339293
29.276167 55.339276
29.276955 55.339267
29.277757 55.339707
29.27853 55.33925
29.279318 55.339241
29.280878 55.338775
29.281665 55.338766
29.282438 55.338309
29.28321 55.337851
29.284785 55.337834
29.28477 55.337385
29.283967 55.336945
29.283952 55.336496
BRUSH(1,0)
REGION 1
97
29.218185 55.569368
29.218229 55.570715
29.219051 55.571605
29.219843 55.571596
29.224524 55.569302
29.224436 55.566609
29.222793 55.56483
29.222763 55.563932
29.224289 55.56212
29.226651 55.561646
29.228293 55.563425
29.229878 55.563408
29.229863 55.562959
29.230582 55.560706
29.231344 55.5598
29.231271 55.557556
29.231212 55.55576
29.233573 55.555286
29.235172 55.555718
29.235964 55.55571
29.237488 55.553897
29.238251 55.552991
29.239834 55.552974
29.24218 55.552051
29.242883 55.54935
29.243631 55.547994
29.238761 55.544454
29.237015 55.539532
29.237718 55.536831
29.240078 55.536357
29.244827 55.536306
29.24644 55.537187
29.247993 55.536272
29.248726 55.534468
29.247919 55.534028
29.240019 55.534561
29.236838 55.534146
29.236823 55.533697
29.236779 55.53235
29.235957 55.531461
29.234345 55.530579
29.230388 55.530621
29.227266 55.532001
29.216214 55.533015
29.214645 55.53348
29.213121 55.535292
29.21076 55.535766
29.209191 55.536231
29.207579 55.53535
29.207565 55.534901
29.209105 55.533538
29.212888 55.52811
29.214457 55.527645
29.219249 55.528942
29.220832 55.528925
29.225522 55.52708
29.227075 55.526165
29.220628 55.52264
29.218958 55.519964
29.215016 55.520454
29.207952 55.522323
29.205578 55.522348
29.204801 55.522805
29.204125 55.526404
29.204327 55.532689
29.202801 55.534501
29.20365 55.536289
29.206198 55.541651
29.205464 55.543455
29.203147 55.545275
29.203953 55.545716
29.20473 55.545259
29.207062 55.543887
29.2102 55.542957
29.211842 55.544736
29.218161 55.544221
29.21973 55.543756
29.221284 55.542841
29.225243 55.5428
29.22602 55.542343
29.22517 55.540555
29.225947 55.540098
29.227545 55.54053
29.231591 55.543182
29.233248 55.54541
29.233293 55.546757
29.230258 55.55083
29.232678 55.552152
29.228762 55.55354
29.224773 55.552684
29.223219 55.553599
29.218555 55.556342
29.215445 55.55817
29.215459 55.558619
29.21873 55.561729
29.219566 55.563067
29.218185 55.569368
BRUSH(1,0)
REGION 1
6
26.971447 55.209751
26.959014 55.204261
26.9574 55.206045
26.965109 55.211946
26.970639 55.210643
26.971447 55.209751
BRUSH(1,0)
REGION 1
6
27.851349 55.115236
27.849793 55.110295
27.847443 55.110293
27.842738 55.112085
27.842729 55.115678
27.851349 55.115236
BRUSH(1,0)
REGION 1
29
27.758291 55.076056
27.762223 55.07202
27.763803 55.068879
27.767716 55.068884
27.769283 55.068437
27.767728 55.06619
27.764612 55.063041
27.77796 55.052281
27.780316 55.050039
27.778755 55.049139
27.76938 55.046431
27.763915 55.044177
27.749054 55.044154
27.73732 55.044584
27.735751 55.045479
27.729459 55.051756
27.717654 55.06431
27.717648 55.065208
27.719188 55.069702
27.721484 55.079138
27.720696 55.080035
27.721476 55.080485
27.727739 55.080496
27.736355 55.079613
27.740267 55.080069
27.74574 55.081426
27.748874 55.080982
27.752797 55.079191
27.758291 55.076056
BRUSH(1,0)
REGION 1
15
27.152406 55.075864
27.158017 55.069163
27.158818 55.06827
27.158061 55.066918
27.153437 55.063295
27.151134 55.061034
27.139433 55.05916
27.134757 55.058231
27.133975 55.058226
27.129088 55.067625
27.126621 55.073448
27.125784 55.076137
27.132828 55.076184
27.146927 55.075828
27.152406 55.075864
BRUSH(1,0)
REGION 1
19
27.968826 55.026795
27.973504 55.009279
27.95553 55.007934
27.956311 55.003443
27.90709 54.999845
27.905525 55.002539
27.902395 55.006131
27.90161 55.009274
27.898466 55.024543
27.897682 55.026788
27.907063 55.02724
27.928171 55.028593
27.928172 55.027245
27.930518 55.025898
27.9313 55.025
27.934427 55.025001
27.950062 55.02545
27.963353 55.026347
27.968826 55.026795
BRUSH(1,0)
REGION 1
5
27.883627 55.015554
27.885984 55.007022
27.876609 55.006119
27.863309 55.014194
27.883627 55.015554
BRUSH(1,0)
REGION 1
8
27.857055 55.014639
27.856274 55.014638
27.844555 55.012833
27.835177 55.012825
27.834389 55.015069
27.839071 55.017768
27.850793 55.018676
27.857055 55.014639
BRUSH(1,0)
REGION 1
41
27.876626 54.996687
27.877413 54.993095
27.880567 54.975132
27.879007 54.974233
27.878256 54.956267
27.875135 54.956266
27.875137 54.954918
27.875926 54.949978
27.875931 54.947284
27.868914 54.944585
27.861893 54.944131
27.861117 54.942334
27.854877 54.94188
27.853315 54.942328
27.85095 54.952656
27.849386 54.954002
27.848605 54.954451
27.83768 54.953992
27.836119 54.953991
27.835335 54.955337
27.836107 54.958482
27.834546 54.958481
27.839216 54.963425
27.841556 54.963876
27.864192 54.964343
27.860256 54.980059
27.857898 54.986794
27.849307 54.986788
27.842279 54.986333
27.831344 54.986323
27.828221 54.98632
27.827438 54.986768
27.82743 54.989463
27.828989 54.990812
27.836011 54.993513
27.850069 54.994423
27.850851 54.994424
27.851629 54.995772
27.861002 54.996228
27.869595 54.996683
27.876626 54.996687
BRUSH(1,0)
REGION 1
24
27.635949 55.004396
27.638303 55.003054
27.646143 54.999481
27.646938 54.997686
27.646177 54.99499
27.634501 54.989571
27.629047 54.98776
27.622025 54.986843
27.617354 54.985034
27.615803 54.983683
27.614245 54.983229
27.610291 54.989057
27.611068 54.989508
27.611057 54.990856
27.608684 54.994442
27.612586 54.994902
27.614922 54.995807
27.617251 54.99761
27.620369 54.998516
27.621931 54.99852
27.626594 55.001677
27.629712 55.002583
27.633615 55.003042
27.635949 55.004396
BRUSH(1,0)
REGION 1
39
27.518028 54.92454
27.524957 54.933098
27.531903 54.940308
27.532679 54.94076
27.538149 54.93988
27.538933 54.939434
27.539722 54.938538
27.537483 54.92865
27.537565 54.920565
27.537615 54.915625
27.539211 54.912037
27.537656 54.911583
27.527526 54.911099
27.521299 54.910179
27.508101 54.905192
27.501111 54.902921
27.500336 54.902469
27.497963 54.905604
27.495604 54.907392
27.495589 54.908739
27.496354 54.910089
27.496334 54.911886
27.497883 54.91279
27.497853 54.915485
27.497838 54.916832
27.495489 54.917722
27.494704 54.918168
27.495459 54.920416
27.495449 54.921315
27.496993 54.922668
27.495423 54.92356
27.495413 54.924458
27.496938 54.927608
27.500057 54.92762
27.506301 54.927193
27.514139 54.923628
27.516483 54.923188
27.517263 54.92319
27.518028 54.92454
BRUSH(1,0)
REGION 1
17
27.359896 54.912201
27.370823 54.911355
27.374728 54.910925
27.376306 54.909585
27.377117 54.907343
27.370932 54.90372
27.360852 54.900079
27.356183 54.899607
27.352286 54.899588
27.349928 54.900924
27.347557 54.903158
27.348296 54.905857
27.347457 54.909895
27.35362 54.914866
27.3544 54.91487
27.35911 54.912647
27.359896 54.912201
BRUSH(1,0)
REGION 1
17
27.678282 54.866613
27.678249 54.871553
27.675122 54.873343
27.675119 54.873792
27.678231 54.874248
27.684462 54.874262
27.694579 54.875631
27.703144 54.876097
27.708596 54.876108
27.70938 54.875211
27.709396 54.872517
27.702406 54.869359
27.697728 54.870248
27.696176 54.869346
27.691517 54.867091
27.681397 54.86662
27.678282 54.866613
BRUSH(1,0)
REGION 1
17
27.875449 54.780657
27.861464 54.780199
27.860688 54.779749
27.861466 54.779301
27.859136 54.77885
27.852144 54.777946
27.848256 54.77929
27.847473 54.781536
27.846692 54.783331
27.849021 54.784232
27.858345 54.784688
27.868445 54.786492
27.87 54.785594
27.871556 54.785146
27.874665 54.784699
27.876223 54.782904
27.875449 54.780657
BRUSH(1,0)
REGION 1
14
27.703138 54.748542
27.693033 54.750317
27.693028 54.751216
27.694564 54.753914
27.693782 54.75481
27.697642 54.758412
27.703062 54.761118
27.705387 54.762021
27.706153 54.763819
27.711595 54.762931
27.715484 54.76204
27.715487 54.761591
27.708536 54.754841
27.703138 54.748542
BRUSH(1,0)
REGION 1
19
27.732047 54.714911
27.723526 54.71265
27.719652 54.711744
27.712668 54.71218
27.703364 54.711263
27.702578 54.713057
27.702564 54.715305
27.701769 54.718445
27.701337 54.718694
27.700979 54.72069
27.702528 54.721143
27.709504 54.722504
27.710275 54.723404
27.712592 54.725205
27.714917 54.725659
27.720369 54.722076
27.728932 54.717151
27.732045 54.71536
27.732047 54.714911
BRUSH(1,0)
REGION 1
11
27.409735 55.268148
27.402583 55.273506
27.400205 55.274843
27.409639 55.275334
27.412786 55.275347
27.414371 55.274456
27.415956 55.273565
27.421486 55.271792
27.421492 55.271343
27.416796 55.269526
27.409735 55.268148
BRUSH(1,0)
REGION 1
14
28.310413 55.278191
28.309627 55.278194
28.308824 55.2764
28.305657 55.274164
28.304866 55.273717
28.296149 55.266557
28.289083 55.267925
28.288312 55.269723
28.29942 55.280469
28.300207 55.280467
28.307291 55.280895
28.309635 55.279092
28.309631 55.278643
28.310413 55.278191
BRUSH(1,0)
REGION 1
9
28.802231 55.138302
28.802211 55.137404
28.801428 55.13741
28.794335 55.135663
28.793552 55.135668
28.788896 55.137946
28.790473 55.138384
28.794459 55.1415
28.802231 55.138302
BRUSH(1,0)
REGION 1
14
28.070803 54.885263
28.070013 54.881671
28.073898 54.878523
28.070782 54.878526
28.070004 54.878527
28.066888 54.87853
28.066887 54.878081
28.064548 54.877634
28.05832 54.878539
28.058321 54.878988
28.059125 54.887969
28.059904 54.887969
28.07081 54.887509
28.070803 54.885263
BRUSH(1,0)
REGION 1
24
28.856727 54.983869
28.855936 54.983425
28.855155 54.983431
28.854364 54.982988
28.853583 54.982994
28.852803 54.983
28.851241 54.983011
28.851261 54.983909
28.85049 54.984364
28.8505 54.984813
28.851291 54.985256
28.851301 54.985705
28.851322 54.986603
28.851332 54.987053
28.852113 54.987047
28.853664 54.986586
28.854445 54.98658
28.855226 54.986574
28.856007 54.986569
28.856777 54.986114
28.858329 54.985653
28.858319 54.985204
28.857528 54.984761
28.856727 54.983869
BRUSH(1,0)
REGION 1
31
28.85112 54.977623
28.850329 54.97718
28.849538 54.976737
28.847967 54.976299
28.847186 54.976305
28.846405 54.976311
28.845635 54.976766
28.844864 54.97722
28.844094 54.977675
28.844104 54.978124
28.844114 54.978573
28.844914 54.979466
28.845705 54.979909
28.845715 54.980358
28.845725 54.980807
28.845735 54.981256
28.846536 54.982148
28.847327 54.982591
28.848108 54.982586
28.848888 54.98258
28.85045 54.982568
28.851231 54.982562
28.852002 54.982108
28.851991 54.981658
28.852762 54.981204
28.852742 54.980306
28.852732 54.979857
28.852722 54.979408
28.852712 54.978959
28.851921 54.978515
28.85112 54.977623
BRUSH(1,0)
REGION 1
10
29.285118 55.324358
29.280878 55.315423
29.27069 55.316881
29.270705 55.31733
29.273307 55.324487
29.271748 55.324953
29.271763 55.325402
29.275138 55.332102
29.289328 55.332395
29.285118 55.324358
BRUSH(1,0)
REGION 1
60
29.331679 55.326981
29.331663 55.326532
29.33245 55.326523
29.33401 55.326056
29.333994 55.325607
29.333978 55.325158
29.333962 55.324709
29.334718 55.323803
29.333915 55.323363
29.333899 55.322914
29.333096 55.322474
29.333065 55.321576
29.333049 55.321127
29.332246 55.320687
29.33223 55.320238
29.332215 55.31979
29.332183 55.318892
29.332955 55.318434
29.333742 55.318425
29.334529 55.318416
29.335316 55.318407
29.336875 55.31794
29.337662 55.317931
29.337646 55.317482
29.336844 55.317042
29.336041 55.316602
29.335238 55.316162
29.334435 55.315723
29.333616 55.314834
29.332813 55.314394
29.332011 55.313954
29.331208 55.313514
29.330421 55.313523
29.329649 55.313981
29.328075 55.313999
29.327288 55.314007
29.326517 55.314465
29.325745 55.314923
29.325776 55.315821
29.326579 55.316261
29.326595 55.31671
29.326611 55.317159
29.326642 55.318056
29.327445 55.318496
29.32746 55.318945
29.328263 55.319385
29.328279 55.319834
29.32831 55.320732
29.329113 55.321172
29.329129 55.321621
29.329144 55.32207
29.329947 55.32251
29.329979 55.323408
29.329994 55.323856
29.330797 55.324296
29.330813 55.324745
29.330829 55.325194
29.33086 55.326092
29.331663 55.326532
29.331679 55.326981
BRUSH(1,0)
REGION 1
6
29.513042 55.331969
29.517677 55.329664
29.511166 55.324358
29.498869 55.33215
29.499692 55.333038
29.513042 55.331969
BRUSH(1,0)
REGION 1
124
29.546859 55.291561
29.546037 55.290673
29.546019 55.290224
29.545214 55.289786
29.544409 55.289347
29.543605 55.288909
29.542818 55.288919
29.542032 55.288929
29.540477 55.289399
29.53969 55.289409
29.538904 55.289419
29.538135 55.289878
29.537348 55.289889
29.535794 55.290358
29.535007 55.290368
29.534238 55.290828
29.533452 55.290838
29.531897 55.291307
29.531128 55.291766
29.530359 55.292225
29.529573 55.292236
29.528804 55.292695
29.527249 55.293164
29.526462 55.293174
29.525693 55.293633
29.524925 55.294092
29.524138 55.294102
29.522583 55.294572
29.521796 55.294582
29.521027 55.295041
29.520258 55.2955
29.518685 55.29552
29.517916 55.295979
29.517147 55.296438
29.516361 55.296448
29.515592 55.296907
29.514018 55.296928
29.513249 55.297387
29.51248 55.297846
29.511694 55.297856
29.510925 55.298315
29.509351 55.298335
29.508582 55.298794
29.507796 55.298804
29.507026 55.299263
29.505453 55.299283
29.504684 55.299742
29.503897 55.299752
29.503128 55.300211
29.502359 55.30067
29.500803 55.301139
29.500034 55.301598
29.499265 55.302056
29.498478 55.302067
29.497708 55.302525
29.496135 55.302545
29.495366 55.303004
29.494579 55.303014
29.49381 55.303473
29.494632 55.304361
29.495418 55.304351
29.496223 55.30479
29.497009 55.30478
29.497814 55.305219
29.499387 55.305199
29.500192 55.305637
29.500979 55.305627
29.501766 55.305617
29.502553 55.305607
29.504127 55.305587
29.504895 55.305128
29.505665 55.304669
29.506434 55.30421
29.507203 55.303751
29.508777 55.303731
29.509546 55.303272
29.510315 55.302813
29.511102 55.302803
29.512658 55.302334
29.513444 55.302324
29.514213 55.301865
29.515 55.301855
29.515769 55.301396
29.517343 55.301376
29.51813 55.301365
29.518899 55.300906
29.519685 55.300896
29.520454 55.300437
29.52201 55.299968
29.521992 55.299519
29.521974 55.29907
29.52117 55.298632
29.521921 55.297724
29.521903 55.297275
29.522672 55.296816
29.523441 55.296357
29.524227 55.296347
29.525032 55.296785
29.525819 55.296775
29.52741 55.297204
29.528214 55.297642
29.528983 55.297183
29.52977 55.297173
29.530539 55.296714
29.532094 55.296245
29.532863 55.295785
29.533649 55.295775
29.534418 55.295316
29.535187 55.294857
29.536742 55.294388
29.537529 55.294377
29.538297 55.293918
29.539084 55.293908
29.540657 55.293887
29.541444 55.293877
29.54223 55.293867
29.543017 55.293856
29.543804 55.293846
29.545359 55.293377
29.546145 55.293366
29.546127 55.292917
29.546091 55.29202
29.546073 55.291571
29.546859 55.291561
BRUSH(1,0)
REGION 1
121
29.555384 55.288305
29.564712 55.285486
29.563066 55.283712
29.560579 55.280601
29.559811 55.281061
29.558238 55.281082
29.55747 55.281541
29.556702 55.282
29.555916 55.28201
29.554343 55.282031
29.553557 55.282042
29.552752 55.281603
29.552734 55.281154
29.552716 55.280705
29.553466 55.279797
29.554252 55.279787
29.555038 55.279777
29.556611 55.279756
29.557379 55.279296
29.558165 55.279286
29.558129 55.278388
29.557324 55.27795
29.557306 55.277501
29.556502 55.277063
29.555679 55.276175
29.555661 55.275727
29.554856 55.275288
29.555625 55.274829
29.556392 55.27437
29.557965 55.274349
29.558733 55.27389
29.559501 55.27343
29.560287 55.27342
29.561841 55.27295
29.562609 55.272491
29.563395 55.27248
29.564163 55.272021
29.564931 55.271562
29.566503 55.271541
29.567271 55.271082
29.568039 55.270622
29.568825 55.270612
29.569575 55.269704
29.570342 55.269244
29.569538 55.268806
29.568734 55.268368
29.567929 55.267929
29.567125 55.267491
29.566338 55.267501
29.564766 55.267522
29.56398 55.267533
29.563213 55.267992
29.562445 55.268451
29.561658 55.268462
29.56164 55.268013
29.561622 55.267564
29.562372 55.266656
29.562353 55.266207
29.561549 55.265769
29.560745 55.26533
29.559191 55.2658
29.558423 55.266259
29.55846 55.267157
29.557692 55.267616
29.556924 55.268075
29.556156 55.268535
29.555388 55.268994
29.55462 55.269453
29.553852 55.269912
29.552298 55.270382
29.55153 55.270841
29.550762 55.2713
29.549994 55.271759
29.548422 55.27178
29.547653 55.272239
29.546886 55.272699
29.546117 55.273158
29.546135 55.273607
29.54694 55.274045
29.546958 55.274494
29.54778 55.275381
29.548585 55.27582
29.549389 55.276258
29.547834 55.276728
29.547066 55.277187
29.546298 55.277646
29.545512 55.277657
29.543957 55.278126
29.543171 55.278136
29.542403 55.278595
29.541617 55.278606
29.540848 55.279065
29.539275 55.279085
29.538507 55.279545
29.537721 55.279555
29.536953 55.280014
29.536971 55.280463
29.536989 55.280912
29.537811 55.281799
29.538615 55.282238
29.538633 55.282687
29.539438 55.283125
29.540242 55.283564
29.540278 55.284461
29.541047 55.284002
29.541815 55.283543
29.543388 55.283522
29.544156 55.283063
29.544961 55.283502
29.545783 55.284389
29.545801 55.284838
29.546606 55.285277
29.54741 55.285715
29.547428 55.286164
29.548251 55.287051
29.548269 55.2875
29.549074 55.287939
29.549879 55.288377
29.550683 55.288816
29.55072 55.289713
29.555384 55.288305
BRUSH(1,0)
REGION 1
106
29.538057 55.268323
29.538861 55.268762
29.539647 55.268752
29.54122 55.268731
29.542006 55.268721
29.542792 55.26871
29.54356 55.268251
29.544346 55.268241
29.5459 55.267771
29.546668 55.267312
29.547454 55.267302
29.548222 55.266843
29.549776 55.266373
29.550563 55.266363
29.55133 55.265904
29.552116 55.265893
29.552884 55.265434
29.554438 55.264964
29.555206 55.264505
29.55517 55.263608
29.556724 55.263138
29.556705 55.262689
29.555901 55.262251
29.555097 55.261812
29.554311 55.261823
29.553525 55.261833
29.551935 55.261405
29.551149 55.261415
29.550345 55.260977
29.549559 55.260987
29.548755 55.260549
29.547183 55.260569
29.546379 55.260131
29.545593 55.260141
29.544789 55.259702
29.543985 55.259264
29.543181 55.258825
29.541591 55.258397
29.541573 55.257948
29.540769 55.25751
29.539965 55.257071
29.539929 55.256173
29.539911 55.255725
29.539107 55.255286
29.538303 55.254847
29.537518 55.254858
29.536732 55.254868
29.535142 55.25444
29.534356 55.25445
29.533571 55.25446
29.532767 55.254021
29.531981 55.254032
29.530409 55.254052
29.529606 55.253614
29.52882 55.253624
29.528034 55.253634
29.52723 55.253195
29.525659 55.253216
29.524855 55.252777
29.524069 55.252787
29.523266 55.252349
29.52248 55.252359
29.520908 55.252379
29.520105 55.25194
29.52014 55.252838
29.519372 55.253297
29.51939 55.253746
29.518622 55.254205
29.51864 55.254654
29.517889 55.255562
29.517907 55.256011
29.517925 55.256459
29.517157 55.256918
29.517174 55.257367
29.516424 55.258275
29.516442 55.258724
29.515674 55.259183
29.515691 55.259632
29.515709 55.260081
29.516513 55.260519
29.518102 55.260948
29.518888 55.260938
29.519674 55.260928
29.520478 55.261366
29.521264 55.261356
29.522854 55.261785
29.523658 55.262223
29.524443 55.262213
29.525265 55.263101
29.526069 55.263539
29.526873 55.263978
29.526891 55.264427
29.527695 55.264866
29.528517 55.265753
29.528535 55.266202
29.529338 55.266641
29.530143 55.267079
29.530947 55.267518
29.53175 55.267957
29.533341 55.268385
29.534127 55.268375
29.534913 55.268364
29.535699 55.268354
29.536485 55.268344
29.538075 55.268772
29.538057 55.268323
BRUSH(1,0)
REGION 1
113
29.418916 55.258146
29.418899 55.257697
29.418882 55.257248
29.418866 55.256799
29.418849 55.256351
29.418816 55.255453
29.419585 55.254994
29.419568 55.254545
29.418766 55.254106
29.41798 55.254116
29.416408 55.254135
29.415622 55.254144
29.41482 55.253705
29.414787 55.252807
29.41477 55.252358
29.414754 55.251909
29.414737 55.25146
29.41472 55.251011
29.414687 55.250114
29.41467 55.249665
29.414654 55.249216
29.415423 55.248757
29.416192 55.248299
29.416159 55.247401
29.416928 55.246943
29.416911 55.246494
29.417681 55.246036
29.41845 55.245577
29.418417 55.244679
29.419186 55.244221
29.419169 55.243772
29.418384 55.243782
29.417581 55.243342
29.416796 55.243352
29.415224 55.243371
29.414438 55.24338
29.413636 55.242941
29.41285 55.24295
29.412065 55.24296
29.410477 55.24253
29.409691 55.242539
29.408906 55.242549
29.40812 55.242558
29.407318 55.242119
29.405746 55.242137
29.404977 55.242596
29.404192 55.242605
29.403406 55.242615
29.402637 55.243073
29.401884 55.24398
29.401901 55.244429
29.401917 55.244878
29.401933 55.245327
29.40195 55.245776
29.400395 55.246243
29.399625 55.246702
29.399642 55.24715
29.399658 55.247599
29.399675 55.248048
29.399691 55.248497
29.398938 55.249404
29.398152 55.249414
29.397383 55.249872
29.395811 55.249891
29.395026 55.2499
29.394256 55.250358
29.39347 55.250367
29.391915 55.250835
29.391146 55.251293
29.390376 55.251752
29.390392 55.2522
29.390409 55.252649
29.389655 55.253556
29.389672 55.254005
29.389688 55.254454
29.39049 55.254894
29.391276 55.254884
29.392078 55.255324
29.392864 55.255315
29.39288 55.255764
29.392111 55.256222
29.392127 55.256671
29.39216 55.257568
29.392176 55.258017
29.392962 55.258008
29.393748 55.257999
29.394534 55.257989
29.396106 55.257971
29.396908 55.25841
29.397694 55.258401
29.398481 55.258391
29.399283 55.258831
29.400069 55.258822
29.401641 55.258803
29.402443 55.259242
29.403229 55.259233
29.404015 55.259223
29.404818 55.259663
29.406373 55.259195
29.407159 55.259186
29.407945 55.259176
29.408731 55.259167
29.409501 55.258709
29.411073 55.25869
29.411859 55.25868
29.412644 55.258671
29.41343 55.258661
29.414217 55.258652
29.415788 55.258633
29.416575 55.258623
29.41736 55.258614
29.418146 55.258604
29.418916 55.258146
BRUSH(1,0)
REGION 1
101
29.597736 55.190285
29.597718 55.189836
29.597699 55.189387
29.59768 55.188938
29.597662 55.188489
29.597625 55.187592
29.597606 55.187143
29.596803 55.186705
29.596784 55.186256
29.596766 55.185807
29.595944 55.18492
29.59516 55.184931
29.593572 55.184503
29.592788 55.184514
29.591985 55.184075
29.5912 55.184086
29.590397 55.183648
29.589613 55.183658
29.588026 55.183231
29.587241 55.183241
29.586438 55.182803
29.585636 55.182365
29.584833 55.181926
29.583227 55.18105
29.582424 55.180611
29.581622 55.180173
29.581603 55.179724
29.5808 55.179286
29.579979 55.178399
29.579176 55.177961
29.578374 55.177522
29.577571 55.177084
29.576768 55.176646
29.575948 55.175758
29.575145 55.17532
29.574342 55.174882
29.572774 55.174903
29.571989 55.174913
29.571205 55.174924
29.570421 55.174934
29.569637 55.174944
29.568068 55.174965
29.567284 55.174976
29.5665 55.174986
29.565716 55.174997
29.56495 55.175456
29.563399 55.175926
29.563435 55.176823
29.564238 55.177262
29.565041 55.1777
29.565843 55.178139
29.565861 55.178587
29.565095 55.179047
29.564329 55.179506
29.563563 55.179965
29.562797 55.180425
29.562833 55.181322
29.562852 55.181771
29.563654 55.18221
29.564457 55.182648
29.565259 55.183086
29.56608 55.183974
29.566883 55.184412
29.567667 55.184402
29.568434 55.183942
29.569218 55.183932
29.570769 55.183462
29.571535 55.183003
29.572301 55.182543
29.573067 55.182084
29.573833 55.181625
29.574599 55.181165
29.576186 55.181593
29.576204 55.182042
29.577025 55.182929
29.577828 55.183368
29.578631 55.183806
29.579434 55.184244
29.580237 55.184683
29.581058 55.18557
29.581861 55.186008
29.582664 55.186447
29.584251 55.186874
29.58427 55.187323
29.585091 55.18821
29.585894 55.188649
29.586697 55.189087
29.5875 55.189525
29.588322 55.190412
29.589125 55.19085
29.589928 55.191289
29.590731 55.191727
29.591534 55.192165
29.592337 55.192603
29.593122 55.192593
29.593887 55.192133
29.594672 55.192123
29.596223 55.191653
29.596989 55.191193
29.597755 55.190734
29.597736 55.190285
BRUSH(1,0)
REGION 1
6
29.948695 55.066452
29.944003 55.066529
29.944048 55.067427
29.944317 55.072812
29.949031 55.073183
29.948695 55.066452
BRUSH(1,0)
REGION 1
8
29.68251 55.045842
29.683272 55.045382
29.689213 55.038111
29.679758 55.03645
29.678253 55.037818
29.673873 55.045066
29.674655 55.045055
29.68251 55.045842
BRUSH(1,0)
REGION 1
7
29.364781 55.062986
29.363999 55.062995
29.358334 55.057671
29.345993 55.062754
29.346009 55.063203
29.350875 55.068087
29.364781 55.062986
BRUSH(1,0)
REGION 1
94
29.233923 55.057255
29.233142 55.057264
29.232359 55.057272
29.230795 55.057289
29.229999 55.056848
29.22997 55.05595
29.229174 55.055509
29.229159 55.05506
29.229145 55.054611
29.228348 55.054171
29.22832 55.053273
29.227523 55.052832
29.227509 55.052383
29.226713 55.051942
29.226698 55.051493
29.226669 55.050596
29.227437 55.050138
29.228205 55.049681
29.228972 55.049224
29.228958 55.048775
29.228162 55.048334
29.22738 55.048343
29.226598 55.048351
29.225034 55.048367
29.224252 55.048376
29.22347 55.048384
29.222688 55.048392
29.221906 55.0484
29.220342 55.048417
29.219575 55.048874
29.218793 55.048882
29.218011 55.04889
29.217243 55.049347
29.215693 55.049812
29.21649 55.050253
29.216504 55.050702
29.216518 55.051151
29.217329 55.052041
29.217343 55.05249
29.218139 55.052931
29.218921 55.052922
29.219703 55.052914
29.221281 55.053347
29.222063 55.053339
29.222846 55.05333
29.223642 55.053771
29.224438 55.054212
29.225235 55.054653
29.226031 55.055093
29.226827 55.055534
29.226856 55.056432
29.22687 55.056881
29.226885 55.05733
29.226117 55.057787
29.225335 55.057795
29.224553 55.057803
29.22377 55.057812
29.222221 55.058277
29.222235 55.058726
29.223031 55.059167
29.223828 55.059607
29.224624 55.060048
29.225421 55.060489
29.226999 55.060921
29.227796 55.061362
29.228593 55.061803
29.229389 55.062243
29.230186 55.062684
29.230982 55.063125
29.231011 55.064023
29.231808 55.064463
29.231822 55.064912
29.231837 55.065361
29.232633 55.065802
29.233416 55.065794
29.23498 55.065777
29.235762 55.065769
29.236544 55.06576
29.237298 55.064854
29.237283 55.064405
29.236487 55.063965
29.236472 55.063516
29.236458 55.063067
29.236429 55.062169
29.235632 55.061728
29.235618 55.061279
29.234821 55.060839
29.234807 55.06039
29.234778 55.059492
29.234763 55.059043
29.233967 55.058602
29.233952 55.058153
29.233938 55.057704
29.233923 55.057255
BRUSH(1,0)
REGION 1
10
29.125076 55.053868
29.116277 55.047217
29.115495 55.047224
29.110842 55.048616
29.110099 55.04997
29.107857 55.053585
29.10864 55.053577
29.114258 55.058463
29.11504 55.058456
29.125076 55.053868
BRUSH(1,0)
REGION 1
100
29.583949 54.949752
29.58393 54.949304
29.584674 54.948395
29.585435 54.947936
29.585417 54.947487
29.586958 54.947017
29.58772 54.946558
29.5885 54.946547
29.589261 54.946088
29.590802 54.945618
29.591545 54.94471
29.591527 54.944261
29.592288 54.943801
29.59305 54.943342
29.593031 54.942893
29.593793 54.942434
29.594536 54.941525
29.595297 54.941066
29.596059 54.940606
29.596838 54.940596
29.597636 54.941034
29.599196 54.941013
29.599957 54.940553
29.600718 54.940094
29.60148 54.939634
29.602222 54.938726
29.602983 54.938267
29.603745 54.937807
29.604506 54.937348
29.605267 54.936888
29.606009 54.93598
29.605991 54.935531
29.606752 54.935071
29.607513 54.934612
29.609054 54.934142
29.609815 54.933682
29.610557 54.932774
29.611318 54.932314
29.612079 54.931855
29.61284 54.931395
29.613601 54.930936
29.613582 54.930487
29.612766 54.9296
29.612747 54.929151
29.61117 54.928724
29.610372 54.928285
29.609574 54.927847
29.608794 54.927858
29.607997 54.92742
29.606438 54.927441
29.60564 54.927003
29.60486 54.927013
29.604063 54.926575
29.603301 54.927035
29.60254 54.927494
29.601779 54.927954
29.601037 54.928862
29.600276 54.929321
29.599515 54.929781
29.598754 54.93024
29.597993 54.9307
29.597232 54.931159
29.596489 54.932067
29.595728 54.932527
29.594967 54.932986
29.594205 54.933446
29.593444 54.933905
29.592701 54.934814
29.59194 54.935273
29.591179 54.935732
29.590418 54.936192
29.589656 54.936651
29.589675 54.9371
29.588932 54.938008
29.58817 54.938468
29.587409 54.938927
29.587427 54.939376
29.586666 54.939835
29.585923 54.940744
29.585161 54.941203
29.5844 54.941662
29.583638 54.942122
29.582877 54.942581
29.582115 54.94304
29.581372 54.943949
29.580611 54.944408
29.579849 54.944867
29.579088 54.945327
29.578326 54.945786
29.577564 54.946245
29.576821 54.947154
29.576839 54.947602
29.577637 54.948041
29.578417 54.94803
29.579215 54.948469
29.580793 54.948897
29.581573 54.948886
29.582371 54.949324
29.58315 54.949314
29.583949 54.949752
BRUSH(1,0)
REGION 1
7
29.551359 54.915156
29.55212 54.914697
29.565078 54.90734
29.563502 54.906911
29.55093 54.904383
29.550948 54.904832
29.551359 54.915156
BRUSH(1,0)
REGION 1
61
29.55005 54.921461
29.546755 54.917014
29.545214 54.917483
29.544435 54.917493
29.541265 54.916188
29.540485 54.916198
29.53898 54.917565
29.53666 54.918044
29.521268 54.923185
29.522065 54.923624
29.522082 54.924073
29.522879 54.924511
29.523694 54.925399
29.523711 54.925848
29.524508 54.926287
29.524526 54.926736
29.525323 54.927174
29.525358 54.928072
29.524596 54.928531
29.523834 54.92899
29.522292 54.929459
29.521513 54.929469
29.520716 54.92903
29.519919 54.928592
29.519901 54.928143
29.519105 54.927704
29.519087 54.927255
29.519052 54.926357
29.518255 54.925919
29.518237 54.92547
29.517441 54.925031
29.516644 54.924592
29.515864 54.924602
29.515085 54.924612
29.514306 54.924622
29.513561 54.92553
29.512799 54.925989
29.512817 54.926438
29.512834 54.926887
29.512851 54.927336
29.512886 54.928233
29.512904 54.928682
29.512142 54.929141
29.512159 54.92959
29.511397 54.930049
29.510652 54.930957
29.50989 54.931416
29.509128 54.931875
29.509146 54.932324
29.508383 54.932782
29.507639 54.93369
29.507656 54.934139
29.506894 54.934598
29.506131 54.935057
29.505369 54.935516
29.504607 54.935975
29.503065 54.936444
29.503083 54.936892
29.503117 54.93779
29.524684 54.930775
29.55005 54.921461
BRUSH(1,0)
REGION 1
71
29.486426 54.90926
29.484868 54.90928
29.484072 54.908841
29.483275 54.908402
29.483241 54.907504
29.482445 54.907065
29.482428 54.906616
29.481632 54.906177
29.481615 54.905728
29.480801 54.90484
29.480784 54.904391
29.479209 54.903962
29.478413 54.903523
29.477634 54.903533
29.476855 54.903542
29.476076 54.903552
29.474518 54.903572
29.474552 54.90447
29.474569 54.904918
29.475365 54.905358
29.475382 54.905806
29.47462 54.906265
29.473858 54.906724
29.472317 54.907192
29.472334 54.907641
29.47313 54.90808
29.473147 54.908529
29.473943 54.908968
29.474756 54.909856
29.475552 54.910295
29.476349 54.910734
29.477145 54.911174
29.477941 54.911613
29.477975 54.91251
29.477196 54.91252
29.476417 54.91253
29.474858 54.91255
29.474079 54.912559
29.4733 54.912569
29.472521 54.912579
29.471759 54.913038
29.470996 54.913496
29.471792 54.913936
29.472572 54.913926
29.473368 54.914365
29.474164 54.914804
29.47496 54.915243
29.476536 54.915672
29.477315 54.915663
29.478094 54.915653
29.478874 54.915643
29.479653 54.915633
29.481211 54.915613
29.48199 54.915604
29.48277 54.915594
29.483549 54.915584
29.484328 54.915574
29.485887 54.915554
29.486666 54.915544
29.487428 54.915086
29.48819 54.914627
29.488173 54.914178
29.488156 54.913729
29.488122 54.912831
29.487325 54.912392
29.487308 54.911943
29.487291 54.911494
29.487274 54.911046
29.48646 54.910158
29.486443 54.909709
29.486426 54.90926
BRUSH(1,0)
REGION 1
70
29.338869 54.902507
29.338074 54.902067
29.33728 54.901627
29.336485 54.901187
29.335691 54.900747
29.334897 54.900307
29.334102 54.899867
29.334071 54.898969
29.333277 54.898529
29.333261 54.89808
29.333246 54.897631
29.333231 54.897182
29.3332 54.896284
29.333963 54.895826
29.333948 54.895377
29.333932 54.894929
29.333917 54.89448
29.333902 54.894031
29.333871 54.893133
29.333855 54.892684
29.33384 54.892235
29.333824 54.891786
29.333794 54.890888
29.333778 54.890439
29.332984 54.889999
29.332968 54.88955
29.332174 54.88911
29.330601 54.888679
29.329822 54.888688
29.329059 54.889146
29.32828 54.889155
29.327517 54.889612
29.325959 54.88963
29.325196 54.890088
29.324417 54.890097
29.323653 54.890554
29.322874 54.890563
29.322111 54.891021
29.322141 54.891919
29.322157 54.892368
29.322951 54.892808
29.322966 54.893257
29.322982 54.893706
29.323791 54.894595
29.323806 54.895044
29.324601 54.895484
29.324616 54.895933
29.32541 54.896373
29.325441 54.897271
29.326235 54.897711
29.326251 54.89816
29.327045 54.8986
29.327855 54.899489
29.32787 54.899938
29.328664 54.900378
29.32868 54.900827
29.328695 54.901276
29.329505 54.902165
29.32952 54.902614
29.330315 54.903054
29.331109 54.903494
29.331888 54.903485
29.333462 54.903916
29.334241 54.903907
29.33502 54.903898
29.335799 54.903889
29.336578 54.90388
29.338121 54.903414
29.338884 54.902956
29.338869 54.902507
BRUSH(1,0)
REGION 1
262
29.393752 54.868183
29.394515 54.867724
29.395277 54.867266
29.396039 54.866808
29.396023 54.866359
29.396769 54.865452
29.396753 54.865003
29.397515 54.864545
29.398278 54.864087
29.398261 54.863638
29.398229 54.86274
29.397435 54.8623
29.397419 54.861851
29.397403 54.861402
29.396608 54.860963
29.395798 54.860074
29.395004 54.859635
29.393431 54.859204
29.392637 54.858765
29.391843 54.858325
29.391048 54.857885
29.390254 54.857446
29.38946 54.857006
29.387888 54.856575
29.387093 54.856136
29.3863 54.855696
29.385505 54.855256
29.384711 54.854817
29.383139 54.854386
29.383123 54.853937
29.383091 54.853039
29.382297 54.8526
29.381503 54.85216
29.380725 54.852169
29.379947 54.852178
29.378391 54.852197
29.377613 54.852206
29.376835 54.852215
29.376041 54.851775
29.375263 54.851784
29.373707 54.851803
29.373691 54.851354
29.373675 54.850905
29.373659 54.850456
29.373628 54.849558
29.373612 54.849109
29.374374 54.848651
29.374358 54.848202
29.374342 54.847753
29.374311 54.846855
29.374295 54.846406
29.374279 54.845958
29.373485 54.845518
29.372707 54.845527
29.371929 54.845536
29.371151 54.845545
29.369595 54.845563
29.368817 54.845572
29.368039 54.845582
29.367262 54.845591
29.366484 54.8456
29.364928 54.845618
29.36415 54.845627
29.363387 54.846085
29.362609 54.846094
29.361831 54.846103
29.361069 54.846561
29.361085 54.84701
29.361117 54.847908
29.361132 54.848357
29.361148 54.848806
29.361164 54.849255
29.361957 54.849695
29.361989 54.850592
29.362004 54.851041
29.36202 54.85149
29.362036 54.851939
29.36283 54.852379
29.362861 54.853277
29.362877 54.853726
29.362892 54.854175
29.362908 54.854624
29.362146 54.855082
29.361383 54.85554
29.360621 54.855998
29.35908 54.856465
29.358302 54.856474
29.357493 54.855585
29.356699 54.855145
29.356683 54.854696
29.355889 54.854256
29.355874 54.853807
29.355065 54.852918
29.354271 54.852478
29.353493 54.852487
29.35273 54.852945
29.35119 54.853412
29.351205 54.853861
29.351221 54.85431
29.351236 54.854759
29.35203 54.855199
29.352061 54.856097
29.352855 54.856537
29.352871 54.856986
29.353665 54.857426
29.35368 54.857875
29.35449 54.858763
29.355283 54.859203
29.356077 54.859643
29.356093 54.860092
29.356887 54.860532
29.357696 54.861421
29.357712 54.86187
29.35695 54.862328
29.356171 54.862337
29.35463 54.862804
29.353852 54.862813
29.353105 54.86372
29.353899 54.86416
29.353914 54.864609
29.354709 54.865048
29.35474 54.865946
29.355534 54.866386
29.356328 54.866826
29.356343 54.867275
29.357137 54.867715
29.357169 54.868613
29.357963 54.869053
29.357978 54.869502
29.358773 54.869942
29.358788 54.87039
29.359598 54.871279
29.359614 54.871728
29.359629 54.872177
29.360424 54.872617
29.360439 54.873066
29.361249 54.873955
29.361265 54.874404
29.362059 54.874843
29.362075 54.875292
29.362885 54.876181
29.363664 54.876172
29.364442 54.876163
29.365999 54.876145
29.366762 54.875687
29.367525 54.875229
29.368287 54.874771
29.36905 54.874313
29.369813 54.873855
29.369018 54.873415
29.368986 54.872517
29.368192 54.872077
29.368176 54.871628
29.367382 54.871188
29.366588 54.870749
29.366556 54.869851
29.365762 54.869411
29.365747 54.868962
29.364953 54.868522
29.364159 54.868082
29.363349 54.867194
29.363333 54.866745
29.362539 54.866305
29.362523 54.865856
29.362507 54.865407
29.363254 54.8645
29.364017 54.864042
29.364779 54.863584
29.364764 54.863135
29.365526 54.862677
29.36551 54.862228
29.366257 54.861321
29.367019 54.860863
29.367782 54.860405
29.36856 54.860396
29.369354 54.860836
29.370148 54.861276
29.370942 54.861716
29.371737 54.862155
29.371752 54.862604
29.372562 54.863493
29.372578 54.863942
29.372594 54.864391
29.373388 54.864831
29.37342 54.865728
29.373435 54.866177
29.373451 54.866626
29.373467 54.867075
29.373483 54.867524
29.373515 54.868422
29.373531 54.868871
29.375087 54.868853
29.375866 54.868843
29.376628 54.868385
29.377407 54.868376
29.378169 54.867918
29.379726 54.8679
29.379758 54.868798
29.380552 54.869237
29.380568 54.869686
29.381362 54.870126
29.381378 54.870575
29.38141 54.871473
29.380648 54.871931
29.379885 54.872389
29.379901 54.872838
29.381474 54.873268
29.381506 54.874166
29.381522 54.874615
29.381538 54.875064
29.382332 54.875504
29.382348 54.875953
29.383159 54.876841
29.383174 54.87729
29.38319 54.877739
29.383985 54.878179
29.384001 54.878628
29.384033 54.879526
29.384049 54.879975
29.384843 54.880414
29.384859 54.880863
29.384875 54.881312
29.384907 54.88221
29.385686 54.882201
29.387243 54.882182
29.388006 54.881724
29.388784 54.881715
29.389563 54.881706
29.39031 54.880799
29.390293 54.88035
29.390278 54.879901
29.390261 54.879452
29.389467 54.879012
29.389435 54.878114
29.389419 54.877665
29.390181 54.877207
29.39096 54.877198
29.391722 54.87674
29.391706 54.876291
29.390912 54.875851
29.390896 54.875402
29.390085 54.874514
29.390069 54.874065
29.389275 54.873625
29.389258 54.873176
29.388448 54.872288
29.387654 54.871848
29.386875 54.871857
29.386097 54.871866
29.385302 54.871427
29.384508 54.870987
29.38527 54.870529
29.386049 54.87052
29.386811 54.870062
29.387589 54.870052
29.38913 54.869585
29.389909 54.869576
29.390671 54.869117
29.391449 54.869108
29.392212 54.86865
29.393769 54.868632
29.393752 54.868183
BRUSH(1,0)
REGION 1
47
29.578428 54.871232
29.57765 54.871242
29.576871 54.871253
29.576093 54.871263
29.575333 54.871723
29.573776 54.871744
29.572998 54.871754
29.572237 54.872213
29.571495 54.873121
29.571513 54.87357
29.571531 54.874019
29.571549 54.874468
29.571567 54.874917
29.572382 54.875804
29.573178 54.876243
29.573975 54.876681
29.574771 54.87712
29.576346 54.877548
29.577143 54.877986
29.57794 54.878424
29.578736 54.878863
29.579533 54.879301
29.580312 54.879291
29.58109 54.87928
29.582647 54.879259
29.583407 54.8788
29.584186 54.87879
29.584946 54.87833
29.586503 54.878309
29.587263 54.87785
29.587245 54.877401
29.587227 54.876952
29.58643 54.876514
29.585633 54.876075
29.584837 54.875637
29.583262 54.875209
29.583225 54.874311
29.582429 54.873873
29.582411 54.873424
29.582392 54.872975
29.582374 54.872526
29.582338 54.871629
29.581541 54.87119
29.580763 54.871201
29.579985 54.871211
29.579206 54.871222
29.578428 54.871232
BRUSH(1,0)
REGION 1
9
27.703699 54.656019
27.69904 54.657806
27.688165 54.662274
27.687609 54.662913
27.694623 54.6647
27.695902 54.664087
27.701347 54.660505
27.70368 54.659163
27.703699 54.656019
BRUSH(1,0)
REGION 1
17
28.966635 54.666825
28.966556 54.663682
28.966533 54.662784
28.966522 54.662335
28.962638 54.661919
28.959529 54.661495
28.957902 54.658365
28.958598 54.655216
28.957791 54.653875
28.953155 54.654363
28.952392 54.654818
28.953277 54.659302
28.953388 54.663792
28.953421 54.665139
28.961167 54.665075
28.96504 54.665042
28.966635 54.666825
BRUSH(1,0)
REGION 1
16
28.867567 54.602943
28.860606 54.602996
28.857512 54.603019
28.856818 54.606617
28.856858 54.608413
28.864604 54.608804
28.873103 54.608291
28.875434 54.608722
28.875408 54.607555
28.873093 54.607841
28.869224 54.607872
28.867668 54.607433
28.867647 54.606537
28.866863 54.606091
28.866813 54.603848
28.867567 54.602943
BRUSH(1,0)
REGION 1
12
29.362346 54.593244
29.359362 54.596422
29.353285 54.599637
29.373085 54.612879
29.384167 54.619935
29.386425 54.618111
29.387072 54.614511
29.387008 54.612715
29.385398 54.610938
29.384451 54.606008
29.385161 54.604204
29.362346 54.593244
BRUSH(1,0)
REGION 1
11
29.916895 54.560801
29.903037 54.561923
29.887032 54.566672
29.888747 54.570238
29.889541 54.570674
29.894133 54.569702
29.895571 54.567433
29.907822 54.56499
29.910975 54.566286
29.919277 54.562109
29.916895 54.560801
BRUSH(1,0)
REGION 1
7
29.67134 54.52906
29.671753 54.520521
29.658617 54.520258
29.660404 54.526072
29.659763 54.529224
29.660516 54.528765
29.67134 54.52906
BRUSH(1,0)
REGION 1
14
29.466676 54.549314
29.478428 54.553658
29.482357 54.555405
29.486991 54.555346
29.488536 54.555326
29.488485 54.55398
29.486805 54.550408
29.48521 54.549081
29.480526 54.547793
29.478915 54.546016
29.478076 54.544231
29.475726 54.543362
29.470421 54.546124
29.466676 54.549314
BRUSH(1,0)
REGION 1
34
29.659545 54.487009
29.658887 54.489713
29.659055 54.493753
29.659204 54.497344
29.656269 54.500978
29.655591 54.503233
29.656475 54.505916
29.658883 54.508127
29.661987 54.508533
29.667368 54.508007
29.672034 54.508839
29.676719 54.51012
29.683908 54.515856
29.687185 54.5203
29.689481 54.519818
29.690138 54.517114
29.691643 54.516194
29.697005 54.515218
29.697738 54.514309
29.69689 54.512525
29.697623 54.511616
29.702985 54.510641
29.702966 54.510192
29.689899 54.493313
29.687433 54.489755
29.683313 54.483526
29.680848 54.479968
29.678536 54.480002
29.678593 54.481348
29.67786 54.482257
29.670207 54.483713
29.667913 54.484195
29.663344 54.485607
29.659545 54.487009
BRUSH(1,0)
REGION 1
13
29.852902 54.414503
29.852361 54.419452
29.852402 54.42035
29.860931 54.421563
29.865549 54.42149
29.872455 54.420931
29.873161 54.419573
29.871601 54.419148
29.867732 54.418761
29.865361 54.417451
29.860597 54.414382
29.857498 54.413982
29.852902 54.414503
BRUSH(1,0)
REGION 1
15
29.497286 54.561952
29.499621 54.562371
29.503466 54.561873
29.508135 54.562711
29.510436 54.562232
29.516478 54.558561
29.517216 54.557653
29.514092 54.556795
29.505578 54.556456
29.503227 54.555588
29.497736 54.553413
29.495402 54.552993
29.495419 54.553442
29.497235 54.560605
29.497286 54.561952
BRUSH(1,0)
REGION 1
23
30.014752 55.314605
30.015562 55.315041
30.018732 55.315436
30.019637 55.317666
30.020494 55.318999
30.023665 55.319394
30.027623 55.319776
30.03151 55.318811
30.034516 55.316065
30.037568 55.314216
30.038307 55.313305
30.035782 55.310205
30.032729 55.312053
30.029606 55.312556
30.024838 55.311739
30.021645 55.310895
30.020025 55.310025
30.020717 55.308217
30.019121 55.307794
30.015257 55.309208
30.013708 55.309683
30.013731 55.310132
30.014752 55.314605
BRUSH(1,0)
REGION 1
24
30.83657 55.277223
30.841807 55.273506
30.848384 55.266612
30.8528 55.262464
30.847206 55.26125
30.840859 55.260502
30.829606 55.257176
30.817603 55.254315
30.809623 55.252706
30.808838 55.252725
30.802191 55.25872
30.794069 55.266097
30.795736 55.267405
30.798974 55.268677
30.804665 55.271239
30.810357 55.2738
30.811895 55.273315
30.813337 55.271484
30.814122 55.271466
30.819782 55.273578
30.825443 55.27569
30.830156 55.275579
30.83333 55.275953
30.83657 55.277223
BRUSH(1,0)
REGION 1
39
30.106311 55.072289
30.107754 55.070017
30.109954 55.067284
30.109857 55.065489
30.107366 55.062838
30.107269 55.061044
30.109469 55.05831
30.109373 55.056515
30.107688 55.054299
30.103095 55.056177
30.099969 55.056233
30.09137 55.056385
30.089049 55.056875
30.085237 55.058738
30.07801 55.055272
30.075618 55.054416
30.073344 55.055803
30.06882 55.059026
30.065836 55.061773
30.06913 55.064859
30.071594 55.067062
30.073206 55.067932
30.077945 55.068747
30.07958 55.070066
30.081144 55.070038
30.081096 55.069141
30.084862 55.06638
30.087966 55.065876
30.09173 55.063115
30.094028 55.062176
30.096397 55.062584
30.096518 55.064827
30.099693 55.065669
30.100572 55.06745
30.10062 55.068348
30.10145 55.069231
30.100765 55.07104
30.102353 55.071461
30.106311 55.072289
BRUSH(1,0)
REGION 1
21
30.438418 54.950056
30.442009 54.945042
30.43956 54.943295
30.437946 54.94243
30.437139 54.941998
30.437862 54.941085
30.438642 54.941069
30.439393 54.940604
30.438447 54.937928
30.436055 54.937079
30.432938 54.937143
30.431435 54.938072
30.430739 54.939434
30.427705 54.940843
30.427761 54.94174
30.429429 54.943503
30.435858 54.946516
30.435969 54.94831
30.435245 54.949223
30.436859 54.950088
30.438418 54.950056
BRUSH(1,0)
REGION 1
21
30.880773 55.055169
30.88139 55.052908
30.884317 55.050142
30.883405 55.048367
30.877026 55.046725
30.876927 55.045379
30.87761 55.044015
30.875202 55.043175
30.872826 55.042783
30.870451 55.042391
30.869637 55.041961
30.863848 55.048389
30.863913 55.049286
30.867102 55.050108
30.870975 55.049566
30.872537 55.049528
30.874945 55.050368
30.875043 55.051713
30.87589 55.052591
30.87908 55.053413
30.880773 55.055169
BRUSH(1,0)
REGION 1
40
30.684556 54.770926
30.688375 54.769941
30.68912 54.769475
30.685684 54.764612
30.685653 54.764163
30.690186 54.762264
30.69782 54.760294
30.700116 54.759793
30.700831 54.758878
30.70074 54.757533
30.702168 54.755704
30.695539 54.749565
30.693928 54.748704
30.692317 54.747842
30.690644 54.746083
30.688228 54.74479
30.685751 54.7426
30.683364 54.741756
30.679609 54.743637
30.675078 54.745536
30.673558 54.746019
30.663629 54.748488
30.660468 54.74766
30.650984 54.745177
30.646213 54.743487
30.645438 54.743504
30.643947 54.744435
30.645677 54.747092
30.645796 54.748886
30.643559 54.750283
30.648451 54.753768
30.650001 54.753733
30.653819 54.75275
30.658382 54.7513
30.660768 54.752145
30.673092 54.7622
30.67554 54.763942
30.678612 54.763423
30.680224 54.764285
30.684556 54.770926
BRUSH(1,0)
REGION 1
8
30.732226 54.752322
30.739794 54.749453
30.734028 54.744644
30.727488 54.739853
30.72141 54.741789
30.723981 54.745324
30.730552 54.750563
30.732226 54.752322
BRUSH(1,0)
REGION 1
33
30.878422 54.701259
30.864452 54.701147
30.863775 54.702511
30.771374 54.701106
30.770942 54.706058
30.772554 54.706918
30.774877 54.706864
30.777201 54.70681
30.781785 54.705805
30.785626 54.705265
30.787112 54.704332
30.796405 54.704114
30.804987 54.70481
30.809728 54.706046
30.815338 54.708609
30.817662 54.708554
30.819954 54.70805
30.819922 54.707602
30.821471 54.707565
30.822956 54.706631
30.826022 54.706109
30.829894 54.706017
30.839283 54.707141
30.848608 54.707367
30.850093 54.706433
30.854675 54.705425
30.860934 54.706173
30.864096 54.706996
30.865677 54.707407
30.875777 54.707612
30.878068 54.707108
30.878778 54.706192
30.878422 54.701259
BRUSH(1,0)
REGION 1
14
30.641268 54.704069
30.641387 54.705863
30.641446 54.70676
30.64377 54.706708
30.646153 54.707553
30.649937 54.706122
30.653065 54.706501
30.653005 54.705604
30.649728 54.702982
30.648924 54.702551
30.646749 54.704845
30.64523 54.705328
30.642817 54.704034
30.641268 54.704069
BRUSH(1,0)
REGION 1
18
30.603763 54.676149
30.60109 54.670817
30.597221 54.670902
30.592723 54.673246
30.588166 54.674693
30.583407 54.673
30.581829 54.672585
30.574922 54.673633
30.570336 54.674631
30.566494 54.675163
30.565004 54.676094
30.565894 54.677872
30.568331 54.679616
30.576759 54.678085
30.588312 54.676936
30.592927 54.676386
30.596797 54.676301
30.603763 54.676149
BRUSH(1,0)
REGION 1
11
30.528003 54.556957
30.529489 54.556027
30.531805 54.555977
30.531776 54.555529
30.530176 54.554665
30.527833 54.554265
30.524802 54.555228
30.524887 54.556574
30.525715 54.557455
30.527259 54.557422
30.528003 54.556957
BRUSH(1,0)
REGION 1
10
30.107723 54.456936
30.098551 54.458447
30.096264 54.458937
30.095564 54.460297
30.096405 54.46163
30.100279 54.46201
30.107118 54.460091
30.108611 54.459166
30.107746 54.457385
30.107723 54.456936
BRUSH(1,0)
REGION 1
9
30.640339 54.43188
30.638682 54.43012
30.637114 54.429706
30.635605 54.430189
30.635693 54.431535
30.63732 54.432846
30.638119 54.433277
30.639599 54.432346
30.640339 54.43188
BRUSH(1,0)
REGION 1
10
30.035089 54.438448
30.031987 54.438052
30.027345 54.437683
30.026598 54.438145
30.026643 54.439043
30.031354 54.440758
30.032893 54.440732
30.034388 54.439807
30.035112 54.438897
30.035089 54.438448
BRUSH(1,0)
REGION 1
8
30.279533 54.30552
30.280225 54.304159
30.279432 54.303725
30.277872 54.303306
30.277181 54.304667
30.277232 54.305565
30.278024 54.305998
30.279533 54.30552
BRUSH(1,0)
REGION 1
138
27.970393 56.059214
27.971997 56.057866
27.972799 56.056968
27.972798 56.056519
27.971995 56.05607
27.971995 56.055621
27.971192 56.055172
27.971191 56.054274
27.970388 56.053825
27.970388 56.053376
27.969585 56.052928
27.969585 56.052479
27.969584 56.051581
27.968781 56.051132
27.968781 56.050683
27.967978 56.050234
27.967977 56.049785
27.967174 56.048887
27.967174 56.048438
27.966371 56.047989
27.965569 56.04754
27.965568 56.047091
27.964765 56.046193
27.964765 56.045744
27.963962 56.045295
27.963962 56.044846
27.963962 56.044397
27.963159 56.043499
27.963158 56.04305
27.962356 56.042602
27.962356 56.042153
27.961553 56.041704
27.961552 56.040806
27.961552 56.040357
27.962354 56.039907
27.963156 56.039458
27.963958 56.039009
27.964759 56.03856
27.965562 56.039008
27.966364 56.039457
27.967969 56.039906
27.968772 56.040355
27.969574 56.040804
27.970377 56.041252
27.971179 56.041701
27.972784 56.041701
27.973585 56.041251
27.973585 56.040802
27.974386 56.040353
27.975188 56.039904
27.97599 56.039005
27.976791 56.038556
27.976791 56.038107
27.977592 56.037658
27.978394 56.037209
27.979196 56.037208
27.979998 56.037208
27.9808 56.037208
27.981603 56.037656
27.983207 56.037656
27.984009 56.037655
27.984811 56.037655
27.985613 56.037206
27.985612 56.036757
27.985612 56.036308
27.986413 56.035858
27.986412 56.03496
27.986411 56.034511
27.987213 56.034062
27.987212 56.033613
27.986409 56.033164
27.985607 56.033164
27.984805 56.032716
27.983201 56.032716
27.982399 56.032717
27.981597 56.032717
27.980794 56.032268
27.979992 56.032268
27.979191 56.033167
27.97839 56.033616
27.97839 56.034065
27.977589 56.034515
27.976787 56.034964
27.976788 56.035862
27.975185 56.036311
27.974382 56.036312
27.97358 56.035863
27.972777 56.035414
27.971975 56.034965
27.971172 56.034517
27.968768 56.035864
27.967966 56.036314
27.963954 56.034519
27.960745 56.033621
27.959943 56.033172
27.959141 56.033622
27.957538 56.034969
27.955934 56.035418
27.960748 56.037663
27.96155 56.038111
27.960749 56.039459
27.957541 56.039459
27.95353 56.03946
27.951926 56.03946
27.951124 56.040358
27.951926 56.040807
27.953531 56.041256
27.954333 56.041705
27.955136 56.042154
27.955938 56.043052
27.956741 56.043501
27.957543 56.04395
27.958346 56.044399
27.959148 56.044847
27.959951 56.045296
27.960754 56.046194
27.961556 56.046643
27.962359 56.047092
27.963162 56.047541
27.963964 56.04799
27.963965 56.048888
27.964768 56.049337
27.964768 56.049786
27.964768 56.050235
27.965571 56.050683
27.965572 56.051582
27.966375 56.05203
27.966375 56.052479
27.966375 56.052928
27.966376 56.053377
27.966376 56.054276
27.965574 56.054725
27.965575 56.055174
27.964773 56.055623
27.963971 56.056072
27.967985 56.057867
27.969591 56.058765
27.970393 56.059214
BRUSH(1,0)
REGION 1
19
30.743137 53.214375
30.733074 53.214935
30.717659 53.217133
30.711783 53.218861
30.70336 53.221844
30.695091 53.221725
30.689783 53.218243
30.685141 53.220936
30.690821 53.225494
30.696882 53.225655
30.70302 53.225121
30.709009 53.222652
30.713837 53.221554
30.713091 53.220699
30.715037 53.220051
30.716308 53.220993
30.727161 53.217987
30.743959 53.217274
30.743137 53.214375
BRUSH(1,0)
REGION 1
16
30.292042 53.17725
30.284914 53.194965
30.282934 53.198738
30.296024 53.200398
30.297665 53.196243
30.298487 53.194626
30.299271 53.193008
30.300539 53.19112
30.301174 53.189774
30.302967 53.188156
30.303938 53.187347
30.304907 53.184921
30.304869 53.184406
30.292458 53.18259
30.294136 53.179245
30.292042 53.17725
BRUSH(1,0)
REGION 1
21
29.830832 53.174725
29.830383 53.174747
29.828407 53.177128
29.828793 53.182785
29.828869 53.184113
29.829321 53.185188
29.829769 53.185299
29.830217 53.185165
29.830475 53.183033
29.831184 53.182583
29.832977 53.182289
29.835707 53.182468
29.836004 53.182198
29.834583 53.181164
29.834169 53.180359
29.832821 53.179302
29.830311 53.176342
29.830572 53.1758
29.831469 53.175533
29.831131 53.174992
29.830832 53.174725
BRUSH(1,0)
REGION 1
47
30.150131 53.132706
30.150019 53.132793
30.148628 53.136787
30.148216 53.13699
30.135662 53.140461
30.12927 53.14254
30.125389 53.141819
30.128605 53.140049
30.128986 53.137623
30.129284 53.137512
30.134892 53.135227
30.132172 53.133587
30.131872 53.133675
30.126673 53.136837
30.125219 53.135777
30.123877 53.135666
30.123428 53.135887
30.12249 53.136944
30.121593 53.137142
30.121182 53.137684
30.121182 53.137951
30.121401 53.13903
30.12035 53.141186
30.119787 53.141724
30.118891 53.141903
30.116651 53.14127
30.115309 53.140751
30.111729 53.139828
30.110832 53.139442
30.109039 53.139957
30.1059 53.140854
30.104778 53.141167
30.101976 53.141296
30.102049 53.142128
30.105185 53.142086
30.111456 53.143036
30.11265 53.14333
30.112047 53.144768
30.121491 53.146374
30.123732 53.14653
30.134937 53.145668
30.135647 53.145622
30.145702 53.14222
30.154596 53.139198
30.153442 53.137871
30.155205 53.134125
30.150131 53.132706
BRUSH(1,0)
REGION 1
38
30.52706 53.115459
30.525864 53.115795
30.523922 53.115948
30.520596 53.116638
30.518765 53.11697
30.513195 53.118443
30.507174 53.120407
30.5031 53.121429
30.502762 53.1217
30.504459 53.125027
30.506016 53.127163
30.506607 53.128197
30.506682 53.128334
30.507277 53.128536
30.507873 53.128628
30.50847 53.128605
30.509337 53.127327
30.509827 53.126587
30.510578 53.12587
30.511177 53.125603
30.511774 53.125603
30.513302 53.126011
30.515093 53.12624
30.519318 53.125259
30.522457 53.124321
30.523056 53.1241
30.523319 53.123783
30.522949 53.123066
30.522877 53.122707
30.523027 53.122349
30.524002 53.121765
30.524599 53.121632
30.526388 53.122196
30.526985 53.122219
30.527447 53.119885
30.52754 53.116203
30.527432 53.115643
30.52706 53.115459
BRUSH(1,0)
REGION 1
14
30.053078 53.097416
30.046398 53.097744
30.046782 53.103539
30.04361 53.103577
30.043423 53.103531
30.043135 53.101688
30.03985 53.101864
30.040981 53.107075
30.052536 53.109566
30.058809 53.108765
30.057562 53.103935
30.057562 53.103847
30.053114 53.097778
30.053078 53.097416
BRUSH(1,0)
REGION 1
6
30.457871 53.095951
30.45433 53.096874
30.459482 53.105648
30.462683 53.103779
30.4599 53.099316
30.457871 53.095951
BRUSH(1,0)
REGION 1
12
29.925415 53.074612
29.924967 53.074703
29.924452 53.07605
29.924828 53.077126
29.925427 53.077667
29.926769 53.077415
29.927029 53.077148
29.926576 53.07634
29.926539 53.075958
29.926498 53.07515
29.925863 53.074722
29.925415 53.074612
BRUSH(1,0)
REGION 1
9
29.66807 53.073795
29.66736 53.074177
29.66721 53.075054
29.667469 53.075863
29.668289 53.076244
29.668997 53.075886
29.668999 53.074806
29.668516 53.073997
29.66807 53.073795
BRUSH(1,0)
REGION 1
5
30.019323 53.068886
30.017477 53.072475
30.021648 53.073334
30.02372 53.069431
30.019323 53.068886
BRUSH(1,0)
REGION 1
8
31.278181 53.06353
31.277735 53.063553
31.277435 53.06382
31.277735 53.064362
31.278667 53.064674
31.279375 53.064339
31.279114 53.063843
31.278181 53.06353
BRUSH(1,0)
REGION 1
12
29.864256 53.056297
29.863808 53.056343
29.863584 53.056614
29.864071 53.057152
29.863514 53.057961
29.863701 53.058231
29.864595 53.058273
29.86549 53.058002
29.865563 53.057465
29.865412 53.056927
29.865599 53.056587
29.864256 53.056297
BRUSH(1,0)
REGION 1
11
30.2136 53.053478
30.213041 53.054016
30.21319 53.054512
30.213711 53.05505
30.215053 53.055275
30.2155 53.055275
30.215948 53.055096
30.21591 53.054558
30.215389 53.054016
30.214495 53.053547
30.2136 53.053478
BRUSH(1,0)
REGION 1
21
30.318769 53.028515
30.313154 53.03537
30.309876 53.034493
30.308161 53.034336
30.303326 53.040199
30.300537 53.044491
30.319136 53.048389
30.324825 53.041359
30.326876 53.041939
30.326874 53.041672
30.32691 53.040863
30.327021 53.040054
30.328171 53.036819
30.329134 53.033855
30.329132 53.033585
30.328236 53.031158
30.327339 53.030758
30.323807 53.034283
30.320192 53.033165
30.322607 53.029591
30.318769 53.028515
BRUSH(1,0)
REGION 1
9
29.948135 53.029243
29.947689 53.029289
29.947578 53.029827
29.948364 53.030636
29.949259 53.030834
29.950003 53.030498
29.949888 53.029957
29.949478 53.029781
29.948135 53.029243
BRUSH(1,0)
REGION 1
40
30.348537 52.998009
30.348284 53.000065
30.34828 53.000065
30.347465 53.001526
30.345196 53.00209
30.342999 53.001419
30.337837 53.008472
30.332773 53.007442
30.326223 53.00956
30.323696 53.011715
30.321987 53.013874
30.319014 53.018185
30.322741 53.019306
30.319803 53.022991
30.3223 53.02391
30.324348 53.023148
30.325798 53.021507
30.329226 53.022358
30.326065 53.025951
30.326214 53.025928
30.330797 53.026936
30.337931 53.018265
30.339899 53.015095
30.339485 53.013477
30.339819 53.012669
30.340748 53.01186
30.342535 53.011456
30.343204 53.01096
30.344095 53.009884
30.348179 53.004196
30.357941 53.00803
30.358791 53.005875
30.354174 53.005135
30.354841 53.003899
30.355732 53.002663
30.355768 53.002552
30.353907 53.000069
30.353939 53.000069
30.353304 52.998768
30.348537 52.998009
BRUSH(1,0)
REGION 1
9
30.196812 53.009369
30.191597 53.012108
30.19717 53.021496
30.201193 53.020733
30.199222 53.017162
30.197662 53.014019
30.200008 53.013481
30.198599 53.010246
30.196812 53.009369
BRUSH(1,0)
REGION 1
7
30.884592 52.987621
30.878716 52.989109
30.872763 52.989723
30.875149 52.991516
30.883713 52.99234
30.887873 52.989304
30.884592 52.987621
BRUSH(1,0)
REGION 1
5
30.895447 52.983139
30.888977 52.98555
30.891291 52.986965
30.897015 52.984982
30.895447 52.983139
BRUSH(1,0)
REGION 1
32
29.784071 52.976948
29.78184 52.977467
29.774179 52.980926
29.774143 52.981556
29.774814 52.98317
29.775635 52.984787
29.775635 52.98481
29.774443 52.985104
29.773775 52.985573
29.773849 52.986115
29.774593 52.986519
29.775932 52.986473
29.779059 52.985954
29.780397 52.986065
29.781774 52.986561
29.782185 52.986805
29.783337 52.986198
29.788246 52.98465
29.793156 52.983189
29.794346 52.982918
29.794569 52.982399
29.794308 52.981861
29.793562 52.981502
29.792669 52.981636
29.792225 52.981861
29.79133 52.981594
29.791069 52.981098
29.790995 52.981033
29.790028 52.981213
29.788017 52.978989
29.78541 52.97715
29.784071 52.976948
BRUSH(1,0)
REGION 1
7
30.866396 52.97414
30.862827 52.975403
30.863798 52.976704
30.86536 52.976479
30.867376 52.978901
30.871021 52.978718
30.866396 52.97414
BRUSH(1,0)
REGION 1
6
30.850382 52.966698
30.839304 52.970547
30.842136 52.973488
30.849274 52.970539
30.851726 52.969639
30.850382 52.966698
BRUSH(1,0)
REGION 1
9
30.757422 52.966282
30.755636 52.968777
30.754446 52.969627
30.754893 52.970303
30.762556 52.971493
30.762108 52.969204
30.760471 52.967339
30.758537 52.966461
30.757422 52.966282
BRUSH(1,0)
REGION 1
10
30.640182 52.963821
30.639065 52.963932
30.638321 52.964333
30.638319 52.964874
30.639284 52.965591
30.640623 52.965683
30.641962 52.96537
30.642448 52.964561
30.641966 52.964046
30.640182 52.963821
BRUSH(1,0)
REGION 1
10
30.451252 52.935974
30.422255 52.953846
30.42885 52.957565
30.422619 52.961731
30.42713 52.964462
30.433624 52.960724
30.436279 52.955646
30.432701 52.953316
30.454794 52.938324
30.451252 52.935974
BRUSH(1,0)
REGION 1
11
29.761774 52.947807
29.760548 52.948616
29.756794 52.952007
29.757276 52.952343
29.763525 52.954815
29.768137 52.956585
29.771109 52.954563
29.768692 52.953579
29.771032 52.951332
29.76486 52.948864
29.761774 52.947807
BRUSH(1,0)
REGION 1
11
30.77701 52.932816
30.772402 52.936523
30.772327 52.937264
30.769056 52.937626
30.769281 52.94014
30.776196 52.939667
30.775673 52.937286
30.777235 52.935581
30.779612 52.933739
30.777903 52.933289
30.77701 52.932816
BRUSH(1,0)
REGION 1
7
30.525641 52.926121
30.517019 52.926373
30.514034 52.928455
30.516464 52.932369
30.517727 52.932732
30.527792 52.927094
30.525641 52.926121
BRUSH(1,0)
REGION 1
16
30.54455 52.912235
30.540983 52.912292
30.537705 52.914265
30.534882 52.914101
30.533693 52.914211
30.532871 52.914864
30.524437 52.915092
30.525095 52.917183
30.52516 52.91898
30.536493 52.918552
30.537165 52.918304
30.537985 52.917477
30.54223 52.91571
30.543043 52.916454
30.548481 52.913677
30.54455 52.912235
BRUSH(1,0)
REGION 1
5
30.434076 52.907974
30.42977 52.908157
30.430344 52.912514
30.434208 52.912621
30.434076 52.907974
BRUSH(1,0)
REGION 1
14
29.687435 52.878792
29.686653 52.880386
29.683006 52.88739
29.683638 52.887501
29.687534 52.888382
29.690207 52.888336
29.692434 52.888359
29.692879 52.888317
29.694256 52.88652
29.695669 52.883511
29.696598 52.881691
29.689474 52.87933
29.687656 52.878815
29.687435 52.878792
BRUSH(1,0)
REGION 1
63
31.22922 52.880604
31.228737 52.880695
31.228291 52.880695
31.227846 52.880672
31.2274 52.880695
31.226955 52.880718
31.226509 52.880806
31.226063 52.880985
31.225654 52.881256
31.225208 52.881458
31.224764 52.88166
31.224317 52.881886
31.223871 52.882107
31.223427 52.882355
31.223055 52.882626
31.222647 52.882893
31.2222 52.883141
31.221903 52.883411
31.222275 52.883682
31.222534 52.883949
31.222794 52.88422
31.223053 52.88451
31.22335 52.884781
31.223684 52.885052
31.223944 52.885319
31.224241 52.88559
31.224611 52.88586
31.225058 52.886063
31.225429 52.886333
31.225725 52.8866
31.226059 52.886871
31.226393 52.887142
31.22669 52.887409
31.227137 52.887611
31.227581 52.887432
31.227991 52.887165
31.228399 52.886894
31.228845 52.886669
31.229216 52.886398
31.229662 52.886154
31.229772 52.885883
31.229439 52.885613
31.229031 52.88541
31.228622 52.885143
31.228214 52.884872
31.22777 52.88467
31.227362 52.884399
31.226952 52.88411
31.226618 52.883839
31.226174 52.883614
31.225876 52.883343
31.226137 52.883076
31.226581 52.882874
31.227028 52.882694
31.227474 52.882492
31.227918 52.88229
31.228365 52.882088
31.228809 52.881886
31.229256 52.881683
31.22959 52.881412
31.229702 52.881145
31.229443 52.880875
31.22922 52.880604
BRUSH(1,0)
REGION 1
12
30.988756 52.881813
30.98831 52.881836
30.98809 52.882374
30.988247 52.883881
30.989586 52.884193
30.991368 52.884144
30.993109 52.883533
30.993849 52.88306
30.993921 52.88279
30.993177 52.882477
30.990986 52.882416
30.988756 52.881813
BRUSH(1,0)
REGION 1
87
31.200931 52.877655
31.198704 52.877876
31.198519 52.877899
31.198406 52.877899
31.197962 52.877968
31.197515 52.878147
31.197144 52.878414
31.196772 52.878685
31.196327 52.878933
31.195917 52.8792
31.195545 52.879471
31.195101 52.879696
31.194654 52.879852
31.194208 52.87994
31.193764 52.880032
31.193317 52.880096
31.192871 52.880188
31.192427 52.880299
31.19198 52.880413
31.191536 52.880478
31.19109 52.880569
31.190643 52.880634
31.190199 52.880703
31.189753 52.880749
31.189306 52.880814
31.188862 52.880859
31.188416 52.880905
31.187969 52.880947
31.187525 52.881016
31.187079 52.881107
31.186634 52.881149
31.186188 52.881195
31.185742 52.881264
31.185297 52.881329
31.184851 52.881374
31.184776 52.881641
31.184851 52.881912
31.184923 52.882183
31.184961 52.88245
31.184997 52.882721
31.18507 52.882992
31.185183 52.883259
31.185627 52.883194
31.186073 52.88306
31.18652 52.882946
31.186964 52.882835
31.18741 52.882744
31.187857 52.882656
31.188301 52.882564
31.188747 52.8825
31.189194 52.882408
31.189638 52.882298
31.190084 52.882206
31.190531 52.882118
31.190975 52.882027
31.191422 52.881962
31.191868 52.881847
31.192312 52.881714
31.192759 52.881603
31.193205 52.881512
31.193649 52.881401
31.194096 52.88131
31.194468 52.881493
31.194912 52.881424
31.195358 52.881313
31.195805 52.881268
31.196249 52.881199
31.196695 52.881111
31.19714 52.881043
31.197586 52.880955
31.198032 52.880863
31.198477 52.88073
31.198923 52.880619
31.199369 52.880482
31.199814 52.88028
31.20026 52.880123
31.200706 52.880013
31.201151 52.879921
31.201597 52.879833
31.202043 52.879765
31.202488 52.879677
31.202934 52.879608
31.205608 52.879116
31.205831 52.878578
31.205385 52.878376
31.20405 52.878262
31.200931 52.877655
BRUSH(1,0)
REGION 1
73
31.366764 52.875568
31.36632 52.875614
31.36606 52.875881
31.365912 52.876152
31.365728 52.876423
31.365618 52.87669
31.365469 52.876961
31.365322 52.877232
31.365173 52.877499
31.365063 52.877769
31.364952 52.87804
31.364916 52.878307
31.364805 52.878578
31.364695 52.878849
31.364546 52.87912
31.364399 52.879387
31.364325 52.879658
31.364437 52.879929
31.364883 52.880173
31.36533 52.880398
31.365776 52.880577
31.36622 52.880779
31.366667 52.880913
31.367113 52.881092
31.36756 52.881248
31.368006 52.881359
31.36845 52.881496
31.368897 52.881607
31.369343 52.881718
31.369789 52.881832
31.370234 52.881897
31.37068 52.881966
31.371126 52.882031
31.371571 52.882053
31.372017 52.88192
31.372461 52.881737
31.372906 52.881557
31.373165 52.881287
31.373276 52.88102
31.373238 52.880749
31.373202 52.880482
31.373238 52.880211
31.37331 52.87994
31.373421 52.879669
31.373569 52.879402
31.373754 52.879154
31.373604 52.878883
31.373715 52.878616
31.373825 52.878345
31.3739 52.878075
31.37401 52.877808
31.374085 52.877537
31.374195 52.877266
31.374231 52.876999
31.374342 52.876728
31.374378 52.876457
31.373932 52.876213
31.373486 52.876167
31.373039 52.876076
31.372595 52.876057
31.372112 52.876034
31.371666 52.876011
31.37122 52.875946
31.370775 52.8759
31.370329 52.8759
31.369884 52.875877
31.369438 52.875813
31.368992 52.875721
31.368547 52.875679
31.368101 52.875679
31.367657 52.875633
31.36721 52.875587
31.366764 52.875568
BRUSH(1,0)
REGION 1
74
31.253761 52.871487
31.253315 52.871647
31.25287 52.87178
31.252424 52.87196
31.251978 52.872185
31.251533 52.872387
31.251087 52.872543
31.250643 52.872658
31.250196 52.872814
31.249752 52.872971
31.249306 52.873127
31.248861 52.873306
31.248415 52.873466
31.24797 52.873646
31.247524 52.873848
31.247078 52.874027
31.246633 52.874184
31.246187 52.87434
31.245743 52.874496
31.245296 52.874657
31.244852 52.874836
31.244406 52.874992
31.244331 52.875263
31.244442 52.87553
31.244591 52.875801
31.244739 52.876072
31.244888 52.876339
31.245037 52.87661
31.245186 52.876877
31.245407 52.877148
31.24563 52.877418
31.245853 52.877686
31.246077 52.877956
31.246262 52.878227
31.246447 52.878494
31.246706 52.878765
31.247152 52.878632
31.247599 52.878563
31.248043 52.878452
31.248489 52.878338
31.248934 52.878227
31.24938 52.878136
31.249824 52.878025
31.250271 52.877869
31.250717 52.877689
31.251162 52.877552
31.251608 52.877396
31.252052 52.877193
31.252499 52.877037
31.252943 52.8769
31.253389 52.876766
31.253836 52.876633
31.25428 52.876476
31.254726 52.876274
31.255171 52.876114
31.255617 52.875935
31.256061 52.875732
31.256472 52.875576
31.256061 52.875374
31.255915 52.875103
31.255802 52.874836
31.255766 52.874565
31.255617 52.874294
31.255394 52.874027
31.255245 52.873756
31.255096 52.873486
31.254948 52.873219
31.254837 52.872948
31.254726 52.872681
31.254614 52.87241
31.254503 52.872139
31.254354 52.871872
31.254206 52.871601
31.253761 52.871487
BRUSH(1,0)
REGION 1
28
31.423153 52.874714
31.422707 52.874714
31.422262 52.874783
31.42178 52.874851
31.421333 52.874897
31.420889 52.875008
31.420593 52.875278
31.420519 52.875549
31.420706 52.875816
31.420931 52.876087
31.420857 52.876358
31.420673 52.876625
31.420711 52.876896
31.421045 52.877167
31.421492 52.877277
31.421938 52.877342
31.422382 52.877342
31.422829 52.877274
31.423273 52.877071
31.423643 52.876759
31.423679 52.876488
31.423752 52.876217
31.423677 52.87595
31.423527 52.875679
31.423414 52.875408
31.423563 52.875141
31.423599 52.87487
31.423153 52.874714
BRUSH(1,0)
REGION 1
11
29.218277 52.857487
29.211374 52.859756
29.211485 52.859821
29.212152 52.860542
29.213377 52.861172
29.216494 52.861824
29.216938 52.862068
29.217051 52.862137
29.217051 52.862091
29.220799 52.86097
29.218277 52.857487
BRUSH(1,0)
REGION 1
135
31.425186 52.84441
31.424742 52.844547
31.424482 52.844795
31.424223 52.845085
31.423965 52.845379
31.423632 52.845627
31.423336 52.845894
31.423078 52.846165
31.422819 52.846436
31.422523 52.846706
31.422264 52.846996
31.422007 52.847267
31.421711 52.847538
31.421452 52.847786
31.421194 52.848057
31.421638 52.848278
31.422085 52.848434
31.422531 52.848568
31.422977 52.848747
31.422977 52.848995
31.422793 52.849289
31.422609 52.84956
31.422424 52.849804
31.422239 52.850075
31.422018 52.850369
31.421871 52.850616
31.42165 52.850906
31.42139 52.851154
31.421131 52.851425
31.420874 52.851696
31.42054 52.851963
31.420208 52.852257
31.419949 52.852505
31.419727 52.852795
31.419506 52.853043
31.419285 52.853313
31.4191 52.853584
31.418953 52.853874
31.41873 52.854145
31.418621 52.854416
31.418436 52.854687
31.418325 52.854954
31.418178 52.855225
31.418068 52.855473
31.418032 52.855763
31.417885 52.85601
31.4177 52.856304
31.417515 52.856552
31.417332 52.856819
31.417147 52.857113
31.416925 52.857361
31.41674 52.857651
31.416519 52.857922
31.41626 52.858192
31.416039 52.85844
31.415854 52.85873
31.415669 52.859001
31.415447 52.859272
31.415152 52.859562
31.414818 52.85981
31.414522 52.860104
31.41419 52.860374
31.413969 52.860645
31.413894 52.860889
31.414305 52.86116
31.414749 52.86134
31.415196 52.86145
31.41564 52.861225
31.415751 52.860977
31.415898 52.860687
31.41612 52.860439
31.416342 52.860168
31.416599 52.859898
31.416933 52.859627
31.417229 52.859337
31.417673 52.858955
31.417969 52.858685
31.418265 52.858437
31.418486 52.858166
31.418671 52.857895
31.418817 52.857628
31.418966 52.857334
31.419149 52.857086
31.419334 52.856819
31.419556 52.856548
31.419741 52.856277
31.419926 52.856007
31.420109 52.855717
31.420219 52.855469
31.42033 52.855175
31.420441 52.854908
31.420513 52.854637
31.420624 52.854389
31.420734 52.854099
31.420881 52.853828
31.421028 52.85358
31.421213 52.85331
31.421472 52.853043
31.42173 52.852749
31.4221 52.852501
31.422508 52.85223
31.422953 52.851959
31.423323 52.851715
31.423654 52.851444
31.424025 52.851173
31.424284 52.850903
31.42458 52.850632
31.424839 52.850365
31.425097 52.850094
31.425356 52.849823
31.425726 52.849529
31.42617 52.849487
31.426615 52.849327
31.426874 52.849079
31.427132 52.848812
31.427355 52.848541
31.427576 52.84827
31.427797 52.848
31.428093 52.84771
31.428388 52.847439
31.428646 52.847191
31.428905 52.84692
31.429201 52.846649
31.429497 52.846382
31.429644 52.846111
31.429197 52.845909
31.428789 52.845776
31.428307 52.845596
31.42786 52.84544
31.427416 52.845306
31.42697 52.845127
31.426523 52.844948
31.426077 52.844769
31.42563 52.844543
31.425186 52.84441
BRUSH(1,0)
REGION 1
5
30.008701 52.853973
30.00565 52.855675
30.011968 52.85984
30.014689 52.858028
30.008701 52.853973
BRUSH(1,0)
REGION 1
12
29.232306 52.848461
29.231861 52.848732
29.22522 52.851269
29.227554 52.854435
29.224772 52.855354
29.224957 52.855759
29.226404 52.856972
29.231376 52.85556
29.230078 52.854164
29.229893 52.853649
29.236757 52.851315
29.232306 52.848461
BRUSH(1,0)
REGION 1
14
30.623018 52.849556
30.622383 52.850498
30.624636 52.854362
30.625448 52.855442
30.626858 52.855263
30.629906 52.853672
30.632578 52.853115
30.635694 52.852779
30.638811 52.852898
30.639778 52.852158
30.640078 52.850807
30.639931 52.850269
30.629175 52.84972
30.623018 52.849556
BRUSH(1,0)
REGION 1
12
30.881521 52.840042
30.876848 52.840115
30.875933 52.844292
30.872534 52.849754
30.872387 52.850292
30.8813 52.852909
30.883692 52.846508
30.88588 52.846077
30.886465 52.843403
30.886165 52.842979
30.8813 52.84058
30.881521 52.840042
BRUSH(1,0)
REGION 1
9
30.482416 52.840115
30.473589 52.847317
30.473078 52.849026
30.476572 52.850277
30.480524 52.846924
30.48155 52.84481
30.485134 52.842064
30.485723 52.841187
30.482416 52.840115
BRUSH(1,0)
REGION 1
11
29.220141 52.844643
29.216133 52.845608
29.214798 52.845718
29.213499 52.845966
29.216168 52.849201
29.216168 52.849041
29.216614 52.84911
29.221512 52.847538
29.221733 52.847
29.221327 52.846306
29.220141 52.844643
BRUSH(1,0)
REGION 1
9
30.701521 52.842789
30.694101 52.8442
30.694469 52.846088
30.698402 52.845528
30.698996 52.846226
30.701294 52.846226
30.703077 52.845104
30.704489 52.842903
30.701521 52.842789
BRUSH(1,0)
REGION 1
13
30.698021 52.824932
30.694239 52.826168
30.69809 52.829269
30.700314 52.830437
30.700684 52.831402
30.702684 52.832054
30.703646 52.83437
30.706459 52.838795
30.70735 52.83913
30.713365 52.830421
30.708177 52.827431
30.705284 52.829136
30.698021 52.824932
BRUSH(1,0)
REGION 1
5
30.700474 52.81995
30.697582 52.819969
30.697357 52.823002
30.703585 52.823364
30.700474 52.81995
BRUSH(1,0)
REGION 1
56
31.472835 52.811134
31.472391 52.811268
31.471949 52.811428
31.471504 52.811607
31.47106 52.811768
31.470615 52.81197
31.470173 52.812195
31.469728 52.812397
31.469471 52.812668
31.46936 52.812939
31.469399 52.813206
31.469511 52.813477
31.469662 52.813744
31.469774 52.814014
31.469849 52.814285
31.469925 52.814552
31.469963 52.814823
31.470001 52.81509
31.470039 52.815384
31.470041 52.815655
31.470079 52.815922
31.470043 52.816193
31.470045 52.816463
31.470009 52.81673
31.470011 52.817001
31.469938 52.817272
31.46994 52.817539
31.470089 52.81781
31.470535 52.817944
31.470867 52.817673
31.471163 52.817402
31.47142 52.817135
31.471605 52.816864
31.471788 52.816593
31.471935 52.816322
31.47212 52.816055
31.472303 52.815784
31.472487 52.815514
31.472708 52.815243
31.472893 52.814953
31.473076 52.814682
31.473297 52.814411
31.473518 52.81414
31.473814 52.813873
31.474035 52.813602
31.474256 52.813332
31.47444 52.813061
31.474587 52.812794
31.474512 52.812679
31.47403 52.812523
31.473768 52.812256
31.473581 52.811985
31.473507 52.811718
31.473467 52.811447
31.473282 52.811176
31.472835 52.811134
BRUSH(1,0)
REGION 1
13
30.692825 52.802876
30.694521 52.808784
30.688848 52.809769
30.689438 52.812756
30.689882 52.812553
30.694405 52.81213
30.694925 52.811703
30.695074 52.811211
30.694816 52.809166
30.696819 52.809078
30.699049 52.803982
30.699049 52.803104
30.692825 52.802876
BRUSH(1,0)
REGION 1
63
31.370277 52.801846
31.369833 52.801846
31.369648 52.802094
31.369463 52.802387
31.369316 52.802654
31.369169 52.802902
31.369059 52.803173
31.36891 52.803463
31.368763 52.803734
31.368616 52.803982
31.36906 52.80407
31.369543 52.804005
31.369987 52.803982
31.370432 52.804203
31.370581 52.804474
31.370619 52.804722
31.370583 52.805012
31.370547 52.805305
31.370584 52.805572
31.370659 52.805821
31.370808 52.806091
31.370995 52.806381
31.371218 52.806652
31.371477 52.8069
31.371849 52.80719
31.372294 52.807438
31.372629 52.807705
31.372963 52.807953
31.373222 52.808243
31.373409 52.808491
31.373596 52.808784
31.373671 52.809052
31.373783 52.809368
31.374004 52.80912
31.374115 52.808826
31.374226 52.808559
31.374262 52.808311
31.374224 52.808041
31.37426 52.80777
31.374296 52.80748
31.374296 52.807232
31.37422 52.806942
31.374109 52.806671
31.373922 52.806423
31.373699 52.806133
31.373512 52.805885
31.373327 52.805615
31.37314 52.805347
31.372955 52.805054
31.372879 52.804764
31.372843 52.804493
31.372841 52.804245
31.372841 52.803978
31.372803 52.803707
31.372764 52.803436
31.372654 52.803169
31.372541 52.802898
31.372354 52.802609
31.372059 52.802361
31.371612 52.802135
31.371168 52.801979
31.370722 52.801891
31.370277 52.801846
BRUSH(1,0)
REGION 1
57
31.379688 52.800736
31.378466 52.800873
31.378651 52.801163
31.379097 52.801365
31.379541 52.80159
31.379988 52.801792
31.380322 52.802059
31.380545 52.80233
31.380619 52.80262
31.380621 52.802891
31.380621 52.803162
31.380585 52.803429
31.380512 52.803699
31.380402 52.80397
31.380327 52.804214
31.380255 52.804508
31.380144 52.804756
31.379997 52.805069
31.37985 52.805317
31.379702 52.805588
31.379555 52.805878
31.379333 52.806126
31.378963 52.806397
31.378519 52.806442
31.378224 52.80669
31.37826 52.806957
31.378706 52.807026
31.379151 52.806957
31.379595 52.806847
31.380039 52.806641
31.380409 52.806374
31.380741 52.806126
31.381075 52.805832
31.381445 52.805561
31.381851 52.805317
31.382295 52.805202
31.38274 52.80518
31.382963 52.805157
31.383184 52.805202
31.383146 52.804932
31.38311 52.804661
31.383108 52.804371
31.38307 52.804123
31.382959 52.803856
31.382772 52.803562
31.38266 52.803314
31.382511 52.803047
31.382398 52.802776
31.382214 52.802505
31.382027 52.802216
31.381842 52.801968
31.381655 52.801701
31.381395 52.80143
31.381023 52.80114
31.380577 52.800915
31.380133 52.800804
31.379688 52.800736
BRUSH(1,0)
REGION 1
95
31.361178 52.793499
31.360733 52.793545
31.360287 52.793613
31.359842 52.793636
31.359398 52.793659
31.358953 52.793659
31.358509 52.793636
31.358065 52.793591
31.35762 52.793682
31.357546 52.793953
31.357548 52.79422
31.357548 52.794491
31.357548 52.794762
31.35755 52.795029
31.357439 52.7953
31.357328 52.79557
31.357328 52.795837
31.357292 52.796108
31.357256 52.796379
31.357294 52.796646
31.357294 52.796917
31.357294 52.797188
31.357296 52.797455
31.357334 52.797726
31.357371 52.797993
31.357372 52.798264
31.357336 52.798534
31.357225 52.798801
31.357189 52.799072
31.357151 52.799343
31.357079 52.79961
31.357042 52.799881
31.356932 52.800152
31.356932 52.800419
31.356933 52.80069
31.356895 52.800961
31.356859 52.801228
31.356936 52.801498
31.357046 52.801769
31.357159 52.802036
31.357271 52.802307
31.35742 52.802578
31.357569 52.802845
31.357718 52.803116
31.357903 52.803387
31.358126 52.803654
31.358313 52.803925
31.358536 52.804192
31.358721 52.804462
31.35898 52.804733
31.359426 52.804798
31.359871 52.804775
31.36013 52.804821
31.360167 52.80455
31.360128 52.804283
31.359943 52.804012
31.359757 52.803741
31.359572 52.803474
31.359459 52.803204
31.359421 52.802933
31.359421 52.802666
31.359421 52.802395
31.359383 52.802124
31.359381 52.801857
31.359419 52.801586
31.359491 52.801315
31.359602 52.801048
31.359713 52.800777
31.359823 52.800507
31.35986 52.80024
31.359896 52.799969
31.359932 52.799698
31.359932 52.799431
31.359894 52.79916
31.359894 52.798889
31.359892 52.798622
31.359817 52.798351
31.359817 52.79808
31.359854 52.797813
31.359816 52.797543
31.359816 52.797272
31.359777 52.797005
31.359777 52.796734
31.359814 52.796463
31.359886 52.796196
31.360035 52.795925
31.36033 52.795654
31.360588 52.795387
31.360922 52.795116
31.361217 52.794846
31.361364 52.794579
31.361439 52.794308
31.361475 52.794037
31.361399 52.79377
31.361178 52.793499
BRUSH(1,0)
REGION 1
84
31.36944 52.793514
31.368996 52.793514
31.368551 52.793537
31.368105 52.793537
31.36766 52.79356
31.367216 52.793537
31.366772 52.793537
31.366327 52.793518
31.365994 52.793762
31.365885 52.794033
31.366329 52.794235
31.366774 52.794281
31.367218 52.7943
31.367664 52.794415
31.368109 52.794594
31.368517 52.794838
31.368925 52.795109
31.369185 52.795399
31.369407 52.79567
31.369558 52.79594
31.369633 52.796207
31.369743 52.796478
31.36982 52.796726
31.369894 52.797016
31.369932 52.797287
31.36997 52.797535
31.370045 52.797825
31.370119 52.798096
31.370193 52.798344
31.370232 52.798611
31.37027 52.798882
31.37027 52.799171
31.370272 52.799442
31.370308 52.799713
31.37031 52.79998
31.370348 52.800228
31.370792 52.800453
31.371239 52.800632
31.371683 52.800835
31.372128 52.801014
31.372574 52.801216
31.373018 52.801414
31.373465 52.801529
31.373909 52.80146
31.374354 52.801304
31.374798 52.801189
31.375242 52.801079
31.375687 52.800873
31.375685 52.800606
31.375572 52.800335
31.375498 52.800045
31.375385 52.799774
31.375275 52.799526
31.375162 52.799259
31.37505 52.798988
31.375013 52.798718
31.374937 52.79845
31.374899 52.79818
31.374824 52.79789
31.37475 52.797619
31.374638 52.797348
31.374527 52.797081
31.374451 52.79681
31.374376 52.796539
31.374338 52.796295
31.374264 52.796024
31.374189 52.795753
31.374113 52.795464
31.374039 52.795216
31.373964 52.794945
31.37389 52.794678
31.373816 52.794407
31.373814 52.794159
31.373888 52.793869
31.373442 52.793713
31.372997 52.793644
31.372553 52.793598
31.372109 52.793556
31.371662 52.793533
31.371218 52.793533
31.370773 52.793533
31.370329 52.793533
31.369884 52.793537
31.36944 52.793514
BRUSH(1,0)
REGION 1
122
31.004717 52.787651
31.004272 52.787697
31.003826 52.78783
31.003382 52.78801
31.002935 52.788235
31.002564 52.788502
31.002192 52.788792
31.001967 52.789063
31.001964 52.789333
31.002186 52.7896
31.00263 52.789825
31.00285 52.790096
31.002997 52.790367
31.002922 52.790638
31.002735 52.790905
31.002623 52.791176
31.002769 52.791443
31.002989 52.791714
31.003285 52.791985
31.00358 52.792255
31.003874 52.792526
31.004244 52.792797
31.004576 52.793064
31.004907 52.793335
31.005201 52.793606
31.005497 52.793877
31.005793 52.794148
31.006235 52.794395
31.006567 52.794662
31.006973 52.794933
31.007416 52.795181
31.007748 52.795452
31.007933 52.795723
31.007967 52.795994
31.007854 52.796261
31.007742 52.796532
31.00774 52.796799
31.007887 52.79707
31.008219 52.79734
31.008514 52.797611
31.008846 52.797882
31.009142 52.798153
31.009474 52.79842
31.009695 52.798691
31.009989 52.798962
31.010359 52.799233
31.010691 52.799503
31.011133 52.799706
31.011578 52.799953
31.012022 52.799953
31.012466 52.799889
31.012913 52.799774
31.012915 52.799507
31.012804 52.799236
31.012657 52.798965
31.012474 52.798698
31.012253 52.798428
31.011995 52.798157
31.01181 52.797886
31.011664 52.797619
31.011517 52.797348
31.011333 52.797077
31.01115 52.796806
31.010965 52.796539
31.010782 52.796268
31.010635 52.795998
31.010527 52.795727
31.010454 52.79546
31.010567 52.795189
31.011011 52.795055
31.011456 52.79501
31.011902 52.794991
31.012346 52.794968
31.012791 52.794903
31.013235 52.794811
31.013681 52.794746
31.014015 52.794476
31.014055 52.794209
31.013981 52.793938
31.013909 52.793667
31.01391 52.7934
31.013949 52.793129
31.014061 52.792862
31.014101 52.792591
31.014101 52.79232
31.014103 52.792053
31.014031 52.791782
31.013994 52.791512
31.01396 52.791244
31.013887 52.790974
31.013851 52.790703
31.013925 52.790592
31.013632 52.790298
31.013521 52.790028
31.013412 52.789761
31.013338 52.78949
31.012896 52.789421
31.012449 52.789532
31.012005 52.789665
31.011558 52.789757
31.011114 52.789845
31.01067 52.789932
31.010223 52.790066
31.009777 52.790268
31.009333 52.790424
31.008886 52.790581
31.008442 52.790714
31.007996 52.790871
31.007551 52.790981
31.00733 52.790714
31.007183 52.790443
31.007 52.790173
31.006853 52.789902
31.00667 52.789635
31.006449 52.789364
31.006302 52.789093
31.006119 52.788822
31.005934 52.788555
31.005712 52.788284
31.005455 52.788013
31.005123 52.787743
31.004717 52.787651
BRUSH(1,0)
REGION 1
18
29.658224 52.783852
29.654592 52.784657
29.641104 52.787678
29.641142 52.787701
29.641472 52.788487
29.644793 52.794304
29.64468 52.795136
29.644568 52.795338
29.644976 52.795563
29.645233 52.795765
29.646271 52.795834
29.64694 52.794556
29.64924 52.793591
29.660763 52.792431
29.663208 52.792187
29.663059 52.792007
29.662655 52.790928
29.658224 52.783852
BRUSH(1,0)
REGION 1
9
30.671665 52.783325
30.670626 52.784809
30.672476 52.785099
30.67203 52.786381
30.674919 52.786854
30.676105 52.785553
30.679363 52.786385
30.680033 52.785107
30.671665 52.783325
BRUSH(1,0)
REGION 1
67
31.232126 52.776566
31.23168 52.776657
31.231236 52.776722
31.230791 52.776768
31.230347 52.776791
31.229902 52.776814
31.229458 52.776878
31.229014 52.776947
31.228569 52.776993
31.228125 52.77697
31.227755 52.777241
31.227791 52.777508
31.227865 52.777779
31.227976 52.778049
31.228087 52.778317
31.228161 52.778587
31.228197 52.778858
31.228235 52.779125
31.22831 52.779396
31.22842 52.779667
31.228494 52.779934
31.228531 52.780205
31.228605 52.780476
31.228641 52.780743
31.228716 52.781013
31.228901 52.781284
31.229307 52.781326
31.229753 52.781216
31.230198 52.781193
31.230642 52.78117
31.231087 52.781147
31.231531 52.781124
31.231976 52.781105
31.23242 52.781082
31.232865 52.781013
31.233309 52.780926
31.233753 52.78088
31.234198 52.780834
31.234642 52.780788
31.235086 52.780743
31.235531 52.780746
31.235975 52.780746
31.23642 52.780746
31.236866 52.780655
31.236866 52.780384
31.236754 52.780117
31.236607 52.779846
31.236494 52.779575
31.236384 52.779308
31.236198 52.779148
31.236124 52.778881
31.236088 52.77861
31.236013 52.778339
31.235903 52.778072
31.235792 52.777802
31.235348 52.777622
31.234903 52.777714
31.234459 52.777847
31.234014 52.777935
31.23357 52.778004
31.233126 52.778072
31.232754 52.777802
31.232643 52.777531
31.232607 52.777264
31.232533 52.776993
31.232571 52.776722
31.232126 52.776566
BRUSH(1,0)
REGION 1
9
29.446047 52.775799
29.44516 52.775932
29.444643 52.776474
29.44483 52.77663
29.445755 52.776764
29.446644 52.776493
29.446976 52.776222
29.446938 52.775951
29.446047 52.775799
BRUSH(1,0)
REGION 1
10
30.070395 52.755981
30.069506 52.756138
30.068689 52.756947
30.068613 52.757214
30.069315 52.757553
30.071535 52.757824
30.072092 52.757286
30.07213 52.756817
30.071726 52.756275
30.070395 52.755981
BRUSH(1,0)
REGION 1
7
29.890907 52.73756
29.885439 52.739967
29.883703 52.740601
29.883741 52.741295
29.884972 52.744011
29.893143 52.742161
29.890907 52.73756
BRUSH(1,0)
REGION 1
50
31.488932 52.737652
31.488487 52.737652
31.488043 52.737652
31.4876 52.737877
31.487528 52.738148
31.487566 52.738419
31.487568 52.738686
31.487606 52.738956
31.487608 52.739227
31.48761 52.739494
31.487648 52.739765
31.487723 52.740036
31.487724 52.740303
31.487763 52.740574
31.487839 52.740845
31.487877 52.741112
31.487915 52.741383
31.487953 52.74165
31.48803 52.741898
31.48851 52.741989
31.488993 52.741939
31.489435 52.741917
31.48988 52.741871
31.490324 52.741871
31.490769 52.741894
31.491213 52.741913
31.491657 52.74189
31.4921 52.741844
31.49247 52.741573
31.492542 52.741306
31.492502 52.741035
31.492464 52.740765
31.492426 52.740498
31.492388 52.740227
31.492311 52.73996
31.49231 52.739689
31.49231 52.739418
31.492272 52.739151
31.492269 52.73888
31.492231 52.738609
31.492191 52.738342
31.492153 52.738071
31.492041 52.737801
31.491596 52.737736
31.491152 52.737713
31.490709 52.737759
31.490265 52.737804
31.489821 52.737785
31.489376 52.737694
31.488932 52.737652
BRUSH(1,0)
REGION 1
56
31.490997 52.729561
31.490553 52.729584
31.490109 52.729629
31.489664 52.729652
31.489222 52.729698
31.488777 52.729721
31.488333 52.729702
31.487888 52.729679
31.487444 52.729633
31.487001 52.729614
31.486557 52.729614
31.486113 52.729637
31.485744 52.729908
31.485708 52.730179
31.485785 52.730469
31.485859 52.73074
31.485935 52.731007
31.486011 52.731277
31.486011 52.731548
31.48605 52.731815
31.48609 52.732086
31.48609 52.732357
31.486092 52.732624
31.486094 52.732895
31.486057 52.733166
31.486023 52.733433
31.485987 52.733704
31.486431 52.733837
31.486875 52.733704
31.487318 52.733677
31.487763 52.733723
31.488207 52.73381
31.488651 52.733856
31.489096 52.73381
31.48954 52.73383
31.489984 52.733898
31.490429 52.733921
31.490873 52.73394
31.491316 52.733894
31.491465 52.733807
31.491573 52.733536
31.491682 52.733265
31.491755 52.732994
31.491791 52.732727
31.491827 52.732456
31.491861 52.732185
31.491861 52.731918
31.491785 52.731647
31.491747 52.731377
31.491671 52.73111
31.491633 52.730839
31.491594 52.730572
31.491556 52.730301
31.49148 52.730007
31.491442 52.72974
31.490997 52.729561
BRUSH(1,0)
REGION 1
38
29.896649 52.70726
29.891548 52.707512
29.895302 52.713505
29.895229 52.713638
29.883406 52.716213
29.883257 52.716011
29.882775 52.715427
29.876907 52.707394
29.876797 52.707283
29.868112 52.708279
29.867004 52.708618
29.870262 52.710323
29.876412 52.714291
29.880633 52.716709
29.878933 52.71669
29.875681 52.717636
29.8781 52.722595
29.879068 52.725021
29.879589 52.726234
29.879183 52.726368
29.881565 52.731442
29.882345 52.732246
29.887482 52.730759
29.888971 52.733791
29.889008 52.733833
29.896067 52.73185
29.894539 52.728729
29.891624 52.719482
29.891325 52.718292
29.894575 52.717255
29.894796 52.717255
29.896423 52.716782
29.900413 52.716034
29.901743 52.715473
29.901962 52.714931
29.901442 52.713856
29.897573 52.707527
29.896649 52.70726
BRUSH(1,0)
REGION 1
9
30.888273 52.722683
30.884651 52.723495
30.88584 52.724842
30.884508 52.725021
30.885105 52.726616
30.886807 52.726727
30.886736 52.727512
30.890286 52.727242
30.888273 52.722683
BRUSH(1,0)
REGION 1
75
31.136822 52.719662
31.136526 52.719933
31.136339 52.7202
31.136154 52.72047
31.135969 52.720741
31.135782 52.721008
31.135597 52.721279
31.135412 52.721546
31.135263 52.721817
31.135115 52.722088
31.134928 52.722355
31.134779 52.722626
31.134668 52.722897
31.13463 52.723164
31.134705 52.723434
31.134777 52.723705
31.134813 52.723972
31.134886 52.724243
31.134996 52.724514
31.135033 52.724781
31.135069 52.725052
31.135105 52.725323
31.135141 52.72559
31.135216 52.725861
31.135252 52.726131
31.135288 52.726398
31.135399 52.726669
31.135435 52.72694
31.135878 52.727074
31.136322 52.727097
31.136766 52.727165
31.137209 52.727234
31.137654 52.727276
31.138098 52.727234
31.138542 52.727211
31.138987 52.727165
31.139429 52.727123
31.139874 52.7271
31.140318 52.726852
31.140577 52.726585
31.140839 52.726315
31.141098 52.726044
31.141394 52.725777
31.141691 52.725506
31.142061 52.725239
31.142359 52.724968
31.142654 52.724701
31.142839 52.72443
31.142877 52.724159
31.142916 52.723892
31.14299 52.723621
31.143064 52.723351
31.143139 52.723084
31.143213 52.722813
31.14329 52.722542
31.143252 52.722275
31.143068 52.722004
31.142624 52.721935
31.142328 52.721668
31.142292 52.721397
31.14233 52.721127
31.142553 52.72086
31.142109 52.720745
31.141666 52.720654
31.141222 52.720566
31.140816 52.720451
31.140371 52.720318
31.139929 52.720203
31.139484 52.720116
31.13904 52.720001
31.138597 52.719978
31.138153 52.720001
31.137709 52.719978
31.137266 52.719841
31.136822 52.719662
BRUSH(1,0)
REGION 1
18
29.012482 52.715385
29.011148 52.715832
29.009442 52.716705
29.005852 52.71719
29.004076 52.717323
29.003592 52.717861
29.00358 52.720016
29.003937 52.722172
29.005268 52.722332
29.006601 52.722134
29.007751 52.721508
29.013121 52.720509
29.016231 52.719727
29.016973 52.719257
29.017122 52.718987
29.014622 52.716289
29.013369 52.715569
29.012482 52.715385
BRUSH(1,0)
REGION 1
7
30.893433 52.71677
30.889074 52.718147
30.885603 52.72015
30.888569 52.722168
30.900063 52.719345
30.900425 52.717075
30.893433 52.71677
BRUSH(1,0)
REGION 1
9
29.411509 52.700371
29.401058 52.703842
29.404696 52.707478
29.404808 52.70779
29.406033 52.70945
29.406849 52.709831
29.416967 52.70647
29.411879 52.70055
29.411509 52.700371
BRUSH(1,0)
REGION 1
6
28.620768 52.68436
28.619728 52.685574
28.626154 52.688026
28.628817 52.687065
28.626677 52.6856
28.620768 52.68436
BRUSH(1,0)
REGION 1
11
30.135878 52.681694
30.134953 52.681919
30.134655 52.682728
30.134987 52.683537
30.136314 52.683964
30.138124 52.684166
30.138939 52.68383
30.139162 52.683247
30.138943 52.682709
30.137649 52.682236
30.135878 52.681694
BRUSH(1,0)
REGION 1
81
31.018797 52.66758
31.018355 52.667736
31.017982 52.668007
31.017613 52.668274
31.017168 52.668522
31.01676 52.668789
31.016388 52.66906
31.016018 52.669327
31.015684 52.669598
31.015461 52.669685
31.015055 52.669685
31.01461 52.669773
31.014168 52.669842
31.013724 52.669884
31.013281 52.669952
31.012836 52.669994
31.012392 52.670086
31.011948 52.670197
31.011505 52.67033
31.011061 52.670395
31.010801 52.670666
31.010799 52.670933
31.010908 52.671204
31.011019 52.671474
31.011089 52.671745
31.011125 52.672012
31.011162 52.672283
31.011196 52.672554
31.011232 52.672821
31.011305 52.673092
31.011413 52.673363
31.01156 52.67363
31.011669 52.673901
31.012001 52.674171
31.012444 52.674286
31.012886 52.674465
31.013329 52.674644
31.013771 52.674828
31.014213 52.675007
31.014656 52.675186
31.015099 52.675369
31.015541 52.675549
31.015984 52.675751
31.016426 52.675999
31.016868 52.676182
31.017313 52.675934
31.0175 52.675667
31.017723 52.675396
31.018019 52.675125
31.018352 52.674858
31.018576 52.674587
31.018799 52.67432
31.01906 52.674049
31.019394 52.673782
31.019838 52.673534
31.020172 52.673267
31.02047 52.672997
31.02084 52.672729
31.021212 52.672459
31.021545 52.672192
31.021768 52.671921
31.021953 52.671654
31.022177 52.671383
31.022474 52.671116
31.022808 52.670845
31.023142 52.670578
31.02344 52.670307
31.023699 52.67004
31.023996 52.669769
31.02359 52.669498
31.023148 52.669388
31.022705 52.669296
31.022263 52.669159
31.02182 52.66898
31.021414 52.668823
31.020971 52.668663
31.020529 52.668484
31.020086 52.668304
31.019646 52.668057
31.019239 52.667786
31.018797 52.66758
BRUSH(1,0)
REGION 1
9
28.683233 52.660187
28.681238 52.661446
28.679093 52.662567
28.678686 52.662903
28.680935 52.665981
28.68659 52.664749
28.685114 52.662861
28.683933 52.661514
28.683233 52.660187
BRUSH(1,0)
REGION 1
7
31.534849 52.657528
31.530258 52.65963
31.528322 52.662323
31.529871 52.663067
31.5315 52.662418
31.539421 52.659245
31.534849 52.657528
BRUSH(1,0)
REGION 1
25
28.463841 52.654182
28.460741 52.654842
28.459413 52.655067
28.459045 52.655338
28.462803 52.660721
28.463247 52.660877
28.465017 52.660538
28.466791 52.660446
28.467678 52.660625
28.468679 52.661362
28.469345 52.661495
28.471153 52.66111
28.472925 52.660683
28.475582 52.660183
28.478682 52.659546
28.477041 52.656853
28.476997 52.655506
28.476885 52.655239
28.476442 52.65517
28.473343 52.655895
28.470244 52.656395
28.4667 52.657055
28.466255 52.656986
28.464285 52.654297
28.463841 52.654182
BRUSH(1,0)
REGION 1
13
29.005384 52.655109
29.004347 52.655739
29.001274 52.657169
29.000679 52.657978
29.000633 52.659458
29.000891 52.65955
29.002851 52.659283
29.00585 52.658031
29.007441 52.657497
29.00597 52.65601
29.006452 52.655674
29.005827 52.655178
29.005384 52.655109
BRUSH(1,0)
REGION 1
13
31.416191 52.643787
31.415306 52.644104
31.41424 52.645721
31.415571 52.646057
31.418672 52.646164
31.421333 52.646339
31.422218 52.646091
31.423433 52.645081
31.423281 52.643936
31.421511 52.644363
31.420179 52.64423
31.417963 52.643806
31.416191 52.643787
BRUSH(1,0)
REGION 1
12
31.463177 52.638908
31.461368 52.639023
31.460926 52.639225
31.459596 52.639137
31.458786 52.6395
31.458199 52.640308
31.458569 52.640575
31.459898 52.640461
31.461151 52.639965
31.461998 52.639584
31.463328 52.639423
31.463177 52.638908
BRUSH(1,0)
REGION 1
74
31.450718 52.610626
31.449833 52.610851
31.44803 52.612091
31.447407 52.6129
31.447409 52.613438
31.448038 52.613953
31.449739 52.614716
31.450039 52.615524
31.449415 52.616604
31.448385 52.617321
31.4475 52.617325
31.445873 52.616474
31.444986 52.61652
31.44256 52.618679
31.438854 52.623829
31.438526 52.624638
31.437752 52.625065
31.432884 52.625927
31.431112 52.626312
31.430119 52.627098
31.429277 52.628986
31.428804 52.630608
31.429176 52.631145
31.430061 52.631165
31.431833 52.63105
31.433165 52.631386
31.433426 52.632194
31.433283 52.633274
31.43384 52.63435
31.433325 52.634869
31.432036 52.635521
31.431852 52.635792
31.432854 52.636868
31.434519 52.637718
31.436735 52.638142
31.437622 52.638321
31.438511 52.638744
31.439062 52.638229
31.44064 52.635776
31.44306 52.632
31.444899 52.630379
31.446482 52.629387
31.447369 52.629295
31.451397 52.630436
31.454502 52.631126
31.456276 52.63155
31.456718 52.631416
31.458034 52.628986
31.459393 52.627277
31.453813 52.626007
31.451153 52.625317
31.449785 52.62516
31.449488 52.624622
31.450403 52.622734
31.451611 52.620575
31.452053 52.62046
31.454308 52.620998
31.456524 52.62133
31.458298 52.622002
31.459185 52.622158
31.45981 52.621773
31.460247 52.620426
31.461899 52.618267
31.462116 52.617458
31.459898 52.616898
31.458126 52.616589
31.455908 52.616028
31.455465 52.615761
31.456675 52.613873
31.457516 52.612522
31.456925 52.612007
31.454264 52.61145
31.452934 52.611004
31.450718 52.610626
BRUSH(1,0)
REGION 1
17
31.419531 52.628441
31.416689 52.628647
31.415297 52.631882
31.414896 52.632961
31.415523 52.633343
31.41774 52.633541
31.418627 52.633652
31.418631 52.63446
31.417496 52.637157
31.417719 52.637699
31.419937 52.638504
31.420822 52.638412
31.423441 52.637287
31.423216 52.636745
31.421581 52.634052
31.419754 52.628933
31.419531 52.628441
BRUSH(1,0)
REGION 1
8
28.696861 52.630161
28.688885 52.631954
28.685894 52.632607
28.687403 52.635437
28.687845 52.636517
28.688288 52.637054
28.699661 52.63459
28.696861 52.630161
BRUSH(1,0)
REGION 1
12
31.203394 52.628162
31.202803 52.62978
31.202616 52.631664
31.203905 52.632744
31.204792 52.632721
31.206011 52.632027
31.206345 52.631218
31.206604 52.62933
31.206902 52.628521
31.206791 52.628254
31.205904 52.628185
31.203394 52.628162
BRUSH(1,0)
REGION 1
25
29.706671 52.621578
29.705305 52.621918
29.703237 52.623104
29.709877 52.626297
29.709987 52.626835
29.707403 52.627979
29.705929 52.626946
29.704969 52.626564
29.70375 52.626858
29.702055 52.62542
29.701206 52.625259
29.699951 52.626091
29.698473 52.627438
29.698768 52.627708
29.700796 52.628944
29.701683 52.629101
29.703934 52.628025
29.704821 52.627934
29.707476 52.629597
29.709175 52.6287
29.712717 52.627689
29.713383 52.627239
29.710322 52.623737
29.707998 52.621872
29.706671 52.621578
BRUSH(1,0)
REGION 1
34
29.785134 52.601566
29.77547 52.604224
29.773665 52.602917
29.773001 52.603165
29.771229 52.602043
29.765344 52.602322
29.760307 52.603477
29.751172 52.60719
29.745926 52.606728
29.740291 52.608544
29.740352 52.609514
29.743945 52.610792
29.747714 52.611483
29.759813 52.614247
29.77175 52.619477
29.767476 52.620939
29.76809 52.62222
29.770237 52.622494
29.774924 52.622514
29.78146 52.621453
29.785328 52.620325
29.786999 52.621506
29.790354 52.620335
29.789284 52.619369
29.789688 52.61908
29.791016 52.618584
29.792345 52.618515
29.793156 52.618919
29.794042 52.619213
29.796255 52.618336
29.797287 52.617256
29.797764 52.61483
29.797132 52.612675
29.785134 52.601566
BRUSH(1,0)
REGION 1
6
31.565992 52.618587
31.565714 52.61919
31.565559 52.620541
31.565689 52.620731
31.565825 52.619236
31.565992 52.618587
BRUSH(1,0)
REGION 1
14
30.903357 52.611145
30.901627 52.611958
30.901295 52.612495
30.905848 52.616531
30.906181 52.616825
30.908243 52.615608
30.912222 52.613716
30.913326 52.612907
30.912659 52.612099
30.912214 52.611877
30.910889 52.612328
30.909119 52.612709
30.905573 52.611591
30.903357 52.611145
BRUSH(1,0)
REGION 1
14
31.463513 52.608715
31.46307 52.608738
31.461349 52.611439
31.460692 52.612785
31.461393 52.613213
31.464499 52.614014
31.4676 52.614525
31.469374 52.614994
31.47018 52.613914
31.470213 52.612839
31.4695 52.610413
31.469385 52.609875
31.466616 52.609295
31.463513 52.608715
BRUSH(1,0)
REGION 1
18
29.58857 52.595261
29.588125 52.59544
29.587452 52.598133
29.586527 52.598942
29.586931 52.59975
29.588329 52.60083
29.588179 52.601368
29.587736 52.601593
29.585966 52.601322
29.584198 52.600914
29.582426 52.600868
29.580618 52.601314
29.580618 52.601585
29.583229 52.603405
29.587021 52.605839
29.593199 52.600342
29.590917 52.598766
29.58857 52.595261
BRUSH(1,0)
REGION 1
13
31.424986 52.588562
31.423033 52.588745
31.420818 52.588657
31.420376 52.588703
31.419973 52.589241
31.420194 52.589512
31.422407 52.58926
31.423292 52.589214
31.423883 52.589619
31.424292 52.590157
31.425138 52.589863
31.425282 52.588783
31.424986 52.588562
BRUSH(1,0)
REGION 1
13
31.492712 52.583748
31.492682 52.585052
31.491842 52.586647
31.492031 52.587189
31.492916 52.587208
31.49686 52.586884
31.499035 52.5867
31.499033 52.586365
31.499065 52.585556
31.497213 52.584213
31.495441 52.583809
31.493672 52.583813
31.492712 52.583748
BRUSH(1,0)
REGION 1
9
30.758801 52.582619
30.757473 52.582733
30.756588 52.583023
30.756367 52.583565
30.756552 52.583832
30.757879 52.583878
30.759207 52.583496
30.759279 52.582958
30.758801 52.582619
BRUSH(1,0)
REGION 1
6
31.617962 52.57629
31.601984 52.580975
31.607403 52.580254
31.614046 52.578621
31.618576 52.57708
31.617962 52.57629
BRUSH(1,0)
REGION 1
7
30.868177 52.5741
30.864529 52.574306
30.864347 52.576016
30.86339 52.576443
30.864868 52.5779
30.872088 52.575108
30.868177 52.5741
BRUSH(1,0)
REGION 1
6
31.500652 52.573154
31.500671 52.576031
31.503757 52.5779
31.505087 52.577656
31.506428 52.575256
31.500652 52.573154
BRUSH(1,0)
REGION 1
5
30.903709 52.572445
30.902903 52.573547
30.906627 52.574463
30.907694 52.573273
30.903709 52.572445
BRUSH(1,0)
REGION 1
6
28.985977 52.56847
28.980373 52.568504
28.979753 52.569855
28.97987 52.570663
28.985989 52.570583
28.985977 52.56847
BRUSH(1,0)
REGION 1
8
29.403879 52.544418
29.397322 52.544586
29.39736 52.544697
29.397326 52.545235
29.397554 52.547886
29.400803 52.549656
29.403566 52.549496
29.403879 52.544418
BRUSH(1,0)
REGION 1
10
31.179514 52.54039
31.177303 52.540501
31.176418 52.54068
31.17638 52.541489
31.175713 52.544453
31.176559 52.544723
31.17877 52.544903
31.179213 52.544701
31.179771 52.540928
31.179514 52.54039
BRUSH(1,0)
REGION 1
24
30.925846 52.529068
30.925405 52.529224
30.922102 52.532196
30.915863 52.53865
30.915937 52.538918
30.917265 52.539322
30.918592 52.539501
30.919476 52.539207
30.920803 52.539562
30.921244 52.539497
30.922678 52.53846
30.923632 52.53772
30.924517 52.537876
30.924959 52.537739
30.926062 52.537086
30.926504 52.537174
30.926945 52.536995
30.9265 52.536457
30.926498 52.535919
30.931566 52.532181
30.932556 52.531101
30.932039 52.530857
30.929384 52.529827
30.925846 52.529068
BRUSH(1,0)
REGION 1
8
29.096731 52.528805
29.093265 52.529522
29.093376 52.529789
29.09594 52.533745
29.096161 52.53368
29.099443 52.532806
29.099003 52.532089
29.096731 52.528805
BRUSH(1,0)
REGION 1
27
30.721531 52.528778
30.721089 52.528892
30.720646 52.529026
30.720203 52.529228
30.719799 52.529499
30.719357 52.529655
30.718914 52.529835
30.718473 52.530014
30.718178 52.530281
30.718067 52.530552
30.718288 52.530823
30.718582 52.53109
30.721012 52.531925
30.72127 52.531654
30.721712 52.531475
30.721933 52.531563
30.722008 52.531296
30.72208 52.531025
30.722301 52.530754
30.72267 52.530487
30.722782 52.530216
30.722671 52.529949
30.722525 52.529678
30.722414 52.529407
30.722267 52.52914
30.721972 52.52887
30.721531 52.528778
BRUSH(1,0)
REGION 1
13
29.607395 52.517044
29.606954 52.517086
29.60404 52.518768
29.601824 52.520924
29.600679 52.521999
29.603254 52.522697
29.605902 52.5238
29.606936 52.522926
29.608784 52.520527
29.606945 52.51976
29.609453 52.518661
29.608498 52.517761
29.607395 52.517044
BRUSH(1,0)
REGION 1
7
30.864214 52.521122
30.863443 52.521954
30.862339 52.522785
30.863741 52.523392
30.866171 52.523411
30.866386 52.521412
30.864214 52.521122
BRUSH(1,0)
REGION 1
14
29.505672 52.517422
29.504345 52.517845
29.502422 52.519459
29.50231 52.52
29.503738 52.52108
29.507116 52.522972
29.507561 52.522636
29.511474 52.520489
29.511698 52.519951
29.510891 52.519409
29.511004 52.518871
29.509644 52.518555
29.506996 52.517719
29.505672 52.517422
BRUSH(1,0)
REGION 1
9
27.471346 52.497242
27.470573 52.497398
27.47043 52.498478
27.471132 52.498882
27.473343 52.499058
27.473707 52.498516
27.47341 52.497707
27.47267 52.497261
27.471346 52.497242
BRUSH(1,0)
REGION 1
16
28.97044 52.485394
28.968651 52.488338
28.966316 52.492386
28.96628 52.492565
28.971146 52.493927
28.976009 52.495289
28.978222 52.496117
28.978481 52.496296
28.982214 52.492245
28.984476 52.488735
28.985169 52.487385
28.983404 52.48777
28.981196 52.487663
28.978987 52.487423
28.974564 52.486172
28.97044 52.485394
BRUSH(1,0)
REGION 1
13
29.181272 52.48679
29.180351 52.486946
29.179615 52.488022
29.179171 52.490089
29.177477 52.490021
29.173872 52.489796
29.173203 52.494106
29.177361 52.494175
29.183693 52.491936
29.184099 52.490429
29.186787 52.490566
29.187489 52.487198
29.181272 52.48679
BRUSH(1,0)
REGION 1
11
30.971016 52.487686
30.969009 52.491196
30.970114 52.491238
30.974093 52.492062
30.974533 52.491837
30.975372 52.490486
30.97504 52.490219
30.973715 52.490017
30.972387 52.489616
30.971458 52.487732
30.971016 52.487686
BRUSH(1,0)
REGION 1
27
28.378771 52.470825
28.375683 52.471504
28.376312 52.472851
28.378233 52.475544
28.378052 52.476086
28.375593 52.478245
28.375412 52.479053
28.375818 52.479862
28.378027 52.480534
28.378767 52.48188
28.378992 52.482956
28.379433 52.483025
28.384287 52.48185
28.385063 52.482929
28.386396 52.485622
28.388393 52.489124
28.388947 52.489552
28.391157 52.489861
28.392702 52.490017
28.390812 52.485977
28.389664 52.483551
28.388485 52.48288
28.386347 52.481827
28.384283 52.480637
28.380802 52.473362
28.379213 52.47094
28.378771 52.470825
BRUSH(1,0)
REGION 1
7
29.133404 52.48716
29.132185 52.489674
29.139284 52.490017
29.14061 52.489971
29.138996 52.487389
29.134729 52.487205
29.133404 52.48716
BRUSH(1,0)
REGION 1
6
29.157907 52.488056
29.151062 52.488319
29.151098 52.48843
29.151869 52.489983
29.158087 52.489605
29.157907 52.488056
BRUSH(1,0)
REGION 1
12
30.998217 52.476067
30.990883 52.480213
30.996908 52.485481
30.999988 52.483837
30.999988 52.483829
31.000761 52.483673
31.003714 52.482086
31.003937 52.481548
31.002073 52.479408
31.001303 52.479027
31.000013 52.479179
30.998217 52.476067
BRUSH(1,0)
REGION 1
18
31.004831 52.472832
31.003948 52.473034
31.002182 52.473141
31.001518 52.473522
31.001251 52.47514
30.999991 52.477024
31.0012 52.477566
31.004271 52.481052
31.005041 52.481392
31.00803 52.479759
31.007885 52.479488
31.006016 52.478161
31.005615 52.477348
31.004295 52.476696
31.004703 52.476158
31.005476 52.475956
31.005236 52.473103
31.004831 52.472832
BRUSH(1,0)
REGION 1
19
28.914303 52.468391
28.912987 52.470886
28.912002 52.473091
28.915978 52.473827
28.922642 52.475208
28.927942 52.476345
28.935011 52.47773
28.939873 52.47871
28.940498 52.478752
28.941006 52.477406
28.941446 52.47691
28.935261 52.475594
28.92775 52.474281
28.926424 52.473946
28.928215 52.470932
28.924645 52.470444
28.918018 52.469017
28.916252 52.468681
28.914303 52.468391
BRUSH(1,0)
REGION 1
51
30.973044 52.458572
30.969961 52.459747
30.967756 52.460133
30.968533 52.460983
30.97263 52.463875
30.974703 52.466835
30.975477 52.467262
30.977686 52.46764
30.981222 52.468555
30.983431 52.468998
30.983431 52.469269
30.981348 52.471699
30.979519 52.473587
30.979776 52.473858
30.983755 52.474861
30.985269 52.476139
30.985933 52.47654
30.988895 52.47303
30.989336 52.473053
30.989748 52.4744
30.990524 52.475208
30.990929 52.475117
30.993046 52.472145
30.992861 52.471878
30.990686 52.470982
30.992113 52.469631
30.992514 52.468822
30.991665 52.468307
30.989048 52.467304
30.988974 52.467033
30.990658 52.465706
30.991024 52.465164
30.989699 52.465099
30.987972 52.465553
30.985929 52.468792
30.984606 52.468681
30.983978 52.468277
30.984633 52.46666
30.984484 52.466393
30.983599 52.466145
30.983524 52.465878
30.983853 52.465336
30.983923 52.464798
30.982338 52.463947
30.982445 52.463406
30.984085 52.460461
30.984409 52.459114
30.984078 52.458843
30.981432 52.459499
30.979668 52.459705
30.973044 52.458572
BRUSH(1,0)
REGION 1
15
30.962477 52.471283
30.961901 52.473732
30.961718 52.474113
30.961578 52.475731
30.962095 52.476269
30.963421 52.476269
30.965183 52.475861
30.965145 52.47559
30.965918 52.475254
30.966316 52.474174
30.966168 52.473637
30.965429 52.473141
30.96487 52.471794
30.964243 52.471371
30.962477 52.471283
BRUSH(1,0)
REGION 1
8
29.222418 52.463604
29.221939 52.463623
29.215246 52.465328
29.215246 52.465397
29.215687 52.465935
29.21587 52.46632
29.221644 52.465038
29.222418 52.463604
BRUSH(1,0)
REGION 1
17
30.946339 52.456238
30.945057 52.45723
30.943554 52.458241
30.94047 52.459507
30.940105 52.460045
30.940588 52.461391
30.940924 52.462471
30.943575 52.463272
30.945784 52.463673
30.947106 52.4632
30.948313 52.46212
30.949638 52.462322
30.950962 52.462162
30.952686 52.461239
30.952684 52.460968
30.95191 52.460499
30.946339 52.456238
BRUSH(1,0)
REGION 1
12
29.547211 52.457939
29.545885 52.45834
29.545218 52.459415
29.545399 52.459957
29.550247 52.461247
29.554213 52.462353
29.555132 52.462399
29.555466 52.461861
29.554329 52.461117
29.550585 52.459629
29.548533 52.458076
29.547211 52.457939
BRUSH(1,0)
REGION 1
12
30.926699 52.454426
30.925375 52.454517
30.924898 52.455059
30.923952 52.457218
30.924101 52.457756
30.925867 52.45829
30.930248 52.459766
30.931933 52.457607
30.93215 52.456799
30.929607 52.455524
30.928463 52.454449
30.926699 52.454426
BRUSH(1,0)
REGION 1
21
30.42153 52.446392
30.419546 52.446396
30.419876 52.446419
30.416069 52.450691
30.416697 52.451385
30.416441 52.451813
30.411657 52.450359
30.411364 52.45047
30.410637 52.452896
30.410315 52.455322
30.410351 52.455593
30.411198 52.455883
30.412882 52.453522
30.414463 52.453835
30.423735 52.45591
30.425867 52.456043
30.428245 52.453144
30.423019 52.451443
30.423094 52.451374
30.425505 52.447666
30.42153 52.446392
BRUSH(1,0)
REGION 1
31
30.991221 52.4403
30.99078 52.440323
30.990635 52.440594
30.990057 52.442726
30.989658 52.443535
30.989218 52.443581
30.98745 52.442936
30.986568 52.443069
30.983568 52.445774
30.976061 52.444393
30.975292 52.444801
30.973646 52.446419
30.972509 52.447208
30.972879 52.447456
30.975939 52.44902
30.98077 52.452133
30.982502 52.45303
30.983826 52.452915
30.985149 52.453114
30.986032 52.453136
30.987242 52.452503
30.987532 52.451694
30.98712 52.450077
30.986523 52.448463
30.987366 52.448101
30.987621 52.447563
30.988312 52.446213
30.990959 52.446209
30.99147 52.445667
30.991896 52.442722
30.991221 52.4403
BRUSH(1,0)
REGION 1
10
29.043663 52.44735
29.043364 52.448875
29.043732 52.448765
29.051227 52.449341
29.050892 52.450325
29.060299 52.451328
29.061081 52.449333
29.051746 52.448597
29.051637 52.447968
29.043663 52.44735
BRUSH(1,0)
REGION 1
5
30.995191 52.4473
30.993513 52.449436
30.996311 52.450443
30.998396 52.448349
30.995191 52.4473
BRUSH(1,0)
REGION 1
10
30.940443 52.444229
30.939562 52.444389
30.939644 52.446545
30.939358 52.448433
30.939289 52.449512
30.94282 52.449863
30.944141 52.449795
30.944933 52.44548
30.944708 52.444405
30.940443 52.444229
BRUSH(1,0)
REGION 1
14
29.201737 52.441471
29.201221 52.441967
29.201038 52.442234
29.201405 52.442776
29.201035 52.444931
29.200777 52.445469
29.201658 52.44574
29.202982 52.445831
29.203865 52.445694
29.206881 52.44352
29.206659 52.443451
29.204824 52.442123
29.202618 52.441788
29.201737 52.441471
BRUSH(1,0)
REGION 1
22
30.894322 52.435848
30.892118 52.436546
30.888594 52.437584
30.888413 52.438126
30.888453 52.439472
30.889818 52.44109
30.890259 52.441109
30.89114 52.440884
30.893345 52.440498
30.893786 52.440613
30.89353 52.44088
30.892649 52.441219
30.892576 52.44149
30.892839 52.443645
30.894163 52.443756
30.897251 52.444088
30.897434 52.443371
30.897537 52.441483
30.89669 52.441238
30.896576 52.439888
30.896166 52.438004
30.894322 52.435848
BRUSH(1,0)
REGION 1
11
30.983618 52.441326
30.983177 52.441326
30.97921 52.441895
30.978327 52.441627
30.977081 52.442596
30.977268 52.442886
30.980356 52.443127
30.983002 52.443054
30.983698 52.44265
30.983913 52.441593
30.983618 52.441326
BRUSH(1,0)
REGION 1
7
30.956511 52.437263
30.958319 52.438854
30.961481 52.439186
30.960705 52.438133
30.960041 52.43766
30.957834 52.437283
30.956511 52.437263
BRUSH(1,0)
REGION 1
15
30.992891 52.429714
30.992708 52.42976
30.990109 52.43161
30.988758 52.433228
30.988253 52.434845
30.98955 52.437
30.990177 52.437382
30.991497 52.437042
30.995464 52.436584
30.996346 52.436291
30.996036 52.433594
30.996466 52.431438
30.996426 52.430901
30.9951 52.430496
30.992891 52.429714
BRUSH(1,0)
REGION 1
11
30.852867 52.435307
30.851986 52.4356
30.852096 52.435871
30.852978 52.435867
30.855625 52.43618
30.855772 52.436272
30.857977 52.436493
30.858417 52.436245
30.85816 52.435978
30.855072 52.43544
30.852867 52.435307
BRUSH(1,0)
REGION 1
26
30.869341 52.425251
30.86721 52.425724
30.861959 52.426853
30.860197 52.427441
30.861856 52.429863
30.860094 52.430492
30.85701 52.431328
30.857453 52.431866
30.859329 52.433167
30.860211 52.432987
30.8608 52.433525
30.860581 52.433796
30.858376 52.433956
30.858339 52.434223
30.859299 52.435841
30.859961 52.436222
30.863047 52.43541
30.873144 52.432617
30.880196 52.430946
30.88104 52.430584
30.881039 52.430317
30.880411 52.42897
30.881289 52.427891
30.875994 52.426369
30.871582 52.42543
30.869341 52.425251
BRUSH(1,0)
REGION 1
8
30.840736 52.434261
30.839891 52.434353
30.839378 52.434666
30.839563 52.435204
30.840885 52.435272
30.841768 52.434978
30.841619 52.434441
30.840736 52.434261
BRUSH(1,0)
REGION 1
8
30.844816 52.434257
30.843935 52.434505
30.844561 52.43491
30.845883 52.434975
30.846581 52.434795
30.846581 52.434525
30.84614 52.434322
30.844816 52.434257
BRUSH(1,0)
REGION 1
48
27.870123 52.405495
27.866159 52.406643
27.854742 52.409618
27.854559 52.409889
27.856108 52.411774
27.856329 52.412315
27.85578 52.412807
27.852732 52.413486
27.848326 52.414543
27.840393 52.416687
27.838667 52.417046
27.838226 52.417
27.836569 52.415138
27.835247 52.414646
27.83172 52.415615
27.829113 52.416378
27.828232 52.416378
27.824701 52.414696
27.820326 52.412567
27.819445 52.412296
27.81768 52.412613
27.813715 52.413582
27.809786 52.414909
27.801851 52.416798
27.798767 52.417542
27.7948 52.418713
27.791714 52.419342
27.785542 52.42094
27.785101 52.421143
27.785101 52.42168
27.788008 52.42543
27.792572 52.4319
27.792498 52.432438
27.78809 52.433945
27.787562 52.434345
27.791472 52.434685
27.795883 52.43457
27.800734 52.43457
27.821501 52.433594
27.828558 52.433567
27.835173 52.433674
27.84267 52.433331
27.846199 52.432877
27.877415 52.424446
27.882091 52.423119
27.875067 52.412765
27.870787 52.4063
27.870123 52.405495
BRUSH(1,0)
REGION 1
73
30.942103 52.410915
30.941221 52.411099
30.939901 52.411549
30.938251 52.412315
30.934731 52.413715
30.932789 52.414906
30.932278 52.415985
30.930636 52.418415
30.930086 52.418865
30.928322 52.418732
30.927 52.418823
30.926928 52.419094
30.926752 52.420982
30.926165 52.42141
30.923998 52.421749
30.923117 52.421772
30.922449 52.420155
30.922007 52.41935
30.921566 52.419395
30.919365 52.420364
30.918923 52.420227
30.918738 52.419689
30.919212 52.419174
30.920975 52.418518
30.920567 52.417442
30.91972 52.417129
30.915314 52.417763
30.91267 52.418015
30.910027 52.4184
30.908632 52.418758
30.908302 52.419029
30.908047 52.419838
30.907833 52.421455
30.90626 52.423615
30.906153 52.424152
30.907593 52.426579
30.90745 52.427387
30.905687 52.427681
30.905136 52.428177
30.90518 52.429794
30.905475 52.430332
30.906799 52.430599
30.910328 52.431156
30.918272 52.432652
30.920036 52.432873
30.922684 52.433296
30.926176 52.433739
30.928824 52.434162
30.929043 52.433914
30.929777 52.433487
30.935515 52.43467
30.940802 52.433517
30.942566 52.433784
30.94389 52.433689
30.945351 52.431534
30.948057 52.428856
30.948015 52.427776
30.946934 52.424004
30.946306 52.423199
30.940138 52.424217
30.936611 52.424381
30.936462 52.42411
30.935606 52.421146
30.935638 52.420071
30.937401 52.41991
30.938097 52.419369
30.939417 52.418827
30.942503 52.418709
30.942751 52.416824
30.942377 52.414959
30.942372 52.413883
30.942434 52.411457
30.942103 52.410915
BRUSH(1,0)
REGION 1
10
30.84643 52.432503
30.845547 52.432617
30.845219 52.433155
30.845623 52.433426
30.847387 52.433716
30.848709 52.433536
30.84882 52.433266
30.84823 52.432819
30.846907 52.432548
30.84643 52.432503
BRUSH(1,0)
REGION 1
8
30.83996 52.431564
30.838196 52.43177
30.83783 52.432308
30.838638 52.432644
30.840403 52.432713
30.841284 52.432419
30.841173 52.432148
30.83996 52.431564
BRUSH(1,0)
REGION 1
19
29.61072 52.416702
29.610573 52.416904
29.610863 52.418209
29.614235 52.420593
29.633724 52.426811
29.633724 52.426926
29.634831 52.425308
29.643053 52.427967
29.643862 52.428078
29.644787 52.425159
29.639502 52.42347
29.637298 52.422863
29.636526 52.423199
29.635679 52.424007
29.634355 52.42432
29.633034 52.423893
29.626686 52.421551
29.618172 52.418846
29.61072 52.416702
BRUSH(1,0)
REGION 1
7
31.01096 52.421543
31.009195 52.421989
31.008495 52.422348
31.01025 52.423965
31.012531 52.423096
31.01162 52.422016
31.01096 52.421543
BRUSH(1,0)
REGION 1
18
30.957987 52.414505
30.957106 52.41478
30.954763 52.416645
30.951979 52.418312
30.953386 52.421005
30.953791 52.421097
30.955555 52.421001
30.957317 52.420731
30.961723 52.420342
30.962166 52.420544
30.962725 52.422428
30.96537 52.422199
30.965248 52.420044
30.967011 52.419479
30.968435 52.418148
30.966375 52.417412
30.960634 52.415062
30.957987 52.414505
BRUSH(1,0)
REGION 1
27
30.892011 52.414242
30.891024 52.415054
30.890253 52.415459
30.888489 52.415012
30.887096 52.416023
30.886473 52.416428
30.885589 52.416161
30.880297 52.41473
30.879856 52.414932
30.878904 52.416279
30.882219 52.41951
30.882811 52.420116
30.884871 52.421261
30.886635 52.421638
30.887405 52.421303
30.887846 52.421188
30.88917 52.421501
30.889866 52.421051
30.890307 52.42094
30.8906 52.421097
30.891115 52.420849
30.893602 52.417343
30.89481 52.416283
30.8958 52.415203
30.895504 52.414936
30.892895 52.414265
30.892011 52.414242
BRUSH(1,0)
REGION 1
10
28.042028 52.403168
28.040547 52.405838
28.039835 52.408443
28.033411 52.407757
28.032143 52.411686
28.048115 52.41338
28.049902 52.408081
28.050236 52.407585
28.051021 52.404194
28.042028 52.403168
BRUSH(1,0)
REGION 1
11
29.970247 52.409698
29.968485 52.409702
29.967163 52.409885
29.966909 52.410423
29.967426 52.410915
29.968748 52.411026
29.97051 52.410957
29.971315 52.410526
29.971462 52.410259
29.971092 52.410034
29.970247 52.409698
BRUSH(1,0)
REGION 1
15
30.962397 52.399338
30.961956 52.399563
30.961043 52.400642
30.962368 52.401043
30.9608 52.403473
30.958208 52.406982
30.958393 52.407249
30.962364 52.408367
30.963827 52.406971
30.965248 52.404545
30.967182 52.402115
30.967872 52.400494
30.967687 52.400227
30.965483 52.400028
30.962397 52.399338
BRUSH(1,0)
REGION 1
12
31.027395 52.397472
31.026953 52.397629
31.025921 52.398437
31.023378 52.400272
31.022778 52.402699
31.023619 52.40342
31.025818 52.404186
31.026261 52.404053
31.028141 52.402439
31.031792 52.399212
31.030033 52.398579
31.027395 52.397472
BRUSH(1,0)
REGION 1
12
30.951199 52.399872
30.950136 52.400482
30.948969 52.40237
30.949522 52.402798
30.953453 52.403057
30.957863 52.403725
30.958742 52.403454
30.958668 52.403183
30.956901 52.402378
30.95528 52.401058
30.954285 52.40036
30.951199 52.399872
BRUSH(1,0)
REGION 1
12
31.337099 52.397968
31.335041 52.397968
31.334566 52.399158
31.333874 52.401318
31.334095 52.401856
31.334976 52.401989
31.337583 52.401852
31.337877 52.401585
31.337873 52.400234
31.338348 52.398617
31.33798 52.398102
31.337099 52.397968
BRUSH(1,0)
REGION 1
7
29.397983 52.393318
29.397001 52.39624
29.397001 52.396351
29.40086 52.396839
29.40185 52.39695
29.404117 52.394005
29.397983 52.393318
BRUSH(1,0)
REGION 1
16
28.63497 52.393135
28.633646 52.393585
28.631514 52.394726
28.631218 52.395535
28.631582 52.396076
28.632904 52.39637
28.635988 52.396374
28.637751 52.396351
28.640394 52.396622
28.643957 52.396133
28.64352 52.394516
28.642935 52.393974
28.640696 52.394062
28.638491 52.394283
28.63629 52.393654
28.63497 52.393135
BRUSH(1,0)
REGION 1
9
30.903732 52.393539
30.902853 52.393677
30.902489 52.394756
30.902931 52.395294
30.907341 52.396503
30.907782 52.396118
30.907554 52.394501
30.907259 52.393963
30.903732 52.393539
BRUSH(1,0)
REGION 1
29
31.019438 52.381309
31.016348 52.382584
31.012518 52.384731
31.012554 52.385002
31.013433 52.385025
31.015192 52.38586
31.017496 52.387367
31.018816 52.387753
31.0219 52.387737
31.023661 52.388256
31.024983 52.388214
31.026302 52.388531
31.026848 52.389339
31.026734 52.390148
31.024813 52.39257
31.0247 52.3932
31.024662 52.393402
31.0273 52.394329
31.027742 52.394196
31.029072 52.392578
31.028862 52.390423
31.02895 52.387459
31.028696 52.386917
31.027815 52.386826
31.024733 52.386753
31.023851 52.386528
31.021626 52.384098
31.020096 52.381668
31.019438 52.381309
BRUSH(1,0)
REGION 1
19
30.35001 52.381905
30.348688 52.382065
30.347918 52.382446
30.348877 52.384872
30.349318 52.38496
30.352842 52.384823
30.353724 52.385002
30.353945 52.38554
30.355049 52.387424
30.357804 52.387783
30.357946 52.386368
30.357723 52.385021
30.356842 52.384258
30.35519 52.38446
30.354309 52.384441
30.354124 52.384171
30.353643 52.382553
30.353092 52.382015
30.35001 52.381905
BRUSH(1,0)
REGION 1
12
31.347645 52.384682
31.347204 52.38493
31.347134 52.386009
31.348455 52.386188
31.351503 52.386185
31.353706 52.386185
31.356789 52.386089
31.356606 52.385845
31.356859 52.385036
31.355537 52.384811
31.352894 52.384792
31.347645 52.384682
BRUSH(1,0)
REGION 1
11
30.342243 52.370998
30.33832 52.372055
30.333479 52.374172
30.332342 52.374825
30.332748 52.375767
30.335028 52.377876
30.335762 52.377831
30.338182 52.376976
30.346359 52.374588
30.343125 52.371021
30.342243 52.370998
BRUSH(1,0)
REGION 1
21
30.438595 52.360981
30.435045 52.362896
30.432337 52.364651
30.42831 52.367195
30.423851 52.371243
30.423998 52.371513
30.427746 52.372517
30.428625 52.372448
30.431479 52.370335
30.432798 52.370041
30.433567 52.369228
30.433012 52.368153
30.433083 52.367615
30.434032 52.366535
30.435354 52.367004
30.435795 52.366779
30.437365 52.365158
30.438274 52.363003
30.438969 52.362553
30.440212 52.361877
30.438595 52.360981
BRUSH(1,0)
REGION 1
11
31.2435 52.364372
31.241737 52.364639
31.239096 52.364777
31.237776 52.364864
31.237812 52.365135
31.240086 52.36974
31.24126 52.369652
31.243021 52.369312
31.245224 52.368954
31.244637 52.366798
31.2435 52.364372
BRUSH(1,0)
REGION 1
14
31.023678 52.363235
31.023853 52.364605
31.02322 52.36676
31.022993 52.367836
31.023434 52.367905
31.024755 52.36784
31.027395 52.368206
31.027691 52.367935
31.027481 52.36578
31.027708 52.364433
31.027714 52.363354
31.027273 52.363239
31.025072 52.363373
31.023678 52.363235
BRUSH(1,0)
REGION 1
14
31.411936 52.357296
31.409294 52.357414
31.408525 52.35775
31.407797 52.359638
31.407837 52.360447
31.408762 52.362602
31.408802 52.363682
31.409391 52.364086
31.411593 52.364082
31.415298 52.363873
31.415432 52.36055
31.415018 52.357586
31.414577 52.357361
31.411936 52.357296
BRUSH(1,0)
REGION 1
10
27.97241 52.35965
27.971641 52.360035
27.971315 52.360844
27.97187 52.361988
27.973122 52.362568
27.973562 52.362522
27.973814 52.361713
27.973 52.360367
27.972851 52.359829
27.97241 52.35965
BRUSH(1,0)
REGION 1
9
31.035446 52.357731
31.033501 52.358017
31.032948 52.358513
31.034771 52.360672
31.035504 52.361099
31.036861 52.360832
31.038075 52.360184
31.037893 52.359913
31.035446 52.357731
BRUSH(1,0)
REGION 1
8
27.97094 52.359093
27.97006 52.359364
27.96933 52.360172
27.969515 52.360531
27.970396 52.360664
27.971456 52.359966
27.971674 52.359428
27.97094 52.359093
BRUSH(1,0)
REGION 1
5
30.370056 52.357498
30.367712 52.358536
30.370102 52.360462
30.373034 52.359764
30.370056 52.357498
BRUSH(1,0)
REGION 1
6
28.15629 52.351398
28.152504 52.35519
28.165262 52.36039
28.168197 52.360168
28.171101 52.357475
28.15629 52.351398
BRUSH(1,0)
REGION 2
20
30.432085 52.34803
30.426403 52.348446
30.425083 52.348648
30.423838 52.349278
30.422518 52.349258
30.416578 52.349491
30.416401 52.351242
30.417868 52.351513
30.418098 52.354206
30.420191 52.354359
30.427897 52.355133
30.427641 52.355721
30.430838 52.356815
30.435331 52.352585
30.435879 52.351776
30.434919 52.35043
30.432718 52.350277
30.432533 52.349739
30.432525 52.348122
30.432085 52.34803
8
30.433863 52.35104
30.43445 52.351196
30.435627 52.351734
30.435665 52.352005
30.434786 52.352276
30.433022 52.351582
30.432983 52.351044
30.433863 52.35104
BRUSH(1,0)
REGION 1
14
27.857601 52.346962
27.853199 52.347458
27.852943 52.348
27.852987 52.350426
27.853356 52.350964
27.855959 52.350803
27.85816 52.350803
27.860361 52.350666
27.860466 52.348621
27.859987 52.348083
27.859108 52.348083
27.858227 52.347904
27.858153 52.347366
27.857601 52.346962
BRUSH(1,0)
REGION 1
32
27.888205 52.338257
27.887764 52.338394
27.887474 52.339203
27.887512 52.340012
27.889093 52.341335
27.888838 52.341606
27.887592 52.342167
27.885908 52.343002
27.885027 52.342934
27.884256 52.342487
27.883816 52.342575
27.882134 52.344196
27.881805 52.344734
27.883202 52.345768
27.88496 52.345112
27.88716 52.344616
27.8876 52.344685
27.889181 52.345604
27.89094 52.345016
27.893465 52.343643
27.894346 52.343464
27.895193 52.34481
27.895634 52.344742
27.897356 52.343998
27.896505 52.341843
27.896431 52.341549
27.895764 52.339394
27.895247 52.338318
27.893047 52.339108
27.891289 52.339287
27.889524 52.338661
27.888205 52.338257
BRUSH(1,0)
REGION 1
18
30.433256 52.338238
30.432816 52.338417
30.43099 52.340038
30.42967 52.340038
30.428791 52.340221
30.429089 52.341297
30.429933 52.342083
30.430267 52.342892
30.431587 52.342911
30.43335 52.343155
30.433866 52.344234
30.434565 52.344593
30.435446 52.344566
30.43614 52.344074
30.437189 52.340771
30.435354 52.340099
30.435017 52.338482
30.433256 52.338238
BRUSH(1,0)
REGION 1
8
30.368242 52.337109
30.366043 52.337131
30.365242 52.339447
30.371807 52.340183
30.372132 52.337891
30.371763 52.337353
30.370884 52.337376
30.368242 52.337109
BRUSH(1,0)
REGION 1
60
30.06453 52.321537
30.062292 52.321915
30.06152 52.32272
30.061659 52.324337
30.061979 52.326225
30.06113 52.327572
30.059992 52.32822
30.058634 52.328487
30.056875 52.328396
30.05508 52.328121
30.054423 52.327671
30.054029 52.325516
30.053961 52.324707
30.052641 52.324615
30.048729 52.322678
30.048254 52.322655
30.047444 52.32346
30.046267 52.324085
30.046667 52.324627
30.047947 52.325279
30.048202 52.32555
30.047504 52.326088
30.049259 52.326786
30.049479 52.327057
30.047012 52.329388
30.044542 52.331966
30.044395 52.3321
30.044323 52.332123
30.041531 52.333374
30.041559 52.333374
30.040575 52.333931
30.035286 52.336166
30.035576 52.336842
30.035975 52.33765
30.035751 52.338459
30.036556 52.338795
30.039789 52.337364
30.041254 52.337479
30.044193 52.336025
30.045954 52.335735
30.049849 52.334038
30.049996 52.333992
30.050436 52.333813
30.050987 52.333385
30.050951 52.33337
30.052053 52.332878
30.0522 52.332741
30.052935 52.332317
30.053852 52.332432
30.055168 52.332905
30.056305 52.332928
30.065395 52.33292
30.065479 52.330475
30.066475 52.329128
30.068533 52.328011
30.072126 52.327274
30.072128 52.327004
30.069017 52.325855
30.06526 52.322075
30.06453 52.321537
BRUSH(1,0)
REGION 1
6
30.416483 52.334152
30.414186 52.33757
30.418701 52.338642
30.419977 52.337067
30.420815 52.335178
30.416483 52.334152
BRUSH(1,0)
REGION 1
6
30.219719 52.331303
30.219278 52.331482
30.219277 52.332985
30.224152 52.333168
30.220158 52.33139
30.219719 52.331303
BRUSH(1,0)
REGION 1
24
30.116175 52.317951
30.113499 52.31826
30.112764 52.318619
30.110886 52.32185
30.110443 52.322388
30.109564 52.322613
30.108685 52.322655
30.107029 52.324226
30.105152 52.326649
30.106031 52.326897
30.106947 52.326965
30.1061 52.328018
30.107418 52.328514
30.110971 52.328991
30.118521 52.329067
30.118816 52.3288
30.11816 52.32745
30.118492 52.326641
30.120809 52.324219
30.120815 52.322605
30.120304 52.321526
30.118883 52.319366
30.118883 52.318829
30.116175 52.317951
BRUSH(1,0)
REGION 1
9
27.814791 52.322647
27.813911 52.322784
27.813803 52.323055
27.81538 52.32402
27.815821 52.324039
27.817139 52.323502
27.817433 52.323254
27.816111 52.322693
27.814791 52.322647
BRUSH(1,0)
REGION 1
8
30.109333 52.314686
30.107935 52.31657
30.106318 52.317913
30.106758 52.318028
30.110315 52.3172
30.11208 52.315315
30.111971 52.315094
30.109333 52.314686
BRUSH(1,0)
REGION 1
35
29.675613 52.300232
29.675577 52.300232
29.675062 52.30196
29.675026 52.30196
29.667076 52.301415
29.664953 52.300987
29.663744 52.300831
29.663414 52.301121
29.663412 52.301842
29.66235 52.302154
29.662165 52.303322
29.661833 52.304466
29.661356 52.305229
29.660622 52.305946
29.659449 52.306553
29.658678 52.306801
29.656883 52.306778
29.656553 52.307114
29.65604 52.307068
29.655411 52.310593
29.655703 52.310661
29.677904 52.312874
29.678381 52.312897
29.679737 52.313416
29.691792 52.313511
29.692343 52.312546
29.699122 52.312954
29.700958 52.305878
29.700483 52.305855
29.700556 52.305565
29.695171 52.304913
29.696053 52.302776
29.681328 52.301537
29.681547 52.300816
29.675613 52.300232
BRUSH(1,0)
REGION 1
11
31.163504 52.310108
31.162184 52.310219
31.16156 52.310467
31.160679 52.311253
31.160862 52.31179
31.162619 52.31242
31.163939 52.312378
31.165258 52.31184
31.16559 52.311302
31.165262 52.310493
31.163504 52.310108
BRUSH(1,0)
REGION 1
9
30.242893 52.305618
30.242454 52.305798
30.242123 52.308491
30.242489 52.309029
30.245567 52.309166
30.247362 52.309166
30.247362 52.308357
30.247656 52.305908
30.242893 52.305618
BRUSH(1,0)
REGION 1
30
29.179129 52.290596
29.176857 52.291313
29.176527 52.290798
29.175501 52.291088
29.178757 52.295223
29.163839 52.299324
29.165886 52.3022
29.166107 52.3022
29.169186 52.300743
29.169626 52.300629
29.170506 52.300766
29.171456 52.301846
29.171602 52.302227
29.172518 52.302475
29.173067 52.302586
29.172846 52.303284
29.17376 52.304787
29.175629 52.304451
29.178707 52.303352
29.182779 52.300167
29.184097 52.299808
29.185526 52.300346
29.18593 52.299965
29.186995 52.29808
29.18718 52.296978
29.186958 52.296886
29.185057 52.29435
29.183226 52.294842
29.182312 52.293674
29.179129 52.290596
BRUSH(1,0)
REGION 1
11
27.456667 52.296619
27.454872 52.297024
27.454433 52.29723
27.454288 52.297497
27.454473 52.297768
27.45627 52.298012
27.457588 52.297966
27.457955 52.297695
27.45751 52.29673
27.457546 52.296661
27.456667 52.296619
BRUSH(1,0)
REGION 1
8
29.134212 52.294563
29.133333 52.294651
29.133186 52.295189
29.134319 52.295887
29.135712 52.296135
29.136555 52.295776
29.13641 52.295238
29.134212 52.294563
BRUSH(1,0)
REGION 1
12
27.454393 52.288422
27.453953 52.288422
27.453514 52.288422
27.453184 52.288422
27.45322 52.288445
27.452782 52.288628
27.452646 52.291054
27.453308 52.2915
27.454624 52.290981
27.455753 52.289364
27.455713 52.288555
27.454393 52.288422
BRUSH(1,0)
REGION 1
10
30.195953 52.288982
30.19478 52.289814
30.194634 52.290329
30.194925 52.2906
30.195805 52.290443
30.196684 52.290039
30.1976 52.290039
30.197929 52.289772
30.197308 52.289299
30.195953 52.288982
BRUSH(1,0)
REGION 1
10
30.19709 52.287346
30.196651 52.287388
30.196283 52.28793
30.196833 52.288422
30.197712 52.288399
30.198442 52.288849
30.198883 52.28894
30.199396 52.288403
30.198847 52.287727
30.19709 52.287346
BRUSH(1,0)
REGION 1
9
29.129421 52.27742
29.111359 52.28075
29.111139 52.280792
29.111395 52.281086
29.111317 52.282566
29.11161 52.282433
29.123114 52.280514
29.130039 52.279465
29.129421 52.27742
BRUSH(1,0)
REGION 1
12
31.247619 52.27589
31.244103 52.275936
31.241466 52.275936
31.240148 52.276203
31.237877 52.277103
31.239855 52.279125
31.241173 52.279236
31.242308 52.279823
31.24465 52.282112
31.248608 52.280586
31.251244 52.27906
31.247619 52.27589
BRUSH(1,0)
REGION 1
7
29.176334 52.272133
29.176664 52.272671
29.177981 52.273212
29.179739 52.273392
29.180325 52.272964
29.179666 52.27256
29.176334 52.272133
BRUSH(1,0)
REGION 1
14
29.562847 52.266201
29.55904 52.266418
29.554316 52.266975
29.547981 52.267414
29.542927 52.267674
29.542049 52.267784
29.543615 52.269562
29.56291 52.268738
29.563021 52.268784
29.563021 52.268536
29.56262 52.267975
29.562586 52.267368
29.562662 52.266785
29.562847 52.266201
BRUSH(1,0)
REGION 1
13
27.86223 52.249104
27.862047 52.249371
27.862268 52.250179
27.861246 52.250969
27.861065 52.251507
27.861725 52.251934
27.86392 52.251415
27.865786 52.250942
27.865967 52.250134
27.865746 52.249592
27.865305 52.24939
27.863987 52.249504
27.86223 52.249104
BRUSH(1,0)
REGION 2
147
29.877293 52.21241
29.876785 52.214207
29.876497 52.215195
29.876793 52.21661
29.879793 52.217098
29.879612 52.21793
29.878632 52.219818
29.878633 52.220448
29.879879 52.221321
29.880613 52.222107
29.880907 52.222332
29.881823 52.222733
29.885151 52.22311
29.887894 52.223309
29.890417 52.223148
29.891001 52.223171
29.891186 52.223373
29.889547 52.225735
29.888676 52.227463
29.88831 52.227623
29.884869 52.226189
29.882929 52.225605
29.879671 52.22496
29.878428 52.225006
29.877331 52.225208
29.876491 52.225773
29.875799 52.226444
29.875652 52.226425
29.875216 52.226784
29.874925 52.22739
29.873976 52.227749
29.87339 52.227795
29.871523 52.227417
29.870501 52.227486
29.869185 52.227802
29.868271 52.228115
29.866699 52.228229
29.862968 52.228165
29.861799 52.228325
29.860848 52.22855
29.857559 52.229588
29.857195 52.229923
29.85745 52.230194
29.857597 52.230217
29.874794 52.232712
29.876442 52.233158
29.876187 52.233139
29.876114 52.233341
29.875128 52.234035
29.873892 52.236443
29.870605 52.238285
29.868563 52.240513
29.868198 52.241074
29.871937 52.243156
29.872814 52.24345
29.873985 52.243607
29.874903 52.243942
29.875416 52.244503
29.875673 52.245087
29.875749 52.245895
29.882744 52.248154
29.885694 52.243771
29.885914 52.243683
29.885727 52.242626
29.88631 52.242424
29.885937 52.239975
29.886154 52.239346
29.885202 52.238766
29.886188 52.23827
29.886444 52.238335
29.887356 52.237595
29.888636 52.237232
29.889585 52.236828
29.889618 52.23584
29.891775 52.235748
29.892328 52.236912
29.890068 52.239117
29.889013 52.240803
29.889492 52.241837
29.890558 52.243473
29.892864 52.243851
29.894985 52.243736
29.895571 52.24358
29.896046 52.243263
29.896553 52.242184
29.896952 52.241039
29.897244 52.240658
29.897865 52.240433
29.899107 52.240364
29.899765 52.240181
29.901588 52.238674
29.902208 52.238113
29.903378 52.237663
29.904293 52.237705
29.907074 52.238174
29.908575 52.238262
29.909197 52.238171
29.909781 52.237968
29.910145 52.23761
29.910397 52.236328
29.910425 52.234261
29.910749 52.233139
29.911331 52.232418
29.911842 52.232059
29.912973 52.231384
29.913738 52.23064
29.913883 52.230282
29.913805 52.228619
29.913908 52.227318
29.913723 52.226601
29.913282 52.226242
29.912697 52.225948
29.911159 52.225571
29.909477 52.225349
29.907829 52.224922
29.906839 52.224407
29.905483 52.223286
29.904859 52.222908
29.903908 52.222549
29.903322 52.222439
29.902334 52.222462
29.900654 52.222778
29.900106 52.222912
29.899155 52.222958
29.898533 52.22287
29.897947 52.222668
29.897398 52.222378
29.897104 52.222019
29.897177 52.221661
29.89827 52.220512
29.899326 52.219791
29.894241 52.218945
29.893326 52.218475
29.891716 52.218117
29.889776 52.217873
29.889006 52.217068
29.888491 52.215919
29.888161 52.215786
29.887833 52.215786
29.886227 52.216419
29.884873 52.216419
29.882677 52.215683
29.881065 52.214966
29.8796 52.213909
29.878866 52.212811
29.878462 52.212475
29.877293 52.21241
29
29.893396 52.22858
29.895155 52.229164
29.895483 52.229206
29.897169 52.229992
29.896952 52.230351
29.896366 52.230553
29.896147 52.230598
29.895561 52.230396
29.894976 52.230354
29.894318 52.2304
29.893368 52.230759
29.8922 52.231346
29.891542 52.231525
29.890957 52.231571
29.890335 52.231503
29.888798 52.231148
29.888212 52.230946
29.887663 52.23061
29.887514 52.230206
29.88755 52.229824
29.887951 52.229259
29.888315 52.22908
29.888901 52.229149
29.889963 52.229687
29.890549 52.229797
29.891132 52.229549
29.892191 52.228897
29.892813 52.228626
29.893396 52.22858
BRUSH(1,0)
REGION 1
12
31.332855 52.24469
31.331539 52.244759
31.330004 52.246105
31.329126 52.246353
31.329126 52.246624
31.33136 52.247341
31.334032 52.24736
31.334909 52.247093
31.335165 52.246304
31.334688 52.245766
31.333515 52.245094
31.332855 52.24469
BRUSH(1,0)
REGION 1
5
28.212595 52.240551
28.210468 52.246231
28.217201 52.247223
28.219475 52.241676
28.212595 52.240551
BRUSH(1,0)
REGION 1
20
29.818268 52.243408
29.817133 52.243519
29.816549 52.243633
29.815964 52.243858
29.815197 52.244575
29.814137 52.245228
29.8141 52.245586
29.814541 52.245811
29.815127 52.245991
29.815529 52.246349
29.816114 52.246441
29.816187 52.246082
29.815821 52.245361
29.816038 52.244644
29.81633 52.244328
29.816915 52.244396
29.817501 52.24435
29.818415 52.244015
29.818745 52.243652
29.818268 52.243408
BRUSH(1,0)
REGION 1
15
29.199215 52.236927
29.193653 52.238068
29.179563 52.241612
29.172104 52.239002
29.171738 52.238731
29.165701 52.239044
29.161421 52.239243
29.16123 52.243038
29.165146 52.242569
29.176857 52.241386
29.179489 52.242241
29.179415 52.242668
29.199688 52.240318
29.199615 52.239868
29.199215 52.236927
BRUSH(1,0)
REGION 1
8
30.425638 52.240417
30.424322 52.240646
30.424292 52.24226
30.425354 52.242664
30.426269 52.242462
30.426668 52.24192
30.426481 52.240574
30.425638 52.240417
BRUSH(1,0)
REGION 1
11
30.538773 52.231922
30.538334 52.231991
30.536388 52.233311
30.536165 52.233849
30.537042 52.234165
30.538359 52.2341
30.538908 52.234123
30.540048 52.23278
30.540195 52.23251
30.540089 52.232239
30.538773 52.231922
BRUSH(1,0)
REGION 1
14
30.1432 52.22591
30.139652 52.226288
30.137421 52.226219
30.134312 52.226505
30.133873 52.226574
30.133137 52.228458
30.139786 52.231094
30.14114 52.230667
30.141725 52.230129
30.141689 52.229862
30.140522 52.229229
30.143452 52.2271
30.144148 52.226608
30.1432 52.22591
BRUSH(1,0)
REGION 1
19
31.461035 52.216839
31.457964 52.217136
31.454016 52.217392
31.451824 52.218021
31.447844 52.219467
31.447588 52.219894
31.449787 52.220699
31.451986 52.221596
31.452566 52.220783
31.453297 52.22031
31.454613 52.22031
31.455931 52.220531
31.457686 52.220146
31.458561 52.219788
31.459067 52.218437
31.459869 52.218033
31.46294 52.217758
31.462353 52.217243
31.461035 52.216839
BRUSH(1,0)
REGION 1
7
28.000437 52.215473
28.000381 52.218933
28.002474 52.217701
28.00321 52.216896
28.00314 52.216354
28.00263 52.215817
28.000437 52.215473
BRUSH(1,0)
REGION 1
58
29.96032 52.205749
29.959406 52.205799
29.958311 52.205978
29.957689 52.206161
29.956081 52.20623
29.955498 52.206547
29.954914 52.20668
29.953085 52.206505
29.952135 52.206505
29.951626 52.206776
29.951298 52.207203
29.949732 52.208351
29.948782 52.208691
29.945969 52.208786
29.944286 52.20863
29.942785 52.208252
29.9422 52.208164
29.94195 52.209263
29.941769 52.209625
29.94104 52.210342
29.940861 52.211105
29.940904 52.21241
29.940832 52.21286
29.940225 52.216297
29.947392 52.215923
29.949839 52.215538
29.949982 52.214775
29.950527 52.21439
29.951513 52.2141
29.952171 52.21405
29.952757 52.214096
29.953342 52.214275
29.954586 52.214405
29.955536 52.214317
29.958641 52.213772
29.959957 52.213612
29.961199 52.213631
29.962481 52.213898
29.963102 52.213921
29.96471 52.213783
29.965332 52.21394
29.965591 52.21468
29.966545 52.215034
29.969288 52.215481
29.969873 52.215481
29.970457 52.215389
29.970749 52.215229
29.97261 52.207367
29.972681 52.207008
29.972351 52.206737
29.971363 52.20665
29.969061 52.206902
29.966431 52.206928
29.964201 52.206978
29.963543 52.206913
29.962589 52.2066
29.961491 52.205998
29.96032 52.205749
BRUSH(1,0)
REGION 1
8
27.760794 52.213188
27.760136 52.214001
27.759697 52.215347
27.760283 52.215797
27.761488 52.215145
27.762146 52.214066
27.761524 52.213257
27.760794 52.213188
BRUSH(1,0)
REGION 1
14
30.102592 52.209606
30.100357 52.211128
30.099295 52.211845
30.097061 52.212608
30.096512 52.213146
30.096436 52.213684
30.097313 52.213707
30.098339 52.213417
30.099951 52.212498
30.102182 52.211895
30.103649 52.210571
30.10387 52.210033
30.103031 52.209652
30.102592 52.209606
BRUSH(1,0)
REGION 1
11
30.098389 52.209557
30.097145 52.209888
30.096192 52.210384
30.096081 52.210651
30.096811 52.211124
30.096773 52.211662
30.09721 52.211868
30.098089 52.211643
30.099409 52.210297
30.099266 52.209759
30.098389 52.209557
BRUSH(1,0)
REGION 1
31
28.023859 52.176651
28.024578 52.178925
28.022228 52.181145
28.019676 52.180038
28.011995 52.187885
28.008494 52.1866
28.000403 52.195435
28.000616 52.196648
28.002659 52.197327
28.005012 52.194725
28.007931 52.196079
28.004324 52.200294
28.008484 52.202053
28.009295 52.20071
28.011133 52.198826
28.01201 52.198692
28.014202 52.199234
28.015083 52.198719
28.016874 52.198723
28.017752 52.198589
28.020031 52.196438
28.020254 52.195629
28.019672 52.195091
28.018505 52.19437
28.018215 52.194099
28.019832 52.192215
28.019327 52.191135
28.030132 52.179451
28.026264 52.178207
28.025101 52.177082
28.023859 52.176651
BRUSH(1,0)
REGION 1
13
29.267456 52.195023
29.26742 52.195023
29.266434 52.196034
29.266727 52.197445
29.266253 52.197468
29.266911 52.198009
29.266947 52.198009
29.27042 52.199017
29.273491 52.199421
29.275246 52.199421
29.277767 52.199467
29.27758 52.195087
29.267456 52.195023
BRUSH(1,0)
REGION 1
8
28.595003 52.192661
28.594126 52.192886
28.592877 52.194771
28.593639 52.196121
28.594845 52.196213
28.595289 52.194595
28.595844 52.192978
28.595003 52.192661
BRUSH(1,0)
REGION 1
9
31.108732 52.184467
31.10602 52.186573
31.105432 52.18729
31.107038 52.188171
31.108355 52.187923
31.110474 52.188309
31.11198 52.185864
31.109097 52.184624
31.108732 52.184467
BRUSH(1,0)
REGION 1
24
30.076477 52.177074
30.075916 52.180038
30.075477 52.180283
30.064594 52.179771
30.06324 52.18013
30.062103 52.181183
30.062275 52.18388
30.063587 52.184422
30.068043 52.184628
30.072025 52.18475
30.072943 52.183941
30.073382 52.183807
30.074037 52.184189
30.074465 52.186615
30.074354 52.186974
30.083603 52.185574
30.084007 52.185036
30.084162 52.18261
30.085039 52.182499
30.085089 52.178997
30.08535 52.17765
30.084438 52.17738
30.080019 52.17717
30.076477 52.177074
BRUSH(1,0)
REGION 1
12
31.286884 52.17968
31.286154 52.180016
31.28557 52.180534
31.284693 52.180691
31.284365 52.1815
31.28451 52.181767
31.284948 52.181881
31.286921 52.180691
31.28714 52.180779
31.287834 52.180374
31.287762 52.179836
31.286884 52.17968
BRUSH(1,0)
REGION 1
10
30.482836 52.172318
30.482182 52.172726
30.482037 52.173264
30.482771 52.173687
30.483318 52.173866
30.484777 52.173302
30.484776 52.173035
30.483898 52.172855
30.483274 52.172386
30.482836 52.172318
BRUSH(1,0)
REGION 1
19
31.322092 52.16758
31.319462 52.167713
31.315956 52.168571
31.313764 52.169086
31.312815 52.169109
31.313476 52.171246
31.313805 52.171513
31.315996 52.17149
31.318628 52.171803
31.320383 52.172115
31.324328 52.172318
31.325352 52.172607
31.326885 52.171619
31.328052 52.170269
31.327978 52.16946
31.327356 52.168945
31.325602 52.168251
31.322969 52.167713
31.322092 52.16758
BRUSH(1,0)
REGION 1
14
30.069694 52.147533
30.065163 52.148693
30.063414 52.148109
30.063301 52.148647
30.063515 52.150265
30.076964 52.155743
30.078384 52.156441
30.080872 52.155209
30.094505 52.161312
30.095934 52.159832
30.087694 52.156342
30.084488 52.15472
30.084854 52.154247
30.069694 52.147533
BRUSH(1,0)
REGION 1
23
30.760275 52.130428
30.759838 52.130451
30.756518 52.132832
30.755932 52.133369
30.756662 52.134449
30.756662 52.135525
30.755859 52.13768
30.754692 52.143074
30.754948 52.146038
30.754692 52.147385
30.754765 52.147633
30.757393 52.147564
30.757467 52.147476
30.758926 52.14505
30.760897 52.140736
30.761555 52.138042
30.762102 52.136425
30.762283 52.134266
30.762467 52.132919
30.762867 52.131844
30.762831 52.131573
30.762028 52.131145
30.760275 52.130428
BRUSH(1,0)
REGION 1
36
29.303575 52.123276
29.302088 52.12471
29.300633 52.126888
29.302384 52.127155
29.30337 52.128235
29.303263 52.129066
29.302824 52.1292
29.299757 52.128395
29.298705 52.128697
29.29666 52.130932
29.293336 52.131841
29.291378 52.132347
29.29201 52.135608
29.298532 52.134364
29.299469 52.133696
29.301296 52.133781
29.304363 52.133938
29.305677 52.133781
29.306807 52.132702
29.31027 52.130051
29.310526 52.129711
29.310486 52.127556
29.310923 52.127399
29.312676 52.127129
29.315302 52.127308
29.318769 52.127483
29.324463 52.127842
29.325777 52.127594
29.325628 52.125977
29.325262 52.125435
29.323948 52.125504
29.325426 52.123029
29.320983 52.120389
29.315097 52.120011
29.303434 52.120551
29.303575 52.123276
BRUSH(1,0)
REGION 1
21
28.42029 52.113205
28.419525 52.113567
28.419893 52.114376
28.420187 52.114914
28.419243 52.115993
28.419321 52.11734
28.418011 52.118401
28.415821 52.118561
28.415167 52.118965
28.415897 52.119347
28.418526 52.119587
28.420277 52.119293
28.421223 52.118507
28.421513 52.117989
28.42107 52.116642
28.422272 52.116123
28.423584 52.115696
28.424309 52.114346
28.424235 52.114075
28.421166 52.113251
28.42029 52.113205
BRUSH(1,0)
REGION 1
11
28.469124 52.115372
28.467811 52.115665
28.467379 52.116474
28.46899 52.117775
28.473373 52.118462
28.475124 52.11837
28.475777 52.117561
28.475628 52.11702
28.474384 52.116394
28.470877 52.115459
28.469124 52.115372
BRUSH(1,0)
REGION 1
44
29.78434 52.110657
29.78412 52.111015
29.783537 52.111084
29.782369 52.11095
29.781897 52.111176
29.781458 52.111603
29.780874 52.111759
29.779671 52.11187
29.777228 52.111736
29.776863 52.112118
29.777119 52.113377
29.777046 52.113735
29.776535 52.11396
29.775951 52.113937
29.774164 52.113602
29.773909 52.113556
29.7738 52.113712
29.773872 52.11385
29.77358 52.114277
29.773252 52.114433
29.772013 52.114544
29.770334 52.114567
29.769751 52.114681
29.769278 52.114929
29.769133 52.115917
29.769205 52.117916
29.780771 52.118362
29.78088 52.117977
29.781355 52.118
29.781319 52.118046
29.781864 52.117573
29.781828 52.117531
29.781681 52.11681
29.781643 52.114902
29.78179 52.114544
29.782883 52.114071
29.784525 52.113533
29.78569 52.112991
29.786055 52.112587
29.786127 52.111511
29.786091 52.111149
29.785616 52.110859
29.785433 52.110813
29.78434 52.110657
BRUSH(1,0)
REGION 1
34
30.108603 52.092186
30.107872 52.092613
30.10725 52.093151
30.10459 52.093124
30.104443 52.093395
30.104587 52.093666
30.108122 52.094276
30.114754 52.09536
30.115956 52.095924
30.116865 52.096733
30.11661 52.097004
30.114387 52.096439
30.113075 52.096279
30.112818 52.09655
30.113653 52.097897
30.115292 52.098888
30.116604 52.099003
30.117079 52.098194
30.117956 52.097992
30.122805 52.098156
30.124153 52.098133
30.124557 52.097057
30.12343 52.096382
30.121208 52.095593
30.117233 52.095455
30.116796 52.095409
30.117273 52.094063
30.117239 52.093792
30.11549 52.09325
30.113703 52.093407
30.11239 52.093674
30.111626 52.093315
30.109478 52.092213
30.108603 52.092186
BRUSH(1,0)
REGION 1
16
30.691277 52.092857
30.69084 52.092991
30.690657 52.093262
30.690983 52.094337
30.692186 52.095417
30.693569 52.096451
30.694882 52.096924
30.696196 52.096542
30.697071 52.096207
30.697327 52.095936
30.696999 52.095398
30.695761 52.0947
30.69503 52.094589
30.692844 52.093712
30.691715 52.092903
30.691277 52.092857
BRUSH(1,0)
REGION 1
47
31.286886 52.081692
31.284698 52.081829
31.282803 52.083244
31.280945 52.084503
31.279632 52.084862
31.277882 52.084885
31.276569 52.084862
31.275839 52.085266
31.27533 52.086346
31.27544 52.086571
31.278504 52.087288
31.280691 52.087196
31.285942 52.086544
31.288567 52.086094
31.29163 52.086521
31.293381 52.087147
31.293856 52.087955
31.294731 52.088135
31.298231 52.088001
31.302608 52.088627
31.303667 52.089413
31.305857 52.090332
31.307207 52.091499
31.308519 52.091072
31.309395 52.091049
31.311585 52.091789
31.313263 52.092575
31.314613 52.093002
31.317892 52.091068
31.319385 52.09008
31.319637 52.090012
31.319058 52.089317
31.317837 52.088676
31.316832 52.088779
31.313889 52.087273
31.313475 52.087162
31.313423 52.087036
31.312088 52.086353
31.307709 52.084919
31.306141 52.083977
31.301765 52.083977
31.300451 52.084022
31.2987 52.083237
31.296513 52.082901
31.293888 52.082882
31.290825 52.081959
31.286886 52.081692
BRUSH(1,0)
REGION 1
11
30.688036 52.090542
30.687597 52.090744
30.68745 52.091282
30.688579 52.092045
30.689892 52.092609
30.690403 52.092564
30.690804 52.092361
30.69095 52.091553
30.689785 52.090878
30.688473 52.090565
30.688036 52.090542
BRUSH(1,0)
REGION 1
12
29.823362 52.08733
29.819389 52.087421
29.820196 52.089844
29.822821 52.090294
29.823042 52.091618
29.825632 52.09182
29.825632 52.091774
29.825155 52.091053
29.823843 52.090179
29.823366 52.089371
29.823219 52.088249
29.823362 52.08733
BRUSH(1,0)
REGION 1
51
29.996513 52.065643
29.995857 52.065666
29.994694 52.066006
29.994076 52.066299
29.993241 52.06702
29.993097 52.067402
29.993393 52.068165
29.993832 52.068523
29.995073 52.06897
29.996243 52.069508
29.99803 52.06966
29.999087 52.06966
29.999239 52.071007
29.998331 52.071545
29.995966 52.072067
29.995968 52.072426
29.996298 52.072651
29.998556 52.072647
29.998812 52.072601
29.999067 52.072578
29.999548 52.074059
29.998966 52.074059
29.998747 52.074127
29.998385 52.074306
29.998386 52.074711
29.99839 52.075455
29.998392 52.075768
29.99781 52.076015
29.997412 52.076355
29.997671 52.077183
29.998409 52.078888
29.998995 52.079247
29.999218 52.080055
29.999109 52.080055
29.99316 52.078789
29.993126 52.078991
29.995573 52.08004
29.997147 52.081161
29.997768 52.081383
29.999485 52.081963
29.999537 52.084702
29.998455 52.086769
29.998468 52.089264
29.99902 52.090004
29.99902 52.090069
30.000004 52.089844
29.999981 52.066784
29.99856 52.06683
29.997572 52.066158
29.99717 52.065777
29.996513 52.065643
BRUSH(1,0)
REGION 1
14
27.551359 52.066788
27.550484 52.066875
27.54917 52.067299
27.547855 52.067364
27.545666 52.067944
27.545555 52.068485
27.546429 52.068821
27.549931 52.068401
27.550259 52.068336
27.552008 52.068359
27.552883 52.068092
27.553324 52.067554
27.552669 52.067169
27.551359 52.066788
BRUSH(1,0)
REGION 1
4
31.217569 52.05854
31.21649 52.059391
31.217701 52.058643
31.217569 52.05854
BRUSH(1,0)
REGION 1
12
30.709909 52.055286
30.707724 52.055355
30.705538 52.055981
30.704698 52.056477
30.704479 52.056744
30.704624 52.057014
30.7055 52.057396
30.708998 52.057488
30.710308 52.057129
30.711039 52.056637
30.710966 52.056389
30.709909 52.055286
BRUSH(1,0)
REGION 1
13
29.775318 52.034779
29.761847 52.040012
29.764214 52.04208
29.763122 52.042797
29.769571 52.047714
29.776999 52.044434
29.777035 52.0434
29.783588 52.040638
29.786207 52.037716
29.784531 52.035988
29.779181 52.038189
29.778997 52.038124
29.775318 52.034779
BRUSH(1,0)
REGION 1
30
29.560329 52.026634
29.558716 52.029148
29.557873 52.030674
29.557468 52.031391
29.548639 52.043346
29.54871 52.044041
29.555668 52.043404
29.556872 52.042999
29.557455 52.04282
29.558037 52.043049
29.558401 52.04343
29.558651 52.044285
29.558723 52.044285
29.55938 52.044441
29.560362 52.044533
29.560801 52.044289
29.562294 52.044178
29.562805 52.043999
29.563579 52.041416
29.563911 52.040832
29.564348 52.040474
29.564606 52.040138
29.571501 52.037006
29.580055 52.038185
29.580967 52.037468
29.580641 52.037334
29.574177 52.032314
29.56225 52.028683
29.560509 52.026882
29.560329 52.026634
BRUSH(1,0)
REGION 1
4
31.250061 52.043957
31.249785 52.044083
31.250177 52.043964
31.250061 52.043957
BRUSH(1,0)
REGION 1
15
30.16023 52.018444
30.151016 52.020615
30.14883 52.021217
30.147484 52.021194
30.147629 52.021736
30.153692 52.029419
30.154888 52.03133
30.161953 52.031067
30.161299 52.029987
30.15934 52.027023
30.158722 52.026215
30.159597 52.025406
30.161129 52.024372
30.160664 52.020599
30.16023 52.018444
BRUSH(1,0)
REGION 1
34
29.788763 52.005287
29.781887 52.007198
29.781923 52.007267
29.783856 52.010254
29.779852 52.011444
29.778326 52.013195
29.776142 52.013397
29.776398 52.014095
29.778219 52.017105
29.778546 52.017014
29.778728 52.017216
29.779566 52.016945
29.779711 52.016922
29.780695 52.018517
29.782116 52.019394
29.784227 52.020222
29.784809 52.020424
29.785576 52.021591
29.786341 52.022671
29.786705 52.023075
29.786852 52.023815
29.787252 52.024242
29.786816 52.024376
29.789474 52.027252
29.794718 52.027225
29.797226 52.023026
29.793579 52.017727
29.793579 52.017704
29.793177 52.01564
29.794487 52.015011
29.793028 52.01281
29.79423 52.012337
29.791313 52.008297
29.788763 52.005287
BRUSH(1,0)
REGION 1
11
29.147455 52.018528
29.146145 52.018547
29.143522 52.018993
29.142212 52.019039
29.141519 52.019444
29.141699 52.020206
29.143446 52.020275
29.146942 52.019783
29.147818 52.01947
29.148182 52.018909
29.147455 52.018528
BRUSH(1,0)
REGION 1
54
29.808189 52.00005
29.807897 52.000519
29.804333 52.000904
29.801064 52.005173
29.799244 52.005039
29.798626 52.006115
29.800232 52.010181
29.79965 52.010876
29.801434 52.011368
29.808678 52.012039
29.812571 52.011635
29.815735 52.009834
29.821667 52.010101
29.823522 52.010078
29.823486 52.009922
29.823521 52.009113
29.823956 52.007538
29.824209 52.006954
29.825228 52.007202
29.825811 52.007
29.829994 52.006054
29.832394 52.005425
29.833668 52.004997
29.835411 52.00396
29.836575 52.003532
29.837156 52.003242
29.836609 52.001961
29.829403 52.001247
29.827002 52.001091
29.82398 52.000938
29.82085 52.000492
29.815176 52.000607
29.815246 52.000046
29.815245 52.000046
29.816733 51.995926
29.811201 51.995461
29.811201 51.995728
29.811239 51.995998
29.811276 51.996269
29.811348 51.996536
29.811348 51.996807
29.811423 51.997078
29.811459 51.997345
29.811459 51.997616
29.81135 51.997887
29.811241 51.998154
29.811132 51.998425
29.810843 51.998695
29.810406 51.998852
29.809971 51.999077
29.809534 51.999413
29.809097 51.999413
29.808624 51.99984
29.808189 52.00005
BRUSH(1,0)
REGION 1
8
29.667194 52.001064
29.662647 52.001083
29.66086 52.002949
29.670603 52.008682
29.671875 52.009109
29.674246 52.006283
29.674063 52.006123
29.667194 52.001064
BRUSH(1,0)
REGION 1
25
29.791155 51.994549
29.782497 51.996864
29.777588 51.99826
29.777151 51.998417
29.776714 51.998619
29.776533 51.998688
29.777225 51.999676
29.782065 51.998978
29.790287 51.999603
29.793852 51.998592
29.793524 51.998322
29.793268 51.998051
29.793015 51.997784
29.792831 51.997513
29.792686 51.997242
29.792503 51.996975
29.79232 51.996704
29.792066 51.996437
29.791775 51.996166
29.791556 51.995895
29.79141 51.995628
29.791338 51.995358
29.7913 51.995087
29.791227 51.99482
29.791155 51.994549
BRUSH(1,0)
REGION 1
28
29.771292 51.995319
29.770855 51.995411
29.770418 51.995499
29.769981 51.995567
29.769544 51.995613
29.769108 51.995724
29.768673 51.99588
29.768236 51.99604
29.767944 51.996307
29.768019 51.996578
29.768127 51.996849
29.768309 51.997116
29.768564 51.997387
29.768856 51.997658
29.769074 51.997925
29.769184 51.998196
29.769402 51.998463
29.769657 51.998734
29.769983 51.999004
29.77042 51.998936
29.770857 51.998779
29.771294 51.998642
29.77173 51.998554
29.772167 51.998486
29.772604 51.998486
29.773041 51.998486
29.773476 51.99844
29.771292 51.995319
BRUSH(1,0)
REGION 1
63
29.499996 51.980728
29.5 51.980751
29.499996 51.980759
29.498129 51.984013
29.497999 51.986862
29.497221 51.990707
29.496172 51.998074
29.499994 51.998291
29.500014 51.998291
29.505415 51.994801
29.505344 51.994553
29.505419 51.994282
29.505529 51.994015
29.505604 51.993721
29.505642 51.99345
29.505678 51.993183
29.505716 51.992912
29.505718 51.992645
29.505756 51.992374
29.505831 51.992104
29.505978 51.991837
29.506088 51.991566
29.506199 51.991299
29.506308 51.991028
29.506418 51.990757
29.506492 51.99049
29.506567 51.990219
29.506605 51.989948
29.506643 51.989681
29.506718 51.98941
29.506792 51.989143
29.506865 51.988873
29.506975 51.988602
29.50705 51.988335
29.507124 51.988064
29.507271 51.987797
29.507381 51.987526
29.507601 51.987255
29.507931 51.986988
29.508223 51.986717
29.508478 51.98645
29.508806 51.986179
29.5091 51.985912
29.509356 51.985642
29.509647 51.985374
29.510086 51.985172
29.510523 51.985016
29.51096 51.984837
29.510597 51.984566
29.510235 51.984299
29.509909 51.984028
29.50951 51.983757
29.509075 51.983578
29.50864 51.983395
29.508204 51.983215
29.507769 51.983101
29.507332 51.982944
29.506897 51.982784
29.50646 51.982651
29.506025 51.982513
29.505407 51.982422
29.502318 51.982124
29.499996 51.980728
BRUSH(1,0)
REGION 1
22
29.821091 51.991703
29.820654 51.991703
29.820217 51.991703
29.819853 51.991703
29.818768 51.995163
29.818842 51.996128
29.82601 51.996594
29.827202 51.992191
29.826765 51.992104
29.826328 51.992126
29.825893 51.992149
29.825457 51.992172
29.82502 51.992149
29.824583 51.992126
29.824146 51.992104
29.823709 51.992062
29.823273 51.991993
29.822836 51.991882
29.822399 51.991814
29.821962 51.991791
29.821526 51.991749
29.821091 51.991703
BRUSH(1,0)
REGION 1
7
29.767757 51.986473
29.756191 51.989662
29.75419 51.990158
29.757067 51.994221
29.76565 51.991684
29.770851 51.990379
29.767757 51.986473
BRUSH(1,0)
REGION 1
35
29.834725 51.988525
29.834797 51.988796
29.834799 51.989063
29.834726 51.989334
29.834654 51.989605
29.834545 51.989872
29.834364 51.990143
29.834255 51.990414
29.834146 51.990681
29.834112 51.990974
29.83404 51.991245
29.833967 51.991512
29.833895 51.991783
29.833786 51.992054
29.833713 51.992321
29.833605 51.992592
29.83357 51.992863
29.833933 51.992817
29.838154 51.992947
29.838371 51.992676
29.838516 51.992409
29.838516 51.992138
29.838551 51.991871
29.838623 51.9916
29.838695 51.991329
29.838768 51.991062
29.83884 51.990791
29.838875 51.99052
29.838875 51.990253
29.838947 51.989983
29.838983 51.989712
29.83902 51.989445
29.839054 51.989174
29.839163 51.989017
29.834725 51.988525
BRUSH(1,0)
REGION 1
25
30.553282 51.973667
30.552549 51.974476
30.550716 51.977955
30.551405 51.978291
30.554893 51.978996
30.555035 51.979805
30.55419 51.981689
30.549828 51.981007
30.545069 51.980034
30.54376 51.979874
30.543034 51.979378
30.542387 51.978027
30.540209 51.977238
30.534872 51.982597
30.531691 51.985554
30.531582 51.985825
30.536379 51.98653
30.542484 51.987888
30.553824 51.990067
30.559074 51.979294
30.559627 51.977676
30.560686 51.976917
30.562435 51.975929
30.558079 51.974171
30.553282 51.973667
BRUSH(1,0)
REGION 1
22
30.154318 51.961792
30.149878 51.963966
30.15453 51.979511
30.155254 51.980904
30.155216 51.981827
30.156517 51.984947
30.157456 51.988113
30.157856 51.988407
30.158436 51.988655
30.160183 51.988678
30.164001 51.988503
30.164118 51.985226
30.163774 51.976399
30.161814 51.974644
30.161053 51.974083
30.160435 51.973339
30.160408 51.969253
30.160277 51.963459
30.160421 51.9631
30.160822 51.962742
30.161404 51.96254
30.154318 51.961792
BRUSH(1,0)
REGION 1
21
29.758513 51.973896
29.747749 51.976887
29.745859 51.97747
29.746221 51.977718
29.74633 51.977985
29.746405 51.978256
29.746441 51.978527
29.746513 51.978794
29.746914 51.979065
29.747349 51.979244
29.747786 51.979446
29.748222 51.979649
29.748659 51.979828
29.749096 51.980076
29.749533 51.980301
29.749968 51.98048
29.750404 51.980682
29.750841 51.980862
29.751387 51.980747
29.761606 51.978321
29.758513 51.973896
BRUSH(1,0)
REGION 1
20
29.83997 51.975788
29.839752 51.975811
29.839647 51.978146
29.839724 51.979202
29.839798 51.979897
29.85049 51.980541
29.850668 51.978451
29.850777 51.97818
29.850813 51.977913
29.850884 51.977642
29.85092 51.977371
29.85092 51.977104
29.850954 51.976833
29.850918 51.976566
29.84539 51.976254
29.841717 51.976032
29.84128 51.975967
29.840843 51.975899
29.840406 51.975834
29.83997 51.975788
BRUSH(1,0)
REGION 1
96
29.733135 51.944569
29.730627 51.947689
29.729099 51.949284
29.733459 51.955978
29.736441 51.960804
29.728552 51.962803
29.726843 51.963253
29.726988 51.963524
29.727096 51.963791
29.727205 51.964062
29.727314 51.964333
29.727388 51.9646
29.727534 51.96487
29.727715 51.965141
29.728043 51.965408
29.728369 51.965679
29.728805 51.965881
29.72924 51.965836
29.729677 51.965748
29.730114 51.965633
29.730551 51.965523
29.730988 51.965408
29.731423 51.965298
29.731859 51.965206
29.732296 51.965118
29.732731 51.965027
29.733168 51.964962
29.733605 51.964916
29.734041 51.964893
29.734476 51.964825
29.734913 51.964783
29.735349 51.964714
29.735787 51.964668
29.736221 51.9646
29.736658 51.964558
29.737095 51.964535
29.737532 51.964558
29.737967 51.964581
29.738403 51.9646
29.73884 51.964714
29.739239 51.964985
29.739639 51.965252
29.739967 51.965523
29.740257 51.96579
29.740513 51.966061
29.740803 51.966331
29.741095 51.966599
29.741348 51.966869
29.741602 51.96714
29.741858 51.967407
29.742075 51.967609
29.74164 51.970394
29.741312 51.971901
29.742512 51.973
29.754438 51.969856
29.755711 51.969475
29.749891 51.961006
29.746655 51.957798
29.743347 51.954494
29.744728 51.951241
29.745201 51.949959
29.744728 51.949844
29.744291 51.949711
29.743856 51.949688
29.74342 51.94989
29.742983 51.950092
29.742548 51.950272
29.742111 51.950386
29.741674 51.950409
29.741239 51.950386
29.740803 51.950317
29.740366 51.95023
29.739931 51.950138
29.739494 51.949959
29.739057 51.949757
29.738623 51.949532
29.738186 51.949329
29.737749 51.949104
29.737314 51.948879
29.736877 51.948677
29.736441 51.948475
29.736006 51.948296
29.735569 51.948071
29.735207 51.947804
29.734806 51.947533
29.734406 51.947262
29.734116 51.946995
29.733934 51.946724
29.733826 51.946453
29.733753 51.946186
29.733679 51.945915
29.733606 51.945648
29.733498 51.945377
29.733425 51.945106
29.733317 51.944839
29.733135 51.944569
BRUSH(1,0)
REGION 1
8
29.872416 51.954266
29.8661 51.9571
29.864139 51.957775
29.866291 51.960537
29.867275 51.961525
29.873083 51.958733
29.875698 51.957493
29.872416 51.954266
BRUSH(1,0)
REGION 1
10
30.577719 51.947227
30.577461 51.947765
30.581186 51.952332
30.58337 51.95182
30.583664 51.951012
30.58363 51.95047
30.582758 51.95018
30.581015 51.949818
30.578371 51.9477
30.577719 51.947227
BRUSH(1,0)
REGION 1
41
30.232418 51.938141
30.231256 51.938389
30.228821 51.938568
30.226023 51.93922
30.22428 51.939556
30.226204 51.941689
30.227619 51.943462
30.2274 51.943802
30.225365 51.944946
30.222929 51.94582
30.219658 51.946674
30.214823 51.948132
30.214678 51.948421
30.215113 51.948807
30.215731 51.949165
30.216276 51.94939
30.217766 51.949276
30.221182 51.949368
30.221436 51.94973
30.22129 51.949928
30.220781 51.950333
30.2202 51.951099
30.220089 51.95166
30.220598 51.951973
30.222088 51.952064
30.224051 51.951794
30.225977 51.95121
30.226887 51.950874
30.228451 51.949932
30.229977 51.948608
30.23016 51.948429
30.231905 51.945465
30.234451 51.94315
30.235396 51.942432
30.237068 51.941444
30.237976 51.941132
30.237976 51.940773
30.236269 51.939602
30.235108 51.938953
30.233 51.938145
30.232418 51.938141
BRUSH(1,0)
REGION 1
23
29.426102 51.94812
29.425667 51.948166
29.42523 51.948391
29.424867 51.948662
29.424433 51.94891
29.42407 51.949181
29.42378 51.949451
29.423637 51.949718
29.424002 51.949989
29.424438 51.950123
29.424875 51.950169
29.42531 51.950077
29.425745 51.949917
29.426182 51.949738
29.426617 51.949558
29.427052 51.949421
29.427488 51.94931
29.427706 51.949062
29.427559 51.948746
29.427412 51.948479
29.426975 51.948254
29.426539 51.948143
29.426102 51.94812
BRUSH(1,0)
REGION 1
34
29.420063 51.946716
29.419626 51.946739
29.419191 51.94685
29.418756 51.947033
29.41832 51.947235
29.417957 51.947506
29.417887 51.947773
29.417959 51.948044
29.418106 51.948315
29.418543 51.94849
29.41898 51.948582
29.419416 51.948605
29.419853 51.948669
29.42029 51.948917
29.420362 51.949184
29.420509 51.949455
29.420801 51.949722
29.421166 51.949993
29.421602 51.950104
29.422039 51.950058
29.422474 51.949947
29.422836 51.949677
29.422981 51.949406
29.423054 51.949135
29.422907 51.948868
29.42276 51.948597
29.422468 51.94833
29.422176 51.948059
29.421812 51.947792
29.42152 51.947521
29.421228 51.947208
29.420937 51.946938
29.4205 51.946758
29.420063 51.946716
BRUSH(1,0)
REGION 1
7
28.783693 51.940594
28.771483 51.942013
28.770719 51.942146
28.770866 51.944527
28.779808 51.944031
28.784388 51.943848
28.783693 51.940594
BRUSH(1,0)
REGION 1
31
28.868103 51.932579
28.863491 51.933594
28.859568 51.934341
28.849542 51.936707
28.848236 51.936798
28.845547 51.937386
28.843622 51.937794
28.841698 51.938244
28.835157 51.939663
28.826 51.940659
28.823784 51.940773
28.81488 51.941475
28.814736 51.941521
28.815065 51.943184
28.815538 51.943787
28.815756 51.943676
28.826658 51.94286
28.827858 51.94268
28.828005 51.942925
28.829277 51.943531
28.830151 51.943554
28.831022 51.943306
28.833164 51.942337
28.841448 51.940399
28.844101 51.94062
28.847153 51.940079
28.853691 51.938725
28.854051 51.937511
28.868107 51.934307
28.868977 51.933163
28.868103 51.932579
BRUSH(1,0)
REGION 1
24
29.799446 51.938515
29.796539 51.938515
29.796436 51.94305
29.801416 51.943295
29.806286 51.943382
29.806467 51.943111
29.806538 51.942844
29.806538 51.942574
29.806538 51.942307
29.806501 51.942036
29.806501 51.941765
29.806463 51.941498
29.806463 51.941227
29.806463 51.940956
29.8065 51.940689
29.806536 51.940418
29.80657 51.940147
29.80657 51.93988
29.80657 51.93961
29.80657 51.939339
29.80657 51.939072
29.806568 51.938801
29.806604 51.938667
29.799446 51.938515
BRUSH(1,0)
REGION 1
9
28.812439 51.938107
28.790634 51.939602
28.790634 51.939625
28.791181 51.940544
28.791218 51.940769
28.791729 51.943306
28.813063 51.941635
28.812477 51.938332
28.812439 51.938107
BRUSH(1,0)
REGION 1
23
29.262462 51.941505
29.262028 51.941772
29.262028 51.942043
29.262318 51.942314
29.262754 51.942513
29.263191 51.942673
29.263626 51.942806
29.264063 51.942963
29.2645 51.943119
29.264935 51.943234
29.265371 51.943298
29.265808 51.943188
29.265953 51.942917
29.265881 51.94265
29.265661 51.942379
29.265224 51.942131
29.26479 51.941998
29.264353 51.941887
29.264208 51.941864
29.263771 51.941727
29.263334 51.941639
29.2629 51.941547
29.262462 51.941505
BRUSH(1,0)
REGION 1
8
29.335609 51.936775
29.334271 51.939468
29.33398 51.939671
29.334272 51.940166
29.345291 51.942986
29.347319 51.940109
29.347391 51.939751
29.335609 51.936775
BRUSH(1,0)
REGION 1
36
29.227179 51.926186
29.226744 51.926186
29.226307 51.926277
29.226162 51.926544
29.226452 51.926815
29.226814 51.927086
29.227251 51.92733
29.227688 51.927532
29.228123 51.927734
29.228487 51.928005
29.228922 51.928253
29.229359 51.928478
29.229794 51.928658
29.23023 51.928837
29.230665 51.928993
29.231102 51.92915
29.231537 51.929264
29.231974 51.929398
29.23241 51.929466
29.232845 51.929287
29.233065 51.929016
29.232845 51.928745
29.232555 51.928478
29.232265 51.928207
29.231901 51.927937
29.231466 51.927692
29.231029 51.927444
29.230593 51.927242
29.230158 51.927086
29.229866 51.92704
29.229359 51.926838
29.228922 51.926682
29.228487 51.926521
29.22805 51.926388
29.227615 51.926277
29.227179 51.926186
BRUSH(1,0)
REGION 1
10
29.268702 51.921356
29.264234 51.92194
29.263653 51.921986
29.265618 51.926319
29.26569 51.92659
29.270193 51.925644
29.270485 51.925621
29.268919 51.921692
29.268629 51.921513
29.268702 51.921356
BRUSH(1,0)
REGION 1
28
29.211414 51.922478
29.210977 51.922543
29.210541 51.922722
29.210106 51.92297
29.209669 51.923149
29.209234 51.923374
29.208834 51.923599
29.208469 51.92387
29.20818 51.92416
29.207888 51.924431
29.207598 51.924698
29.207453 51.924969
29.207598 51.92524
29.208033 51.92535
29.208469 51.925373
29.208904 51.92524
29.209341 51.924969
29.209778 51.924702
29.210213 51.924519
29.210613 51.924362
29.21105 51.924183
29.211412 51.923916
29.211704 51.923645
29.211994 51.923374
29.212212 51.923241
29.212139 51.922947
29.211849 51.92268
29.211414 51.922478
BRUSH(1,0)
REGION 1
5
29.995035 51.919861
29.991518 51.920608
29.993967 51.923615
29.99676 51.922642
29.995035 51.919861
BRUSH(1,0)
REGION 1
65
29.359636 51.911392
29.3592 51.911392
29.358765 51.911415
29.358328 51.911507
29.357893 51.911732
29.357531 51.912003
29.357096 51.912182
29.356661 51.912205
29.356224 51.912159
29.355787 51.912117
29.355353 51.912117
29.354916 51.91214
29.354481 51.912186
29.354118 51.912453
29.354338 51.912724
29.354555 51.912994
29.354774 51.913261
29.355065 51.913532
29.355284 51.913799
29.35532 51.91407
29.355249 51.914341
29.355032 51.914612
29.354959 51.914879
29.354887 51.91515
29.354889 51.915421
29.354961 51.915688
29.355036 51.915958
29.355108 51.916225
29.355255 51.916496
29.3554 51.916767
29.355764 51.917034
29.356201 51.917149
29.356636 51.917145
29.357073 51.91708
29.357508 51.916878
29.357725 51.916607
29.35816 51.916428
29.358597 51.916538
29.359032 51.916626
29.359468 51.916782
29.359905 51.916805
29.360304 51.916759
29.360739 51.916672
29.361101 51.916401
29.361101 51.91613
29.360954 51.915863
29.360809 51.915726
29.360737 51.915459
29.360663 51.915188
29.36059 51.914921
29.360443 51.91465
29.360079 51.914379
29.359644 51.914291
29.359207 51.914089
29.358843 51.913818
29.358843 51.913551
29.358915 51.913281
29.359205 51.91301
29.359568 51.912743
29.360003 51.912495
29.360292 51.912224
29.360435 51.911953
29.360291 51.911686
29.360071 51.911415
29.359636 51.911392
BRUSH(1,0)
REGION 1
42
29.305258 51.877316
29.299454 51.879433
29.298872 51.879612
29.305233 51.885738
29.30262 51.886932
29.305819 51.890076
29.301611 51.891785
29.293591 51.894707
29.288147 51.897091
29.28793 51.897202
29.290037 51.899246
29.290401 51.899494
29.286192 51.901268
29.282234 51.902889
29.286524 51.9072
29.286669 51.907177
29.288632 51.9076
29.288776 51.9076
29.294376 51.913868
29.294886 51.914429
29.297354 51.913616
29.297499 51.913574
29.299463 51.915863
29.299608 51.915955
29.314093 51.910801
29.325161 51.905987
29.342394 51.899189
29.341665 51.898182
29.343805 51.89719
29.343187 51.896629
29.344711 51.895886
29.339001 51.890926
29.333738 51.892124
29.327555 51.885952
29.319956 51.878139
29.319666 51.87841
29.315132 51.879871
29.313387 51.878075
29.313242 51.878033
29.309689 51.879807
29.305475 51.877384
29.305258 51.877316
BRUSH(1,0)
REGION 1
30
29.087816 51.914314
29.087379 51.914337
29.086944 51.91436
29.086508 51.914406
29.086071 51.914562
29.086071 51.914829
29.086506 51.915031
29.086941 51.915169
29.087376 51.915348
29.087812 51.91544
29.088247 51.915508
29.088682 51.915554
29.089119 51.915619
29.089554 51.915642
29.08999 51.915665
29.090425 51.915688
29.090862 51.915668
29.091297 51.915668
29.091662 51.915398
29.091371 51.915489
29.091518 51.915195
29.091301 51.914928
29.090864 51.914768
29.090429 51.9147
29.089994 51.914677
29.089558 51.914566
29.089123 51.914452
29.088688 51.91436
29.088251 51.914318
29.087816 51.914314
BRUSH(1,0)
REGION 1
32
29.366333 51.903324
29.365896 51.903347
29.365461 51.903481
29.365026 51.903728
29.364737 51.903999
29.364664 51.90427
29.365028 51.904537
29.36532 51.904808
29.36561 51.905075
29.365212 51.90519
29.364777 51.905258
29.364559 51.905525
29.364706 51.905796
29.364924 51.906063
29.365215 51.906334
29.365652 51.906513
29.366087 51.906445
29.366522 51.906242
29.36692 51.90604
29.367355 51.905861
29.367792 51.905746
29.368227 51.905746
29.368589 51.905476
29.368662 51.905209
29.368588 51.904938
29.368515 51.904667
29.368368 51.9044
29.367931 51.904129
29.367496 51.903908
29.367205 51.903591
29.366768 51.903366
29.366333 51.903324
BRUSH(1,0)
REGION 1
9
29.71892 51.884377
29.714598 51.890327
29.713362 51.891743
29.718948 51.897831
29.720873 51.899899
29.724359 51.895115
29.7281 51.890175
29.721424 51.884468
29.71892 51.884377
BRUSH(1,0)
REGION 1
25
30.453591 51.837925
30.449322 51.840088
30.451614 51.841816
30.451941 51.841927
30.453175 51.842148
30.455389 51.842865
30.456589 51.843491
30.457134 51.843716
30.457714 51.843803
30.459246 51.845844
30.460155 51.846561
30.461901 51.847481
30.462483 51.847679
30.463247 51.848286
30.465206 51.848553
30.465387 51.84853
30.464983 51.847229
30.464617 51.846508
30.46356 51.845589
30.462978 51.845253
30.462757 51.844513
30.461594 51.843773
30.460396 51.843597
30.45945 51.84288
30.453591 51.837925
BRUSH(1,0)
REGION 1
9
29.171173 51.825176
29.164284 51.826317
29.163849 51.826431
29.16457 51.82872
29.164642 51.828857
29.172329 51.828121
29.172329 51.82785
29.17139 51.825401
29.171173 51.825176
BRUSH(1,0)
REGION 1
14
29.450546 51.79454
29.446461 51.796638
29.443285 51.799271
29.441259 51.800106
29.440029 51.800377
29.439863 51.803612
29.439869 51.80505
29.440952 51.804394
29.440807 51.804352
29.444746 51.80183
29.448713 51.798115
29.452396 51.795437
29.452179 51.795258
29.450546 51.79454
BRUSH(1,0)
REGION 1
30
28.736105 51.796219
28.723063 51.797028
28.723387 51.798149
28.723459 51.798847
28.721357 51.798779
28.705523 51.800034
28.706209 51.803066
28.706282 51.803089
28.708057 51.802952
28.708817 51.803558
28.71139 51.80455
28.711933 51.804302
28.714144 51.804302
28.717188 51.804462
28.719797 51.804283
28.725922 51.802776
28.727118 51.803497
28.728855 51.803787
28.731464 51.803608
28.733639 51.802891
28.737661 51.802959
28.743569 51.803387
28.744511 51.803654
28.745344 51.803047
28.743496 51.801815
28.748243 51.79995
28.748171 51.799141
28.73712 51.800308
28.736286 51.796669
28.736105 51.796219
BRUSH(1,0)
REGION 1
10
28.590248 51.771698
28.578476 51.772511
28.582335 51.787369
28.582908 51.788467
28.590374 51.787941
28.591644 51.78738
28.59404 51.785877
28.594547 51.785542
28.593609 51.784935
28.590248 51.771698
BRUSH(1,0)
REGION 1
15
28.301827 51.779797
28.296396 51.781033
28.295887 51.780182
28.292521 51.780922
28.280786 51.783623
28.281113 51.784431
28.281584 51.785015
28.284556 51.7845
28.288031 51.783981
28.290205 51.784069
28.293068 51.784855
28.303244 51.782738
28.303244 51.782402
28.303026 51.78231
28.301827 51.779797
BRUSH(1,0)
REGION 1
8
29.121847 51.781784
29.117788 51.782475
29.119162 51.783958
29.119522 51.784588
29.12068 51.784992
29.122927 51.784367
29.123436 51.783268
29.121847 51.781784
BRUSH(1,0)
REGION 1
11
29.425509 51.765293
29.4254 51.765293
29.420767 51.765728
29.420841 51.765797
29.421577 51.769096
29.422607 51.77354
29.423597 51.776527
29.429245 51.776337
29.429243 51.77607
29.426716 51.768795
29.425509 51.765293
BRUSH(1,0)
REGION 1
20
28.203119 51.751446
28.19935 51.754097
28.196199 51.756588
28.197502 51.757107
28.198443 51.757488
28.198841 51.757599
28.199274 51.757893
28.203544 51.760139
28.206589 51.757603
28.20999 51.759491
28.213793 51.75666
28.213793 51.75655
28.21336 51.7561
28.210211 51.754707
28.208473 51.753853
28.207497 51.753288
28.206846 51.752953
28.206266 51.75275
28.204529 51.751984
28.203119 51.751446
BRUSH(1,0)
REGION 1
22
30.2976 51.740276
30.296988 51.742165
30.296158 51.744568
30.296921 51.748203
30.297106 51.751236
30.297033 51.752182
30.307421 51.753323
30.308216 51.753277
30.308794 51.753162
30.309988 51.75222
30.310349 51.751816
30.310747 51.751591
30.312735 51.749142
30.313927 51.747772
30.313925 51.746986
30.314034 51.746784
30.316599 51.745007
30.317757 51.744469
30.318153 51.744198
30.318008 51.743118
30.318477 51.742199
30.2976 51.740276
BRUSH(1,0)
REGION 1
9
28.185341 51.728859
28.184036 51.729351
28.184036 51.729889
28.185339 51.730228
28.186676 51.730141
28.187184 51.729599
28.186932 51.729061
28.186678 51.72897
28.185341 51.728859
BRUSH(1,0)
REGION 1
11
28.181761 51.727329
28.180891 51.72744
28.179407 51.728474
28.179262 51.728764
28.179623 51.729305
28.18049 51.729687
28.181358 51.729733
28.182083 51.729351
28.182409 51.728271
28.182375 51.727734
28.181761 51.727329
BRUSH(1,0)
REGION 1
17
28.572098 51.708363
28.572062 51.708385
28.571736 51.70845
28.566563 51.709164
28.564285 51.717495
28.566526 51.71788
28.566124 51.71936
28.566339 51.719742
28.566627 51.719902
28.567495 51.720219
28.575413 51.721241
28.5751 51.717758
28.57482 51.715599
28.571937 51.71236
28.572054 51.710472
28.572024 51.708836
28.572098 51.708363
BRUSH(1,0)
REGION 1
36
30.180155 51.707405
30.177549 51.708099
30.174767 51.70855
30.163923 51.707821
30.163738 51.710045
30.163807 51.711056
30.164419 51.712517
30.164166 51.712875
30.163008 51.71328
30.162466 51.713593
30.16214 51.713951
30.162645 51.714245
30.163837 51.71447
30.165392 51.714359
30.165718 51.714291
30.169006 51.714722
30.17255 51.715172
30.175043 51.715557
30.176779 51.715511
30.180468 51.714973
30.183504 51.714775
30.185457 51.714821
30.188639 51.714981
30.191675 51.715095
30.194061 51.715454
30.195253 51.715858
30.196302 51.716602
30.196736 51.716961
30.197313 51.71703
30.197891 51.717274
30.198795 51.717434
30.199699 51.717297
30.200207 51.71703
30.201183 51.716064
30.202232 51.715347
30.180155 51.707405
BRUSH(1,0)
REGION 1
29
30.245186 51.702644
30.244608 51.702667
30.242908 51.703903
30.241175 51.70525
30.240849 51.705452
30.240524 51.70554
30.240198 51.70554
30.239765 51.705742
30.239657 51.706104
30.236691 51.70792
30.233835 51.709225
30.231773 51.709873
30.230833 51.710144
30.231629 51.713646
30.23311 51.712975
30.235172 51.711872
30.237991 51.710842
30.239618 51.710392
30.240126 51.710098
30.243994 51.709156
30.244572 51.708889
30.245005 51.707764
30.245077 51.706326
30.245186 51.705765
30.245548 51.704823
30.245945 51.703522
30.245981 51.703159
30.245766 51.702801
30.245186 51.702644
BRUSH(1,0)
REGION 1
14
28.165918 51.684765
28.165085 51.685574
28.165266 51.685661
28.162985 51.687729
28.162985 51.687748
28.165043 51.688808
28.175917 51.693512
28.176458 51.693714
28.17903 51.691288
28.179354 51.691109
28.179428 51.690571
28.175922 51.689354
28.170252 51.686543
28.165918 51.684765
BRUSH(1,0)
REGION 1
66
30.167999 51.672588
30.167851 51.674969
30.167452 51.675507
30.166874 51.675777
30.151737 51.675808
30.152094 51.677967
30.179621 51.678638
30.178991 51.688202
30.179569 51.688362
30.180473 51.688229
30.180945 51.687485
30.181269 51.687126
30.182499 51.686993
30.184233 51.687195
30.184557 51.687355
30.185533 51.687241
30.186762 51.686771
30.188244 51.685875
30.189798 51.685425
30.193521 51.685043
30.19511 51.684685
30.196991 51.68462
30.197893 51.684261
30.198797 51.683788
30.199953 51.683792
30.200531 51.684013
30.203386 51.68433
30.204579 51.684288
30.206095 51.684086
30.207577 51.683792
30.209601 51.683525
30.211119 51.683571
30.214008 51.683998
30.216139 51.684334
30.217333 51.68438
30.217802 51.684223
30.217802 51.682785
30.217226 51.679955
30.216759 51.677822
30.216326 51.677486
30.214844 51.677372
30.212244 51.676292
30.210764 51.675888
30.207838 51.675552
30.203684 51.675236
30.200903 51.67519
30.200397 51.674965
30.199387 51.673977
30.198881 51.673706
30.197943 51.673592
30.19339 51.673637
30.192957 51.674107
30.19281 51.675678
30.192629 51.676037
30.191618 51.676151
30.189415 51.676037
30.188221 51.676083
30.186669 51.675968
30.182226 51.675964
30.181322 51.675877
30.18107 51.675495
30.181181 51.674057
30.181002 51.673675
30.180496 51.673313
30.179882 51.673046
30.167999 51.672588
BRUSH(1,0)
REGION 1
8
30.230774 51.681824
30.230411 51.682476
30.232615 51.685261
30.237204 51.685329
30.245224 51.684677
30.245695 51.682163
30.239263 51.682297
30.230774 51.681824
BRUSH(1,0)
REGION 1
9
28.71351 51.681286
28.712643 51.681374
28.712318 51.681644
28.712679 51.682182
28.71398 51.682476
28.714847 51.682274
28.714884 51.682182
28.714811 51.681644
28.71351 51.681286
BRUSH(1,0)
REGION 1
17
28.884134 51.641209
28.881102 51.641212
28.877205 51.642227
28.87587 51.642635
28.875513 51.643982
28.876345 51.644295
28.879812 51.644695
28.881113 51.645077
28.881546 51.645325
28.884579 51.644669
28.890638 51.642975
28.894535 51.641804
28.894354 51.641533
28.891321 51.641582
28.888323 51.641407
28.888035 51.641407
28.884134 51.641209
BRUSH(1,0)
REGION 1
7
28.904278 51.640488
28.899517 51.641617
28.89876 51.641796
28.900211 51.643929
28.905546 51.641743
28.904713 51.640667
28.904278 51.640488
BRUSH(1,0)
REGION 1
21
30.061321 51.601795
30.058325 51.602146
30.0571 51.601898
30.055296 51.602322
30.052984 51.602901
30.048866 51.604443
30.048075 51.604084
30.046703 51.60408
30.044428 51.604931
30.044029 51.605198
30.045208 51.607895
30.045603 51.608166
30.04925 51.607388
30.055208 51.605804
30.055641 51.60585
30.055847 51.608006
30.05599 51.608276
30.056892 51.608299
30.063316 51.607254
30.063114 51.603931
30.061321 51.601795
BRUSH(1,0)
REGION 1
14
29.206472 51.598328
29.206041 51.598423
29.204056 51.599247
29.200556 51.600456
29.198546 51.601269
29.198606 51.601421
29.198458 51.606007
29.20643 51.605919
29.206358 51.605896
29.206362 51.603065
29.206364 51.600639
29.206219 51.599293
29.206436 51.598751
29.206472 51.598328
BRUSH(1,0)
REGION 1
6
29.192684 51.603519
29.191858 51.603802
29.188463 51.605183
29.18861 51.60553
29.192724 51.603645
29.192684 51.603519
BRUSH(1,0)
REGION 1
7
29.383671 51.559338
29.382877 51.559654
29.383024 51.560192
29.384754 51.560574
29.385115 51.560169
29.384968 51.559608
29.383671 51.559338
BRUSH(1,0)
REGION 2
248
31.670888 52.115163
31.670851 52.114714
31.670667 52.114454
31.669395 52.114761
31.668705 52.115231
31.667248 52.115276
31.6651 52.115791
31.663681 52.116287
31.662262 52.116779
31.660807 52.116825
31.659313 52.116425
31.65782 52.11602
31.657055 52.115597
31.65629 52.11517
31.655525 52.114746
31.65476 52.114319
31.653996 52.113892
31.653269 52.113914
31.653267 52.113916
31.652539 52.113939
31.651811 52.113961
31.650355 52.114007
31.649627 52.11403
31.648899 52.114052
31.648171 52.114075
31.647443 52.114098
31.645986 52.114143
31.645262 52.114165
31.64526 52.114166
31.643803 52.114212
31.642348 52.114258
31.641655 52.114727
31.6402 52.114773
31.638743 52.114819
31.637323 52.115311
31.63514 52.115379
31.634375 52.114952
31.63292 52.114998
31.630735 52.115067
31.629245 52.114663
31.629241 52.114663
31.628513 52.114686
31.627785 52.114708
31.626365 52.115201
31.625637 52.115224
31.624909 52.115247
31.624181 52.115269
31.623453 52.115292
31.62196 52.114888
31.621924 52.114441
31.621197 52.114464
31.61974 52.11451
31.617556 52.114574
31.6161 52.11462
31.615336 52.114193
31.613878 52.114239
31.612387 52.113834
31.611622 52.113411
31.610167 52.113457
31.607981 52.113522
31.606562 52.114014
31.605106 52.114059
31.604414 52.114532
31.602995 52.115025
31.602303 52.115494
31.600845 52.11554
31.600155 52.116009
31.598698 52.116055
31.596514 52.116123
31.595749 52.115696
31.594257 52.115292
31.592074 52.11536
31.590653 52.115852
31.58996 52.116322
31.588505 52.116367
31.587084 52.116859
31.586394 52.117332
31.584936 52.117374
31.583515 52.11787
31.582096 52.118362
31.580639 52.118404
31.579948 52.118877
31.578491 52.118919
31.576307 52.118988
31.575615 52.119457
31.574158 52.119503
31.571974 52.119568
31.570517 52.119614
31.569061 52.119659
31.567604 52.119701
31.566113 52.119297
31.564655 52.119343
31.5632 52.119389
31.561743 52.119431
31.560286 52.119476
31.55883 52.119518
31.557373 52.119564
31.555189 52.119629
31.554497 52.120102
31.55304 52.120144
31.551584 52.12019
31.550892 52.120659
31.549435 52.120705
31.548743 52.121174
31.547285 52.12122
31.546593 52.121689
31.545138 52.121731
31.54368 52.121777
31.542259 52.122269
31.541567 52.122738
31.540112 52.122784
31.538691 52.123276
31.537233 52.123322
31.535812 52.123814
31.534355 52.123856
31.533663 52.124325
31.531479 52.124393
31.530786 52.124863
31.52933 52.124905
31.52805 52.124945
31.5286 52.124928
31.529328 52.124906
31.530821 52.125311
31.531549 52.125289
31.532278 52.125267
31.533006 52.125245
31.533734 52.125223
31.535191 52.125179
31.535919 52.125157
31.536683 52.125583
31.537376 52.125113
31.538796 52.124621
31.539489 52.12415
31.540182 52.12368
31.54091 52.123658
31.541638 52.123636
31.543059 52.123144
31.543788 52.123122
31.54448 52.122651
31.545208 52.122629
31.546665 52.122585
31.547357 52.122115
31.54805 52.121644
31.548778 52.121622
31.549542 52.122049
31.550306 52.122475
31.550342 52.122923
31.551142 52.123798
31.551906 52.124224
31.55267 52.12465
31.553434 52.125076
31.554163 52.125054
31.554891 52.125032
31.556312 52.124539
31.55704 52.124517
31.557768 52.124495
31.558497 52.124473
31.559225 52.124451
31.560682 52.124407
31.56141 52.124385
31.562138 52.124362
31.562866 52.12434
31.563595 52.124318
31.565051 52.124274
31.56578 52.124252
31.566508 52.124229
31.567236 52.124207
31.567964 52.124185
31.569421 52.124141
31.570149 52.124118
31.570878 52.124096
31.571606 52.124074
31.572334 52.124052
31.573791 52.124007
31.574519 52.123985
31.575283 52.124411
31.576011 52.124389
31.57674 52.124367
31.578196 52.124322
31.578925 52.1243
31.579653 52.124278
31.580381 52.124255
31.581073 52.123785
31.581729 52.122866
31.582421 52.122396
31.583113 52.121925
31.583805 52.121455
31.584497 52.120984
31.585189 52.120513
31.585845 52.119595
31.585809 52.119146
31.586501 52.118676
31.587957 52.118631
31.588649 52.118161
31.589377 52.118138
31.590105 52.118116
31.591562 52.118071
31.592254 52.117601
31.592982 52.117578
31.593673 52.117108
31.59513 52.117063
31.595858 52.117041
31.596622 52.117467
31.596659 52.117915
31.597423 52.118341
31.597496 52.119237
31.597532 52.119686
31.598297 52.120111
31.599061 52.120537
31.599826 52.120963
31.600554 52.120941
31.601974 52.120448
31.602702 52.120425
31.60343 52.120403
31.604158 52.120381
31.605578 52.119888
31.606307 52.119865
31.608891 52.115741
31.610348 52.115696
31.621306 52.115807
31.621671 52.12029
31.623128 52.120245
31.628916 52.119616
31.629424 52.116904
31.630153 52.116882
31.630881 52.116859
31.632337 52.116814
31.633065 52.116791
31.633756 52.116321
31.634484 52.116298
31.635212 52.116275
31.636669 52.11623
31.637397 52.116207
31.638125 52.116185
31.638853 52.116162
31.639581 52.11614
31.641 52.115646
31.641728 52.115623
31.642457 52.115601
31.644023 52.1169
31.646391 52.119073
31.652907 52.118421
31.655598 52.115641
31.656363 52.116066
31.66241 52.118574
31.667396 52.117069
31.668087 52.116598
31.670888 52.115163
8
31.519165 52.12566
31.519167 52.125661
31.519931 52.126088
31.52066 52.126066
31.520665 52.126064
31.52066 52.126064
31.519169 52.12566
31.519165 52.12566
BRUSH(1,0)
REGION 1
65
31.717491 52.174807
31.717453 52.174359
31.716687 52.173934
31.715191 52.173532
31.714462 52.173555
31.713696 52.17313
31.712967 52.173153
31.712238 52.173176
31.711472 52.172751
31.710705 52.172326
31.71063 52.17143
31.709863 52.171005
31.709097 52.17058
31.708368 52.170603
31.70691 52.170649
31.706181 52.170672
31.705415 52.170247
31.704686 52.17027
31.703919 52.169845
31.703153 52.169419
31.701695 52.169466
31.702499 52.170339
31.703266 52.170764
31.704032 52.171189
31.70407 52.171637
31.703341 52.17166
31.701845 52.171258
31.701808 52.17081
31.700313 52.170408
31.699621 52.170879
31.699659 52.171327
31.700425 52.171753
31.700462 52.172201
31.701229 52.172626
31.702033 52.173499
31.702762 52.173476
31.70349 52.173453
31.704948 52.173407
31.705677 52.173384
31.706481 52.174257
31.706519 52.174705
31.707285 52.175131
31.707323 52.175579
31.708781 52.175533
31.708743 52.175084
31.709435 52.174613
31.710164 52.17459
31.710893 52.174567
31.711659 52.174992
31.711005 52.175912
31.710276 52.175935
31.709585 52.176406
31.709623 52.176854
31.710389 52.177279
31.711155 52.177704
31.711884 52.177681
31.712576 52.17721
31.713268 52.176739
31.713959 52.176267
31.714688 52.176244
31.715455 52.176669
31.716913 52.176623
31.717566 52.175704
31.717529 52.175255
31.717491 52.174807
BRUSH(1,0)
REGION 1
53
31.532202 52.270861
31.533663 52.270816
31.538047 52.270684
31.540239 52.270618
31.554195 52.271094
31.555656 52.27105
31.562232 52.27085
31.562673 52.267242
31.561212 52.267287
31.560445 52.26686
31.559715 52.266883
31.558984 52.266905
31.558254 52.266927
31.556793 52.266971
31.556062 52.266994
31.555331 52.267016
31.5546 52.267038
31.55387 52.26706
31.552408 52.267104
31.551678 52.267126
31.550911 52.2667
31.550181 52.266722
31.54945 52.266745
31.547989 52.266789
31.547294 52.267259
31.546599 52.26773
31.546671 52.268626
31.545977 52.269097
31.544516 52.269141
31.543785 52.269163
31.543054 52.269185
31.542288 52.268759
31.541557 52.268781
31.54006 52.268377
31.539329 52.268399
31.539293 52.26795
31.53849 52.267076
31.537724 52.26665
31.536957 52.266224
31.536921 52.265775
31.536119 52.264901
31.535352 52.264475
31.531699 52.264585
31.531735 52.265033
31.53104 52.265503
31.531076 52.265952
31.530417 52.26687
31.529723 52.26734
31.528992 52.267362
31.528297 52.267833
31.527567 52.267855
31.528333 52.268281
31.532202 52.270861
BRUSH(1,0)
REGION 1
44
31.709656 52.261483
31.708703 52.261814
31.707972 52.261837
31.70728 52.262308
31.706549 52.262331
31.705857 52.262803
31.704396 52.262849
31.703703 52.26332
31.702972 52.263343
31.702242 52.263366
31.700781 52.263412
31.700051 52.263435
31.699358 52.263907
31.698627 52.26393
31.697934 52.264401
31.69874 52.265274
31.699508 52.265699
31.699546 52.266148
31.700314 52.266573
31.701119 52.267446
31.701888 52.267871
31.702618 52.267848
31.703349 52.267825
31.704079 52.267802
31.705502 52.267308
31.706233 52.267284
31.706926 52.266813
31.707618 52.266342
31.70908 52.266296
31.70981 52.266273
31.710503 52.265801
31.711233 52.265778
31.711926 52.265307
31.713349 52.264812
31.714118 52.265237
31.714155 52.26569
31.714161 52.265686
31.714815 52.264767
31.713972 52.263443
31.713204 52.26302
31.712437 52.262596
31.710938 52.262192
31.710169 52.261768
31.709656 52.261483
BRUSH(1,0)
REGION 1
53
31.692913 52.274447
31.692879 52.273997
31.692073 52.273124
31.691305 52.272698
31.690536 52.272273
31.689038 52.271871
31.68827 52.271446
31.687539 52.271469
31.686809 52.271492
31.686116 52.271963
31.684654 52.272009
31.683961 52.27248
31.683268 52.272951
31.682537 52.272974
31.681807 52.272997
31.680383 52.273491
31.679652 52.273514
31.678959 52.273985
31.678228 52.274008
31.676805 52.274502
31.676074 52.274525
31.67538 52.274996
31.67465 52.275019
31.673226 52.275513
31.672495 52.275536
31.671802 52.276007
31.671071 52.27603
31.669648 52.276524
31.669653 52.276524
31.67042 52.276951
31.671883 52.276905
31.67411 52.277283
31.675573 52.277237
31.677035 52.277191
31.678496 52.277145
31.679956 52.2771
31.681418 52.277054
31.68288 52.277008
31.684342 52.276962
31.685796 52.276917
31.685797 52.276916
31.68649 52.276445
31.687223 52.276422
31.687226 52.276421
31.68792 52.275951
31.688643 52.275929
31.688645 52.275928
31.689375 52.275905
31.690068 52.275434
31.690799 52.275411
31.690809 52.275407
31.691498 52.27494
31.692913 52.274447
BRUSH(1,0)
REGION 1
22
30.826938 52.613496
30.825464 52.613532
30.824727 52.61355
30.823253 52.613585
30.822516 52.613603
30.82172 52.612723
30.820247 52.612759
30.818802 52.613243
30.819568 52.613674
30.819597 52.614122
30.817473 52.615521
30.819859 52.61816
30.820683 52.619488
30.821566 52.621713
30.821595 52.622162
30.827404 52.620674
30.828849 52.62019
30.828054 52.61931
30.827996 52.618413
30.828704 52.617947
30.829441 52.617929
30.826938 52.613496
BRUSH(1,0)
REGION 1
70
30.61485 53.23122
30.614103 53.231237
30.614047 53.23034
30.614019 53.229891
30.613244 53.229459
30.613217 53.22901
30.613189 53.228562
30.613134 53.227664
30.612358 53.227232
30.612331 53.226784
30.612303 53.226335
30.612275 53.225886
30.611472 53.225006
30.611445 53.224557
30.611417 53.224108
30.610642 53.223676
30.610587 53.222779
30.609811 53.222347
30.609784 53.221898
30.609008 53.221466
30.608233 53.221034
30.607514 53.2215
30.606018 53.221533
30.605298 53.221998
30.604578 53.222463
30.603858 53.222928
30.603166 53.223842
30.601698 53.224324
30.600978 53.224789
30.600258 53.225254
30.600286 53.225703
30.598818 53.226185
30.598846 53.226633
30.598153 53.227547
30.597433 53.228012
30.596713 53.228477
30.595993 53.228942
30.595273 53.229408
30.594552 53.229873
30.594608 53.23077
30.593887 53.231235
30.593167 53.2317
30.593195 53.232149
30.593222 53.232598
30.594025 53.233478
30.594052 53.233927
30.594828 53.234359
30.595575 53.234343
30.596323 53.234326
30.597071 53.23431
30.598539 53.233828
30.599286 53.233812
30.600006 53.233346
30.600754 53.23333
30.601475 53.232865
30.60297 53.232832
30.60369 53.232366
30.604438 53.23235
30.605185 53.232333
30.606681 53.2323
30.607429 53.232284
30.608149 53.231818
30.608896 53.231802
30.609672 53.232234
30.611167 53.232201
30.611915 53.232184
30.612663 53.232167
30.61341 53.232151
30.614158 53.232134
30.61485 53.23122
BRUSH(1,0)
REGION 1
79
30.586753 52.966779
30.58678 52.967227
30.586064 52.967693
30.585348 52.968158
30.585375 52.968606
30.584659 52.969071
30.584687 52.96952
30.583998 52.970434
30.584025 52.970882
30.584052 52.971331
30.583336 52.971796
30.583363 52.972245
30.583417 52.973142
30.582701 52.973607
30.582728 52.974056
30.581268 52.974537
30.581295 52.974986
30.582066 52.975418
30.582836 52.97585
30.583579 52.975834
30.584323 52.975818
30.585093 52.97625
30.58658 52.976217
30.58735 52.97665
30.58812 52.977082
30.588864 52.977065
30.58958 52.9766
30.591067 52.976568
30.59181 52.976551
30.592526 52.976086
30.593269 52.97607
30.593985 52.975605
30.595472 52.975572
30.596188 52.975107
30.596931 52.97509
30.597674 52.975074
30.59839 52.974609
30.599877 52.974576
30.60062 52.974559
30.601391 52.974992
30.602107 52.974526
30.603594 52.974493
30.603566 52.974045
30.604255 52.973131
30.604227 52.972682
30.604943 52.972217
30.604916 52.971769
30.605632 52.971303
30.606348 52.970838
30.607036 52.969924
30.607009 52.969476
30.607725 52.969011
30.608441 52.968545
30.608413 52.968097
30.608358 52.9672
30.607615 52.967216
30.606872 52.967233
30.605386 52.967265
30.604643 52.967282
30.6039 52.967298
30.603157 52.967315
30.602413 52.967331
30.600927 52.967364
30.600184 52.967381
30.599441 52.967397
30.598698 52.967414
30.597955 52.96743
30.596468 52.967463
30.595725 52.967479
30.594982 52.967496
30.594212 52.967064
30.593469 52.96708
30.591982 52.967113
30.591239 52.967129
30.590496 52.967146
30.589753 52.967162
30.58901 52.967178
30.587496 52.966762
30.586753 52.966779
BRUSH(1,0)
REGION 1
41
30.471186 52.859648
30.466409 52.866937
30.467892 52.866906
30.468633 52.86689
30.4694 52.867323
30.470142 52.867308
30.470909 52.867741
30.472392 52.86771
30.47316 52.868143
30.473901 52.868127
30.474669 52.86856
30.47541 52.868544
30.476152 52.868529
30.477635 52.868497
30.478376 52.868482
30.479092 52.868017
30.479833 52.868002
30.481316 52.86797
30.482032 52.867506
30.482006 52.867057
30.48198 52.866609
30.482696 52.866144
30.48267 52.865695
30.482618 52.864798
30.482592 52.864349
30.483307 52.863885
30.483282 52.863436
30.483256 52.862987
30.482462 52.862106
30.481721 52.862121
30.480953 52.861688
30.480212 52.861704
30.479445 52.861271
30.477962 52.861302
30.477195 52.860869
30.476453 52.860885
30.475686 52.860452
30.474919 52.860019
30.473436 52.86005
30.472669 52.859617
30.471186 52.859648
BRUSH(1,0)
REGION 1
46
30.659893 52.82632
30.658467 52.827251
30.658494 52.827699
30.657781 52.828165
30.657068 52.82863
30.656383 52.829544
30.656411 52.829993
30.655697 52.830458
30.655725 52.830907
30.655753 52.831356
30.656521 52.831788
30.657262 52.831771
30.658716 52.831289
30.659457 52.831272
30.66017 52.830806
30.660883 52.830341
30.662364 52.830307
30.663133 52.830739
30.663874 52.830722
30.664614 52.830706
30.665383 52.831137
30.666124 52.831121
30.667633 52.831535
30.668401 52.831967
30.669142 52.83195
30.669911 52.832382
30.67068 52.832814
30.672133 52.832332
30.672078 52.831434
30.672791 52.830969
30.672763 52.83052
30.671994 52.830088
30.670512 52.830122
30.669744 52.82969
30.669003 52.829707
30.668235 52.829275
30.667466 52.828844
30.666698 52.828412
30.665929 52.82798
30.665161 52.827548
30.664364 52.826668
30.662855 52.826253
30.662115 52.826269
30.661374 52.826286
30.660633 52.826303
30.659893 52.82632
BRUSH(1,0)
REGION 1
77
30.90924 52.7292
30.909949 52.728733
30.910627 52.727818
30.911336 52.727351
30.912045 52.726884
30.912753 52.726417
30.913462 52.72595
30.914171 52.725483
30.914849 52.724568
30.915558 52.724101
30.916266 52.723634
30.916975 52.723167
30.916944 52.722719
30.916175 52.722289
30.915406 52.721858
30.914637 52.721428
30.91316 52.721465
30.912391 52.721035
30.911652 52.721053
30.910914 52.721071
30.910175 52.72109
30.909406 52.720659
30.907929 52.720696
30.90719 52.720714
30.906451 52.720733
30.905712 52.720751
30.904974 52.720769
30.903496 52.720806
30.902757 52.720824
30.902019 52.720842
30.90125 52.720412
30.900511 52.72043
30.899034 52.720467
30.898295 52.720485
30.897557 52.720503
30.896818 52.720521
30.896079 52.72054
30.89537 52.721006
30.893893 52.721043
30.893154 52.721061
30.892445 52.721528
30.891707 52.721546
30.890229 52.721582
30.88952 52.722049
30.888782 52.722067
30.888841 52.722964
30.888872 52.723413
30.888901 52.723862
30.888931 52.72431
30.888961 52.724759
30.889021 52.725656
30.889051 52.726104
30.889081 52.726553
30.889111 52.727001
30.889171 52.727899
30.890649 52.727862
30.891388 52.727844
30.892126 52.727826
30.892865 52.727808
30.893604 52.727789
30.895052 52.727304
30.89579 52.727286
30.896529 52.727268
30.897268 52.72725
30.898007 52.727232
30.899485 52.727195
30.900223 52.727177
30.900963 52.727158
30.901701 52.72714
30.90244 52.727122
30.903209 52.727552
30.904717 52.727964
30.905456 52.727946
30.906225 52.728376
30.906994 52.728806
30.907732 52.728788
30.90924 52.7292
BRUSH(1,0)
REGION 1
91
30.060363 52.744045
30.061081 52.743583
30.061799 52.743121
30.062539 52.743108
30.063236 52.742197
30.063954 52.741735
30.064672 52.741273
30.06539 52.740811
30.066848 52.740336
30.067566 52.739874
30.068284 52.739412
30.06898 52.738502
30.069698 52.73804
30.070416 52.737578
30.071134 52.737116
30.071852 52.736654
30.072549 52.735743
30.073266 52.735281
30.073985 52.734819
30.074702 52.734357
30.07542 52.733895
30.076138 52.733433
30.076856 52.732971
30.077552 52.73206
30.07827 52.731598
30.077509 52.731162
30.07677 52.731176
30.07603 52.731189
30.074551 52.731215
30.07379 52.730779
30.073072 52.731241
30.072333 52.731254
30.071593 52.731267
30.070115 52.731293
30.069375 52.731307
30.069397 52.731755
30.070158 52.732191
30.070201 52.733089
30.070222 52.733538
30.068743 52.733564
30.068025 52.734026
30.067286 52.734039
30.066546 52.734052
30.065089 52.734527
30.06435 52.73454
30.06361 52.734553
30.062892 52.735015
30.062152 52.735028
30.060673 52.735054
30.059934 52.735067
30.059194 52.73508
30.058455 52.735093
30.057715 52.735106
30.056236 52.735132
30.055497 52.735145
30.054736 52.734709
30.053953 52.733824
30.053932 52.733376
30.05465 52.732914
30.054629 52.732465
30.054608 52.732016
30.053825 52.731131
30.053107 52.731593
30.051628 52.731619
30.050889 52.731632
30.050149 52.731645
30.049431 52.732107
30.048713 52.732569
30.047995 52.73303
30.047277 52.733492
30.046559 52.733954
30.04584 52.734416
30.045144 52.735327
30.045904 52.735763
30.046665 52.736198
30.048166 52.736621
30.048187 52.73707
30.048948 52.737506
30.049709 52.737942
30.05047 52.738378
30.051252 52.739263
30.052013 52.739699
30.052774 52.740135
30.053535 52.740571
30.054296 52.741007
30.055057 52.741443
30.055818 52.741878
30.057318 52.742301
30.058079 52.742737
30.058841 52.743173
30.060363 52.744045
BRUSH(1,0)
REGION 1
5
29.841076 52.288103
29.845186 52.281299
29.837058 52.27963
29.833097 52.290026
29.841076 52.288103
BRUSH(1,0)
REGION 1
9
29.835783 52.249099
29.847525 52.249812
29.849738 52.250227
29.851012 52.245714
29.851422 52.238069
29.838952 52.237368
29.83779 52.244575
29.836327 52.244598
29.835783 52.249099
BRUSH(1,0)
REGION 1
5
29.344927 52.139882
29.352226 52.139797
29.352005 52.132611
29.343991 52.133153
29.344927 52.139882
BRUSH(1,0)
REGION 1
17
29.879671 52.076773
29.883257 52.075367
29.883948 52.074457
29.881705 52.073146
29.880228 52.07272
29.87879 52.073193
29.873614 52.071479
29.871428 52.071514
29.870718 52.071974
29.872961 52.073286
29.872252 52.073747
29.870123 52.075129
29.870179 52.076476
29.872403 52.077339
29.875242 52.075496
29.878176 52.075898
29.879671 52.076773
BRUSH(1,0)
REGION 1
24
27.531023 52.502328
27.528082 52.501868
27.525137 52.501856
27.521437 52.503639
27.51996 52.504083
27.51776 52.503176
27.515566 52.501819
27.5097 52.49955
27.507486 52.49999
27.505263 52.501329
27.505253 52.502228
27.508911 52.504489
27.511842 52.505849
27.514046 52.506307
27.523618 52.506344
27.525828 52.506352
27.52579 52.509947
27.526522 52.510399
27.527995 52.510404
27.529477 52.509511
27.530977 52.506821
27.533209 52.504583
27.533218 52.503684
27.531023 52.502328
BRUSH(1,0)
REGION 1
17
28.738101 51.748147
28.737377 51.748151
28.735937 51.74861
28.735221 51.749064
28.734504 51.749518
28.733788 51.749972
28.733064 51.749976
28.732355 51.750879
28.733086 51.751324
28.733803 51.75087
28.735251 51.750861
28.735974 51.750856
28.736691 51.750402
28.737407 51.749949
28.738124 51.749495
28.73884 51.749041
28.738101 51.748147
BRUSH(1,0)
REGION 1
16
28.542014 51.755078
28.544904 51.754615
28.558637 51.752751
28.55862 51.751404
28.557868 51.749161
28.554786 51.734348
28.553345 51.734804
28.54829 51.735727
28.546119 51.735737
28.541065 51.73666
28.539623 51.737116
28.538905 51.737569
28.538949 51.741163
28.540484 51.748345
28.541235 51.750588
28.542014 51.755078
BRUSH(1,0)
REGION 1
24
28.752367 51.520693
28.752359 51.520243
28.753065 51.51934
28.753777 51.518886
28.75377 51.518437
28.754482 51.517983
28.755195 51.517529
28.75518 51.51663
28.755892 51.516176
28.755165 51.515732
28.754437 51.515287
28.753717 51.515292
28.752277 51.515301
28.751557 51.515306
28.750837 51.515311
28.750124 51.515765
28.749411 51.516219
28.749426 51.517117
28.749434 51.517566
28.749441 51.518016
28.750169 51.51846
28.750897 51.518905
28.750911 51.519803
28.752367 51.520693
BRUSH(1,0)
REGION 1
18
29.999848 54.241419
29.996761 54.241022
29.98277 54.237216
29.97732 54.235511
29.972679 54.23469
29.971147 54.234716
29.968191 54.237011
29.964361 54.237075
29.964382 54.237524
29.966067 54.24064
29.96922 54.242384
29.975438 54.244077
29.979357 54.245808
29.987875 54.247461
29.98943 54.247884
29.995516 54.246883
29.999326 54.246369
29.999848 54.241419
BRUSH(1,0)
REGION 1
13
29.977027 54.166793
29.98341 54.172076
29.985814 54.174281
29.987366 54.174704
29.991169 54.174191
29.996414 54.171856
29.997877 54.170484
29.997024 54.168701
29.994575 54.165599
29.989133 54.163894
29.986838 54.163933
29.97777 54.166331
29.977027 54.166793
BRUSH(1,0)
REGION 1
33
29.779491 54.078767
29.784131 54.080044
29.784815 54.078237
29.785361 54.073288
29.78673 54.069673
29.789565 54.064689
29.790992 54.062422
29.789308 54.058854
29.789169 54.055712
29.791359 54.053433
29.79126 54.051188
29.786407 54.044974
29.784099 54.04456
29.780286 54.044618
29.776413 54.043329
29.773284 54.04158
29.769412 54.040291
29.767887 54.040314
29.764288 54.045309
29.763642 54.048013
29.764502 54.050246
29.766888 54.052456
29.770018 54.054206
29.770859 54.05599
29.775515 54.057716
29.77712 54.059488
29.77802 54.062619
29.776631 54.065784
29.775203 54.068052
29.775262 54.069398
29.776124 54.071631
29.777827 54.075648
29.779491 54.078767
BRUSH(1,0)
REGION 1
17
29.701949 54.05117
29.696815 54.056186
29.696221 54.060237
29.695533 54.062043
29.695626 54.064288
29.69654 54.067868
29.696596 54.069215
29.698942 54.070528
29.701326 54.072739
29.702758 54.070473
29.702702 54.069126
29.700243 54.065119
29.700949 54.063762
29.704558 54.058768
29.70662 54.053348
29.704275 54.052035
29.701949 54.05117
BRUSH(1,0)
REGION 1
26
29.657303 54.004647
29.652657 54.002916
29.646543 54.002553
29.638197 54.003568
29.635929 54.004049
29.632443 54.012183
29.632479 54.013081
29.637089 54.013915
29.64315 54.012932
29.643949 54.013819
29.642606 54.018329
29.639719 54.022412
29.639048 54.024667
29.639828 54.025106
29.644366 54.024144
29.648178 54.02409
29.649667 54.023171
29.651119 54.021354
29.653949 54.015924
29.653894 54.014577
29.650809 54.013722
29.649248 54.012846
29.649193 54.011499
29.65137 54.008773
29.654346 54.006935
29.657303 54.004647
BRUSH(1,0)
REGION 1
27
28.60955 53.554934
28.589937 53.555039
28.588429 53.555046
28.586159 53.554609
28.585471 53.555876
28.585629 53.556973
28.586238 53.559999
28.586258 53.561351
28.586609 53.563268
28.587052 53.564038
28.590845 53.565365
28.593108 53.565353
28.600633 53.563966
28.602883 53.563056
28.60361 53.561255
28.602828 53.559462
28.605078 53.558552
28.613424 53.561651
28.617972 53.562974
28.619474 53.562517
28.619466 53.562067
28.615674 53.560741
28.612601 53.557164
28.609577 53.556731
28.608061 53.55629
28.607293 53.555396
28.60955 53.554934
BRUSH(1,0)
REGION 1
25
28.60955 53.554934
28.585412 53.555062
28.585419 53.555512
28.585629 53.556973
28.586238 53.559999
28.586258 53.561351
28.586609 53.563268
28.587052 53.564038
28.590845 53.565365
28.593108 53.565353
28.600633 53.563966
28.602883 53.563056
28.60361 53.561255
28.602828 53.559462
28.605078 53.558552
28.613424 53.561651
28.617972 53.562974
28.619474 53.562517
28.619466 53.562067
28.615674 53.560741
28.612601 53.557164
28.609577 53.556731
28.608061 53.55629
28.607293 53.555396
28.60955 53.554934
BRUSH(1,0)
REGION 1
10
29.603443 53.506802
29.601114 53.505037
29.601097 53.504588
29.595791 53.503762
29.595055 53.504222
29.540026 53.523826
29.540796 53.524265
29.545485 53.528695
29.546975 53.528227
29.603443 53.506802
BRUSH(1,0)
REGION 1
8
29.541552 53.504041
29.531381 53.493844
29.529892 53.494313
29.500885 53.504572
29.501654 53.505011
29.510331 53.51568
29.511068 53.515221
29.541552 53.504041
BRUSH(1,0)
REGION 1
78
29.27429 53.388682
29.273525 53.388241
29.27276 53.3878
29.271981 53.38691
29.271216 53.38647
29.271203 53.386021
29.271189 53.385571
29.271175 53.385122
29.271147 53.384224
29.271134 53.383775
29.270369 53.383334
29.269604 53.382894
29.268102 53.38291
29.267337 53.382469
29.266573 53.382028
29.265822 53.382036
29.265057 53.381596
29.264319 53.382053
29.264333 53.382502
29.263609 53.383408
29.263623 53.383857
29.263637 53.384306
29.26365 53.384755
29.263664 53.385204
29.263691 53.386102
29.263705 53.386552
29.263719 53.387001
29.263732 53.38745
29.263746 53.387899
29.263773 53.388797
29.263787 53.389246
29.26305 53.389703
29.263063 53.390152
29.263077 53.390601
29.262353 53.391507
29.262367 53.391956
29.261629 53.392414
29.260891 53.392871
29.260154 53.393328
29.25943 53.394234
29.258692 53.394692
29.258706 53.395141
29.257968 53.395598
29.25723 53.396055
29.256493 53.396512
29.255769 53.397418
29.257285 53.397851
29.258036 53.397843
29.258801 53.398284
29.259566 53.398725
29.260317 53.398717
29.261834 53.39915
29.262585 53.399141
29.26335 53.399582
29.264102 53.399574
29.264867 53.400015
29.266369 53.399999
29.267093 53.399092
29.267831 53.398635
29.268568 53.398178
29.269306 53.397721
29.270044 53.397263
29.27003 53.396814
29.270767 53.396357
29.269989 53.395467
29.269975 53.395018
29.269961 53.394569
29.269948 53.39412
29.269934 53.393671
29.269906 53.392773
29.270644 53.392315
29.271381 53.391858
29.272119 53.391401
29.272856 53.390944
29.27358 53.390037
29.273566 53.389588
29.274303 53.389131
29.27429 53.388682
BRUSH(1,0)
REGION 1
129
29.108115 53.686856
29.109489 53.686843
29.110246 53.686836
29.111002 53.686829
29.111226 53.686826
29.112515 53.686813
29.11326 53.686359
29.114011 53.686352
29.114016 53.68635
29.114772 53.686343
29.115517 53.685887
29.115504 53.685438
29.115492 53.684989
29.115468 53.68409
29.114699 53.683649
29.114687 53.6832
29.113918 53.682758
29.113906 53.682309
29.113125 53.681418
29.113113 53.680969
29.1131 53.68052
29.112332 53.680078
29.112319 53.679629
29.113051 53.678723
29.113039 53.678274
29.113027 53.677825
29.113015 53.677376
29.113002 53.676927
29.112222 53.676036
29.112209 53.675587
29.111441 53.675146
29.110672 53.674704
29.109904 53.674262
29.109123 53.673371
29.109111 53.672922
29.109099 53.672473
29.10833 53.672031
29.108318 53.671582
29.108294 53.670684
29.108281 53.670235
29.109025 53.669778
29.109013 53.669329
29.109001 53.66888
29.109733 53.667975
29.109721 53.667526
29.109708 53.667077
29.109696 53.666628
29.108928 53.666186
29.10816 53.665744
29.107391 53.665302
29.106635 53.665309
29.105855 53.664419
29.105086 53.663977
29.105074 53.663528
29.105062 53.663079
29.10505 53.66263
29.105025 53.661731
29.105013 53.661282
29.104245 53.66084
29.104233 53.660391
29.104221 53.659942
29.104197 53.659044
29.104185 53.658595
29.104172 53.658146
29.103404 53.657704
29.102636 53.657262
29.101868 53.65682
29.101112 53.656828
29.100356 53.656835
29.099612 53.657291
29.099535 53.657338
29.098868 53.657747
29.098868 53.657749
29.098893 53.658645
29.098897 53.658825
29.098917 53.659542
29.098185 53.66045
29.098188 53.660559
29.098209 53.661347
29.09822 53.661752
29.098221 53.661796
29.098233 53.662245
29.098245 53.662694
29.098257 53.663143
29.098259 53.663209
29.098281 53.664042
29.098292 53.664461
29.098293 53.664491
29.098305 53.66494
29.098318 53.665389
29.098329 53.665838
29.098331 53.665894
29.098354 53.666736
29.098364 53.667126
29.098366 53.667185
29.098378 53.667634
29.09839 53.668083
29.098402 53.668532
29.098402 53.668534
29.099182 53.669422
29.099207 53.670322
29.099232 53.671219
29.099246 53.671779
29.099255 53.672118
29.099267 53.672567
29.099279 53.673016
29.099291 53.673465
29.099304 53.673914
29.099312 53.674232
29.099316 53.674362
29.100084 53.674805
29.100109 53.675701
29.100132 53.676601
29.100157 53.677498
29.100193 53.678848
29.100962 53.679287
29.100987 53.680187
29.101009 53.681084
29.101034 53.681984
29.101814 53.682873
29.101839 53.683773
29.101864 53.68467
29.104145 53.685097
29.104923 53.685986
29.104926 53.685988
29.105682 53.685981
29.106204 53.686576
29.10722 53.686863
29.108115 53.686856
BRUSH(1,0)
REGION 1
8
28.646626 53.326981
28.647391 53.327875
28.648905 53.328765
28.651899 53.328299
28.653386 53.327392
28.65187 53.326502
28.649613 53.326066
28.646626 53.326981
BRUSH(1,0)
REGION 1
16
28.887575 53.261576
28.888314 53.261121
28.883014 53.258466
28.881506 53.258029
28.877771 53.258506
28.874016 53.258086
28.868782 53.258575
28.868052 53.259479
28.868858 53.262168
28.867379 53.263078
28.86589 53.263538
28.865909 53.264436
28.868185 53.265767
28.875628 53.263464
28.883091 53.262059
28.887575 53.261576
BRUSH(1,0)
REGION 1
19
28.858194 53.253713
28.85824 53.255959
28.856826 53.260012
28.850224 53.2668
28.849512 53.268602
28.85027 53.269045
28.85249 53.267681
28.854719 53.266766
28.856985 53.267648
28.857734 53.267642
28.861386 53.263123
28.860618 53.26223
28.85986 53.261786
28.859841 53.260888
28.860543 53.258637
28.860515 53.257289
28.862734 53.255925
28.861938 53.253685
28.858194 53.253713
BRUSH(1,0)
REGION 1
20
28.845416 53.251562
28.848421 53.251989
28.849891 53.25063
28.850612 53.249277
28.856584 53.248334
28.864044 53.246931
28.867011 53.245561
28.867731 53.244208
28.861601 53.237516
28.859309 53.235287
28.857709 53.230357
28.865876 53.227152
28.860497 53.220454
28.85306 53.222755
28.852321 53.22321
28.856932 53.229016
28.850242 53.231311
28.843533 53.232709
28.833846 53.235025
28.845416 53.251562
BRUSH(1,0)
REGION 1
12
28.678766 53.229314
28.677951 53.225275
28.677891 53.221682
28.679358 53.219876
28.678595 53.218983
28.67103 53.214086
28.668793 53.214548
28.669563 53.215892
28.66811 53.218595
28.674994 53.227539
28.678025 53.229767
28.678766 53.229314
BRUSH(1,0)
REGION 1
18
28.792379 53.220046
28.795346 53.218678
28.792327 53.217351
28.791562 53.216458
28.792275 53.214656
28.793006 53.213753
28.78696 53.21065
28.780881 53.20575
28.779368 53.204862
28.777124 53.204877
28.771223 53.20941
28.76902 53.211671
28.768289 53.212574
28.774334 53.215678
28.78038 53.218781
28.789368 53.219169
28.79163 53.220051
28.792379 53.220046
BRUSH(1,0)
REGION 1
16
28.801516 53.228069
28.803057 53.230304
28.805311 53.230737
28.806817 53.231176
28.808332 53.232064
28.812066 53.231588
28.818036 53.230647
28.820264 53.229733
28.816424 53.224819
28.816388 53.223022
28.816371 53.222124
28.814874 53.222135
28.811176 53.224407
28.808217 53.226225
28.803005 53.227609
28.801516 53.228069
BRUSH(1,0)
REGION 1
21
28.833357 53.210771
28.839343 53.210728
28.846843 53.211571
28.849845 53.211998
28.854343 53.212414
28.857336 53.212392
28.857299 53.210595
28.85426 53.208372
28.849762 53.207956
28.848247 53.207068
28.846751 53.207079
28.843786 53.208449
28.840811 53.209369
28.83781 53.208942
28.83854 53.208038
28.840748 53.206225
28.839981 53.205332
28.838476 53.204894
28.834754 53.20582
28.834817 53.208964
28.833357 53.210771
BRUSH(1,0)
REGION 1
11
28.821279 53.205468
28.824957 53.202297
28.82493 53.200949
28.813603 53.19564
28.809828 53.19387
28.806907 53.197484
28.809168 53.198366
28.815188 53.200121
28.815971 53.201912
28.816737 53.202805
28.821279 53.205468
BRUSH(1,0)
REGION 1
5
28.6842 53.196039
28.678905 53.192477
28.664048 53.198853
28.668602 53.20287
28.6842 53.196039
BRUSH(1,0)
REGION 1
23
28.712498 53.188678
28.716969 53.187751
28.721401 53.184579
28.725092 53.18186
28.730247 53.177335
28.730175 53.173292
28.729388 53.171051
28.723321 53.166148
28.722573 53.166153
28.709983 53.172971
28.707779 53.17523
28.71003 53.175666
28.71006 53.177462
28.709344 53.179264
28.707849 53.179273
28.706346 53.178833
28.70485 53.178842
28.701158 53.181561
28.699693 53.183366
28.703478 53.186038
28.7065 53.187817
28.709506 53.188696
28.712498 53.188678
BRUSH(1,0)
REGION 1
8
28.54742 53.204419
28.548156 53.203517
28.548138 53.20217
28.545881 53.201282
28.544385 53.20129
28.541405 53.202202
28.543661 53.20309
28.54742 53.204419
BRUSH(1,0)
REGION 1
35
28.537706 53.205365
28.535414 53.201782
28.53162 53.197757
28.525584 53.193742
28.521073 53.191966
28.518823 53.191527
28.517339 53.192433
28.515101 53.192892
28.512132 53.194703
28.506215 53.20012
28.506969 53.200566
28.509225 53.201454
28.512959 53.200988
28.516694 53.200522
28.519698 53.201406
28.521206 53.202298
28.524192 53.201835
28.527173 53.200922
28.529423 53.201361
28.530949 53.2036
28.530973 53.205397
28.529482 53.205853
28.524981 53.204976
28.517477 53.203214
28.515238 53.203673
28.511526 53.205936
28.507802 53.207301
28.508561 53.208196
28.510806 53.208186
28.517529 53.207256
28.521275 53.207688
28.527267 53.208109
28.536994 53.208063
28.538478 53.207158
28.537706 53.205365
BRUSH(1,0)
REGION 1
14
28.738535 53.139098
28.739988 53.136842
28.736222 53.135069
28.732431 53.131949
28.731669 53.131056
28.733861 53.128346
28.7346 53.127892
28.733099 53.127453
28.730143 53.129269
28.727942 53.131529
28.726536 53.136479
28.726543 53.136928
28.736286 53.138663
28.738535 53.139098
BRUSH(1,0)
REGION 1
11
28.709794 53.118616
28.713535 53.119041
28.719414 53.113614
28.721622 53.111803
28.723092 53.110446
28.725323 53.109983
28.725276 53.107288
28.720782 53.106418
28.714173 53.112748
28.710533 53.118162
28.709794 53.118616
BRUSH(1,0)
REGION 1
26
28.787827 52.941556
28.800717 52.954495
28.810499 52.960266
28.811996 52.960705
28.818026 52.964705
28.805491 52.970634
28.804107 52.976034
28.804132 52.977382
28.806382 52.978265
28.808589 52.976901
28.81308 52.978217
28.816766 52.976394
28.818263 52.976833
28.823419 52.974101
28.833943 52.979415
28.841458 52.982954
28.850333 52.980194
28.838282 52.973095
28.836759 52.971309
28.837458 52.969057
28.83891 52.96725
28.811812 52.951272
28.804998 52.945031
28.799707 52.940576
28.792263 52.940178
28.787827 52.941556
BRUSH(1,0)
REGION 1
29
28.829652 52.950695
28.847728 52.961794
28.852889 52.95951
28.853597 52.957708
28.852789 52.954569
28.853496 52.952767
28.854222 52.951863
28.856453 52.951846
28.857196 52.951841
28.857995 52.95453
28.86692 52.954463
28.875864 52.955294
28.875064 52.952605
28.871299 52.950387
28.866111 52.951325
28.862393 52.951353
28.859372 52.949129
28.85716 52.950044
28.853405 52.948275
28.850412 52.947399
28.849714 52.94965
28.848988 52.950554
28.84751 52.951014
28.846023 52.951025
28.843755 52.949245
28.840082 52.951518
28.834061 52.947968
28.834052 52.947519
28.829652 52.950695
BRUSH(1,0)
REGION 1
21
28.925273 52.901898
28.930492 52.902754
28.931958 52.901844
28.931899 52.899149
28.931086 52.896011
28.928046 52.892891
28.928769 52.891986
28.930225 52.890627
28.930195 52.889279
28.929393 52.88659
28.930027 52.881644
28.929264 52.880751
28.92478 52.87944
28.923285 52.879002
28.919593 52.87993
28.920443 52.884865
28.919779 52.888465
28.918333 52.890273
28.919886 52.893405
28.924343 52.89337
28.925273 52.901898
BRUSH(1,0)
REGION 1
28
28.429897 52.778152
28.436646 52.785763
28.445503 52.782583
28.448462 52.782122
28.45143 52.78256
28.452166 52.782108
28.454349 52.778505
28.458058 52.778939
28.459545 52.779382
28.467801 52.788782
28.470786 52.790567
28.472268 52.790561
28.477435 52.788742
28.479668 52.789631
28.482622 52.78872
28.47888 52.785591
28.475129 52.781563
28.470648 52.778437
28.467654 52.775754
28.462494 52.778022
28.460246 52.775785
28.45947 52.772643
28.458719 52.771748
28.455762 52.772209
28.447638 52.774488
28.442467 52.775857
28.429892 52.777703
28.429897 52.778152
BRUSH(1,0)
REGION 1
14
28.74753 52.72529
28.748341 52.729328
28.746941 52.733829
28.753641 52.736032
28.758033 52.733307
28.76401 52.736412
28.766254 52.737745
28.767743 52.738184
28.76993 52.736373
28.765425 52.732809
28.75866 52.727013
28.754952 52.726589
28.751213 52.724367
28.74753 52.72529
BRUSH(1,0)
REGION 1
12
28.470364 53.269008
28.460633 53.269947
28.459791 53.261865
28.459021 53.260071
28.457513 53.259179
28.456774 53.26008
28.456117 53.268169
28.459962 53.276689
28.471947 53.276189
28.471171 53.273946
28.470375 53.269907
28.470364 53.269008
BRUSH(1,0)
REGION 1
18
28.899993 53.212515
28.898497 53.212526
28.890276 53.213039
28.887283 53.213063
28.878353 53.215377
28.877624 53.216281
28.879149 53.217617
28.881413 53.218498
28.8829 53.218038
28.887332 53.215308
28.89256 53.214819
28.897069 53.215682
28.900071 53.216108
28.907524 53.214702
28.907515 53.214252
28.906747 53.21336
28.902238 53.212497
28.899993 53.212515
BRUSH(1,0)
REGION 1
11
29.044548 53.008247
29.052672 53.005478
29.052661 53.005029
29.045915 53.003293
29.041381 53.000639
29.039859 52.999305
29.035425 53.000692
29.033947 53.001155
29.036992 53.003823
29.043804 53.008254
29.044548 53.008247
BRUSH(1,0)
REGION 1
11
29.059294 53.002273
29.062948 52.999544
29.065181 52.999523
29.067381 52.998156
29.066613 52.997264
29.063636 52.997292
29.055369 52.994223
29.05238 52.993801
29.050914 52.994713
29.050191 52.995617
29.059294 53.002273
BRUSH(1,0)
REGION 1
25
29.024498 53.010673
29.028156 53.007945
29.028145 53.007496
29.024378 53.005732
29.024356 53.004834
29.022068 53.002608
29.02279 53.001703
29.024258 53.000792
29.026469 52.999874
29.026458 52.999425
29.021948 52.997668
29.021181 52.996776
29.021094 52.993183
29.009929 52.993281
29.009206 52.994186
29.010004 52.996425
29.013748 52.997291
29.014514 52.998182
29.013123 53.002238
29.015367 53.002667
29.018345 53.002641
29.019101 53.003083
29.019943 53.007119
29.022998 53.010237
29.024498 53.010673
BRUSH(1,0)
REGION 1
7
30.088782 54.166661
30.09015 54.163493
30.090127 54.163044
30.087833 54.163085
30.085654 54.165369
30.086465 54.166253
30.088782 54.166661
BRUSH(1,0)
REGION 1
8
30.20977 54.06878
30.207311 54.065681
30.206524 54.065247
30.205809 54.066159
30.205907 54.067954
30.206742 54.069286
30.207529 54.06972
30.20977 54.06878
BRUSH(1,0)
REGION 1
8
30.788145 54.004886
30.788358 54.008025
30.78915 54.008456
30.789911 54.008438
30.792012 54.005693
30.791982 54.005244
30.788906 54.004868
30.788145 54.004886
BRUSH(1,0)
REGION 1
10
30.18017 54.029353
30.176977 54.026717
30.174667 54.02631
30.170094 54.026395
30.167807 54.026437
30.167093 54.027348
30.168069 54.031373
30.170356 54.031331
30.178669 54.02983
30.18017 54.029353
BRUSH(1,0)
REGION 1
14
31.207128 54.135794
31.20633 54.135366
31.205531 54.134939
31.204768 54.134959
31.204039 54.135428
31.204074 54.135877
31.20411 54.136325
31.204144 54.136773
31.204978 54.137649
31.205742 54.137629
31.206505 54.137608
31.206435 54.136711
31.207163 54.136242
31.207128 54.135794
BRUSH(1,0)
REGION 1
16
31.093639 54.081755
31.094367 54.081286
31.095096 54.080818
31.095062 54.08037
31.094994 54.079473
31.09496 54.079025
31.093435 54.079064
31.092673 54.079084
31.09191 54.079104
31.091182 54.079573
31.09125 54.080469
31.090521 54.080937
31.091317 54.081366
31.092114 54.081794
31.092876 54.081775
31.093639 54.081755
BRUSH(1,0)
REGION 1
65
30.028216 53.53346
30.028347 53.536153
30.0291 53.53614
30.030629 53.536563
30.031383 53.53655
30.032114 53.536088
30.032868 53.536075
30.033621 53.536062
30.035128 53.536036
30.035881 53.536023
30.036635 53.53601
30.037388 53.535996
30.038141 53.535983
30.03967 53.536406
30.040424 53.536393
30.041199 53.536829
30.041974 53.537264
30.04275 53.5377
30.044279 53.538123
30.045054 53.538558
30.045808 53.538545
30.046561 53.538532
30.047314 53.538519
30.048821 53.538493
30.049553 53.538031
30.049531 53.537582
30.049487 53.536684
30.049465 53.536235
30.049442 53.535787
30.04942 53.535338
30.049398 53.534889
30.049354 53.533991
30.049332 53.533543
30.04931 53.533094
30.049288 53.532645
30.048512 53.532209
30.048468 53.531311
30.048446 53.530863
30.048424 53.530414
30.047649 53.529978
30.046142 53.530004
30.045389 53.530018
30.044636 53.530031
30.043882 53.530044
30.043129 53.530057
30.041622 53.530083
30.040869 53.530096
30.040116 53.530109
30.039341 53.529674
30.038587 53.529687
30.037834 53.5297
30.036327 53.529726
30.035552 53.52929
30.034799 53.529303
30.034046 53.529316
30.033292 53.529329
30.031786 53.529355
30.031033 53.529368
30.030279 53.529381
30.029526 53.529394
30.028773 53.529407
30.027266 53.529433
30.026513 53.529447
30.026534 53.529895
30.028216 53.53346
BRUSH(1,0)
REGION 1
60
30.133631 53.51587
30.134384 53.515856
30.135114 53.515394
30.135867 53.51538
30.137373 53.515353
30.138126 53.515339
30.138879 53.515325
30.139632 53.515311
30.141138 53.515284
30.141891 53.51527
30.141868 53.514821
30.141822 53.513924
30.141798 53.513475
30.141023 53.51304
30.141 53.512591
30.140977 53.512142
30.140931 53.511245
30.140907 53.510796
30.140884 53.510347
30.140109 53.509912
30.139356 53.509926
30.138603 53.509939
30.13785 53.509953
30.137074 53.509518
30.135568 53.509546
30.134816 53.509559
30.13404 53.509124
30.133287 53.509138
30.132511 53.508703
30.131005 53.50873
30.13023 53.508295
30.129477 53.508308
30.128747 53.508771
30.128017 53.509233
30.127287 53.509696
30.126556 53.510158
30.125074 53.510634
30.124344 53.511097
30.123613 53.511559
30.122883 53.512022
30.1214 53.512497
30.12067 53.51296
30.11994 53.513422
30.119963 53.513871
30.120008 53.514769
30.120762 53.514755
30.122267 53.514728
30.12302 53.514714
30.123773 53.514701
30.124526 53.514687
30.125302 53.515122
30.126808 53.515095
30.127584 53.51553
30.128337 53.515517
30.129113 53.515952
30.129866 53.515938
30.130619 53.515924
30.132125 53.515897
30.132878 53.515883
30.133631 53.51587
BRUSH(1,0)
REGION 1
97
30.534977 53.497124
30.534225 53.49714
30.533472 53.497156
30.531968 53.497189
30.531215 53.497205
30.53049 53.49767
30.529764 53.498134
30.529819 53.499032
30.529093 53.499497
30.528368 53.499961
30.528395 53.50041
30.52767 53.500875
30.527697 53.501324
30.527751 53.502221
30.527778 53.502669
30.527805 53.503118
30.527832 53.503567
30.527107 53.504032
30.527161 53.504929
30.527188 53.505378
30.527215 53.505826
30.527242 53.506275
30.526517 53.50674
30.525791 53.507204
30.525039 53.507221
30.524286 53.507237
30.522754 53.50682
30.522001 53.506836
30.521249 53.506853
30.520469 53.50642
30.519716 53.506436
30.518991 53.506901
30.518265 53.507366
30.518292 53.507814
30.517593 53.508728
30.51762 53.509176
30.517647 53.509625
30.516922 53.51009
30.516949 53.510538
30.517003 53.511436
30.516277 53.5119
30.516304 53.512349
30.516331 53.512798
30.516358 53.513246
30.517138 53.513679
30.517917 53.514112
30.519423 53.514079
30.520176 53.514063
30.520956 53.514496
30.521708 53.51448
30.522461 53.514464
30.523967 53.514431
30.524746 53.514864
30.525499 53.514848
30.526252 53.514832
30.526977 53.514367
30.52695 53.513918
30.527676 53.513453
30.527649 53.513005
30.528374 53.51254
30.529154 53.512972
30.53066 53.51294
30.531439 53.513372
30.532192 53.513356
30.532138 53.512459
30.532863 53.511994
30.532836 53.511546
30.532809 53.511097
30.532782 53.510648
30.533507 53.510183
30.533453 53.509286
30.533426 53.508837
30.534151 53.508373
30.534124 53.507924
30.534097 53.507475
30.534795 53.506562
30.534768 53.506113
30.534741 53.505664
30.535466 53.5052
30.535439 53.504751
30.536137 53.503837
30.53611 53.503389
30.536083 53.50294
30.536808 53.502475
30.536781 53.502027
30.537506 53.501562
30.537452 53.500664
30.537425 53.500216
30.53815 53.499751
30.538123 53.499302
30.538095 53.498854
30.538041 53.497956
30.538014 53.497508
30.537234 53.497075
30.536482 53.497092
30.53573 53.497108
30.534977 53.497124
BRUSH(1,0)
REGION 1
130
30.658236 53.50429
30.659741 53.504256
30.660494 53.504239
30.661275 53.504671
30.662056 53.505102
30.662808 53.505085
30.66437 53.505948
30.664399 53.506397
30.665932 53.506812
30.666713 53.507243
30.667494 53.507675
30.667523 53.508123
30.667551 53.508572
30.66758 53.50902
30.667637 53.509918
30.668418 53.510349
30.669171 53.510332
30.669952 53.510764
30.671457 53.51073
30.672238 53.511161
30.672991 53.511144
30.673715 53.510678
30.673686 53.51023
30.673658 53.509781
30.674381 53.509315
30.674324 53.508418
30.675048 53.507953
30.675019 53.507504
30.675743 53.507038
30.675714 53.50659
30.675657 53.505693
30.674876 53.505261
30.674124 53.505278
30.673342 53.504847
30.672562 53.504415
30.671028 53.504001
30.670247 53.503569
30.670218 53.503121
30.670942 53.502655
30.671666 53.502189
30.672447 53.502621
30.6732 53.502604
30.674733 53.503018
30.675514 53.50345
30.676266 53.503433
30.677048 53.503864
30.6778 53.503847
30.678581 53.504278
30.680115 53.504693
30.680896 53.505124
30.681648 53.505107
30.68243 53.505539
30.683211 53.50597
30.684716 53.505936
30.685497 53.506367
30.686278 53.506799
30.68706 53.50723
30.687812 53.507213
30.688593 53.507644
30.690098 53.50761
30.690879 53.508041
30.691661 53.508473
30.692442 53.508904
30.693195 53.508887
30.693918 53.508421
30.693861 53.507524
30.693079 53.507093
30.69305 53.506644
30.693021 53.506196
30.692993 53.505747
30.692183 53.504867
30.692906 53.504401
30.692877 53.503953
30.692849 53.503504
30.693572 53.503038
30.693514 53.502141
30.692733 53.50171
30.691981 53.501727
30.6912 53.501296
30.689695 53.50133
30.688914 53.500898
30.688132 53.500467
30.687323 53.499587
30.687294 53.499138
30.686513 53.498707
30.685731 53.498276
30.684979 53.498293
30.684198 53.497861
30.683446 53.497878
30.681913 53.497464
30.68116 53.497481
30.680379 53.49705
30.679627 53.497067
30.678846 53.496635
30.678093 53.496652
30.676589 53.496687
30.675808 53.496255
30.675056 53.496272
30.674274 53.495841
30.673522 53.495858
30.671989 53.495443
30.671208 53.495012
30.670456 53.495029
30.669675 53.494597
30.668923 53.494614
30.668171 53.494631
30.667447 53.495097
30.666723 53.495563
30.665999 53.496028
30.665304 53.496942
30.665333 53.497391
30.663856 53.497874
30.663104 53.497891
30.66238 53.498356
30.661628 53.498373
30.660876 53.49839
30.659371 53.498424
30.658647 53.49889
30.657923 53.499355
30.657228 53.50027
30.656504 53.500735
30.65578 53.501201
30.655056 53.501666
30.655084 53.502115
30.655113 53.502563
30.65517 53.503461
30.655198 53.503909
30.655979 53.504341
30.656731 53.504324
30.658236 53.50429
BRUSH(1,0)
REGION 1
74
30.659844 53.517731
30.65912 53.518197
30.659148 53.518645
30.659176 53.519094
30.659233 53.519991
30.658509 53.520457
30.658538 53.520905
30.658566 53.521354
30.658595 53.521802
30.658652 53.522699
30.65868 53.523148
30.658709 53.523597
30.657984 53.524062
30.658013 53.524511
30.65807 53.525408
30.658098 53.525857
30.657374 53.526322
30.657403 53.526771
30.657431 53.527219
30.657488 53.528117
30.657516 53.528565
30.656792 53.529031
30.656821 53.529479
30.656849 53.529928
30.656906 53.530825
30.656935 53.531274
30.65621 53.531739
30.656238 53.532188
30.65702 53.53262
30.658526 53.532586
30.659307 53.533017
30.660061 53.533
30.660813 53.532983
30.661566 53.532966
30.663072 53.532932
30.663825 53.532915
30.664578 53.532898
30.665331 53.532881
30.666084 53.532864
30.66759 53.53283
30.668343 53.532813
30.669039 53.531899
30.66901 53.53145
30.668981 53.531002
30.668953 53.530553
30.668924 53.530104
30.668867 53.529207
30.669591 53.528742
30.669563 53.528293
30.669534 53.527844
30.669506 53.527396
30.669448 53.526499
30.66942 53.52605
30.669391 53.525601
30.670115 53.525136
30.670087 53.524687
30.670029 53.52379
30.670001 53.523341
30.669972 53.522893
30.669943 53.522444
30.669915 53.521996
30.669858 53.521098
30.669076 53.520667
30.668323 53.520684
30.667571 53.520701
30.666818 53.520718
30.665284 53.520304
30.664503 53.519872
30.663721 53.51944
30.662911 53.51856
30.66213 53.518129
30.661349 53.517697
30.660596 53.517714
30.659844 53.517731
BRUSH(1,0)
REGION 1
194
30.774491 53.507451
30.774461 53.507002
30.774432 53.506554
30.774402 53.506105
30.774372 53.505656
30.774313 53.504759
30.775036 53.504293
30.775788 53.504275
30.77654 53.504258
30.777292 53.50424
30.778797 53.504204
30.77955 53.504187
30.780302 53.504169
30.781054 53.504151
30.781837 53.504582
30.783341 53.504546
30.784094 53.504529
30.784846 53.504511
30.785598 53.504493
30.786351 53.504475
30.787856 53.50444
30.788608 53.504422
30.78936 53.504404
30.790113 53.504386
30.790865 53.504369
30.79237 53.504333
30.793122 53.504315
30.793874 53.504297
30.794627 53.50428
30.795349 53.503813
30.796854 53.503777
30.797606 53.50376
30.798359 53.503742
30.799081 53.503275
30.799833 53.503258
30.801338 53.503222
30.80209 53.503204
30.802813 53.502737
30.803565 53.50272
30.80504 53.502235
30.805792 53.502217
30.806514 53.501751
30.807266 53.501733
30.808019 53.501715
30.809524 53.501679
30.810276 53.501661
30.811028 53.501643
30.81175 53.501177
30.81172 53.500728
30.812442 53.500262
30.812412 53.499813
30.812352 53.498916
30.812322 53.498468
30.812292 53.498019
30.812262 53.497571
30.812232 53.497122
30.812924 53.496207
30.812894 53.495759
30.812864 53.49531
30.812833 53.494862
30.812803 53.494413
30.813495 53.493498
30.813465 53.493049
30.813435 53.492601
30.813405 53.492152
30.813375 53.491704
30.813345 53.491255
30.813285 53.490358
30.812532 53.490376
30.811028 53.490412
30.810276 53.49043
30.809524 53.490448
30.808772 53.490466
30.80802 53.490484
30.806516 53.49052
30.805764 53.490537
30.805011 53.490555
30.804259 53.490573
30.803507 53.490591
30.802003 53.490627
30.801251 53.490645
30.800499 53.490663
30.799747 53.49068
30.798995 53.490698
30.79749 53.490734
30.796738 53.490752
30.795986 53.49077
30.795234 53.490788
30.794482 53.490805
30.792978 53.490841
30.792226 53.490859
30.791473 53.490877
30.790721 53.490894
30.789969 53.490912
30.788465 53.490948
30.787713 53.490966
30.786961 53.490983
30.786209 53.491001
30.785457 53.491019
30.783952 53.491055
30.7832 53.491072
30.782448 53.49109
30.781696 53.491108
30.780944 53.491126
30.779439 53.491161
30.778687 53.491179
30.777935 53.491197
30.777183 53.491214
30.776431 53.491232
30.774927 53.491267
30.774174 53.491285
30.774115 53.490388
30.774085 53.489939
30.774056 53.489491
30.774026 53.489042
30.773996 53.488594
30.773937 53.487697
30.772403 53.487284
30.771651 53.487301
30.770869 53.48687
30.770058 53.485991
30.769276 53.48556
30.769246 53.485111
30.769217 53.484663
30.769187 53.484214
30.769128 53.483317
30.769098 53.482869
30.769069 53.48242
30.769039 53.481972
30.767535 53.482007
30.766813 53.482473
30.76609 53.482939
30.76612 53.483388
30.765427 53.484303
30.764675 53.48432
30.763201 53.484804
30.76323 53.485253
30.76326 53.485701
30.763319 53.486598
30.762597 53.487065
30.763378 53.487495
30.763408 53.487944
30.763437 53.488393
30.763496 53.48929
30.763526 53.489738
30.764308 53.490169
30.764337 53.490618
30.765149 53.491497
30.765178 53.491946
30.76596 53.492377
30.766742 53.492808
30.766771 53.493256
30.767583 53.494136
30.768364 53.494566
30.768394 53.495015
30.769176 53.495446
30.769987 53.496325
30.770769 53.496756
30.770799 53.497205
30.771581 53.497636
30.772363 53.498066
30.772422 53.498964
30.772452 53.499412
30.772481 53.499861
30.772511 53.500309
30.771788 53.500775
30.771848 53.501673
30.771125 53.502139
30.770402 53.502605
30.76968 53.503071
30.768957 53.503537
30.768234 53.504004
30.767482 53.504021
30.76673 53.504039
30.765284 53.504971
30.765314 53.50542
30.765343 53.505869
30.765373 53.506317
30.766155 53.506748
30.766214 53.507645
30.766996 53.508076
30.767778 53.508507
30.768561 53.508938
30.769343 53.509369
30.770877 53.509782
30.771659 53.510213
30.772441 53.510644
30.773224 53.511074
30.773947 53.510608
30.774669 53.510142
30.77461 53.509245
30.77458 53.508796
30.77455 53.508348
30.774491 53.507451
BRUSH(1,0)
REGION 1
126
30.721362 53.455229
30.721333 53.45478
30.721304 53.454332
30.721275 53.453883
30.721216 53.452986
30.721188 53.452537
30.721158 53.452089
30.721129 53.45164
30.7211 53.451192
30.721042 53.450294
30.721013 53.449846
30.720984 53.449397
30.720203 53.448966
30.720174 53.448517
30.720116 53.44762
30.720087 53.447172
30.719307 53.44674
30.718526 53.446309
30.717746 53.445878
30.716936 53.444998
30.716156 53.444567
30.715376 53.444136
30.714595 53.443704
30.713844 53.443722
30.713093 53.443739
30.711619 53.444222
30.710897 53.444688
30.710174 53.445154
30.709452 53.44562
30.708729 53.446086
30.708787 53.446983
30.708064 53.447449
30.707342 53.447915
30.707371 53.448363
30.706649 53.448829
30.705926 53.449295
30.705232 53.450209
30.704481 53.450227
30.703701 53.449795
30.702949 53.449812
30.702169 53.449381
30.700666 53.449416
30.699885 53.448984
30.699105 53.448553
30.698325 53.448121
30.697545 53.44769
30.696764 53.447259
30.695984 53.446827
30.694452 53.446413
30.693672 53.445982
30.692892 53.44555
30.692112 53.445119
30.691332 53.444687
30.690552 53.444256
30.689049 53.44429
30.688298 53.444307
30.687546 53.444325
30.686823 53.44479
30.686072 53.444807
30.684598 53.44529
30.683875 53.445756
30.683124 53.445773
30.682401 53.446239
30.680927 53.446722
30.680204 53.447187
30.679482 53.447653
30.678759 53.448119
30.678036 53.448584
30.677313 53.44905
30.67659 53.449516
30.676619 53.449964
30.675896 53.45043
30.675953 53.451327
30.676733 53.451759
30.677485 53.451742
30.678236 53.451725
30.678988 53.451707
30.680491 53.451673
30.681213 53.451208
30.681965 53.451191
30.682716 53.451173
30.683439 53.450708
30.684942 53.450673
30.685694 53.450656
30.686445 53.450639
30.687168 53.450173
30.688671 53.450139
30.689423 53.450122
30.690145 53.449656
30.690897 53.449639
30.691648 53.449622
30.693151 53.449588
30.69318 53.450036
30.69396 53.450468
30.694769 53.451348
30.695549 53.451779
30.69633 53.45221
30.69711 53.452642
30.697168 53.453539
30.697948 53.45397
30.698729 53.454402
30.699509 53.454833
30.701041 53.455247
30.701793 53.45523
30.702544 53.455213
30.703296 53.455195
30.704047 53.455178
30.704828 53.45561
30.706331 53.455575
30.707082 53.455558
30.707834 53.455541
30.708585 53.455523
30.709337 53.455506
30.71084 53.455471
30.711592 53.455454
30.712343 53.455437
30.713095 53.455419
30.713846 53.455402
30.715349 53.455368
30.716101 53.45535
30.716852 53.455333
30.717604 53.455316
30.718356 53.455298
30.719859 53.455263
30.72061 53.455246
30.721362 53.455229
BRUSH(1,0)
REGION 1
107
30.587099 53.462747
30.587043 53.461849
30.586264 53.461417
30.585484 53.460985
30.584705 53.460553
30.583926 53.460121
30.583146 53.459689
30.582339 53.458808
30.58156 53.458376
30.580029 53.45796
30.579277 53.457977
30.578498 53.457544
30.577719 53.457112
30.576939 53.45668
30.57616 53.456248
30.57463 53.455832
30.57385 53.4554
30.573071 53.454968
30.572292 53.454535
30.571485 53.453655
30.570706 53.453222
30.569176 53.452807
30.568396 53.452374
30.567617 53.451942
30.566838 53.45151
30.566059 53.451078
30.565281 53.450645
30.564501 53.450213
30.563722 53.449781
30.562192 53.449365
30.561413 53.448933
30.560634 53.4485
30.559855 53.448068
30.559076 53.447636
30.558325 53.447652
30.556794 53.447236
30.556016 53.446804
30.555237 53.446371
30.554485 53.446388
30.553734 53.446404
30.552231 53.446437
30.551452 53.446004
30.5507 53.44602
30.549949 53.446037
30.549225 53.446502
30.549279 53.447399
30.549306 53.447848
30.549334 53.448296
30.548609 53.448761
30.548637 53.44921
30.548664 53.449658
30.548718 53.450556
30.548746 53.451004
30.548773 53.451453
30.550303 53.451869
30.551055 53.451853
30.551834 53.452285
30.551861 53.452734
30.551916 53.453631
30.551943 53.45408
30.55197 53.454528
30.551998 53.454977
30.552025 53.455426
30.551328 53.456339
30.551355 53.456788
30.551382 53.457237
30.552161 53.457669
30.552189 53.458118
30.552968 53.45855
30.554499 53.458966
30.55525 53.45895
30.556002 53.458933
30.556754 53.458917
30.557533 53.459349
30.559036 53.459317
30.559788 53.4593
30.560567 53.459733
30.561319 53.459716
30.562098 53.460149
30.56285 53.460132
30.564381 53.460548
30.565132 53.460532
30.565912 53.460964
30.566691 53.461396
30.56747 53.461829
30.568249 53.462261
30.56978 53.462677
30.57056 53.463109
30.571311 53.463092
30.572063 53.463076
30.572787 53.462611
30.574291 53.462578
30.575043 53.462562
30.575767 53.462097
30.576519 53.46208
30.57727 53.462064
30.578801 53.462479
30.579581 53.462912
30.580333 53.462895
30.581085 53.462879
30.581808 53.462414
30.583312 53.462381
30.584064 53.462364
30.584843 53.462796
30.585595 53.46278
30.586347 53.462763
30.587099 53.462747
BRUSH(1,0)
REGION 1
13
30.506256 53.420021
30.507758 53.419989
30.518165 53.41797
30.518111 53.417072
30.518806 53.40358
30.516554 53.403629
30.502289 53.403933
30.500814 53.404413
30.492795 53.408627
30.493625 53.409957
30.494265 53.420725
30.495767 53.420693
30.506256 53.420021
BRUSH(1,0)
REGION 1
124
30.131554 53.371708
30.131531 53.371259
30.130758 53.370824
30.129962 53.36994
30.129188 53.369505
30.128415 53.36907
30.128392 53.368621
30.127597 53.367737
30.126824 53.367302
30.126051 53.366866
30.126028 53.366418
30.125255 53.365982
30.124459 53.365098
30.123686 53.364663
30.122913 53.364228
30.12289 53.363779
30.122095 53.362895
30.122072 53.362446
30.121299 53.362011
30.121276 53.361562
30.120481 53.360678
30.120458 53.360229
30.119685 53.359794
30.119662 53.359345
30.11889 53.35891
30.118867 53.358461
30.118821 53.357563
30.118049 53.357128
30.118026 53.356679
30.118004 53.35623
30.117208 53.355346
30.117186 53.354897
30.117163 53.354449
30.11639 53.354013
30.116367 53.353565
30.115572 53.35268
30.115549 53.352232
30.115527 53.351783
30.114754 53.351347
30.114732 53.350899
30.113936 53.350015
30.113914 53.349566
30.113141 53.34913
30.113119 53.348682
30.112323 53.347798
30.112301 53.347349
30.111528 53.346913
30.110778 53.346927
30.109256 53.346505
30.108528 53.346967
30.107778 53.346981
30.107051 53.347443
30.106346 53.348354
30.105595 53.348368
30.104868 53.34883
30.103368 53.348857
30.102618 53.34887
30.101868 53.348884
30.10114 53.349346
30.100413 53.349808
30.098912 53.349835
30.098207 53.350746
30.098979 53.351181
30.099002 53.35163
30.099775 53.352066
30.099819 53.352963
30.100592 53.353399
30.100614 53.353848
30.101387 53.354283
30.101409 53.354732
30.102205 53.355616
30.102227 53.356065
30.102999 53.3565
30.103772 53.356936
30.104545 53.357371
30.105273 53.356909
30.106 53.356446
30.106728 53.355984
30.107456 53.355522
30.108206 53.355508
30.108979 53.355944
30.109751 53.356379
30.110524 53.356814
30.110547 53.357263
30.109842 53.358174
30.109864 53.358623
30.109136 53.359085
30.109909 53.359521
30.109932 53.35997
30.110705 53.360405
30.111477 53.36084
30.112228 53.360827
30.113751 53.361249
30.113773 53.361697
30.114546 53.362133
30.113841 53.363044
30.113864 53.363493
30.113136 53.363955
30.113159 53.364404
30.113181 53.364853
30.113977 53.365737
30.11475 53.366172
30.114772 53.366621
30.115545 53.367056
30.116318 53.367491
30.117114 53.368376
30.117887 53.368811
30.11791 53.36926
30.118683 53.369695
30.119478 53.370579
30.120251 53.371014
30.121025 53.371449
30.121798 53.371885
30.122548 53.371871
30.124049 53.371844
30.1248 53.37183
30.12555 53.371817
30.1263 53.371803
30.127051 53.37179
30.128552 53.371762
30.129302 53.371749
30.130053 53.371735
30.130803 53.371722
30.131554 53.371708
BRUSH(1,0)
REGION 1
69
30.346047 53.968223
30.346782 53.967759
30.347518 53.967296
30.349014 53.966817
30.349749 53.966353
30.350484 53.965889
30.351219 53.965425
30.351955 53.964961
30.352664 53.964049
30.35416 53.96357
30.354895 53.963106
30.355656 53.963091
30.356366 53.962178
30.357101 53.961714
30.357836 53.96125
30.358571 53.960786
30.359306 53.960322
30.360041 53.959858
30.361537 53.959379
30.362272 53.958915
30.361459 53.958033
30.359912 53.957615
30.359125 53.957182
30.358339 53.956748
30.359074 53.956284
30.359048 53.955836
30.358997 53.954938
30.358971 53.954489
30.358184 53.954056
30.358158 53.953607
30.357346 53.952725
30.35732 53.952276
30.356534 53.951843
30.355773 53.951858
30.355038 53.952322
30.353517 53.952352
30.352782 53.952816
30.352047 53.95328
30.351312 53.953744
30.350577 53.954208
30.349055 53.954238
30.34832 53.954702
30.347585 53.955166
30.34685 53.95563
30.345354 53.956109
30.344619 53.956572
30.343884 53.957036
30.343149 53.9575
30.342414 53.957964
30.340917 53.958443
30.340943 53.958891
30.340994 53.959789
30.34102 53.960237
30.341046 53.960686
30.34031 53.96115
30.340336 53.961599
30.339626 53.962511
30.339652 53.96296
30.339677 53.963409
30.339703 53.963857
30.339728 53.964306
30.34054 53.965188
30.341327 53.965622
30.342114 53.966055
30.3429 53.966489
30.343687 53.966923
30.344473 53.967356
30.34526 53.96779
30.346047 53.968223
BRUSH(1,0)
REGION 1
42
30.867622 53.952672
30.866862 53.95269
30.86531 53.952278
30.864518 53.951848
30.864456 53.950952
30.863664 53.950521
30.863633 53.950073
30.862842 53.949643
30.862081 53.949661
30.860592 53.950147
30.859863 53.950613
30.859134 53.95108
30.858404 53.951547
30.856915 53.952032
30.856186 53.952499
30.855456 53.952966
30.854727 53.953433
30.854029 53.954348
30.8533 53.954815
30.853331 53.955264
30.853362 53.955712
30.854154 53.956142
30.854914 53.956124
30.856466 53.956536
30.857226 53.956517
30.857987 53.956499
30.858778 53.956929
30.859539 53.956911
30.861091 53.957322
30.861851 53.957304
30.862612 53.957285
30.863372 53.957267
30.864101 53.9568
30.865622 53.956763
30.866351 53.956296
30.867081 53.95583
30.86781 53.955363
30.869299 53.954877
30.869268 53.954429
30.869237 53.95398
30.868445 53.95355
30.867622 53.952672
BRUSH(1,0)
REGION 1
6
30.847341 53.934743
30.851591 53.930148
30.83754 53.925095
30.831164 53.931987
30.839771 53.935374
30.847341 53.934743
BRUSH(1,0)
REGION 1
12
30.022326 53.892472
30.025881 53.88747
30.015201 53.886755
30.013858 53.890372
30.009299 53.89045
30.005478 53.890066
30.005566 53.891861
30.003418 53.894593
30.010301 53.895374
30.013362 53.89577
30.014662 53.891256
30.022326 53.892472
BRUSH(1,0)
REGION 1
150
30.266951 53.888016
30.267735 53.88845
30.26776 53.888899
30.268569 53.889782
30.269354 53.890216
30.270138 53.89065
30.270163 53.891099
30.270972 53.891981
30.271757 53.892416
30.271781 53.892864
30.272566 53.893298
30.273375 53.894181
30.27416 53.894615
30.274944 53.895049
30.275729 53.895483
30.276513 53.895917
30.277323 53.8968
30.278107 53.897234
30.278132 53.897683
30.278917 53.898117
30.279726 53.899
30.280511 53.899434
30.281296 53.899868
30.28208 53.900302
30.28213 53.901199
30.282915 53.901633
30.2837 53.902067
30.284484 53.902501
30.284509 53.90295
30.285294 53.903384
30.286029 53.90292
30.286764 53.902457
30.286739 53.902008
30.286714 53.901559
30.287424 53.900647
30.287399 53.900199
30.287374 53.89975
30.288109 53.899286
30.288084 53.898838
30.288059 53.898389
30.288769 53.897477
30.288744 53.897028
30.288719 53.896579
30.290238 53.89655
30.290998 53.896535
30.290973 53.896086
30.291683 53.895174
30.291658 53.894725
30.292392 53.894262
30.292367 53.893813
30.293102 53.89335
30.293052 53.892452
30.293027 53.892004
30.293002 53.891555
30.293736 53.891091
30.293712 53.890643
30.294446 53.890179
30.295206 53.890164
30.296725 53.890135
30.296775 53.891032
30.2968 53.891481
30.296825 53.89193
30.296091 53.892393
30.296116 53.892842
30.296166 53.893739
30.297685 53.89371
30.298445 53.893695
30.299179 53.893231
30.299154 53.892783
30.299889 53.892319
30.299864 53.89187
30.300573 53.890958
30.301308 53.890495
30.302067 53.89048
30.302802 53.890016
30.304296 53.889538
30.305056 53.889523
30.30579 53.889059
30.30655 53.889044
30.307284 53.888581
30.308778 53.888102
30.309538 53.888088
30.310272 53.887624
30.309487 53.88719
30.308702 53.886756
30.307943 53.886771
30.307158 53.886337
30.305614 53.885918
30.304854 53.885933
30.30407 53.885499
30.30331 53.885514
30.302526 53.88508
30.301716 53.884198
30.30245 53.883734
30.302425 53.883285
30.301641 53.882852
30.300097 53.882433
30.299337 53.882447
30.298553 53.882014
30.297793 53.882028
30.297009 53.881594
30.296249 53.881609
30.294755 53.882087
30.293996 53.882102
30.293236 53.882117
30.292477 53.882132
30.291717 53.882147
30.290173 53.881727
30.289414 53.881742
30.28863 53.881308
30.28787 53.881323
30.28711 53.881338
30.286326 53.880904
30.284807 53.880933
30.284048 53.880948
30.283313 53.881411
30.282579 53.881875
30.281844 53.882338
30.281109 53.882802
30.281134 53.88325
30.281944 53.884133
30.281968 53.884582
30.281234 53.885045
30.281259 53.885494
30.281284 53.885943
30.282068 53.886377
30.282853 53.886811
30.283637 53.887245
30.284421 53.887679
30.285231 53.888561
30.284496 53.889025
30.283737 53.88904
30.282218 53.889069
30.281458 53.889084
30.280698 53.889098
30.279939 53.889113
30.279154 53.888679
30.277635 53.888708
30.276876 53.888723
30.276116 53.888738
30.275356 53.888752
30.274597 53.888767
30.273837 53.888782
30.272318 53.888811
30.271533 53.888377
30.270774 53.888392
30.270014 53.888406
30.26923 53.887972
30.267711 53.888001
30.266951 53.888016
BRUSH(1,0)
REGION 1
11
30.27618 53.876159
30.28218 53.874695
30.282915 53.874232
30.279629 53.869803
30.279579 53.868906
30.275049 53.869443
30.274289 53.869457
30.27145 53.873106
30.270716 53.873569
30.275396 53.875725
30.27618 53.876159
BRUSH(1,0)
REGION 1
9
30.306721 53.905662
30.300416 53.901742
30.299631 53.901308
30.296083 53.905869
30.295348 53.906333
30.303022 53.907531
30.303807 53.907965
30.306746 53.90611
30.306721 53.905662
BRUSH(1,0)
REGION 1
47
30.402461 53.877696
30.401728 53.87816
30.400969 53.878176
30.400235 53.87864
30.398717 53.878671
30.397983 53.879135
30.397224 53.87915
30.396491 53.879614
30.394972 53.879645
30.394239 53.880109
30.39348 53.880125
30.392746 53.880589
30.391987 53.880604
30.390494 53.881084
30.39052 53.881532
30.391306 53.881966
30.392091 53.882399
30.392903 53.883281
30.393688 53.883714
30.394474 53.884147
30.395233 53.884132
30.395993 53.884116
30.396752 53.884101
30.398297 53.884519
30.399057 53.884503
30.399816 53.884488
30.400575 53.884472
30.401335 53.884457
30.40288 53.884875
30.403639 53.884859
30.404425 53.885292
30.405211 53.885726
30.405944 53.885262
30.406677 53.884797
30.406651 53.884349
30.406599 53.883451
30.406572 53.883003
30.406546 53.882554
30.405761 53.882121
30.404975 53.881688
30.404922 53.88079
30.404137 53.880357
30.404111 53.879908
30.403325 53.879475
30.403273 53.878578
30.403247 53.878129
30.402461 53.877696
BRUSH(1,0)
REGION 1
40
30.373797 53.868394
30.373771 53.867945
30.373745 53.867497
30.374452 53.866584
30.374427 53.866135
30.374401 53.865686
30.374375 53.865238
30.374349 53.864789
30.375056 53.863876
30.37503 53.863428
30.375004 53.862979
30.374979 53.86253
30.374194 53.862097
30.374142 53.8612
30.372598 53.860781
30.371813 53.860348
30.371028 53.859915
30.370244 53.859481
30.36951 53.859945
30.368777 53.860409
30.367285 53.860888
30.366552 53.861352
30.365818 53.861816
30.365085 53.86228
30.364352 53.862744
30.362859 53.863223
30.362885 53.863672
30.36367 53.864105
30.364455 53.864539
30.36524 53.864972
30.366024 53.865406
30.367569 53.865824
30.368353 53.866257
30.369138 53.866691
30.36919 53.867588
30.370734 53.868006
30.371519 53.86844
30.372304 53.868873
30.373063 53.868858
30.373797 53.868394
BRUSH(1,0)
REGION 1
47
30.248229 53.865465
30.247421 53.864582
30.246637 53.864148
30.246613 53.863699
30.245829 53.863265
30.245021 53.862382
30.244238 53.861948
30.243478 53.861963
30.242719 53.861977
30.241985 53.86244
30.240466 53.862469
30.239731 53.862932
30.238972 53.862947
30.238213 53.862961
30.236719 53.863439
30.23596 53.863453
30.235985 53.863902
30.236009 53.86435
30.236058 53.865248
30.236082 53.865697
30.235347 53.86616
30.235371 53.866609
30.235396 53.867057
30.235445 53.867955
30.235469 53.868404
30.235494 53.868852
30.235518 53.869301
30.236301 53.869735
30.23782 53.869706
30.238579 53.869692
30.239339 53.869678
30.240098 53.869663
30.240857 53.869649
30.242376 53.86962
30.243135 53.869605
30.243894 53.869591
30.244653 53.869576
30.245413 53.869562
30.246931 53.869533
30.247666 53.86907
30.247642 53.868621
30.247617 53.868172
30.248327 53.86726
30.248303 53.866812
30.248278 53.866363
30.248254 53.865914
30.248229 53.865465
BRUSH(1,0)
REGION 1
125
30.318886 53.824566
30.319644 53.824551
30.319669 53.825
30.320478 53.825882
30.320504 53.826331
30.320529 53.82678
30.320554 53.827229
30.321363 53.828111
30.321388 53.82856
30.321414 53.829008
30.321439 53.829457
30.322223 53.829891
30.322273 53.830788
30.322299 53.831237
30.322324 53.831686
30.323107 53.832119
30.323891 53.832553
30.324675 53.832987
30.325434 53.832972
30.326217 53.833406
30.326976 53.833391
30.328468 53.832912
30.329201 53.832448
30.329176 53.832
30.329909 53.831536
30.330642 53.831072
30.331375 53.830609
30.332109 53.830145
30.3336 53.829666
30.334359 53.829651
30.335117 53.829636
30.33585 53.829172
30.337367 53.829142
30.338126 53.829127
30.3381 53.828679
30.338049 53.827781
30.338024 53.827332
30.337998 53.826884
30.337973 53.826435
30.337948 53.825986
30.337897 53.825089
30.337871 53.82464
30.337846 53.824192
30.33782 53.823743
30.337795 53.823294
30.337744 53.822397
30.337719 53.821948
30.337693 53.821499
30.338426 53.821036
30.338401 53.820587
30.337592 53.819705
30.338325 53.819241
30.337541 53.818807
30.338274 53.818343
30.338248 53.817895
30.338198 53.816997
30.338172 53.816548
30.339688 53.816518
30.340447 53.816503
30.341205 53.816488
30.341963 53.816473
30.342721 53.816458
30.344238 53.816428
30.344971 53.815964
30.344945 53.815515
30.34492 53.815067
30.344894 53.814618
30.344869 53.814169
30.344818 53.813272
30.344792 53.812823
30.344767 53.812375
30.344741 53.811926
30.343958 53.811492
30.342441 53.811522
30.341683 53.811537
30.340925 53.811553
30.340167 53.811568
30.339409 53.811583
30.337867 53.811164
30.337134 53.811628
30.336402 53.812092
30.336427 53.81254
30.335719 53.813453
30.334987 53.813916
30.334254 53.81438
30.333496 53.814395
30.332712 53.813961
30.332687 53.813513
30.331878 53.81263
30.331094 53.812197
30.330336 53.812212
30.329578 53.812227
30.32882 53.812242
30.328061 53.812257
30.326545 53.812287
30.325787 53.812301
30.325029 53.812317
30.324271 53.812331
30.323512 53.812346
30.321996 53.812376
30.321238 53.812391
30.320479 53.812406
30.319721 53.812421
30.319746 53.81287
30.319797 53.813767
30.319822 53.814216
30.319089 53.81468
30.319114 53.815128
30.31914 53.815577
30.31919 53.816474
30.319215 53.816923
30.319241 53.817372
30.319266 53.817821
30.318533 53.818284
30.318583 53.819182
30.318609 53.81963
30.318634 53.820079
30.318659 53.820528
30.318684 53.820976
30.318735 53.821874
30.31876 53.822323
30.318785 53.822771
30.31881 53.82322
30.318835 53.823669
30.318886 53.824566
BRUSH(1,0)
REGION 1
90
30.367308 53.834834
30.368092 53.835267
30.368118 53.835716
30.368928 53.836598
30.370445 53.836567
30.37123 53.837001
30.372014 53.837434
30.372799 53.837868
30.373583 53.838301
30.374367 53.838735
30.375936 53.839601
30.376721 53.840035
30.377505 53.840468
30.37829 53.840902
30.379074 53.841335
30.379859 53.841768
30.381402 53.842186
30.382187 53.84262
30.382971 53.843053
30.383756 53.843486
30.384541 53.84392
30.385326 53.844353
30.38611 53.844786
30.387602 53.844307
30.38836 53.844292
30.389093 53.843828
30.389826 53.843364
30.391317 53.842884
30.39205 53.84242
30.392783 53.841956
30.393515 53.841492
30.394248 53.841028
30.395713 53.8401
30.396446 53.839636
30.397178 53.839171
30.397911 53.838707
30.398643 53.838243
30.399376 53.837779
30.399323 53.836882
30.400056 53.836418
30.400789 53.835953
30.401521 53.835489
30.400736 53.835056
30.400684 53.834159
30.399899 53.833726
30.399115 53.833292
30.39833 53.832859
30.397572 53.832874
30.396055 53.832905
30.39527 53.832472
30.394512 53.832487
30.393753 53.832503
30.392995 53.832518
30.391452 53.8321
30.390693 53.832116
30.389935 53.832131
30.38915 53.831698
30.388392 53.831713
30.386875 53.831744
30.38609 53.831311
30.385306 53.830877
30.384521 53.830444
30.383737 53.830011
30.383711 53.829562
30.382926 53.829129
30.382168 53.829144
30.38141 53.829159
30.380677 53.829623
30.379945 53.830087
30.379971 53.830536
30.379996 53.830984
30.380781 53.831418
30.380832 53.832315
30.380858 53.832764
30.380126 53.833228
30.379393 53.833692
30.37866 53.834156
30.377928 53.83462
30.377195 53.835084
30.376436 53.835099
30.375678 53.835115
30.374161 53.835145
30.373402 53.83516
30.372644 53.835176
30.371859 53.834742
30.371101 53.834757
30.369583 53.834788
30.368825 53.834803
30.368066 53.834819
30.367308 53.834834
BRUSH(1,0)
REGION 1
75
30.948155 53.811426
30.948944 53.811856
30.948976 53.812304
30.949766 53.812734
30.949798 53.813182
30.950619 53.81406
30.950652 53.814509
30.950684 53.814957
30.951473 53.815387
30.952295 53.816264
30.953053 53.816246
30.953811 53.816227
30.955358 53.816637
30.956116 53.816618
30.956874 53.816599
30.957632 53.81658
30.95839 53.816561
30.959937 53.816972
30.960695 53.816953
30.961453 53.816934
30.962179 53.816467
30.962937 53.816448
30.964452 53.81641
30.965178 53.815942
30.965936 53.815923
30.966661 53.815456
30.967419 53.815437
30.968145 53.814969
30.967355 53.81454
30.966565 53.81411
30.965743 53.813232
30.964985 53.813251
30.964227 53.81327
30.96347 53.813289
30.961954 53.813327
30.961196 53.813346
30.960471 53.813814
30.959713 53.813833
30.958955 53.813852
30.957376 53.812993
30.957344 53.812544
30.956554 53.812115
30.955764 53.811685
30.954974 53.811256
30.954185 53.810826
30.953395 53.810397
30.95412 53.809929
30.954088 53.809481
30.954814 53.809014
30.95554 53.808546
30.956234 53.80763
30.956202 53.807182
30.95617 53.806733
30.954622 53.806323
30.953832 53.805893
30.953043 53.805464
30.952221 53.804586
30.952189 53.804137
30.950642 53.803727
30.949917 53.804194
30.949191 53.804661
30.948465 53.805129
30.94695 53.805167
30.946982 53.805615
30.947772 53.806045
30.947835 53.806942
30.948625 53.807371
30.948657 53.80782
30.949447 53.808249
30.94951 53.809146
30.9503 53.809576
30.950332 53.810024
30.949606 53.810491
30.94888 53.810959
30.948155 53.811426
BRUSH(1,0)
REGION 1
54
30.142137 53.73987
30.142871 53.739408
30.143604 53.738945
30.145095 53.738469
30.145829 53.738006
30.145805 53.737558
30.145759 53.73666
30.145735 53.736211
30.145712 53.735762
30.145689 53.735314
30.146423 53.734851
30.147156 53.734388
30.14789 53.733926
30.148623 53.733463
30.150137 53.733436
30.15087 53.732973
30.151604 53.73251
30.152361 53.732497
30.152314 53.731599
30.151534 53.731164
30.150754 53.730729
30.149974 53.730294
30.149194 53.729859
30.148437 53.729873
30.147703 53.730336
30.146993 53.731247
30.14626 53.73171
30.145526 53.732172
30.144792 53.732635
30.144059 53.733097
30.143325 53.73356
30.142592 53.734023
30.141078 53.73405
30.140321 53.734064
30.139541 53.733629
30.138807 53.734091
30.13805 53.734105
30.13656 53.734581
30.135826 53.735044
30.135092 53.735507
30.134358 53.735969
30.134382 53.736418
30.134405 53.736867
30.135185 53.737302
30.136699 53.737274
30.137432 53.736812
30.138189 53.736798
30.138947 53.736784
30.13975 53.737668
30.14053 53.738103
30.140553 53.738552
30.141333 53.738987
30.141357 53.739436
30.142137 53.73987
BRUSH(1,0)
REGION 1
41
30.167427 53.730872
30.168161 53.73041
30.168894 53.729947
30.169627 53.729484
30.170361 53.729021
30.171094 53.728559
30.171827 53.728096
30.17256 53.727633
30.17327 53.726722
30.173246 53.726273
30.173223 53.725824
30.173199 53.725375
30.173175 53.724927
30.173128 53.724029
30.172348 53.723594
30.172324 53.723146
30.171544 53.722711
30.170007 53.72229
30.169251 53.722304
30.168518 53.722767
30.167784 53.723229
30.167051 53.723692
30.166318 53.724155
30.164851 53.72508
30.164118 53.725543
30.163385 53.726006
30.163409 53.726454
30.163432 53.726903
30.163455 53.727352
30.163503 53.728249
30.162769 53.728712
30.162793 53.729161
30.162816 53.72961
30.162839 53.730058
30.162887 53.730956
30.16291 53.731405
30.164423 53.731377
30.16518 53.731363
30.165937 53.731349
30.166671 53.730886
30.167427 53.730872
BRUSH(1,0)
REGION 1
36
30.617787 53.748681
30.619273 53.748198
30.619216 53.747301
30.619944 53.746836
30.619916 53.746387
30.620645 53.745922
30.620616 53.745473
30.62056 53.744576
30.621288 53.744111
30.621259 53.743662
30.621988 53.743197
30.62196 53.742748
30.620418 53.742333
30.619633 53.741901
30.618876 53.741918
30.618091 53.741486
30.617334 53.741503
30.615821 53.741537
30.615036 53.741105
30.614279 53.741122
30.613522 53.741138
30.612794 53.741604
30.612065 53.742069
30.611337 53.742534
30.611365 53.742983
30.610637 53.743448
30.610693 53.744346
30.610722 53.744794
30.611506 53.745226
30.613048 53.745641
30.613833 53.746073
30.614619 53.746505
30.615404 53.746937
30.616217 53.747817
30.617002 53.748249
30.617787 53.748681
BRUSH(1,0)
REGION 1
24
30.688082 53.769113
30.688839 53.769095
30.689596 53.769078
30.691082 53.768595
30.69181 53.768129
30.692567 53.768112
30.693295 53.767646
30.694023 53.76718
30.693964 53.766283
30.693178 53.765852
30.693149 53.765403
30.692363 53.764972
30.690878 53.765455
30.690121 53.765472
30.689364 53.76549
30.688636 53.765955
30.687879 53.765973
30.686364 53.766007
30.685636 53.766473
30.686422 53.766904
30.686481 53.767801
30.687267 53.768233
30.688053 53.768664
30.688082 53.769113
BRUSH(1,0)
REGION 1
41
30.039989 53.71204
30.039232 53.712053
30.038453 53.711617
30.037697 53.71163
30.03694 53.711644
30.035427 53.71167
30.034648 53.711234
30.033892 53.711247
30.033157 53.711709
30.033202 53.712607
30.033224 53.713056
30.033246 53.713504
30.033268 53.713953
30.03329 53.714402
30.033334 53.7153
30.033356 53.715748
30.033378 53.716197
30.034157 53.716633
30.034201 53.717531
30.034958 53.717518
30.035714 53.717504
30.037227 53.717478
30.037984 53.717465
30.038741 53.717452
30.039498 53.717439
30.040232 53.716977
30.041723 53.716502
30.042458 53.71604
30.043192 53.715578
30.043926 53.715116
30.044661 53.714654
30.046152 53.714179
30.046108 53.713281
30.046085 53.712832
30.045329 53.712845
30.04455 53.71241
30.043037 53.712436
30.04228 53.712449
30.041502 53.712014
30.040745 53.712027
30.039989 53.71204
BRUSH(1,0)
REGION 1
85
30.047335 53.676874
30.048113 53.67731
30.048891 53.677746
30.049669 53.678181
30.050469 53.679066
30.051248 53.679501
30.052026 53.679937
30.052804 53.680373
30.053582 53.680808
30.054383 53.681693
30.055161 53.682128
30.055917 53.682115
30.056651 53.681653
30.057385 53.681191
30.058118 53.680729
30.05883 53.679818
30.058807 53.679369
30.059541 53.678907
30.060275 53.678445
30.060252 53.677996
30.060986 53.677534
30.061719 53.677072
30.063231 53.677046
30.064009 53.677481
30.064765 53.677468
30.065544 53.677903
30.066322 53.678339
30.067834 53.678312
30.06859 53.678299
30.069346 53.678286
30.070102 53.678272
30.070813 53.677361
30.07079 53.676913
30.070768 53.676464
30.06999 53.676028
30.069967 53.67558
30.069166 53.674695
30.069144 53.674246
30.068366 53.673811
30.067587 53.673375
30.066832 53.673389
30.066076 53.673402
30.064564 53.673429
30.063808 53.673442
30.063052 53.673455
30.062274 53.673019
30.061496 53.672584
30.061452 53.671686
30.061429 53.671238
30.061407 53.670789
30.061385 53.67034
30.060606 53.669904
30.060562 53.669007
30.060539 53.668558
30.059761 53.668122
30.059006 53.668136
30.05825 53.668149
30.057494 53.668162
30.055982 53.668189
30.055227 53.668202
30.054471 53.668215
30.053715 53.668228
30.052959 53.668241
30.051448 53.668268
30.050692 53.668281
30.049937 53.668294
30.049159 53.667859
30.048403 53.667872
30.046891 53.667898
30.046913 53.668347
30.046958 53.669245
30.04698 53.669693
30.047002 53.670142
30.047024 53.670591
30.047046 53.67104
30.047091 53.671937
30.047113 53.672386
30.047135 53.672835
30.047157 53.673284
30.047179 53.673733
30.047224 53.67463
30.048002 53.675066
30.047268 53.675528
30.047291 53.675977
30.047335 53.676874
BRUSH(1,0)
REGION 1
91
30.192292 53.671116
30.193827 53.671537
30.194607 53.671972
30.195363 53.671957
30.196142 53.672392
30.196898 53.672378
30.197677 53.672813
30.199189 53.672784
30.199968 53.673219
30.200748 53.673654
30.201504 53.673639
30.202283 53.674074
30.203063 53.674509
30.204598 53.674929
30.205354 53.674915
30.206134 53.67535
30.206889 53.675335
30.207669 53.67577
30.209157 53.675293
30.209133 53.674844
30.209841 53.673932
30.209817 53.673484
30.209037 53.673049
30.208258 53.672614
30.207478 53.67218
30.207454 53.671731
30.206651 53.670848
30.206627 53.670399
30.205847 53.669964
30.205068 53.66953
30.204288 53.669095
30.203533 53.669109
30.202753 53.668675
30.201242 53.668703
30.200462 53.668268
30.199707 53.668283
30.198927 53.667848
30.198147 53.667413
30.198124 53.666965
30.1981 53.666516
30.198052 53.665618
30.198029 53.665169
30.198005 53.664721
30.197981 53.664272
30.197957 53.663823
30.19791 53.662926
30.197886 53.662477
30.197862 53.662028
30.197839 53.661579
30.197815 53.661131
30.197767 53.660233
30.197744 53.659784
30.19772 53.659336
30.196209 53.659364
30.196233 53.659813
30.195501 53.660275
30.195548 53.661173
30.194816 53.661636
30.194085 53.662099
30.193305 53.661664
30.192526 53.661229
30.190991 53.660809
30.190236 53.660823
30.18948 53.660837
30.188724 53.660851
30.187993 53.661314
30.186505 53.661791
30.185773 53.662253
30.185797 53.662702
30.185065 53.663165
30.184333 53.663628
30.18438 53.664525
30.183648 53.664988
30.183672 53.665437
30.18294 53.6659
30.182208 53.666363
30.182255 53.66726
30.181523 53.667723
30.181546 53.668172
30.182326 53.668606
30.183105 53.669041
30.183861 53.669027
30.185396 53.669448
30.186175 53.669883
30.186931 53.669868
30.18771 53.670303
30.188466 53.670289
30.189245 53.670724
30.190757 53.670696
30.191536 53.67113
30.192292 53.671116
BRUSH(1,0)
REGION 1
99
30.711047 53.679639
30.711018 53.67919
30.710989 53.678742
30.710204 53.678311
30.710175 53.677862
30.709361 53.676982
30.708605 53.677
30.707879 53.677465
30.707123 53.677483
30.706368 53.6775
30.705583 53.677069
30.706309 53.676603
30.705525 53.676172
30.703985 53.675758
30.703229 53.675775
30.702445 53.675344
30.702416 53.674895
30.701631 53.674464
30.701602 53.674015
30.701543 53.673118
30.700759 53.672687
30.700004 53.672704
30.699248 53.672722
30.697737 53.672756
30.696953 53.672325
30.696227 53.672791
30.695471 53.672808
30.693989 53.673291
30.693234 53.673308
30.692507 53.673774
30.691781 53.67424
30.691839 53.675137
30.691868 53.675586
30.691897 53.676034
30.691926 53.676483
30.69271 53.676914
30.692769 53.677811
30.692798 53.67826
30.693582 53.678691
30.693612 53.67914
30.694425 53.68002
30.69521 53.680451
30.695994 53.680882
30.696779 53.681314
30.697564 53.681745
30.698319 53.681728
30.699801 53.681244
30.699772 53.680796
30.700499 53.68033
30.70198 53.679847
30.702736 53.67983
30.70355 53.680709
30.703579 53.681158
30.704364 53.681589
30.704393 53.682038
30.705207 53.682918
30.705992 53.683349
30.706777 53.68378
30.706806 53.684229
30.707591 53.68466
30.708405 53.68554
30.70919 53.685971
30.709975 53.686402
30.710004 53.686851
30.710818 53.68773
30.711603 53.688162
30.712388 53.688593
30.713173 53.689024
30.713958 53.689455
30.714743 53.689886
30.716284 53.6903
30.716981 53.689386
30.717737 53.689368
30.718492 53.689351
30.719248 53.689333
30.720759 53.689299
30.721515 53.689281
30.722271 53.689264
30.722241 53.688815
30.722183 53.687918
30.721427 53.687935
30.720613 53.687056
30.719827 53.686625
30.719043 53.686193
30.719013 53.685745
30.718228 53.685314
30.717443 53.684883
30.716658 53.684451
30.715874 53.68402
30.715118 53.684038
30.714333 53.683606
30.712792 53.683193
30.712008 53.682761
30.711978 53.682313
30.711949 53.681864
30.711891 53.680967
30.711106 53.680536
30.711077 53.680087
30.711047 53.679639
BRUSH(1,0)
REGION 1
99
30.366134 53.628668
30.366083 53.62777
30.366058 53.627322
30.366032 53.626873
30.366006 53.626424
30.365981 53.625976
30.366685 53.625063
30.36666 53.624614
30.367389 53.62415
30.368143 53.624135
30.368898 53.62412
30.369678 53.624554
30.370433 53.624538
30.371214 53.624972
30.372723 53.624941
30.373452 53.624478
30.374182 53.624014
30.374936 53.623998
30.375666 53.623535
30.377175 53.623504
30.37793 53.623489
30.378685 53.623473
30.37944 53.623458
30.38022 53.623892
30.381729 53.623861
30.382484 53.623846
30.383239 53.623831
30.383968 53.623367
30.383916 53.622469
30.384645 53.622005
30.38462 53.621557
30.385349 53.621093
30.385323 53.620644
30.386052 53.62018
30.386001 53.619282
30.385975 53.618834
30.385949 53.618385
30.385169 53.617952
30.38444 53.618416
30.38293 53.618446
30.382176 53.618461
30.381421 53.618477
30.380692 53.618941
30.379912 53.618507
30.378402 53.618538
30.377648 53.618553
30.376893 53.618568
30.376113 53.618135
30.375358 53.61815
30.373849 53.61818
30.373094 53.618196
30.37234 53.618211
30.371559 53.617777
30.370805 53.617793
30.369295 53.617823
30.368541 53.617838
30.367786 53.617853
30.367057 53.618317
30.366302 53.618332
30.364793 53.618363
30.364064 53.618827
30.363309 53.618842
30.362554 53.618857
30.3618 53.618872
30.36029 53.618902
30.359535 53.618917
30.358781 53.618933
30.358026 53.618948
30.357271 53.618963
30.355762 53.618993
30.355813 53.61989
30.355838 53.620339
30.355863 53.620788
30.355134 53.621252
30.35516 53.6217
30.35521 53.622598
30.355965 53.622583
30.3575 53.623001
30.358255 53.622986
30.35901 53.622971
30.35979 53.623405
30.36057 53.623838
30.360596 53.624287
30.360621 53.624736
30.359917 53.625648
30.359943 53.626097
30.359968 53.626545
30.359993 53.626994
30.359264 53.627458
30.359315 53.628355
30.35934 53.628804
30.360121 53.629238
30.36163 53.629207
30.362385 53.629192
30.36314 53.629177
30.363895 53.629162
30.36465 53.629147
30.36616 53.629117
30.366134 53.628668
BRUSH(1,0)
REGION 1
118
30.002069 53.585568
30.002091 53.586017
30.002112 53.586465
30.002156 53.587363
30.002177 53.587812
30.002199 53.588261
30.002221 53.58871
30.001488 53.589171
30.001531 53.590069
30.001553 53.590518
30.001574 53.590967
30.001596 53.591415
30.001617 53.591864
30.001639 53.592313
30.001079 53.596366
30.002588 53.59634
30.004722 53.593608
30.0047 53.593159
30.005433 53.592698
30.006144 53.591787
30.006122 53.591338
30.006855 53.590876
30.007588 53.590415
30.008342 53.590402
30.009097 53.590389
30.009873 53.590825
30.011382 53.590799
30.012136 53.590786
30.01289 53.590773
30.013667 53.591209
30.014421 53.591196
30.01593 53.59117
30.016684 53.591157
30.015908 53.590721
30.015864 53.589824
30.015088 53.589388
30.015067 53.588939
30.01429 53.588503
30.014268 53.588054
30.014225 53.587157
30.014203 53.586708
30.014936 53.586246
30.015669 53.585784
30.016401 53.585322
30.016358 53.584425
30.01709 53.583963
30.017068 53.583514
30.017801 53.583052
30.017779 53.582604
30.017757 53.582155
30.017714 53.581257
30.017692 53.580808
30.018424 53.580346
30.019954 53.580769
30.020709 53.580756
30.021463 53.580743
30.022217 53.58073
30.02295 53.580269
30.023682 53.579807
30.02366 53.579358
30.023638 53.578909
30.023616 53.57846
30.023573 53.577563
30.023551 53.577114
30.023529 53.576665
30.024261 53.576203
30.024239 53.575754
30.024196 53.574857
30.024174 53.574408
30.024906 53.573946
30.024884 53.573497
30.025616 53.573035
30.025573 53.572138
30.026305 53.571676
30.027037 53.571214
30.027015 53.570765
30.027747 53.570303
30.027726 53.569854
30.028436 53.568944
30.028414 53.568495
30.029146 53.568033
30.029124 53.567584
30.028348 53.567148
30.027594 53.567161
30.026086 53.567187
30.025332 53.5672
30.024622 53.568111
30.024644 53.56856
30.023912 53.569022
30.02318 53.569484
30.022447 53.569945
30.021715 53.570407
30.021759 53.571305
30.020273 53.57178
30.01954 53.572242
30.018786 53.572254
30.018054 53.572716
30.0173 53.572729
30.015814 53.573204
30.015059 53.573217
30.014327 53.573679
30.013595 53.57414
30.013638 53.575038
30.014414 53.575474
30.014436 53.575923
30.014457 53.576372
30.012971 53.576846
30.012238 53.577308
30.011484 53.577321
30.010752 53.577783
30.009265 53.578257
30.008533 53.578719
30.0078 53.579181
30.007068 53.579643
30.005581 53.580117
30.004827 53.58013
30.001875 53.581528
30.002069 53.585568
BRUSH(1,0)
REGION 1
83
30.402034 53.609074
30.402008 53.608625
30.401982 53.608176
30.401956 53.607728
30.401176 53.607294
30.401124 53.606397
30.401098 53.605948
30.401073 53.605499
30.401047 53.605051
30.40024 53.604169
30.399486 53.604184
30.398706 53.603751
30.397951 53.603766
30.397197 53.603781
30.396443 53.603797
30.394934 53.603828
30.394179 53.603843
30.393451 53.604307
30.393477 53.604756
30.393503 53.605204
30.392019 53.605684
30.391239 53.60525
30.390485 53.605266
30.389756 53.60573
30.389053 53.606642
30.388324 53.607106
30.38835 53.607555
30.387621 53.608019
30.386138 53.608498
30.385383 53.608514
30.384655 53.608978
30.383926 53.609442
30.382417 53.609472
30.381688 53.609936
30.380934 53.609951
30.380179 53.609967
30.379424 53.609982
30.37789 53.609564
30.377135 53.609579
30.376355 53.609145
30.375601 53.609161
30.374846 53.609176
30.374117 53.60964
30.373388 53.610104
30.372659 53.610568
30.37271 53.611465
30.372736 53.611914
30.372762 53.612363
30.373542 53.612796
30.374322 53.613229
30.375077 53.613214
30.375831 53.613199
30.376586 53.613184
30.378095 53.613153
30.378849 53.613138
30.379604 53.613123
30.380359 53.613108
30.381113 53.613092
30.382648 53.61351
30.383403 53.613495
30.384157 53.61348
30.384937 53.613913
30.385692 53.613898
30.387201 53.613868
30.387982 53.614301
30.388736 53.614286
30.389465 53.613822
30.39022 53.613806
30.391703 53.613327
30.392432 53.612863
30.393186 53.612848
30.393889 53.611935
30.394644 53.611919
30.395398 53.611904
30.396907 53.611873
30.397688 53.612307
30.398442 53.612291
30.399171 53.611827
30.3999 53.611363
30.399874 53.610915
30.400602 53.61045
30.401331 53.609986
30.402034 53.609074
BRUSH(1,0)
REGION 1
142
30.625906 53.589472
30.62518 53.589937
30.624426 53.589954
30.622918 53.589988
30.622164 53.590004
30.621438 53.59047
30.620684 53.590487
30.61993 53.590503
30.61845 53.590985
30.617668 53.590554
30.616914 53.59057
30.61616 53.590587
30.615406 53.590604
30.613898 53.590637
30.613144 53.590654
30.61239 53.590671
30.611636 53.590687
30.61091 53.591153
30.609402 53.591186
30.608648 53.591203
30.607922 53.591668
30.607168 53.591685
30.606414 53.591702
30.604933 53.592183
30.60418 53.5922
30.603425 53.592217
30.602699 53.592682
30.601191 53.592715
30.600437 53.592732
30.599711 53.593197
30.598957 53.593214
30.598203 53.59323
30.596723 53.593712
30.595969 53.593729
30.595243 53.594194
30.594488 53.594211
30.593762 53.594676
30.592254 53.594709
30.5915 53.594726
30.590746 53.594742
30.589964 53.59431
30.589182 53.593878
30.588372 53.592998
30.588344 53.592549
30.587562 53.592117
30.587534 53.591668
30.586753 53.591236
30.586697 53.590339
30.585915 53.589907
30.585887 53.589458
30.585105 53.589026
30.58505 53.588129
30.584268 53.587697
30.582788 53.588178
30.582062 53.588644
30.581335 53.589109
30.580609 53.589574
30.579883 53.590039
30.578403 53.590521
30.57843 53.590969
30.577704 53.591434
30.577731 53.591883
30.577787 53.59278
30.577815 53.593229
30.577842 53.593678
30.57787 53.594126
30.577898 53.594575
30.577953 53.595472
30.578735 53.595904
30.578763 53.596353
30.579545 53.596785
30.579573 53.597234
30.580383 53.598114
30.58041 53.598563
30.581192 53.598995
30.581974 53.599427
30.58203 53.600324
30.582811 53.600756
30.583594 53.601189
30.584348 53.601172
30.58513 53.601604
30.585912 53.602036
30.587421 53.602003
30.588147 53.601538
30.588901 53.601521
30.589655 53.601505
30.590382 53.60104
30.591862 53.600558
30.592616 53.600541
30.592672 53.601439
30.594209 53.601854
30.594963 53.601837
30.595717 53.601821
30.596443 53.601355
30.597198 53.601339
30.598706 53.601306
30.59946 53.601289
30.600186 53.600824
30.600941 53.600807
30.601695 53.60079
30.603175 53.600308
30.603929 53.600292
30.604684 53.600275
30.60541 53.59981
30.606164 53.599793
30.607672 53.59976
30.608427 53.599743
30.609153 53.599278
30.609907 53.599261
30.610633 53.598796
30.611359 53.598331
30.611331 53.597882
30.611275 53.596985
30.611247 53.596536
30.611973 53.596071
30.612727 53.596054
30.613481 53.596037
30.614235 53.596021
30.615744 53.595987
30.616498 53.59597
30.617252 53.595954
30.618006 53.595937
30.61876 53.59592
30.619514 53.595903
30.621022 53.59587
30.621776 53.595853
30.622531 53.595836
30.623284 53.59582
30.624764 53.595337
30.625519 53.595321
30.626273 53.595304
30.627027 53.595287
30.627753 53.594822
30.627696 53.593924
30.627668 53.593476
30.626886 53.593044
30.626857 53.592595
30.626801 53.591698
30.626772 53.59125
30.62599 53.590818
30.625962 53.590369
30.625906 53.589472
BRUSH(1,0)
REGION 1
49
30.61526 53.576231
30.615204 53.575334
30.615176 53.574886
30.615148 53.574437
30.61512 53.573988
30.615092 53.57354
30.615035 53.572643
30.615007 53.572194
30.614253 53.572211
30.612746 53.572244
30.611992 53.572261
30.611239 53.572278
30.610485 53.572294
30.609732 53.572311
30.608224 53.572344
30.60747 53.572361
30.606717 53.572378
30.605963 53.572394
30.605209 53.572411
30.603702 53.572444
30.602948 53.572461
30.602194 53.572478
30.601413 53.572046
30.600659 53.572062
30.599961 53.572976
30.599235 53.573441
30.599263 53.57389
30.599291 53.574339
30.599319 53.574787
30.598621 53.575701
30.599403 53.576133
30.600185 53.576565
30.600939 53.576548
30.601692 53.576532
30.602446 53.576515
30.603954 53.576482
30.604707 53.576465
30.605489 53.576897
30.606215 53.576432
30.606969 53.576415
30.608476 53.576382
30.60923 53.576365
30.609984 53.576348
30.610738 53.576332
30.611491 53.576315
30.612999 53.576282
30.613753 53.576265
30.614507 53.576248
30.61526 53.576231
BRUSH(1,0)
REGION 1
61
30.586422 53.573723
30.58564 53.573291
30.584887 53.573308
30.583379 53.573341
30.582625 53.573357
30.581872 53.573374
30.581118 53.57339
30.580336 53.572958
30.579583 53.572975
30.578075 53.573008
30.577294 53.572576
30.57654 53.572592
30.575786 53.572609
30.575005 53.572176
30.573498 53.572209
30.572744 53.572226
30.571962 53.571794
30.571209 53.57181
30.570455 53.571827
30.568947 53.571859
30.568194 53.571876
30.567495 53.57279
30.567523 53.573238
30.566797 53.573703
30.566825 53.574152
30.566098 53.574617
30.566126 53.575066
30.566181 53.575963
30.566209 53.576411
30.566236 53.57686
30.566264 53.577309
30.566291 53.577757
30.566346 53.578655
30.566374 53.579103
30.566402 53.579552
30.566429 53.58
30.566457 53.580449
30.566512 53.581346
30.567266 53.58133
30.568774 53.581297
30.569555 53.581729
30.570309 53.581713
30.571091 53.582145
30.571844 53.582129
30.573325 53.581647
30.574051 53.581182
30.574777 53.580717
30.575503 53.580252
30.576983 53.57977
30.57771 53.579305
30.578436 53.57884
30.579162 53.578375
30.580642 53.577893
30.581368 53.577428
30.582094 53.576963
30.58282 53.576498
30.583546 53.576033
30.584272 53.575567
30.584998 53.575102
30.585724 53.574637
30.586422 53.573723
BRUSH(1,0)
REGION 1
42
30.229092 53.539254
30.229068 53.538805
30.22902 53.537908
30.229749 53.537445
30.229725 53.536996
30.229701 53.536547
30.23043 53.536084
30.230383 53.535187
30.231112 53.534724
30.231088 53.534275
30.231817 53.533812
30.231793 53.533363
30.232498 53.532451
30.233228 53.531988
30.233204 53.531539
30.232426 53.531105
30.231673 53.531119
30.23092 53.531133
30.230167 53.531148
30.229438 53.531611
30.228708 53.532074
30.227979 53.532537
30.228027 53.533434
30.227297 53.533897
30.226568 53.534361
30.225839 53.534824
30.22511 53.535287
30.225133 53.535735
30.223651 53.536213
30.222945 53.537124
30.222216 53.537587
30.22224 53.538036
30.222264 53.538485
30.222288 53.538934
30.223065 53.539368
30.223842 53.539803
30.224596 53.539789
30.226102 53.53976
30.226832 53.539297
30.227585 53.539283
30.228339 53.539268
30.229092 53.539254
BRUSH(1,0)
REGION 1
6
30.234237 53.550836
30.234798 53.547232
30.22804 53.547809
30.227287 53.547823
30.226701 53.550979
30.234237 53.550836
BRUSH(1,0)
REGION 1
61
30.349893 53.528367
30.350646 53.528352
30.352177 53.528771
30.352931 53.528756
30.353684 53.528741
30.354437 53.528726
30.35519 53.528711
30.356696 53.528681
30.357449 53.528665
30.3575 53.529563
30.356772 53.530027
30.356797 53.530475
30.356823 53.530924
30.357601 53.531358
30.358354 53.531343
30.359107 53.531328
30.359835 53.530864
30.360563 53.5304
30.362069 53.53037
30.362797 53.529906
30.36355 53.529891
30.364278 53.529427
30.365758 53.528948
30.366512 53.528933
30.366461 53.528035
30.365682 53.527602
30.364904 53.527168
30.364125 53.526735
30.363347 53.526301
30.362594 53.526316
30.361062 53.525898
30.360284 53.525464
30.359506 53.52503
30.358727 53.524597
30.358677 53.523699
30.358651 53.523251
30.358626 53.522802
30.358601 53.522353
30.358575 53.521905
30.358525 53.521007
30.357772 53.521022
30.357019 53.521037
30.355488 53.520619
30.354735 53.520634
30.353982 53.520649
30.353229 53.520664
30.352501 53.521128
30.350995 53.521158
30.35102 53.521607
30.351071 53.522504
30.351096 53.522953
30.351121 53.523401
30.351147 53.52385
30.350419 53.524314
30.350469 53.525211
30.350494 53.52566
30.35052 53.526109
30.350545 53.526558
30.35057 53.527006
30.350621 53.527904
30.349893 53.528367
BRUSH(1,0)
REGION 1
5
30.318139 53.336279
30.319688 53.337146
30.328357 53.344612
30.336406 53.340858
30.318139 53.336279
BRUSH(1,0)
REGION 1
54
30.40869 53.85421
30.407957 53.854674
30.407224 53.855138
30.405733 53.855618
30.405 53.856082
30.404267 53.856546
30.403561 53.857459
30.402828 53.857923
30.402095 53.858387
30.401362 53.858852
30.400629 53.859316
30.399897 53.85978
30.400708 53.860662
30.401493 53.861095
30.402252 53.861079
30.403011 53.861064
30.40377 53.861049
30.405288 53.861018
30.406047 53.861002
30.406832 53.861435
30.407592 53.86142
30.408377 53.861853
30.409921 53.862271
30.410706 53.862704
30.411465 53.862688
30.412251 53.863121
30.41301 53.863106
30.413769 53.86309
30.415287 53.863059
30.416072 53.863492
30.416831 53.863477
30.417616 53.86391
30.418376 53.863894
30.419868 53.863415
30.419841 53.862966
30.420574 53.862502
30.420547 53.862053
30.420521 53.861604
30.420495 53.861156
30.419683 53.860274
30.419657 53.859825
30.418871 53.859392
30.418086 53.858959
30.417301 53.858526
30.415756 53.858108
30.414971 53.857675
30.414212 53.857691
30.413427 53.857258
30.412642 53.856824
30.411857 53.856391
30.411045 53.85551
30.41026 53.855076
30.409475 53.854643
30.40869 53.85421
BRUSH(1,0)
REGION 1
26
31.97103 53.583815
31.971698 53.582894
31.97245 53.582869
31.973161 53.582396
31.973871 53.581923
31.974581 53.581449
31.976044 53.580951
31.976754 53.580478
31.976712 53.58003
31.975916 53.579607
31.975121 53.579184
31.973616 53.579235
31.972906 53.579708
31.972153 53.579733
31.971443 53.580207
31.97069 53.580232
31.969227 53.58073
31.968517 53.581204
31.967807 53.581677
31.967096 53.58215
31.967139 53.582598
31.967181 53.583046
31.967266 53.583942
31.968019 53.583916
31.968771 53.583891
31.97103 53.583815
BRUSH(1,0)
REGION 1
40
31.983031 53.582962
31.983827 53.583385
31.985332 53.583334
31.986085 53.583309
31.98688 53.583732
31.987718 53.584602
31.988514 53.585025
31.989309 53.585447
31.990104 53.58587
31.990857 53.585844
31.99161 53.585819
31.993115 53.585768
31.99303 53.584872
31.992987 53.584424
31.992192 53.584002
31.991396 53.583579
31.989891 53.58363
31.989096 53.583208
31.9883 53.582785
31.987505 53.582362
31.98671 53.58194
31.985914 53.581517
31.985119 53.581095
31.983571 53.580698
31.982776 53.580275
31.982023 53.5803
31.981228 53.579878
31.980475 53.579903
31.979722 53.579928
31.97826 53.580427
31.978302 53.580875
31.978345 53.581323
31.978387 53.581771
31.97843 53.582219
31.978515 53.583115
31.979268 53.583089
31.98002 53.583064
31.981526 53.583013
31.982321 53.583436
31.983031 53.582962
BRUSH(1,0)
REGION 1
21
31.984948 53.579303
31.985787 53.580174
31.986539 53.580148
31.987292 53.580123
31.98884 53.58052
31.988925 53.581416
31.990473 53.581813
31.991269 53.582236
31.992064 53.582658
31.992817 53.582633
31.993527 53.582159
31.993484 53.581711
31.992688 53.581289
31.992646 53.580841
31.991098 53.580444
31.990302 53.580021
31.989507 53.579599
31.988712 53.579176
31.987959 53.579202
31.987164 53.578779
31.984948 53.579303
BRUSH(1,0)
REGION 1
64
31.694214 53.877655
31.693376 53.876783
31.693335 53.876335
31.693296 53.875887
31.693256 53.875439
31.693176 53.874542
31.693136 53.874094
31.693096 53.873646
31.693056 53.873198
31.693016 53.87275
31.692936 53.871854
31.692896 53.871406
31.692098 53.870981
31.69138 53.871453
31.690621 53.871477
31.689903 53.871948
31.689145 53.871972
31.687628 53.872019
31.68687 53.872043
31.686112 53.872066
31.685354 53.87209
31.684596 53.872114
31.683079 53.872161
31.682281 53.871736
31.681523 53.87176
31.680765 53.871783
31.680046 53.872255
31.679328 53.872727
31.67861 53.873198
31.678649 53.873646
31.678689 53.874094
31.677971 53.874566
31.677213 53.87459
31.675696 53.874637
31.674978 53.875108
31.675017 53.875556
31.674339 53.876476
31.674379 53.876924
31.67366 53.877396
31.6737 53.877844
31.674538 53.878716
31.674577 53.879164
31.674617 53.879612
31.675415 53.880037
31.676214 53.880462
31.676972 53.880438
31.67777 53.880863
31.679247 53.880368
31.680005 53.880344
31.680764 53.88032
31.681522 53.880297
31.682999 53.879802
31.683757 53.879778
31.684515 53.879755
31.685274 53.879731
31.686751 53.879236
31.687509 53.879212
31.688227 53.87874
31.688986 53.878717
31.689744 53.878693
31.691221 53.878198
31.691979 53.878174
31.692737 53.878151
31.694214 53.877655
BRUSH(1,0)
REGION 1
42
31.595426 53.808355
31.596144 53.807884
31.596863 53.807413
31.596785 53.806517
31.597503 53.806046
31.598222 53.805574
31.59894 53.805103
31.599658 53.804632
31.598862 53.804207
31.597309 53.803805
31.596552 53.803828
31.595756 53.803403
31.59496 53.802978
31.594126 53.802104
31.59333 53.801679
31.591777 53.801277
31.59102 53.8013
31.590263 53.801323
31.589506 53.801346
31.588749 53.801369
31.587235 53.801415
31.586478 53.801438
31.585721 53.801461
31.584964 53.801483
31.584245 53.801954
31.582732 53.802
31.58277 53.802448
31.582848 53.803345
31.583643 53.80377
31.584439 53.804195
31.585953 53.804149
31.586749 53.804575
31.587545 53.805
31.588341 53.805425
31.589136 53.80585
31.589932 53.806275
31.591485 53.806678
31.592281 53.807103
31.593077 53.807528
31.593873 53.807953
31.59463 53.80793
31.595426 53.808355
BRUSH(1,0)
REGION 1
41
31.040789 53.614999
31.04151 53.614531
31.042264 53.614512
31.043018 53.614493
31.04374 53.614025
31.045248 53.613986
31.045969 53.613518
31.045937 53.613069
31.04515 53.612641
31.045117 53.612192
31.044298 53.611315
31.043511 53.610886
31.042724 53.610457
31.042692 53.610008
31.041905 53.609579
31.041085 53.608702
31.040299 53.608273
31.039512 53.607844
31.038726 53.607415
31.037906 53.606537
31.03712 53.606108
31.036333 53.605679
31.035612 53.606147
31.034858 53.606167
31.03335 53.606205
31.032628 53.606673
31.031874 53.606692
31.031185 53.607609
31.031972 53.608038
31.032759 53.608467
31.033545 53.608896
31.03361 53.609793
31.034397 53.610222
31.035183 53.610651
31.03597 53.61108
31.036789 53.611957
31.036822 53.612406
31.037609 53.612835
31.038428 53.613712
31.039215 53.614141
31.040789 53.614999
BRUSH(1,0)
REGION 1
56
31.571347 53.572297
31.570556 53.571872
31.569765 53.571447
31.569012 53.571469
31.567468 53.571067
31.566677 53.570641
31.565924 53.570664
31.565133 53.570238
31.564342 53.569813
31.562836 53.569858
31.562045 53.569433
31.561293 53.569456
31.560502 53.56903
31.559748 53.569053
31.558958 53.568627
31.557452 53.568673
31.556699 53.568695
31.555908 53.56827
31.555155 53.568292
31.55444 53.568763
31.554478 53.569211
31.553802 53.57013
31.553839 53.570579
31.553124 53.571049
31.553163 53.571497
31.552448 53.571968
31.552486 53.572416
31.552562 53.573313
31.5526 53.573761
31.552638 53.574209
31.551923 53.57468
31.551208 53.575151
31.550531 53.57607
31.550569 53.576518
31.55136 53.576943
31.552904 53.577346
31.553695 53.577772
31.554448 53.577749
31.555163 53.577278
31.555878 53.576808
31.557346 53.576314
31.558099 53.576291
31.558814 53.575821
31.559529 53.57535
31.561035 53.575304
31.56175 53.574834
31.562503 53.574811
31.563218 53.57434
31.564724 53.574295
31.565438 53.573824
31.566191 53.573801
31.566906 53.57333
31.567659 53.573307
31.569165 53.573262
31.56988 53.572791
31.571347 53.572297
BRUSH(1,0)
REGION 1
53
31.929617 53.777969
31.929575 53.777521
31.92949 53.776625
31.929448 53.776178
31.928649 53.775755
31.927851 53.775332
31.927094 53.775357
31.926338 53.775382
31.924826 53.775432
31.924741 53.774536
31.923942 53.774113
31.923144 53.77369
31.923059 53.772795
31.923017 53.772347
31.922219 53.771924
31.92142 53.771501
31.920622 53.771078
31.919824 53.770655
31.919025 53.770232
31.918269 53.770257
31.916715 53.769859
31.915916 53.769436
31.91516 53.769461
31.914404 53.769486
31.913648 53.769511
31.912934 53.769984
31.912976 53.770432
31.91306 53.771328
31.913859 53.771751
31.913901 53.772199
31.913943 53.772647
31.913985 53.773095
31.914069 53.773991
31.914112 53.774439
31.91491 53.774861
31.914953 53.775309
31.915037 53.776205
31.915835 53.776628
31.915877 53.777076
31.916676 53.777499
31.917474 53.777922
31.918231 53.777897
31.919029 53.77832
31.920584 53.778718
31.921383 53.779141
31.922139 53.779116
31.922937 53.779539
31.923694 53.779514
31.925206 53.779464
31.92592 53.778991
31.926677 53.778966
31.927391 53.778493
31.929617 53.777969
BRUSH(1,0)
REGION 1
48
31.586899 53.427595
31.586861 53.427147
31.586784 53.426251
31.587497 53.42578
31.588209 53.425309
31.588921 53.424838
31.589633 53.424367
31.589595 53.423919
31.589557 53.423471
31.589481 53.422575
31.589442 53.422126
31.589404 53.421678
31.589366 53.42123
31.589328 53.420782
31.589251 53.419886
31.589213 53.419437
31.588425 53.419012
31.587675 53.419035
31.586174 53.419081
31.585424 53.419103
31.584674 53.419126
31.583962 53.419597
31.583211 53.41962
31.581749 53.420113
31.581037 53.420584
31.581075 53.421033
31.581863 53.421458
31.582652 53.421883
31.58344 53.422309
31.58419 53.422286
31.585691 53.42224
31.585729 53.422689
31.585805 53.423585
31.585093 53.424056
31.584381 53.424527
31.584419 53.424975
31.584457 53.425423
31.583783 53.426342
31.583071 53.426813
31.58157 53.426859
31.581608 53.427307
31.581685 53.428203
31.582473 53.428629
31.583186 53.428158
31.583936 53.428135
31.584686 53.428112
31.586149 53.427618
31.586899 53.427595
BRUSH(1,0)
REGION 1
73
31.287104 53.412961
31.287138 53.413409
31.287173 53.413857
31.287244 53.414754
31.287279 53.415202
31.288064 53.41563
31.288099 53.416078
31.288134 53.416526
31.288204 53.417423
31.288239 53.417871
31.289024 53.418299
31.290525 53.418257
31.291311 53.418684
31.292061 53.418663
31.292847 53.419091
31.293597 53.41907
31.295098 53.419028
31.295884 53.419455
31.296634 53.419434
31.297384 53.419413
31.298135 53.419392
31.299601 53.418902
31.300316 53.418433
31.298815 53.418475
31.298065 53.418496
31.297279 53.418068
31.296529 53.418089
31.295708 53.417214
31.296424 53.416744
31.297924 53.416702
31.298675 53.416681
31.299425 53.41666
31.300141 53.416191
31.300891 53.41617
31.302392 53.416128
31.303142 53.416107
31.303857 53.415638
31.304608 53.415617
31.306109 53.415575
31.306859 53.415554
31.307609 53.415533
31.30836 53.415512
31.309075 53.415042
31.30979 53.414573
31.31047 53.413655
31.310435 53.413207
31.3104 53.412759
31.309614 53.412331
31.308828 53.411904
31.307292 53.411498
31.306472 53.410622
31.305722 53.410643
31.304936 53.410216
31.304151 53.409789
31.3034 53.40981
31.301865 53.409404
31.301149 53.409873
31.301185 53.410321
31.300469 53.41079
31.299754 53.41126
31.298253 53.411302
31.297503 53.411323
31.296753 53.411344
31.295967 53.410916
31.295217 53.410937
31.293716 53.410979
31.292966 53.411
31.292216 53.411021
31.291466 53.411042
31.29075 53.411511
31.28925 53.411553
31.288534 53.412022
31.287104 53.412961
BRUSH(1,0)
REGION 1
7
32.34487 53.751339
32.34487 53.751337
32.342557 53.750973
32.341846 53.75145
32.341862 53.75145
32.343373 53.751392
32.34487 53.751339
BRUSH(1,0)
REGION 1
8
32.692047 53.365506
32.688806 53.363387
32.681276 53.363236
32.679081 53.363773
32.679279 53.365563
32.684115 53.368517
32.687757 53.367474
32.692047 53.365506
BRUSH(1,0)
REGION 1
26
32.18082 53.703313
32.18002 53.702892
32.177936 53.704763
32.175941 53.70753
32.174431 53.707583
32.171323 53.706794
32.171233 53.705898
32.171099 53.704555
32.173983 53.703105
32.173938 53.702657
32.172429 53.70271
32.16666 53.70561
32.165995 53.706532
32.165329 53.707454
32.164754 53.709272
32.165598 53.710141
32.170261 53.711325
32.171771 53.711272
32.17603 53.708425
32.177495 53.707924
32.179804 53.708292
32.187082 53.705339
32.187747 53.704417
32.186902 53.703548
32.182329 53.70326
32.18082 53.703313
BRUSH(1,0)
REGION 1
23
32.340347 53.744313
32.34044 53.745208
32.343695 53.747336
32.34445 53.747308
32.351724 53.744227
32.351689 53.743896
32.350888 53.743477
32.350792 53.74258
32.349945 53.741714
32.350655 53.741238
32.351269 53.739868
32.351979 53.739391
32.352684 53.738918
32.353394 53.738441
32.354886 53.738389
32.354889 53.738386
32.354702 53.736596
32.353098 53.735756
32.351635 53.736259
32.34663 53.739139
32.341624 53.742019
32.340253 53.743417
32.340347 53.744313
BRUSH(1,0)
REGION 1
11
32.345034 53.731108
32.35098 53.729991
32.356125 53.728454
32.35614 53.728451
32.356045 53.727558
32.355954 53.726662
32.355858 53.725769
32.355797 53.725167
32.349898 53.726885
32.343337 53.729373
32.345034 53.731108
BRUSH(1,0)
REGION 1
7
30.114217 53.325751
30.111422 53.329845
30.119032 53.331954
30.122076 53.332797
30.125075 53.332743
30.127143 53.329112
30.114217 53.325751
BRUSH(1,0)
REGION 1
48
31.905814 53.26425
31.895565 53.258747
31.889917 53.262528
31.88348 53.265885
31.882773 53.266358
31.882067 53.266831
31.881361 53.267303
31.880654 53.267776
31.879948 53.268248
31.879242 53.268721
31.879283 53.269169
31.879365 53.270065
31.880153 53.270488
31.880194 53.270936
31.880235 53.271384
31.881064 53.272256
31.881105 53.272704
31.881894 53.273127
31.882682 53.273551
31.882723 53.273999
31.883553 53.27487
31.884341 53.275294
31.885129 53.275717
31.885836 53.275244
31.887289 53.274747
31.887996 53.274274
31.888702 53.273802
31.889408 53.273329
31.890115 53.272857
31.891568 53.272359
31.892275 53.271887
31.892981 53.271414
31.893687 53.270941
31.894393 53.270469
31.895847 53.269971
31.896553 53.269499
31.897259 53.269026
31.897965 53.268553
31.898671 53.268081
31.899377 53.267608
31.900083 53.267135
31.900789 53.266663
31.902242 53.266165
31.902949 53.265692
31.903696 53.265668
31.904402 53.265195
31.905855 53.264698
31.905814 53.26425
BRUSH(1,0)
REGION 1
14
32.208204 53.260146
32.201749 53.263072
32.199685 53.264943
32.200521 53.265812
32.201356 53.266681
32.199951 53.26763
32.205491 53.270579
32.208301 53.268681
32.211903 53.267204
32.215593 53.266623
32.215459 53.26528
32.212294 53.263595
32.212116 53.261804
32.208204 53.260146
BRUSH(1,0)
REGION 1
16
32.40792 53.285215
32.418425 53.285272
32.421226 53.283369
32.418519 53.278976
32.417632 53.277661
32.415298 53.27685
32.411517 53.276542
32.407644 53.275338
32.406196 53.275841
32.404795 53.276792
32.401854 53.277352
32.40288 53.28001
32.404467 53.28085
32.407594 53.282081
32.408481 53.283396
32.40792 53.285215
BRUSH(1,0)
REGION 1
17
32.283055 53.303742
32.280065 53.30385
32.277867 53.304379
32.277436 53.307541
32.277005 53.310702
32.276529 53.313416
32.277457 53.31518
32.279043 53.316021
32.280584 53.316415
32.281989 53.315465
32.281898 53.314569
32.283348 53.314067
32.284844 53.314013
32.284662 53.312222
32.283031 53.310933
32.283553 53.308667
32.283055 53.303742
BRUSH(1,0)
REGION 1
8
32.044264 53.332834
32.04933 53.330863
32.047043 53.330492
32.043964 53.329698
32.042553 53.330645
32.042639 53.331541
32.042767 53.332885
32.044264 53.332834
BRUSH(1,0)
REGION 1
11
26.693538 54.778229
26.686783 54.770522
26.684565 54.766905
26.678324 54.767739
26.672096 54.768122
26.677986 54.778516
26.655227 54.785463
26.658263 54.787742
26.668479 54.784256
26.682549 54.781709
26.693538 54.778229
BRUSH(1,0)
REGION 1
5
26.706114 54.748261
26.697616 54.746826
26.694261 54.754877
26.703564 54.755422
26.706114 54.748261
BRUSH(1,0)
REGION 1
7
26.7573 54.750572
26.751772 54.753662
26.752522 54.754567
26.749376 54.755884
26.755416 54.761783
26.765617 54.75829
26.7573 54.750572
BRUSH(1,0)
REGION 1
5
27.239309 54.853167
27.218292 54.853043
27.219703 54.861136
27.239175 54.860802
27.239309 54.853167
BRUSH(1,0)
REGION 1
12
27.18274 54.839349
27.168214 54.825781
27.165915 54.82397
27.163582 54.823955
27.161222 54.825287
27.158792 54.830212
27.162595 54.834729
27.16249 54.840118
27.167937 54.840153
27.17495 54.839749
27.180405 54.839334
27.18274 54.839349
BRUSH(1,0)
REGION 1
12
27.218494 54.841815
27.205389 54.834998
27.200017 54.830922
27.196921 54.830005
27.191467 54.83042
27.187552 54.831743
27.19063 54.833559
27.197558 54.837645
27.205257 54.842184
27.207583 54.842647
27.218478 54.842713
27.218494 54.841815
BRUSH(1,0)
REGION 1
9
26.855215 54.604153
26.864486 54.604686
26.867593 54.604264
26.873091 54.601169
26.877803 54.598515
26.871674 54.596215
26.859227 54.598798
26.855347 54.599213
26.855215 54.604153
BRUSH(1,0)
REGION 1
6
26.480275 54.207067
26.482813 54.200359
26.475951 54.199376
26.473396 54.206534
26.479509 54.207058
26.480275 54.207067
BRUSH(1,0)
REGION 1
9
26.530946 54.204532
26.536463 54.200104
26.541947 54.196575
26.545884 54.193476
26.540615 54.190718
26.532756 54.196466
26.528849 54.198667
26.525646 54.202672
26.530946 54.204532
BRUSH(1,0)
REGION 1
8
26.591407 54.207029
26.59982 54.207573
26.602118 54.207599
26.602221 54.204455
26.600718 54.20354
26.59456 54.204369
26.592277 54.203894
26.591407 54.207029
BRUSH(1,0)
REGION 1
10
26.599524 54.193193
26.603486 54.189194
26.606636 54.186534
26.606651 54.186085
26.604383 54.185161
26.600628 54.182872
26.595916 54.186413
26.591203 54.189954
26.595003 54.190896
26.599524 54.193193
BRUSH(1,0)
REGION 1
10
26.648839 54.208564
26.64576 54.20898
26.644171 54.21076
26.641092 54.211175
26.640297 54.212065
26.640921 54.216565
26.647051 54.216632
26.649364 54.216207
26.649463 54.213064
26.648839 54.208564
BRUSH(1,0)
REGION 1
11
26.66631 54.188985
26.670974 54.186788
26.671782 54.185449
26.671837 54.183652
26.667299 54.181807
26.665044 54.180435
26.663513 54.180419
26.659572 54.18397
26.657218 54.185742
26.663288 54.187604
26.66631 54.188985
BRUSH(1,0)
REGION 1
7
26.714637 54.186797
26.718399 54.189082
26.722188 54.190468
26.724578 54.187348
26.720037 54.185504
26.719312 54.184149
26.714637 54.186797
BRUSH(1,0)
REGION 1
9
26.726962 54.210285
26.723038 54.213389
26.723011 54.214288
26.729881 54.215256
26.739103 54.214451
26.743701 54.214497
26.743066 54.209998
26.731546 54.21078
26.726962 54.210285
BRUSH(1,0)
REGION 1
7
26.735139 54.218904
26.736487 54.225207
26.74653 54.222612
26.74731 54.222171
26.747414 54.218578
26.739737 54.21895
26.735139 54.218904
BRUSH(1,0)
REGION 1
10
26.775196 54.212114
26.779104 54.209457
26.786025 54.208626
26.786038 54.208177
26.785437 54.202331
26.776997 54.202698
26.773933 54.202668
26.774468 54.21076
26.77443 54.212107
26.775196 54.212114
BRUSH(1,0)
REGION 1
9
26.774099 54.196829
26.774176 54.194134
26.773513 54.190534
26.768892 54.191387
26.765803 54.192255
26.765712 54.195399
26.765673 54.196746
26.767958 54.197218
26.774099 54.196829
BRUSH(1,0)
REGION 1
9
26.865373 54.542252
26.867002 54.539122
26.867097 54.535529
26.871231 54.525234
26.854269 54.524183
26.855717 54.52779
26.860894 54.536372
26.864601 54.542245
26.865373 54.542252
BRUSH(1,0)
REGION 1
17
26.636652 54.037707
26.635397 54.029157
26.634705 54.026903
26.632445 54.025979
26.629408 54.025497
26.625609 54.025005
26.624846 54.024997
26.624803 54.026344
26.624012 54.027234
26.618672 54.027175
26.614843 54.027581
26.61326 54.029361
26.613892 54.033411
26.613834 54.035208
26.619161 54.035717
26.635126 54.03769
26.636652 54.037707
BRUSH(1,0)
REGION 1
21
26.817058 54.389968
26.817083 54.38907
26.814837 54.386803
26.815631 54.385912
26.817952 54.385484
26.82026 54.385506
26.820458 54.37832
26.820471 54.377871
26.815867 54.377379
26.807392 54.377748
26.802776 54.377704
26.794288 54.378521
26.791979 54.378499
26.792584 54.384345
26.793341 54.384801
26.801805 54.384882
26.804883 54.384912
26.8094 54.388548
26.813198 54.390381
26.816276 54.39041
26.817058 54.389968
BRUSH(1,0)
REGION 1
12
26.65972 54.20374
26.66433 54.20334
26.668954 54.202491
26.673551 54.20254
26.674331 54.202099
26.672172 54.197583
26.666086 54.19617
26.659958 54.196105
26.656115 54.196513
26.655321 54.197403
26.656016 54.199656
26.65972 54.20374
BRUSH(1,0)
REGION 1
8
26.527398 54.062965
26.531276 54.061214
26.535171 54.059014
26.511911 54.047055
26.505728 54.049227
26.518438 54.057018
26.52665 54.062507
26.527398 54.062965
BRUSH(1,0)
REGION 1
10
26.796408 54.330473
26.794116 54.330001
26.786406 54.330825
26.781014 54.331222
26.784741 54.335302
26.792439 54.334927
26.798575 54.335435
26.801662 54.335015
26.797933 54.330936
26.796408 54.330473
BRUSH(1,0)
REGION 1
17
27.349601 54.607617
27.348053 54.607609
27.345719 54.608496
27.33642 54.609348
27.334866 54.609789
27.338721 54.610707
27.340255 54.611613
27.338674 54.613851
27.339428 54.615202
27.342523 54.615218
27.345612 54.615682
27.350262 54.615256
27.350275 54.614358
27.350289 54.61346
27.352617 54.613022
27.35263 54.612124
27.349601 54.607617
BRUSH(1,0)
REGION 1
12
27.540324 54.570684
27.520927 54.577354
27.523228 54.579159
27.528617 54.581424
27.536336 54.582798
27.537892 54.581905
27.537901 54.581007
27.533294 54.577847
27.538733 54.57517
27.541835 54.574283
27.541088 54.571585
27.540324 54.570684
BRUSH(1,0)
REGION 1
21
27.849537 54.57583
27.853409 54.573139
27.850321 54.57134
27.850324 54.569992
27.851874 54.568197
27.853423 54.5673
27.853431 54.563707
27.85267 54.558765
27.850355 54.557416
27.850356 54.556967
27.853453 54.554724
27.851909 54.554273
27.84727 54.555168
27.844178 54.555614
27.843403 54.556512
27.844921 54.566843
27.844917 54.568191
27.842597 54.568638
27.842594 54.569985
27.847221 54.574481
27.849537 54.57583
BRUSH(1,0)
REGION 1
14
27.719199 54.518608
27.715329 54.520397
27.719933 54.525346
27.729994 54.521323
27.742368 54.517303
27.742373 54.516404
27.738531 54.512804
27.737762 54.512354
27.733121 54.514142
27.725386 54.516823
27.726917 54.519071
27.723052 54.519962
27.721508 54.51996
27.719199 54.518608
BRUSH(1,0)
REGION 1
12
27.644204 54.532364
27.641118 54.531907
27.638009 54.534594
27.634909 54.535934
27.630278 54.535472
27.628726 54.536366
27.629491 54.537267
27.635643 54.540876
27.64185 54.537299
27.646511 54.533718
27.644973 54.532815
27.644204 54.532364
BRUSH(1,0)
REGION 1
15
27.238508 54.544128
27.233896 54.542754
27.226927 54.54361
27.220739 54.544022
27.219186 54.544462
27.221456 54.547171
27.224498 54.549884
27.22445 54.552579
27.22598 54.553487
27.230616 54.553515
27.232958 54.552181
27.236829 54.551755
27.237664 54.548166
27.2385 54.544577
27.238508 54.544128
BRUSH(1,0)
REGION 1
21
27.182426 54.527165
27.170937 54.52215
27.167111 54.520328
27.166339 54.520323
27.16083 54.525678
27.160049 54.526122
27.156969 54.525652
27.155425 54.525642
27.153082 54.526974
27.14679 54.532772
27.14987 54.533242
27.152959 54.533262
27.15532 54.531032
27.156891 54.529695
27.158426 54.530154
27.163789 54.532435
27.16614 54.530653
27.1708 54.529336
27.177733 54.530279
27.180058 54.529845
27.182426 54.527165
BRUSH(1,0)
REGION 1
11
27.579356 54.359699
27.583234 54.356118
27.583242 54.35522
27.580935 54.355212
27.576317 54.355647
27.574775 54.356092
27.564701 54.364145
27.569304 54.365507
27.572393 54.364169
27.577053 54.359243
27.579356 54.359699
BRUSH(1,0)
REGION 1
17
27.8132 54.34852
27.815481 54.356158
27.816241 54.358854
27.818546 54.359306
27.827781 54.357519
27.831626 54.357523
27.834698 54.358874
27.838545 54.358428
27.840852 54.35843
27.840856 54.357083
27.839326 54.353937
27.835485 54.352586
27.833952 54.351237
27.821646 54.352123
27.819339 54.35212
27.814737 54.348521
27.8132 54.34852
BRUSH(1,0)
REGION 1
8
27.831662 54.345396
27.833189 54.348991
27.835494 54.349442
27.8478 54.348106
27.847809 54.344513
27.847043 54.343614
27.84166 54.344058
27.831662 54.345396
BRUSH(1,0)
REGION 1
14
27.862389 54.357101
27.860093 54.352159
27.860095 54.35126
27.859327 54.350811
27.846252 54.352147
27.846248 54.353495
27.849304 54.361582
27.852376 54.363381
27.853142 54.36473
27.85468 54.364731
27.857757 54.364733
27.858528 54.363836
27.855464 54.358443
27.862389 54.357101
BRUSH(1,0)
REGION 1
8
27.69881 54.320483
27.700385 54.314198
27.698084 54.313744
27.691169 54.313729
27.689598 54.319116
27.689587 54.320913
27.691892 54.320918
27.69881 54.320483
BRUSH(1,0)
REGION 1
11
27.174177 54.311045
27.176583 54.30567
27.172768 54.304298
27.168936 54.303823
27.16117 54.308265
27.159616 54.309153
27.158028 54.311838
27.161092 54.312307
27.171813 54.314174
27.173366 54.313286
27.174177 54.311045
BRUSH(1,0)
REGION 1
11
27.162344 54.327139
27.152389 54.325277
27.138602 54.322938
27.133232 54.322453
27.131678 54.323341
27.130856 54.32603
27.131615 54.326485
27.138504 54.327879
27.157664 54.330702
27.161558 54.328033
27.162344 54.327139
BRUSH(1,0)
REGION 1
5
27.100785 54.330763
27.099914 54.335698
27.125206 54.339468
27.126815 54.335885
27.100785 54.330763
BRUSH(1,0)
REGION 1
6
27.824195 54.275317
27.816523 54.27441
27.812664 54.280694
27.82034 54.280703
27.82111 54.279806
27.824195 54.275317
BRUSH(1,0)
REGION 1
13
27.846418 54.288814
27.834127 54.291049
27.841779 54.300489
27.850997 54.299599
27.851761 54.300947
27.854834 54.3005
27.856373 54.299603
27.854848 54.29511
27.854082 54.294211
27.849471 54.295555
27.847936 54.295553
27.84717 54.294654
27.846418 54.288814
BRUSH(1,0)
REGION 1
11
27.724407 54.139964
27.722882 54.139063
27.716765 54.138601
27.709893 54.136342
27.708369 54.13544
27.707596 54.136786
27.708353 54.138135
27.715217 54.141743
27.718269 54.143096
27.7221 54.142205
27.724407 54.139964
BRUSH(1,0)
REGION 1
19
27.728163 54.152548
27.7274 54.152098
27.725865 54.152993
27.725092 54.154339
27.725845 54.156587
27.727363 54.158836
27.727361 54.159285
27.725827 54.159731
27.721998 54.160173
27.720467 54.16017
27.718937 54.160167
27.718934 54.160616
27.721988 54.161969
27.724282 54.162423
27.72658 54.161978
27.728884 54.160635
27.729657 54.159289
27.728919 54.154347
27.728163 54.152548
BRUSH(1,0)
REGION 1
10
27.982977 54.137939
27.988334 54.140632
27.990631 54.142428
27.995214 54.13524
27.998271 54.132544
27.994444 54.12985
27.993679 54.129401
27.988327 54.1312
27.984506 54.135692
27.982977 54.137939
BRUSH(1,0)
REGION 1
5
27.938628 54.097065
27.932512 54.099759
27.939389 54.104252
27.94474 54.101557
27.938628 54.097065
BRUSH(1,0)
REGION 1
7
27.973781 54.097514
27.971491 54.105151
27.976842 54.106048
27.977607 54.106048
27.979133 54.102005
27.980659 54.098411
27.973781 54.097514
BRUSH(1,0)
REGION 1
17
27.938631 54.089878
27.945508 54.085836
27.949329 54.085387
27.954676 54.085837
27.95926 54.084938
27.960788 54.08404
27.960788 54.083591
27.953913 54.081345
27.951621 54.080896
27.949329 54.080896
27.947037 54.081794
27.944745 54.082692
27.943218 54.082243
27.934812 54.085835
27.933284 54.086284
27.937103 54.088979
27.938631 54.089878
BRUSH(1,0)
REGION 1
14
27.173932 54.121024
27.170898 54.119656
27.16942 54.116951
27.167908 54.116043
27.163338 54.115114
27.160272 54.115543
27.159498 54.115987
27.160203 54.119137
27.159395 54.121377
27.160907 54.122286
27.163184 54.123199
27.167007 54.123224
27.170848 54.122351
27.173932 54.121024
BRUSH(1,0)
REGION 1
10
27.73107 54.040256
27.730323 54.03711
27.728797 54.037107
27.726501 54.038451
27.725732 54.039348
27.728768 54.042498
27.728765 54.042947
27.729526 54.043398
27.731057 54.042502
27.73107 54.040256
BRUSH(1,0)
REGION 1
12
27.16732 54.348285
27.164297 54.34557
27.161247 54.344202
27.160479 54.344197
27.155831 54.345963
27.148868 54.348163
27.14809 54.348607
27.149576 54.351312
27.151847 54.353124
27.153394 54.352685
27.166543 54.348729
27.16732 54.348285
BRUSH(1,0)
REGION 1
25
28.125559 54.396539
28.126327 54.396089
28.126325 54.395639
28.127093 54.395189
28.127091 54.39474
28.126319 54.394292
28.126315 54.393394
28.125544 54.392946
28.124772 54.392498
28.124003 54.392499
28.123231 54.392051
28.121692 54.392053
28.120922 54.392054
28.120154 54.392504
28.119387 54.392954
28.119388 54.393403
28.11939 54.393853
28.120162 54.394301
28.120931 54.3943
28.122471 54.394297
28.12324 54.394296
28.124014 54.395194
28.124785 54.395642
28.124787 54.396091
28.125559 54.396539
BRUSH(1,0)
REGION 1
27
28.210966 54.390997
28.210199 54.391448
28.210202 54.391897
28.210205 54.392346
28.210208 54.392795
28.210983 54.393692
28.211756 54.394139
28.211759 54.394589
28.212531 54.395036
28.212534 54.395485
28.213306 54.395933
28.214079 54.39638
28.215618 54.396377
28.216391 54.396824
28.217161 54.396823
28.217158 54.396373
28.216382 54.395477
28.21561 54.395029
28.214837 54.394582
28.214834 54.394133
28.214059 54.393236
28.214056 54.392787
28.213284 54.39234
28.212511 54.391892
28.212508 54.391443
28.211733 54.390546
28.210966 54.390997
BRUSH(1,0)
REGION 1
19
28.381447 54.354581
28.380678 54.354584
28.379913 54.355036
28.379154 54.355937
28.379159 54.356386
28.379163 54.356835
28.379168 54.357284
28.379173 54.357733
28.379951 54.358629
28.38072 54.358626
28.382258 54.358621
28.383022 54.358169
28.383017 54.35772
28.383013 54.357271
28.383008 54.356822
28.382999 54.355923
28.382994 54.355474
28.38222 54.355028
28.381447 54.354581
BRUSH(1,0)
REGION 1
19
28.260611 54.132167
28.260608 54.131718
28.259836 54.130822
28.259833 54.130372
28.25983 54.129923
28.259061 54.129476
28.258294 54.129029
28.257522 54.128132
28.256757 54.128134
28.255993 54.128136
28.255996 54.128585
28.256003 54.129484
28.256006 54.129933
28.256774 54.13038
28.256777 54.130829
28.257548 54.131726
28.258316 54.132173
28.259081 54.132171
28.260611 54.132167
BRUSH(1,0)
REGION 1
17
28.255212 54.125892
28.255206 54.124994
28.255202 54.124545
28.254434 54.124097
28.254431 54.123648
28.253663 54.123201
28.252895 54.122754
28.252131 54.122756
28.251369 54.123207
28.251373 54.123656
28.252143 54.124552
28.252147 54.125002
28.252914 54.125449
28.252918 54.125898
28.254451 54.126343
28.255218 54.126791
28.255212 54.125892
BRUSH(1,0)
REGION 1
17
28.219254 54.123281
28.219251 54.122832
28.21848 54.121935
28.218478 54.121486
28.217713 54.121488
28.216948 54.121489
28.216181 54.121042
28.215417 54.121044
28.21389 54.121496
28.213893 54.121945
28.215425 54.122391
28.216189 54.122389
28.216957 54.122837
28.217724 54.123284
28.218492 54.123732
28.219257 54.12373
28.219254 54.123281
BRUSH(1,0)
REGION 1
20
28.30757 54.07769
28.308338 54.078137
28.309102 54.078135
28.309869 54.078582
28.310637 54.079029
28.311405 54.079476
28.312172 54.079923
28.31294 54.080369
28.314464 54.079916
28.31446 54.079467
28.314452 54.078568
28.314449 54.078119
28.313685 54.078121
28.312917 54.077674
28.311389 54.077679
28.310625 54.077681
28.309858 54.077234
28.30909 54.076787
28.308334 54.077688
28.30757 54.07769
BRUSH(1,0)
REGION 1
12
28.277909 54.583067
28.268619 54.581744
28.260874 54.579968
28.256231 54.579531
28.255482 54.582676
28.254722 54.584475
28.254725 54.584924
28.262471 54.586701
28.270211 54.587579
28.274085 54.588467
28.27638 54.585317
28.277909 54.583067
BRUSH(1,0)
REGION 1
227
28.127654 54.526788
28.128424 54.526338
28.12842 54.52544
28.12919 54.524989
28.12996 54.524539
28.130731 54.524089
28.131501 54.523638
28.132269 54.522739
28.133039 54.522289
28.133037 54.52184
28.133035 54.52139
28.133033 54.520941
28.133029 54.520043
28.133027 54.519594
28.133025 54.519145
28.133796 54.518694
28.133793 54.518245
28.133789 54.517347
28.133787 54.516898
28.133785 54.516449
28.134555 54.515999
28.134553 54.515549
28.134549 54.514651
28.134547 54.514202
28.134545 54.513753
28.134543 54.513304
28.135313 54.512853
28.135309 54.511955
28.135307 54.511506
28.135305 54.511057
28.135303 54.510608
28.135301 54.510159
28.135297 54.50926
28.136067 54.50881
28.136065 54.508361
28.136063 54.507912
28.136061 54.507462
28.136059 54.507013
28.136827 54.506114
28.136825 54.505665
28.136823 54.505216
28.137592 54.504765
28.138362 54.504315
28.13913 54.503416
28.139128 54.502966
28.138354 54.502518
28.138352 54.502069
28.13835 54.50162
28.138346 54.500722
28.138344 54.500273
28.13757 54.499825
28.137568 54.499376
28.137566 54.498927
28.137562 54.498028
28.136788 54.49758
28.136786 54.497131
28.137556 54.496681
28.138325 54.49623
28.138321 54.495332
28.139091 54.494882
28.13986 54.494432
28.139858 54.493982
28.140628 54.493532
28.140624 54.492634
28.142165 54.492182
28.142934 54.491732
28.143706 54.491731
28.144475 54.49128
28.145245 54.49083
28.146788 54.490827
28.147557 54.490377
28.148328 54.490376
28.1491 54.490375
28.149869 54.489924
28.151412 54.489922
28.152184 54.48992
28.152953 54.48947
28.153722 54.48902
28.155263 54.488568
28.156032 54.488117
28.156801 54.487667
28.157571 54.487216
28.15834 54.486766
28.159109 54.486316
28.16065 54.485864
28.161419 54.485413
28.162188 54.484963
28.162185 54.484514
28.162183 54.484065
28.162179 54.483166
28.162176 54.482717
28.162174 54.482268
28.162172 54.481819
28.162169 54.48137
28.162165 54.480471
28.162162 54.480022
28.16216 54.479573
28.162158 54.479124
28.162156 54.478675
28.16138 54.477778
28.161378 54.477329
28.161375 54.47688
28.160602 54.476432
28.160599 54.475983
28.159824 54.475086
28.159821 54.474637
28.159048 54.474189
28.158274 54.473741
28.158272 54.473292
28.158268 54.472394
28.158265 54.471944
28.159034 54.471494
28.159032 54.471045
28.15903 54.470596
28.159025 54.469697
28.159023 54.469248
28.159021 54.468799
28.159019 54.46835
28.159016 54.467901
28.159012 54.467003
28.159009 54.466553
28.159007 54.466104
28.159005 54.465655
28.159003 54.465206
28.158998 54.464308
28.158996 54.463859
28.158994 54.463409
28.158991 54.46296
28.162062 54.46026
28.167449 54.458454
28.168215 54.457554
28.16821 54.456656
28.168979 54.456206
28.168976 54.455756
28.168974 54.455307
28.168971 54.454858
28.168967 54.45396
28.168964 54.453511
28.168962 54.453062
28.16896 54.452613
28.169728 54.452162
28.169723 54.451264
28.169721 54.450815
28.170489 54.450364
28.170487 54.449915
28.170485 54.449466
28.17125 54.448566
28.171248 54.448117
28.172016 54.447666
28.172014 54.447217
28.172782 54.446767
28.173548 54.445867
28.173546 54.445418
28.174314 54.444967
28.174311 54.444518
28.174309 54.444069
28.175075 54.443169
28.175072 54.44272
28.175841 54.44227
28.175838 54.441821
28.175836 54.441371
28.176601 54.440472
28.176599 54.440023
28.176596 54.439573
28.177365 54.439123
28.177362 54.438674
28.177357 54.437775
28.177355 54.437326
28.178123 54.436876
28.17812 54.436426
28.178118 54.435977
28.178113 54.435079
28.178881 54.434629
28.178878 54.434179
28.178876 54.43373
28.178873 54.433281
28.178869 54.432383
28.178866 54.431934
28.178864 54.431484
28.178861 54.431035
28.178088 54.430588
28.176547 54.430591
28.175777 54.430592
28.175007 54.430593
28.174236 54.430595
28.173466 54.430596
28.171925 54.430599
28.171155 54.4306
28.170384 54.430602
28.169614 54.430603
28.168844 54.430605
28.167303 54.430607
28.166532 54.430609
28.165762 54.43061
28.164992 54.430611
28.164224 54.431062
28.162683 54.431065
28.161913 54.431066
28.161142 54.431067
28.160372 54.431069
28.157315 54.436014
28.155023 54.440061
28.152727 54.443208
28.149675 54.449501
28.147386 54.454446
28.145094 54.458941
28.142034 54.463886
28.1405 54.465685
28.135866 54.463896
28.130484 54.467497
28.122026 54.473348
28.116643 54.476949
28.117417 54.477846
28.108188 54.484595
28.10126 54.488646
28.092797 54.495394
28.089721 54.498541
28.098224 54.502574
28.100542 54.503469
28.096693 54.506169
28.094382 54.507519
28.09053 54.509769
28.090532 54.510218
28.100584 54.515147
28.108316 54.518281
28.122239 54.52455
28.127654 54.526788
BRUSH(1,0)
REGION 1
7
28.986846 54.517097
28.977596 54.517624
28.978447 54.520761
28.97848 54.522108
28.986188 54.521593
28.986892 54.518893
28.986846 54.517097
BRUSH(1,0)
REGION 1
6
28.460164 54.440063
28.455519 54.438286
28.449409 54.442802
28.453284 54.444583
28.454836 54.445475
28.460164 54.440063
BRUSH(1,0)
REGION 1
10
28.148016 54.424801
28.141085 54.425261
28.138773 54.424816
28.138795 54.429756
28.139573 54.431552
28.145743 54.432889
28.148827 54.433334
28.148805 54.428842
28.148024 54.426598
28.148016 54.424801
BRUSH(1,0)
REGION 1
13
28.167996 54.415784
28.168754 54.413537
28.168749 54.412639
28.166425 54.409948
28.164876 54.408154
28.157183 54.409515
28.152565 54.409972
28.155659 54.412662
28.157975 54.414005
28.159525 54.415799
28.161069 54.416695
28.164918 54.416239
28.167996 54.415784
BRUSH(1,0)
REGION 1
27
28.668583 54.372984
28.669321 54.371183
28.670052 54.368933
28.670774 54.366234
28.671496 54.363535
28.67148 54.362637
28.668396 54.362206
28.668389 54.361757
28.668373 54.360859
28.668357 54.359961
28.664513 54.359983
28.664505 54.359534
28.664474 54.357738
28.662159 54.357302
28.662128 54.355506
28.662113 54.354608
28.658261 54.354181
28.657576 54.359126
28.656877 54.363172
28.657669 54.364515
28.662283 54.364488
28.66306 54.364932
28.66236 54.368979
28.661638 54.371678
28.66243 54.373021
28.667045 54.372993
28.668583 54.372984
BRUSH(1,0)
REGION 1
19
28.940666 54.39487
28.939821 54.391733
28.939778 54.389937
28.939746 54.38859
28.935108 54.387729
28.933558 54.387293
28.930513 54.388665
28.929765 54.389569
28.932148 54.392694
28.93374 54.394927
28.93452 54.395369
28.933783 54.396723
28.933837 54.398968
28.933869 54.400315
28.940037 54.400714
28.943885 54.400683
28.943809 54.397539
28.943777 54.396192
28.940666 54.39487
BRUSH(1,0)
REGION 1
126
28.985028 54.38372
28.984248 54.383277
28.983468 54.382835
28.982687 54.382393
28.981906 54.38195
28.981115 54.381058
28.980334 54.380616
28.979554 54.380174
28.978773 54.379731
28.977981 54.378839
28.97797 54.37839
28.97719 54.377948
28.977948 54.377492
28.977937 54.377043
28.977915 54.376145
28.977134 54.375703
28.977123 54.375254
28.976343 54.374811
28.975562 54.374369
28.975551 54.37392
28.97476 54.373028
28.974749 54.372579
28.973969 54.372136
28.973188 54.371694
28.973177 54.371245
28.972386 54.370353
28.972374 54.369904
28.971594 54.369462
28.961597 54.369545
28.962377 54.369988
28.962388 54.370437
28.963168 54.37088
28.963179 54.371329
28.96397 54.37222
28.963981 54.37267
28.964761 54.373112
28.964772 54.373561
28.965552 54.374004
28.965574 54.374902
28.966355 54.375344
28.966366 54.375794
28.967146 54.376236
28.967157 54.376685
28.967948 54.377577
28.968729 54.378019
28.96874 54.378468
28.96952 54.378911
28.970301 54.379354
28.970322 54.380252
28.971103 54.380694
28.971114 54.381143
28.971895 54.381586
28.971906 54.382035
28.972697 54.382926
28.973478 54.383369
28.974258 54.383811
28.975038 54.384254
28.975819 54.384697
28.976599 54.385139
28.977391 54.386031
28.978172 54.386473
28.978952 54.386916
28.979733 54.387358
28.975975 54.390983
28.972195 54.39371
28.972206 54.394159
28.972217 54.394608
28.973009 54.3955
28.97302 54.395949
28.973801 54.396391
28.974582 54.396834
28.975362 54.397276
28.976143 54.397719
28.976924 54.398161
28.978474 54.398597
28.979255 54.39904
28.980024 54.399033
28.980794 54.399027
28.981564 54.39902
28.983103 54.399007
28.983873 54.399
28.984642 54.398994
28.985412 54.398987
28.986181 54.398981
28.987721 54.398967
28.98849 54.398961
28.989248 54.398505
28.990018 54.398499
28.991557 54.398485
28.992327 54.398479
28.993096 54.398472
28.993866 54.398466
28.994635 54.398459
28.996175 54.398446
28.996933 54.39799
28.996921 54.397541
28.99691 54.397092
28.996899 54.396643
28.997645 54.395738
28.997634 54.395289
28.999931 54.39482
28.99992 54.394371
28.999908 54.393922
28.999886 54.393024
28.999874 54.392575
28.999863 54.392126
28.997543 54.391697
28.997531 54.391248
28.996739 54.390356
28.996728 54.389907
28.996716 54.389458
28.996705 54.389009
28.995924 54.388567
28.995902 54.387669
28.995121 54.387226
28.99434 54.386784
28.993559 54.386342
28.992779 54.385899
28.992009 54.385906
28.991228 54.385463
28.989679 54.385027
28.988898 54.384585
28.988128 54.384592
28.987348 54.384149
28.985809 54.384162
28.985028 54.38372
BRUSH(1,0)
REGION 1
37
28.910498 54.289116
28.910477 54.288218
28.910467 54.287769
28.911224 54.287314
28.911214 54.286865
28.911971 54.28641
28.91195 54.285512
28.911939 54.285063
28.911929 54.284613
28.911151 54.28417
28.910373 54.283728
28.910353 54.282829
28.909575 54.282386
28.909564 54.281937
28.908787 54.281494
28.908009 54.281051
28.907231 54.280608
28.904182 54.281531
28.902657 54.281992
28.902668 54.282441
28.903445 54.282884
28.904223 54.283327
28.905001 54.28377
28.905779 54.284213
28.906567 54.285105
28.906577 54.285554
28.906588 54.286003
28.906598 54.286452
28.906608 54.286901
28.906629 54.287799
28.90664 54.288248
28.90665 54.288698
28.90666 54.289147
28.907428 54.289141
28.908963 54.289128
28.909731 54.289122
28.910498 54.289116
BRUSH(1,0)
REGION 1
37
28.578795 54.235146
28.571895 54.235182
28.568835 54.235646
28.573495 54.239665
28.575829 54.241899
28.577376 54.242789
28.575904 54.246839
28.575924 54.248186
28.579772 54.249065
28.581312 54.249506
28.581306 54.249057
28.581299 54.248608
28.582052 54.247705
28.582045 54.247256
28.582805 54.246803
28.582799 54.246354
28.582792 54.245905
28.582778 54.245007
28.583538 54.244554
28.582764 54.244109
28.582758 54.243659
28.582751 54.24321
28.582737 54.242312
28.581963 54.241867
28.581957 54.241418
28.581183 54.240973
28.581177 54.240524
28.580396 54.239629
28.580389 54.23918
28.580382 54.238731
28.580376 54.238282
28.580369 54.237833
28.580355 54.236935
28.579582 54.23649
28.579575 54.23604
28.579568 54.235591
28.578795 54.235146
BRUSH(1,0)
REGION 1
32
28.585537 54.224781
28.586297 54.224328
28.587056 54.223874
28.587816 54.223421
28.588576 54.222968
28.589335 54.222515
28.590868 54.222507
28.591628 54.222054
28.592387 54.221601
28.593147 54.221147
28.593906 54.220694
28.594659 54.219792
28.594652 54.219343
28.594645 54.218894
28.595404 54.218441
28.595397 54.217991
28.595383 54.217093
28.595376 54.216644
28.594603 54.216199
28.593837 54.216203
28.592297 54.215762
28.591524 54.215317
28.590758 54.215321
28.589985 54.214876
28.589211 54.214431
28.587672 54.21399
28.586906 54.213994
28.586899 54.213545
28.581589 54.217166
28.577812 54.220778
28.583224 54.223894
28.585537 54.224781
BRUSH(1,0)
REGION 1
59
28.595355 54.215297
28.595342 54.214398
28.596101 54.213945
28.596094 54.213496
28.596853 54.213043
28.596846 54.212594
28.597605 54.212141
28.598358 54.211238
28.599117 54.210785
28.599876 54.210332
28.600636 54.209879
28.601395 54.209425
28.602154 54.208972
28.602913 54.208519
28.603679 54.208515
28.604438 54.208062
28.605204 54.208058
28.60673 54.2076
28.607489 54.207147
28.608241 54.206245
28.609 54.205791
28.609759 54.205338
28.610518 54.204885
28.609745 54.20444
28.608971 54.203995
28.608191 54.203101
28.607418 54.202656
28.606645 54.202211
28.605872 54.201766
28.605106 54.20177
28.603581 54.202227
28.602822 54.202681
28.602829 54.20313
28.60207 54.203583
28.601318 54.204485
28.601325 54.204934
28.601331 54.205384
28.600573 54.205837
28.600579 54.206286
28.599827 54.207188
28.598295 54.207196
28.597536 54.20765
28.596777 54.208103
28.596018 54.208556
28.595258 54.209009
28.594499 54.209462
28.59374 54.209915
28.592214 54.210373
28.591455 54.210826
28.590696 54.211279
28.589943 54.212181
28.589184 54.212634
28.589957 54.21308
28.59073 54.213525
28.591503 54.21397
28.592276 54.214415
28.593816 54.214856
28.594582 54.214852
28.595355 54.215297
BRUSH(1,0)
REGION 1
93
28.769796 54.161693
28.769013 54.1608
28.769004 54.160351
28.768996 54.159902
28.769752 54.159448
28.770508 54.158994
28.770491 54.158095
28.771247 54.157641
28.772004 54.157187
28.77276 54.156733
28.773516 54.156278
28.774272 54.155824
28.77502 54.154921
28.775776 54.154466
28.776532 54.154012
28.777289 54.153558
28.77881 54.153098
28.778801 54.152649
28.778783 54.151751
28.778009 54.151307
28.777235 54.150863
28.776461 54.150419
28.77494 54.150879
28.774949 54.151328
28.774193 54.151782
28.773445 54.152686
28.772689 54.15314
28.772698 54.153589
28.771942 54.154043
28.771185 54.154497
28.770438 54.155401
28.769682 54.155855
28.768916 54.15586
28.768151 54.155865
28.767377 54.155421
28.765838 54.154983
28.765064 54.154539
28.765056 54.15409
28.765038 54.153191
28.765029 54.152742
28.765021 54.152293
28.765777 54.151839
28.765768 54.15139
28.765751 54.150492
28.765742 54.150043
28.764968 54.149599
28.764194 54.149155
28.76342 54.148711
28.762647 54.148267
28.761873 54.147823
28.760334 54.147384
28.75956 54.14694
28.758795 54.146945
28.758039 54.147399
28.757283 54.147853
28.755753 54.147864
28.755005 54.148767
28.755014 54.149216
28.754257 54.14967
28.753501 54.150124
28.752745 54.150578
28.752762 54.151477
28.752006 54.151931
28.751249 54.152385
28.750492 54.152839
28.750501 54.153288
28.751275 54.153732
28.752057 54.154625
28.752831 54.155069
28.75284 54.155519
28.753613 54.155963
28.754387 54.156407
28.755161 54.156851
28.755935 54.157295
28.756709 54.157739
28.758248 54.158178
28.759022 54.158622
28.759796 54.159066
28.760569 54.15951
28.760587 54.160408
28.761361 54.160852
28.761369 54.161301
28.761378 54.16175
28.762152 54.162194
28.762935 54.163087
28.7637 54.163082
28.764465 54.163077
28.765222 54.162622
28.765987 54.162617
28.767518 54.162607
28.768274 54.162153
28.76904 54.162148
28.769796 54.161693
BRUSH(1,0)
REGION 1
36
28.168974 54.160212
28.168204 54.159315
28.167437 54.158867
28.166669 54.15842
28.166667 54.15797
28.165897 54.157073
28.16513 54.156626
28.165127 54.156176
28.16436 54.155729
28.163592 54.155281
28.163588 54.154382
28.163586 54.153933
28.162818 54.153485
28.162816 54.153036
28.162814 54.152587
28.161283 54.15259
28.160518 54.152591
28.159753 54.152592
28.15899 54.153043
28.158992 54.153492
28.158996 54.15439
28.158998 54.154839
28.159766 54.155287
28.159768 54.155736
28.15977 54.156186
28.159775 54.157084
28.160542 54.157532
28.160545 54.157981
28.161312 54.158429
28.161314 54.158878
28.162084 54.159775
28.162086 54.160224
28.162854 54.160672
28.163622 54.16112
28.166678 54.160216
28.168974 54.160212
BRUSH(1,0)
REGION 1
11
28.140641 54.156666
28.142161 54.154417
28.14292 54.153069
28.139855 54.152175
28.138323 54.151728
28.136033 54.153079
28.133742 54.153981
28.132215 54.154881
28.132982 54.15533
28.137579 54.15667
28.140641 54.156666
BRUSH(1,0)
REGION 1
34
28.138293 54.144991
28.139057 54.14454
28.139054 54.144091
28.139815 54.143192
28.140579 54.142741
28.140576 54.142292
28.14134 54.141842
28.142103 54.141392
28.142099 54.140493
28.142861 54.140043
28.142095 54.139595
28.14133 54.139596
28.140563 54.139148
28.139796 54.1387
28.138266 54.138702
28.137499 54.138254
28.136732 54.137806
28.135971 54.138706
28.135208 54.139156
28.13521 54.139605
28.134447 54.140056
28.133684 54.140506
28.133688 54.141404
28.132924 54.141855
28.132161 54.142305
28.132163 54.142754
28.1314 54.143204
28.132167 54.143652
28.133699 54.144099
28.134466 54.144547
28.135231 54.144546
28.135998 54.144994
28.136763 54.144993
28.138293 54.144991
BRUSH(1,0)
REGION 1
25
28.113036 54.142331
28.113799 54.141881
28.114563 54.141431
28.114561 54.140982
28.115322 54.140082
28.116086 54.139632
28.116849 54.139182
28.117612 54.138732
28.11761 54.138283
28.117608 54.137834
28.11837 54.136934
28.118368 54.136485
28.118366 54.136036
28.119129 54.135586
28.119128 54.135136
28.119124 54.134238
28.109178 54.133353
28.103822 54.13291
28.103065 54.135157
28.102305 54.136506
28.101545 54.137854
28.100783 54.138753
28.106144 54.140543
28.110739 54.141885
28.113036 54.142331
BRUSH(1,0)
REGION 1
13
28.089332 54.145953
28.093144 54.141906
28.094668 54.140108
28.096193 54.138759
28.08777 54.136073
28.083941 54.13473
28.082417 54.136528
28.084719 54.138771
28.08472 54.139221
28.08167 54.142368
28.081673 54.143266
28.087033 54.145057
28.089332 54.145953
BRUSH(1,0)
REGION 1
9
28.015879 54.143766
28.017406 54.141969
28.01817 54.14107
28.009751 54.138379
28.005161 54.137482
28.002869 54.140628
28.008226 54.142422
28.012819 54.143768
28.015879 54.143766
BRUSH(1,0)
REGION 1
32
28.005921 54.13344
28.006686 54.133439
28.007451 54.133888
28.008216 54.133888
28.009746 54.134336
28.010511 54.134336
28.011276 54.134336
28.012041 54.134784
28.012806 54.134784
28.014336 54.134783
28.015101 54.134783
28.015867 54.135232
28.016631 54.134782
28.017396 54.134782
28.018925 54.134332
28.019689 54.133882
28.020453 54.133433
28.021218 54.133432
28.021982 54.132983
28.023511 54.132533
28.024275 54.132083
28.02504 54.131633
28.023505 54.12849
28.022738 54.127143
28.012799 54.129394
28.005153 54.131194
28.002859 54.131195
28.002094 54.131195
28.002095 54.132094
28.00439 54.132542
28.005155 54.132991
28.005921 54.13344
BRUSH(1,0)
REGION 1
29
28.038028 54.124439
28.034196 54.120399
28.031895 54.115908
28.031128 54.11501
28.026539 54.113666
28.025774 54.113217
28.022713 54.111422
28.018128 54.112772
28.018129 54.113221
28.018894 54.11367
28.018894 54.114119
28.01966 54.115017
28.020425 54.115466
28.021191 54.115915
28.021956 54.116363
28.022721 54.116812
28.023486 54.117261
28.024252 54.117709
28.024253 54.118159
28.024253 54.118608
28.025019 54.119057
28.027313 54.119055
28.028847 54.121749
28.028848 54.122648
28.02732 54.123547
28.02809 54.126691
28.028857 54.127589
28.035737 54.126237
28.038028 54.124439
BRUSH(1,0)
REGION 1
59
28.030348 54.106027
28.031111 54.105578
28.031875 54.105128
28.033403 54.104678
28.034166 54.104228
28.034931 54.104228
28.035694 54.103778
28.036458 54.103778
28.037986 54.103327
28.03875 54.102878
28.039514 54.102877
28.040277 54.102427
28.041042 54.102427
28.042569 54.101977
28.043334 54.101976
28.044097 54.101526
28.044861 54.101526
28.045625 54.101525
28.047153 54.101075
28.047152 54.100626
28.047915 54.100176
28.047914 54.099727
28.047914 54.099278
28.047148 54.098829
28.045618 54.097932
28.044853 54.097483
28.044087 54.097035
28.043323 54.097035
28.042558 54.096587
28.041793 54.096138
28.040264 54.09569
28.0395 54.09569
28.038736 54.09614
28.037972 54.096141
28.036444 54.096142
28.03568 54.096591
28.034916 54.096592
28.034152 54.096592
28.033389 54.097042
28.03186 54.097043
28.031096 54.097043
28.030333 54.097493
28.029569 54.097943
28.028806 54.098392
28.028807 54.098842
28.028807 54.099291
28.028808 54.09974
28.02881 54.100638
28.028811 54.101087
28.028047 54.101537
28.028048 54.101986
28.027284 54.102436
28.027285 54.102885
28.027287 54.103783
28.028052 54.104232
28.028817 54.104681
28.028818 54.10513
28.029583 54.106028
28.030348 54.106027
BRUSH(1,0)
REGION 1
73
28.469959 54.114837
28.471483 54.114381
28.472247 54.114378
28.473006 54.113926
28.473759 54.113024
28.474518 54.112572
28.475277 54.112119
28.476036 54.111667
28.476795 54.111214
28.477548 54.110313
28.477542 54.109864
28.478301 54.109411
28.479059 54.108959
28.479818 54.108506
28.480571 54.107605
28.48133 54.107152
28.481324 54.106703
28.482083 54.106251
28.482841 54.105798
28.483594 54.104897
28.484353 54.104444
28.484347 54.103995
28.485105 54.103542
28.485864 54.10309
28.486623 54.102638
28.487376 54.101736
28.488134 54.101283
28.488892 54.100831
28.488122 54.100385
28.486588 54.099943
28.485818 54.099497
28.485049 54.099051
28.484279 54.098605
28.483509 54.09816
28.481975 54.097717
28.481211 54.09772
28.480447 54.097724
28.479682 54.097727
28.478918 54.09773
28.47739 54.097737
28.476631 54.098189
28.475873 54.098642
28.475114 54.099094
28.47512 54.099544
28.474361 54.099996
28.473603 54.100448
28.47285 54.10135
28.472855 54.101799
28.472097 54.102251
28.471338 54.102704
28.471343 54.103153
28.470585 54.103605
28.470596 54.104504
28.469837 54.104956
28.469078 54.105408
28.46832 54.105861
28.468325 54.10631
28.467572 54.107212
28.466813 54.107664
28.466054 54.108116
28.465295 54.108569
28.464537 54.109021
28.463783 54.109922
28.463024 54.110375
28.462265 54.110827
28.461506 54.11128
28.460748 54.111732
28.459989 54.112184
28.459999 54.113082
28.463838 54.114414
28.466879 54.113054
28.469184 54.113942
28.469959 54.114837
BRUSH(1,0)
REGION 1
59
28.463504 54.087016
28.464263 54.086564
28.464257 54.086115
28.465015 54.085663
28.465005 54.084764
28.464999 54.084315
28.464229 54.083869
28.46346 54.083423
28.462691 54.082977
28.461921 54.082531
28.461158 54.082535
28.460388 54.082089
28.458861 54.082095
28.458091 54.081649
28.457328 54.081652
28.456558 54.081206
28.455794 54.08121
28.454261 54.080767
28.453497 54.08077
28.452734 54.080773
28.45198 54.081674
28.451222 54.082127
28.450458 54.08213
28.449694 54.082133
28.448931 54.082136
28.447403 54.082142
28.446633 54.081696
28.445869 54.081699
28.4451 54.081253
28.444337 54.081256
28.442804 54.080814
28.44204 54.080817
28.441271 54.080371
28.440517 54.081272
28.441286 54.081718
28.442056 54.082164
28.442825 54.08261
28.444352 54.082604
28.445122 54.08305
28.445885 54.083047
28.446655 54.083493
28.447419 54.08349
28.448952 54.083933
28.449715 54.08393
28.450485 54.084376
28.451249 54.084372
28.452012 54.084369
28.453546 54.084812
28.45431 54.084809
28.455079 54.085255
28.455843 54.085252
28.456612 54.085698
28.458145 54.086141
28.458909 54.086137
28.459679 54.086583
28.460443 54.08658
28.461212 54.087026
28.46274 54.08702
28.463504 54.087016
BRUSH(1,0)
REGION 1
11
28.507706 54.078737
28.50844 54.076488
28.508434 54.076039
28.504603 54.075158
28.497718 54.074291
28.496185 54.073849
28.49545 54.076098
28.495462 54.076996
28.50159 54.078316
28.505415 54.078748
28.507706 54.078737
BRUSH(1,0)
REGION 1
31
28.297278 54.033252
28.298022 54.031004
28.298781 54.030553
28.302596 54.030542
28.303333 54.027395
28.304081 54.025597
28.302544 54.024253
28.297197 54.02337
28.295668 54.022926
28.297164 54.019328
28.298656 54.015281
28.300152 54.011684
28.300134 54.009438
28.297073 54.008099
28.297069 54.00765
28.297817 54.005851
28.297044 54.004506
28.294745 54.003164
28.293975 54.002268
28.293231 54.004516
28.29099 54.010362
28.288745 54.015758
28.287256 54.020254
28.285772 54.025648
28.285027 54.027896
28.290375 54.028779
28.29343 54.02922
28.293448 54.031466
28.292696 54.032816
28.296514 54.033254
28.297278 54.033252
BRUSH(1,0)
REGION 1
17
28.37874 54.015477
28.382544 54.014565
28.38559 54.014105
28.388636 54.013645
28.387846 54.010953
28.387069 54.009608
28.378699 54.011434
28.373361 54.011453
28.374133 54.012348
28.374137 54.012798
28.3749 54.012795
28.375667 54.013241
28.377192 54.013236
28.377959 54.013683
28.378727 54.014129
28.378731 54.014578
28.37874 54.015477
BRUSH(1,0)
REGION 1
42
28.516609 54.002338
28.515853 54.002791
28.515859 54.00324
28.515865 54.003689
28.517396 54.004131
28.518164 54.004577
28.518933 54.005022
28.519701 54.005468
28.52047 54.005913
28.521995 54.005906
28.522763 54.006352
28.523532 54.006797
28.524294 54.006794
28.525063 54.007239
28.526588 54.007232
28.52735 54.007229
28.528113 54.007225
28.528869 54.006772
28.529625 54.006319
28.530382 54.005867
28.531138 54.005414
28.531894 54.004961
28.531882 54.004063
28.532638 54.00361
28.533394 54.003157
28.534913 54.002701
28.535669 54.002248
28.535663 54.001799
28.543318 54.004008
28.545618 54.004895
28.548649 54.003532
28.548642 54.003083
28.548636 54.002634
28.548623 54.001736
28.548617 54.001287
28.549373 54.000834
28.541743 54.000422
28.531076 54.000922
28.521159 54.00052
28.517348 54.000538
28.517366 54.001885
28.516609 54.002338
BRUSH(1,0)
REGION 1
26
28.057527 54.279836
28.06213 54.278933
28.065199 54.278482
28.064427 54.276686
28.063656 54.275339
28.059819 54.275791
28.05828 54.273996
28.056741 54.27265
28.056739 54.271751
28.052135 54.271755
28.052136 54.272204
28.052137 54.272654
28.052138 54.273103
28.052139 54.273552
28.05214 54.274001
28.052142 54.2749
28.052911 54.275348
28.053679 54.275797
28.05368 54.276246
28.054449 54.276694
28.054451 54.277593
28.05522 54.278041
28.055221 54.27849
28.055989 54.278939
28.056758 54.279387
28.057527 54.279836
BRUSH(1,0)
REGION 1
8
28.993103 54.459554
28.99163 54.462262
28.990894 54.463615
28.995541 54.464474
28.997083 54.46446
29.000097 54.461739
29.000063 54.460392
28.993103 54.459554
BRUSH(1,0)
REGION 1
26
29.132378 54.100756
29.151285 54.093832
29.152011 54.092478
29.151169 54.089791
29.149513 54.085316
29.148659 54.08218
29.147054 54.079501
29.143211 54.078641
29.134798 54.078274
29.129428 54.077429
29.127926 54.078342
29.123483 54.083325
29.122757 54.08468
29.120478 54.085151
29.118174 54.084724
29.115132 54.085203
29.114393 54.086108
29.113754 54.090606
29.113792 54.091953
29.1184 54.092807
29.120704 54.093234
29.120805 54.096826
29.125414 54.09768
29.129272 54.09899
29.130061 54.09988
29.132378 54.100756
BRUSH(1,0)
REGION 1
14
29.352803 54.155892
29.352084 54.157248
29.345259 54.159123
29.341554 54.162759
29.340159 54.166818
29.340999 54.169054
29.346551 54.174829
29.350393 54.175234
29.354219 54.175189
29.356348 54.170224
29.358522 54.166605
29.356825 54.161684
29.353689 54.159475
29.352803 54.155892
BRUSH(1,0)
REGION 1
13
29.124045 54.076133
29.127862 54.076096
29.130141 54.075625
29.133971 54.076037
29.138565 54.076441
29.140856 54.076418
29.139252 54.073739
29.138425 54.071501
29.1285 54.071599
29.121678 54.073461
29.12094 54.074367
29.121729 54.075258
29.124045 54.076133
BRUSH(1,0)
REGION 1
11
29.313257 54.489608
29.303899 54.48657
29.303128 54.486578
29.302372 54.487036
29.304804 54.490602
29.304107 54.492855
29.304121 54.493304
29.309565 54.49459
29.311093 54.494124
29.313287 54.490506
29.313257 54.489608
BRUSH(1,0)
REGION 1
6
26.552175 53.985081
26.552206 53.984183
26.55318 53.977904
26.523543 53.975307
26.527106 53.982538
26.552175 53.985081
BRUSH(1,0)
REGION 1
54
26.461817 53.677108
26.462589 53.676668
26.463362 53.676229
26.464134 53.675789
26.464922 53.6749
26.465694 53.67446
26.466467 53.674021
26.467223 53.67403
26.46798 53.67404
26.468736 53.674049
26.469492 53.674058
26.471005 53.674077
26.471762 53.674087
26.472518 53.674096
26.473258 53.674555
26.474015 53.674564
26.475528 53.674583
26.476284 53.674592
26.477056 53.674152
26.477829 53.673713
26.477088 53.673254
26.476347 53.672796
26.475607 53.672337
26.47411 53.671869
26.473385 53.670962
26.472645 53.670503
26.471904 53.670045
26.471164 53.669586
26.470423 53.669128
26.469683 53.668669
26.468942 53.66821
26.468202 53.667752
26.466705 53.667284
26.465934 53.667724
26.465161 53.668163
26.464389 53.668603
26.463617 53.669042
26.462844 53.669482
26.462829 53.669931
26.46204 53.67082
26.461268 53.67126
26.460512 53.67125
26.459739 53.67169
26.458967 53.67213
26.458195 53.672569
26.457422 53.673009
26.45739 53.673907
26.458131 53.674366
26.458871 53.674824
26.459612 53.675283
26.459595 53.675732
26.461092 53.6762
26.461833 53.676659
26.461817 53.677108
BRUSH(1,0)
REGION 1
48
26.469228 53.660126
26.47 53.659686
26.485406 53.65179
26.491329 53.655457
26.496512 53.658666
26.497284 53.658226
26.502685 53.655147
26.501945 53.654688
26.501204 53.65423
26.500464 53.653772
26.498967 53.653304
26.498227 53.652846
26.497486 53.652387
26.496746 53.651929
26.495249 53.651461
26.494509 53.651003
26.493768 53.650544
26.493028 53.650086
26.492288 53.649628
26.491548 53.649169
26.490051 53.648701
26.489311 53.648243
26.488586 53.647335
26.487846 53.646877
26.487862 53.646428
26.487122 53.645969
26.486381 53.645511
26.485657 53.644603
26.484917 53.644145
26.483421 53.643677
26.48268 53.643219
26.481941 53.64276
26.4812 53.642302
26.48046 53.641843
26.480476 53.641394
26.485011 53.64145
26.482176 53.636023
26.480083 53.631055
26.464182 53.631755
26.464922 53.632214
26.469863 53.642161
26.469091 53.642601
26.46139 53.646548
26.45367 53.650945
26.45441 53.651403
26.46033 53.655072
26.46107 53.655531
26.469228 53.660126
BRUSH(1,0)
REGION 1
6
26.593458 53.654871
26.579049 53.656053
26.581185 53.660122
26.594083 53.658922
26.594113 53.658024
26.593458 53.654871
BRUSH(1,0)
REGION 1
10
26.608494 53.657738
26.60925 53.657746
26.623644 53.65701
26.623673 53.656111
26.62373 53.654315
26.61249 53.651043
26.608695 53.65145
26.606398 53.652322
26.606384 53.652771
26.608494 53.657738
BRUSH(1,0)
REGION 1
25
26.662221 53.656985
26.663005 53.656095
26.663019 53.655646
26.663788 53.655205
26.664558 53.654764
26.665328 53.654323
26.666098 53.653882
26.667624 53.653449
26.667638 53.653
26.667652 53.652551
26.656366 53.650631
26.655624 53.650174
26.648092 53.649193
26.640575 53.647762
26.640589 53.647313
26.643879 53.638812
26.63786 53.637847
26.634025 53.639602
26.634011 53.640051
26.632344 53.644975
26.631574 53.645416
26.629991 53.647645
26.63139 53.651255
26.662235 53.656536
26.662221 53.656985
BRUSH(1,0)
REGION 1
30
26.62902 53.510593
26.628281 53.510135
26.626134 53.506517
26.62538 53.506508
26.624613 53.506949
26.623859 53.50694
26.623106 53.506932
26.622338 53.507373
26.620817 53.507805
26.620063 53.507796
26.619296 53.508237
26.618514 53.509127
26.61776 53.509118
26.616992 53.509559
26.616239 53.509551
26.614718 53.509983
26.613964 53.509974
26.613211 53.509966
26.612443 53.510406
26.61169 53.510398
26.610183 53.510381
26.609415 53.510821
26.608661 53.510813
26.607893 53.511253
26.60714 53.511245
26.606386 53.511236
26.607126 53.511694
26.612329 53.514
26.613082 53.514008
26.62902 53.510593
BRUSH(1,0)
REGION 1
6
27.906151 53.792503
27.897807 53.7916
27.89856 53.795194
27.897798 53.79744
27.905385 53.798342
27.906151 53.792503
BRUSH(1,0)
REGION 1
34
27.891769 53.77273
27.899347 53.775879
27.898587 53.777226
27.901617 53.779473
27.909199 53.781274
27.913749 53.781725
27.915266 53.782175
27.916024 53.782624
27.913747 53.783522
27.910713 53.784419
27.905397 53.788909
27.905396 53.789358
27.906154 53.790257
27.912222 53.791158
27.916772 53.792058
27.91829 53.792058
27.921329 53.787567
27.9274 53.783526
27.930438 53.779035
27.92968 53.777687
27.92589 53.775889
27.920583 53.77454
27.917548 53.775437
27.915271 53.777233
27.913753 53.778131
27.911479 53.777681
27.902382 53.774533
27.901625 53.774083
27.902384 53.773185
27.903145 53.771838
27.901629 53.770939
27.895565 53.769588
27.894807 53.769587
27.891769 53.77273
BRUSH(1,0)
REGION 1
12
27.890321 53.731851
27.890325 53.729605
27.889569 53.728257
27.888055 53.727807
27.878962 53.729598
27.87593 53.730494
27.875929 53.730943
27.876681 53.733639
27.877437 53.734089
27.882742 53.733194
27.884259 53.732297
27.890321 53.731851
BRUSH(1,0)
REGION 1
10
27.956244 53.622714
27.960778 53.610585
27.951714 53.609237
27.950958 53.611932
27.947935 53.615526
27.944913 53.615076
27.944155 53.620017
27.947178 53.620018
27.9502 53.619569
27.956244 53.622714
BRUSH(1,0)
REGION 1
13
27.93963 53.606091
27.938875 53.604743
27.930572 53.598003
27.926797 53.596654
27.924532 53.596653
27.923021 53.597102
27.923019 53.598899
27.924528 53.600696
27.927548 53.601596
27.929812 53.603843
27.935853 53.60609
27.938875 53.606091
27.93963 53.606091
BRUSH(1,0)
REGION 1
12
27.921496 53.611926
27.923009 53.610579
27.923009 53.60968
27.9215 53.608781
27.915458 53.607432
27.911683 53.606082
27.902621 53.60473
27.901865 53.605179
27.903372 53.607426
27.910923 53.609676
27.91621 53.610127
27.921496 53.611926
BRUSH(1,0)
REGION 1
10
27.958515 53.580937
27.957761 53.575996
27.947949 53.575546
27.944179 53.567459
27.935123 53.567457
27.94493 53.575096
27.944174 53.577791
27.944928 53.580037
27.955496 53.580488
27.958515 53.580937
BRUSH(1,0)
REGION 1
11
27.89736 53.588107
27.89586 53.581817
27.880756 53.584952
27.883764 53.591243
27.876208 53.593933
27.882239 53.598879
27.886019 53.597084
27.888288 53.59484
27.886029 53.591244
27.892074 53.589002
27.89736 53.588107
BRUSH(1,0)
REGION 1
90
27.758705 53.533144
27.766247 53.532707
27.766253 53.53136
27.767766 53.530464
27.768522 53.530016
27.768528 53.528668
27.768538 53.526422
27.770804 53.525527
27.774581 53.523736
27.777597 53.523741
27.777595 53.52419
27.776829 53.526884
27.777577 53.528233
27.779839 53.528237
27.780597 53.52734
27.781354 53.526442
27.783622 53.525098
27.782872 53.524198
27.779862 53.522846
27.779114 53.521497
27.77839 53.514758
27.7769 53.510712
27.776155 53.508914
27.774649 53.508463
27.771635 53.508458
27.771637 53.508009
27.773904 53.506664
27.778431 53.505324
27.78069 53.505777
27.78295 53.50578
27.785217 53.504436
27.789736 53.504892
27.790489 53.504893
27.792761 53.502201
27.79578 53.500857
27.795032 53.499508
27.789007 53.499051
27.786752 53.497699
27.786 53.497249
27.789023 53.495007
27.790533 53.494111
27.792038 53.494563
27.792035 53.495461
27.791274 53.497257
27.794284 53.49816
27.802575 53.497273
27.80333 53.496824
27.801827 53.495924
27.798065 53.494571
27.798824 53.493224
27.802594 53.492331
27.81013 53.491443
27.813895 53.491897
27.817656 53.493249
27.818408 53.493699
27.820671 53.492804
27.82294 53.490111
27.826709 53.489217
27.828973 53.487872
27.829728 53.487423
27.828223 53.486972
27.819181 53.48786
27.814659 53.488753
27.808633 53.488745
27.80788 53.488744
27.807888 53.486498
27.806385 53.485598
27.799608 53.485139
27.788303 53.48692
27.78378 53.487812
27.778508 53.487804
27.777753 53.488252
27.778486 53.492745
27.779981 53.495443
27.77922 53.497239
27.773168 53.50262
27.764853 53.508447
27.755801 53.510228
27.754289 53.511124
27.755781 53.514271
27.75801 53.521014
27.755746 53.521459
27.752728 53.521903
27.751968 53.523249
27.75271 53.525497
27.752708 53.525946
27.756478 53.525952
27.757983 53.526404
27.757968 53.529549
27.758705 53.533144
BRUSH(1,0)
REGION 1
15
27.618569 53.518895
27.649538 53.510445
27.656339 53.507767
27.65861 53.506425
27.657109 53.505523
27.651088 53.504609
27.64807 53.50505
27.640518 53.507276
27.631454 53.509947
27.625407 53.512176
27.617856 53.513951
27.615587 53.514843
27.615584 53.515292
27.617819 53.518444
27.618569 53.518895
BRUSH(1,0)
REGION 1
7
27.60663 53.504484
27.613423 53.503157
27.621729 53.500935
27.625507 53.499598
27.622522 53.495995
27.604396 53.501333
27.60663 53.504484
BRUSH(1,0)
REGION 1
9
27.576473 53.506187
27.587058 53.502178
27.590076 53.501738
27.591591 53.500844
27.587106 53.496787
27.581059 53.499014
27.575773 53.500345
27.571993 53.50168
27.576473 53.506187
BRUSH(1,0)
REGION 1
10
27.49225 53.490161
27.515677 53.483063
27.520912 53.486676
27.533757 53.48268
27.525552 53.475013
27.502126 53.482562
27.49836 53.482547
27.495328 53.484333
27.488519 53.487001
27.49225 53.490161
BRUSH(1,0)
REGION 1
7
27.490914 53.474881
27.496205 53.473105
27.50149 53.471778
27.518111 53.46645
27.515138 53.462845
27.48492 53.472161
27.490914 53.474881
BRUSH(1,0)
REGION 1
9
27.966812 53.491991
27.964552 53.492441
27.961539 53.491542
27.958526 53.49244
27.958526 53.493339
27.959279 53.496034
27.967566 53.496034
27.968319 53.494237
27.966812 53.491991
BRUSH(1,0)
REGION 1
5
27.485108 53.45554
27.482133 53.452383
27.47306 53.45594
27.473019 53.459534
27.485108 53.45554
BRUSH(1,0)
REGION 1
6
27.568715 53.368242
27.540254 53.360057
27.537209 53.36409
27.555182 53.369544
27.566441 53.370481
27.568715 53.368242
BRUSH(1,0)
REGION 1
5
27.615373 53.357606
27.600393 53.353069
27.597366 53.355755
27.612343 53.360742
27.615373 53.357606
BRUSH(1,0)
REGION 1
7
27.162471 53.720674
27.173166 53.715803
27.169431 53.713083
27.163314 53.716187
27.157213 53.718392
27.160199 53.720659
27.162471 53.720674
BRUSH(1,0)
REGION 1
9
27.740277 53.596003
27.737304 53.587013
27.737317 53.584767
27.739607 53.57983
27.723735 53.583393
27.725988 53.585644
27.730458 53.596434
27.733476 53.596889
27.740277 53.596003
BRUSH(1,0)
REGION 1
7
27.059914 53.522266
27.060029 53.516875
27.055506 53.516841
27.050163 53.519945
27.049389 53.520838
27.051622 53.522203
27.059914 53.522266
BRUSH(1,0)
REGION 1
12
27.082817 53.508509
27.08891 53.505409
27.091198 53.504078
27.091254 53.501383
27.089765 53.500473
27.080018 53.498155
27.07852 53.497695
27.076213 53.499924
27.075319 53.506657
27.0753 53.507555
27.080556 53.508492
27.082817 53.508509
BRUSH(1,0)
REGION 1
5
27.193816 53.372247
27.196901 53.367774
27.181203 53.363628
27.179626 53.367661
27.193816 53.372247
BRUSH(1,0)
REGION 1
4
27.494435 53.360784
27.499756 53.354964
27.489228 53.35627
27.494435 53.360784
BRUSH(1,0)
REGION 1
9
27.55089 53.347516
27.552421 53.344376
27.553949 53.341686
27.550209 53.340325
27.547197 53.341213
27.539704 53.339839
27.53668 53.342074
27.539655 53.34478
27.55089 53.347516
BRUSH(1,0)
REGION 1
111
28.449604 53.945137
28.445051 53.946503
28.420741 53.95154
28.419209 53.950647
28.417656 53.947958
28.385663 53.946729
28.36734 53.941852
28.364291 53.941413
28.357448 53.942334
28.351399 53.946846
28.354445 53.946836
28.357486 53.946376
28.359009 53.946371
28.360553 53.948612
28.36286 53.95085
28.372746 53.949469
28.375791 53.949459
28.377319 53.949902
28.37886 53.951694
28.378112 53.953044
28.378873 53.953041
28.380396 53.953036
28.383456 53.954373
28.384997 53.956164
28.385768 53.957059
28.38653 53.957057
28.389572 53.956597
28.390347 53.957941
28.416944 53.952453
28.416949 53.952902
28.418516 53.956939
28.41776 53.957391
28.416236 53.957396
28.41319 53.957408
28.412438 53.958309
28.412453 53.959657
28.41093 53.959662
28.409387 53.957871
28.407859 53.957428
28.404822 53.958338
28.403299 53.958343
28.391894 53.960182
28.391898 53.960631
28.391908 53.961529
28.391151 53.961981
28.388861 53.96154
28.387314 53.9593
28.386548 53.958853
28.381235 53.960669
28.379712 53.960674
28.378927 53.958431
28.379671 53.956632
28.376611 53.955295
28.375849 53.955298
28.373578 53.956653
28.353837 53.963008
28.35156 53.963914
28.349287 53.965269
28.350836 53.967959
28.350083 53.96886
28.347044 53.969768
28.340966 53.971584
28.338692 53.972939
28.331839 53.973409
28.327284 53.97522
28.322728 53.977031
28.320446 53.977487
28.321978 53.978381
28.33348 53.98643
28.341831 53.982811
28.342593 53.982808
28.345645 53.983247
28.348689 53.982788
28.353249 53.981426
28.354764 53.980523
28.356267 53.978272
28.361584 53.976457
28.366146 53.975544
28.369194 53.975533
28.371493 53.976873
28.374568 53.979557
28.376092 53.979552
28.382936 53.978181
28.384456 53.977726
28.388265 53.977712
28.389785 53.977258
28.389004 53.975464
28.390514 53.974111
28.398081 53.969143
28.403409 53.968674
28.411017 53.967747
28.411774 53.967295
28.409445 53.963261
28.423126 53.960514
28.423116 53.959616
28.424629 53.958712
28.423852 53.957367
28.423848 53.956918
28.43751 53.952822
28.439799 53.953262
28.448155 53.951431
28.452713 53.950514
28.454981 53.949157
28.457239 53.946902
28.463319 53.945978
28.46408 53.945975
28.461013 53.944191
28.456429 53.942863
28.451856 53.942433
28.448816 53.942894
28.449604 53.945137
BRUSH(1,0)
REGION 1
26
28.567835 53.959867
28.576173 53.95713
28.579933 53.953966
28.576106 53.952638
28.573027 53.950408
28.568505 53.953576
28.563148 53.951806
28.556928 53.942854
28.563669 53.935184
28.559076 53.93341
28.557573 53.934765
28.552974 53.932542
28.552239 53.934343
28.550723 53.934799
28.550748 53.936596
28.550019 53.938845
28.550044 53.940642
28.551592 53.942431
28.553908 53.944665
28.554689 53.946009
28.553953 53.947809
28.554727 53.948704
28.557031 53.95004
28.557082 53.953633
28.557843 53.953629
28.567835 53.959867
BRUSH(1,0)
REGION 1
82
28.541366 53.973474
28.541379 53.974372
28.540617 53.974376
28.539087 53.973934
28.536058 53.975296
28.530787 53.979813
28.530037 53.980715
28.539231 53.984264
28.539999 53.98471
28.538487 53.985615
28.536982 53.98697
28.535445 53.986079
28.532372 53.984297
28.53161 53.984301
28.530098 53.985206
28.518613 53.981218
28.517083 53.980776
28.515559 53.980783
28.516327 53.981229
28.515589 53.983029
28.51182 53.98619
28.510302 53.986646
28.5057 53.984422
28.502646 53.983986
28.501133 53.984891
28.501145 53.98579
28.505008 53.989815
28.510379 53.992485
28.51191 53.992927
28.514178 53.991569
28.516459 53.99111
28.521044 53.991987
28.521038 53.991537
28.518733 53.990201
28.517197 53.98931
28.520984 53.987495
28.524807 53.988376
28.531653 53.987445
28.532428 53.988339
28.530928 53.990143
28.530953 53.99194
28.534783 53.993269
28.536295 53.992363
28.537044 53.991461
28.539331 53.99145
28.54163 53.992338
28.54391 53.991877
28.55223 53.987345
28.558256 53.982374
28.55978 53.982366
28.565147 53.984585
28.566678 53.985027
28.568208 53.985468
28.57347 53.9805
28.574199 53.978251
28.574159 53.975556
28.577193 53.974642
28.579472 53.974181
28.581738 53.972822
28.584738 53.969662
28.584725 53.968764
28.583181 53.967424
28.580896 53.967436
28.577882 53.969698
28.573318 53.97017
28.568734 53.969295
28.564131 53.967073
28.562588 53.965733
28.559554 53.966647
28.556526 53.968009
28.556539 53.968907
28.560361 53.969787
28.561142 53.97113
28.561175 53.973376
28.559664 53.974282
28.555874 53.975648
28.55435 53.975656
28.548985 53.973437
28.545175 53.973455
28.541354 53.972575
28.540592 53.972579
28.541366 53.973474
BRUSH(1,0)
REGION 1
13
28.604815 53.987073
28.594901 53.986677
28.594929 53.988474
28.594935 53.988923
28.597325 53.995648
28.598863 53.996538
28.608039 53.998285
28.608801 53.998281
28.608787 53.997383
28.605668 53.992908
28.60636 53.988412
28.607109 53.98751
28.604815 53.987073
BRUSH(1,0)
REGION 1
16
28.625062 53.966301
28.623524 53.965411
28.612134 53.96772
28.606019 53.966405
28.600077 53.976319
28.586302 53.972349
28.586309 53.972798
28.587846 53.973688
28.584084 53.976852
28.592519 53.980401
28.600146 53.98081
28.608472 53.977172
28.609933 53.973122
28.612197 53.971762
28.618284 53.971279
28.625062 53.966301
BRUSH(1,0)
REGION 1
22
28.461323 53.843125
28.461312 53.842227
28.460553 53.84223
28.455242 53.842701
28.450674 53.841822
28.449129 53.839582
28.44761 53.839588
28.446846 53.839142
28.444578 53.84005
28.437029 53.844123
28.437049 53.845919
28.440108 53.847704
28.434067 53.850872
28.427245 53.852246
28.43113 53.859867
28.439472 53.858487
28.450077 53.855749
28.450822 53.854398
28.449281 53.852608
28.45002 53.850808
28.446919 53.845431
28.461323 53.843125
BRUSH(1,0)
REGION 1
10
28.391698 53.867652
28.415933 53.859926
28.425766 53.855846
28.424222 53.853606
28.417419 53.856776
28.408306 53.85726
28.401497 53.85998
28.398495 53.863585
28.391679 53.865855
28.391698 53.867652
BRUSH(1,0)
REGION 1
15
28.041223 53.808659
28.009348 53.809125
28.008601 53.819457
28.008601 53.819906
28.013155 53.819006
28.016949 53.818106
28.019986 53.818105
28.024541 53.818551
28.028336 53.8181
28.029094 53.817201
28.030609 53.815404
28.034403 53.814503
28.038197 53.814051
28.039715 53.813601
28.041223 53.808659
BRUSH(1,0)
REGION 1
15
28.42307 53.818125
28.41854 53.820388
28.41475 53.820852
28.412463 53.819962
28.406395 53.820434
28.406399 53.820883
28.419344 53.824428
28.423914 53.825758
28.426965 53.827093
28.427725 53.82709
28.433763 53.823922
28.433758 53.823473
28.429947 53.822141
28.423834 53.818571
28.42307 53.818125
BRUSH(1,0)
REGION 1
13
28.419079 53.800173
28.413743 53.797947
28.408404 53.795272
28.405383 53.796631
28.404634 53.797532
28.404639 53.797981
28.409984 53.801106
28.410747 53.801552
28.411506 53.801549
28.413014 53.800645
28.414531 53.800639
28.416822 53.801978
28.419079 53.800173
BRUSH(1,0)
REGION 1
12
28.333474 53.729947
28.32741 53.729516
28.324388 53.730424
28.312272 53.730909
28.311518 53.731361
28.310764 53.731812
28.314571 53.734047
28.315332 53.734494
28.323661 53.73402
28.331995 53.733994
28.332748 53.733543
28.333474 53.729947
BRUSH(1,0)
REGION 1
7
28.485245 53.690749
28.478407 53.688533
28.472495 53.700237
28.474793 53.702473
28.481611 53.702893
28.481567 53.6993
28.485245 53.690749
BRUSH(1,0)
REGION 1
21
28.608277 53.669486
28.603719 53.668162
28.602962 53.668166
28.601436 53.667276
28.600653 53.665484
28.594582 53.664168
28.593049 53.662829
28.59222 53.657892
28.591457 53.657447
28.580154 53.660201
28.574874 53.661127
28.574137 53.662478
28.5734 53.663829
28.57117 53.666536
28.571946 53.667879
28.574222 53.668317
28.578773 53.669192
28.587889 53.67184
28.607562 53.672185
28.608305 53.671282
28.608277 53.669486
BRUSH(1,0)
REGION 1
29
29.202661 53.767216
29.202634 53.766318
29.203978 53.760464
29.205467 53.75955
29.217457 53.754934
29.217444 53.754485
29.209654 53.747379
29.204205 53.742495
29.203447 53.742503
29.200457 53.743881
29.199699 53.743889
29.198955 53.744346
29.198211 53.744803
29.197467 53.745259
29.197493 53.746158
29.196748 53.746614
29.196004 53.747071
29.19526 53.747528
29.194515 53.747985
29.193 53.748001
29.192256 53.748457
29.191511 53.748914
29.190754 53.748922
29.190009 53.749379
29.188494 53.749394
29.18775 53.749851
29.187005 53.750308
29.18626 53.750765
29.202661 53.767216
BRUSH(1,0)
REGION 1
24
29.225902 53.733284
29.203143 53.732175
29.203926 53.733065
29.214052 53.742392
29.21481 53.742384
29.215554 53.741927
29.216298 53.74147
29.217813 53.741454
29.218557 53.740997
29.219301 53.74054
29.219287 53.740091
29.21926 53.739193
29.219247 53.738744
29.219991 53.738287
29.220735 53.73783
29.221479 53.737373
29.222223 53.736916
29.222967 53.736459
29.223697 53.735553
29.224441 53.735096
29.225185 53.734639
29.225172 53.73419
29.225915 53.733733
29.225902 53.733284
BRUSH(1,0)
REGION 1
62
29.146496 53.738139
29.145751 53.738595
29.144994 53.738603
29.144249 53.739059
29.143504 53.739516
29.142759 53.739972
29.142772 53.740421
29.142027 53.740878
29.141294 53.741783
29.141307 53.742232
29.140562 53.742689
29.139805 53.742696
29.139035 53.742255
29.138277 53.742262
29.137507 53.741821
29.136762 53.742277
29.136775 53.742726
29.1368 53.743624
29.136812 53.744073
29.137582 53.744515
29.138352 53.744957
29.139123 53.745398
29.139893 53.74584
29.14065 53.745832
29.14142 53.746274
29.142948 53.746708
29.143706 53.7467
29.144476 53.747142
29.145246 53.747584
29.146004 53.747576
29.147532 53.74801
29.148302 53.748452
29.14906 53.748444
29.14983 53.748886
29.150587 53.748878
29.151358 53.74932
29.152873 53.749305
29.152848 53.748407
29.153592 53.74795
29.154337 53.747493
29.153567 53.747052
29.152797 53.74661
29.152039 53.746618
29.150511 53.746184
29.149741 53.745742
29.148971 53.745301
29.148201 53.744859
29.148945 53.744403
29.148933 53.743954
29.149678 53.743497
29.149652 53.742599
29.150397 53.742143
29.150384 53.741693
29.151129 53.741237
29.151117 53.740788
29.151849 53.739882
29.151078 53.739441
29.150321 53.739448
29.148794 53.739014
29.148024 53.738573
29.147266 53.73858
29.146496 53.738139
BRUSH(1,0)
REGION 1
4
29.099537 53.657337
29.098868 53.657747
29.098868 53.657749
29.099537 53.657337
BRUSH(1,0)
REGION 1
5
29.098188 53.660559
29.098209 53.661347
29.09822 53.661752
29.098209 53.661346
29.098188 53.660559
BRUSH(1,0)
REGION 1
5
29.098259 53.663209
29.098281 53.664042
29.098292 53.664461
29.098282 53.66404
29.098259 53.663209
BRUSH(1,0)
REGION 1
5
29.098331 53.665894
29.098354 53.666737
29.098364 53.667126
29.098354 53.666736
29.098331 53.665894
BRUSH(1,0)
REGION 1
61
26.68217 53.322908
26.681434 53.322451
26.680697 53.321994
26.67921 53.321528
26.67846 53.32152
26.677723 53.321063
26.676987 53.320606
26.67625 53.320148
26.674763 53.319683
26.674027 53.319226
26.67329 53.318768
26.672554 53.318311
26.672567 53.317862
26.671844 53.316955
26.672608 53.316514
26.673372 53.316073
26.673385 53.315624
26.672649 53.315167
26.671912 53.314709
26.671176 53.314252
26.670439 53.313795
26.668953 53.313329
26.668203 53.313321
26.667453 53.313313
26.666703 53.313305
26.665953 53.313297
26.664453 53.31328
26.663702 53.313272
26.662939 53.313713
26.662925 53.314162
26.662911 53.314611
26.662898 53.315061
26.663634 53.315518
26.663607 53.316416
26.663593 53.316866
26.66433 53.317323
26.664316 53.317772
26.664302 53.318221
26.665039 53.318679
26.665011 53.319577
26.665748 53.320034
26.666484 53.320492
26.667221 53.320949
26.667957 53.321406
26.668694 53.321864
26.66943 53.322321
26.670153 53.323228
26.67089 53.323685
26.671627 53.324142
26.672377 53.32415
26.673127 53.324158
26.674641 53.323726
26.675391 53.323734
26.676141 53.323742
26.676892 53.32375
26.677642 53.323758
26.679156 53.323325
26.679906 53.323333
26.680657 53.323341
26.68142 53.3229
26.68217 53.322908
BRUSH(1,0)
REGION 1
137
26.724782 53.251017
26.724808 53.250119
26.72557 53.249678
26.725583 53.249228
26.726345 53.248787
26.726358 53.248338
26.726384 53.24744
26.727146 53.246998
26.727159 53.246549
26.727921 53.246108
26.727947 53.245209
26.728708 53.244768
26.728721 53.244319
26.729483 53.243877
26.729496 53.243428
26.729509 53.242979
26.730284 53.242088
26.730297 53.241639
26.731058 53.241197
26.731071 53.240748
26.731846 53.239858
26.731859 53.239408
26.732621 53.238967
26.732634 53.238518
26.732647 53.238069
26.733421 53.237178
26.733434 53.236729
26.734196 53.236287
26.734209 53.235838
26.73497 53.235397
26.734996 53.234498
26.735009 53.234049
26.734273 53.233592
26.733524 53.233584
26.732789 53.233127
26.731291 53.233112
26.730556 53.232655
26.729807 53.232647
26.729059 53.232639
26.727574 53.232175
26.726826 53.232167
26.726064 53.232608
26.725315 53.2326
26.724554 53.233042
26.723792 53.233483
26.722295 53.233468
26.721533 53.233909
26.720784 53.233901
26.720023 53.234342
26.719274 53.234335
26.717777 53.234319
26.717041 53.233862
26.716292 53.233854
26.715543 53.233846
26.714795 53.233838
26.713311 53.233373
26.712562 53.233366
26.711814 53.233358
26.711052 53.233799
26.710277 53.234689
26.710263 53.235139
26.71025 53.235588
26.710237 53.236037
26.709475 53.236478
26.708727 53.23647
26.707978 53.236462
26.707229 53.236455
26.705732 53.236439
26.704983 53.236431
26.704247 53.235974
26.703499 53.235966
26.70275 53.235958
26.701253 53.235942
26.700504 53.235934
26.699755 53.235926
26.699007 53.235918
26.698271 53.235461
26.696774 53.235445
26.696025 53.235437
26.69529 53.23498
26.694541 53.234972
26.693057 53.234507
26.692308 53.234499
26.69156 53.234491
26.690824 53.234033
26.690076 53.234025
26.688592 53.23356
26.687843 53.233552
26.68783 53.234001
26.688565 53.234458
26.6893 53.234916
26.690036 53.235373
26.690771 53.23583
26.691506 53.236287
26.692228 53.237194
26.692964 53.237651
26.69295 53.2381
26.693686 53.238557
26.694421 53.239014
26.695157 53.239472
26.695905 53.23948
26.697416 53.239046
26.698152 53.239504
26.698138 53.239953
26.698874 53.24041
26.69886 53.240859
26.699609 53.240867
26.700358 53.240875
26.701093 53.241332
26.701842 53.24134
26.70334 53.241356
26.704089 53.241364
26.704837 53.241372
26.705586 53.24138
26.707071 53.241845
26.70782 53.241853
26.708555 53.24231
26.709304 53.242318
26.71004 53.242775
26.711524 53.24324
26.71226 53.243697
26.712995 53.244154
26.713731 53.244611
26.714454 53.245517
26.71519 53.245974
26.715925 53.246432
26.716661 53.246889
26.717397 53.247346
26.718133 53.247803
26.718855 53.248709
26.719591 53.249166
26.720327 53.249623
26.721063 53.25008
26.721799 53.250537
26.723297 53.250553
26.724046 53.25056
26.724782 53.251017
BRUSH(1,0)
REGION 1
116
26.800185 53.260766
26.799448 53.260309
26.798711 53.259853
26.797974 53.259396
26.796488 53.258932
26.795751 53.258476
26.795014 53.258019
26.794277 53.257563
26.792791 53.257099
26.792055 53.256642
26.791318 53.256186
26.790581 53.255729
26.789844 53.255272
26.789108 53.254816
26.789869 53.254374
26.789894 53.253476
26.790643 53.253483
26.792153 53.253049
26.792914 53.252607
26.793676 53.252165
26.794425 53.252172
26.795186 53.25173
26.795935 53.251738
26.797445 53.251303
26.798206 53.250862
26.798955 53.250869
26.799717 53.250427
26.800478 53.249985
26.800502 53.249087
26.800515 53.248638
26.800527 53.248188
26.800539 53.247739
26.799802 53.247283
26.799814 53.246833
26.799839 53.245935
26.799102 53.245478
26.799115 53.245029
26.798378 53.244573
26.79839 53.244123
26.797666 53.243218
26.797678 53.242768
26.79769 53.242319
26.796954 53.241863
26.796966 53.241413
26.796217 53.241406
26.794719 53.241391
26.793958 53.241833
26.793197 53.242275
26.792436 53.242717
26.791687 53.242709
26.790177 53.243144
26.790165 53.243593
26.789404 53.244035
26.789379 53.244933
26.789367 53.245383
26.789354 53.245832
26.789342 53.246281
26.788581 53.246723
26.788556 53.247621
26.788544 53.24807
26.787783 53.248512
26.787034 53.248505
26.785536 53.24849
26.784787 53.248483
26.784038 53.248475
26.783289 53.248468
26.782515 53.249359
26.782503 53.249808
26.782491 53.250257
26.782478 53.250706
26.782466 53.251155
26.782441 53.252054
26.781679 53.252496
26.781667 53.252945
26.781655 53.253394
26.781642 53.253843
26.781617 53.254742
26.781605 53.255191
26.782341 53.255647
26.782329 53.256097
26.782317 53.256546
26.781543 53.257437
26.78153 53.257886
26.780769 53.258328
26.780007 53.258769
26.779245 53.259211
26.778471 53.260102
26.77771 53.260544
26.777697 53.260993
26.778434 53.26145
26.779183 53.261457
26.780669 53.261921
26.781418 53.261929
26.782168 53.261936
26.782917 53.261944
26.783653 53.2624
26.785164 53.261966
26.785176 53.261517
26.785938 53.261075
26.785963 53.260177
26.787474 53.259742
26.78821 53.260199
26.788947 53.260655
26.789696 53.260663
26.790433 53.261119
26.791932 53.261134
26.792681 53.261142
26.793418 53.261598
26.794167 53.261606
26.794903 53.262062
26.796402 53.262077
26.797151 53.262084
26.7979 53.262092
26.798662 53.26165
26.799423 53.261208
26.800185 53.260766
BRUSH(1,0)
REGION 1
119
26.468795 52.900711
26.468826 52.899813
26.468842 52.899364
26.468857 52.898915
26.46813 52.898456
26.468145 52.898007
26.468177 52.897108
26.468192 52.896659
26.468208 52.89621
26.468223 52.895761
26.468239 52.895312
26.467527 52.894404
26.467543 52.893955
26.467558 52.893506
26.467574 52.893056
26.467589 52.892607
26.466878 52.891699
26.466893 52.89125
26.466909 52.890801
26.466924 52.890352
26.46694 52.889903
26.466971 52.889004
26.467729 52.888565
26.468487 52.888125
26.469246 52.887685
26.469988 52.887694
26.471489 52.887264
26.472247 52.886824
26.473005 52.886384
26.473763 52.885945
26.474521 52.885505
26.475279 52.885065
26.476053 52.884176
26.476811 52.883736
26.477569 52.883296
26.478327 52.882856
26.479812 52.882875
26.479843 52.881977
26.479858 52.881527
26.479131 52.881069
26.478404 52.88061
26.477662 52.880601
26.476177 52.880582
26.475434 52.880573
26.474692 52.880564
26.473934 52.881003
26.473191 52.880994
26.471691 52.881424
26.470948 52.881415
26.47019 52.881855
26.469432 52.882295
26.468674 52.882735
26.467916 52.883174
26.467158 52.883614
26.4664 52.884054
26.464899 52.884484
26.464141 52.884924
26.463398 52.884914
26.46264 52.885354
26.461882 52.885794
26.461124 52.886234
26.459638 52.886215
26.45888 52.886655
26.458122 52.887094
26.457364 52.887534
26.456605 52.887974
26.455104 52.888404
26.454346 52.888844
26.453604 52.888834
26.452845 52.889274
26.452102 52.889264
26.451344 52.889704
26.450586 52.890144
26.450554 52.891042
26.450538 52.891491
26.450523 52.89194
26.449764 52.89238
26.449006 52.89282
26.448232 52.893709
26.448216 52.894158
26.4482 52.894607
26.447441 52.895047
26.44741 52.895945
26.447394 52.896394
26.447378 52.896843
26.447363 52.897293
26.447347 52.897742
26.447315 52.89864
26.446557 52.89908
26.446541 52.899529
26.447268 52.899988
26.448754 52.900007
26.449481 52.900465
26.450208 52.900924
26.450935 52.901383
26.451662 52.901842
26.453132 52.90231
26.453859 52.902768
26.454587 52.903227
26.454571 52.903676
26.455281 52.904583
26.455282 52.904583
26.455492 52.904716
26.45601 52.905043
26.456753 52.905052
26.457495 52.905062
26.458254 52.904622
26.459013 52.904182
26.459771 52.903743
26.461273 52.903312
26.462031 52.902873
26.46279 52.902433
26.463533 52.902442
26.464275 52.902452
26.465034 52.902012
26.466535 52.901582
26.467294 52.901142
26.468052 52.900702
26.468795 52.900711
BRUSH(1,0)
REGION 1
136
26.842297 52.883731
26.841554 52.883724
26.840823 52.883267
26.84008 52.88326
26.838595 52.883246
26.837864 52.88279
26.837133 52.882333
26.836391 52.882326
26.83566 52.88187
26.834175 52.881856
26.833432 52.881849
26.832701 52.881392
26.831958 52.881385
26.830485 52.880922
26.829743 52.880914
26.829012 52.880458
26.828269 52.880451
26.827527 52.880444
26.826053 52.87998
26.825311 52.879973
26.82458 52.879517
26.823838 52.879509
26.823107 52.879053
26.821622 52.879039
26.820891 52.878582
26.820148 52.878575
26.819418 52.878119
26.818687 52.877662
26.817202 52.877648
26.816472 52.877191
26.815729 52.877184
26.814999 52.876728
26.813525 52.876264
26.812783 52.876257
26.812052 52.8758
26.811322 52.875344
26.810579 52.875336
26.809106 52.874873
26.808364 52.874865
26.807633 52.874409
26.806903 52.873952
26.806161 52.873945
26.804688 52.873481
26.803921 52.874372
26.803909 52.874822
26.803155 52.875263
26.8024 52.875705
26.802388 52.876155
26.801621 52.877046
26.801609 52.877495
26.800854 52.877937
26.800842 52.878386
26.800088 52.878828
26.800063 52.879727
26.799309 52.880168
26.798554 52.88061
26.798542 52.88106
26.797775 52.881951
26.79702 52.882393
26.797008 52.882842
26.796253 52.883284
26.795498 52.883726
26.795474 52.884624
26.794719 52.885066
26.793964 52.885508
26.793952 52.885957
26.79394 52.886406
26.793173 52.887297
26.793161 52.887747
26.793891 52.888203
26.795377 52.888218
26.796119 52.888225
26.79685 52.888682
26.797593 52.888689
26.79836 52.887798
26.798372 52.887349
26.798384 52.8869
26.798396 52.88645
26.798408 52.886001
26.799175 52.88511
26.79993 52.884668
26.800685 52.884226
26.801439 52.883784
26.802194 52.883342
26.802949 52.8829
26.803692 52.882908
26.805177 52.882922
26.805919 52.88293
26.80665 52.883386
26.807393 52.883393
26.808147 52.882952
26.808902 52.88251
26.810399 52.882075
26.811142 52.882082
26.811885 52.882089
26.812615 52.882546
26.813346 52.883002
26.814831 52.883017
26.815586 52.882575
26.815598 52.882126
26.816364 52.881234
26.817849 52.881249
26.818592 52.881256
26.819334 52.881263
26.820065 52.88172
26.820796 52.882176
26.822293 52.881741
26.823036 52.881748
26.823766 52.882205
26.824497 52.882661
26.824473 52.88356
26.824461 52.884009
26.82445 52.884458
26.824438 52.884907
26.825169 52.885364
26.826654 52.885378
26.827408 52.884936
26.828151 52.884943
26.828894 52.88495
26.829636 52.884958
26.831122 52.884972
26.831853 52.885428
26.832595 52.885435
26.833338 52.885442
26.834081 52.88545
26.835566 52.885464
26.836309 52.885471
26.837051 52.885478
26.837794 52.885485
26.838537 52.885492
26.840022 52.885506
26.840765 52.885513
26.841519 52.885071
26.842273 52.884629
26.842285 52.88418
26.842297 52.883731
BRUSH(1,0)
REGION 1
95
26.794913 52.850468
26.794171 52.85046
26.793429 52.850453
26.791945 52.850438
26.791203 52.850431
26.790461 52.850423
26.789719 52.850416
26.788953 52.851307
26.78894 52.851756
26.78967 52.852213
26.789658 52.852662
26.789646 52.853111
26.789621 52.85401
26.790351 52.854466
26.790339 52.854916
26.790327 52.855365
26.790315 52.855814
26.79029 52.856713
26.790278 52.857162
26.791008 52.857618
26.790996 52.858068
26.790984 52.858517
26.790959 52.859415
26.790947 52.859865
26.790935 52.860314
26.790922 52.860763
26.790911 52.861212
26.790886 52.862111
26.790874 52.86256
26.790862 52.863009
26.791592 52.863466
26.791579 52.863915
26.791555 52.864814
26.791543 52.865263
26.791531 52.865712
26.792261 52.866169
26.792249 52.866618
26.792224 52.867516
26.792212 52.867966
26.7922 52.868415
26.792188 52.868864
26.792176 52.869313
26.792151 52.870212
26.792881 52.870668
26.793624 52.870676
26.794366 52.870683
26.795109 52.87069
26.796594 52.870705
26.797336 52.870712
26.79809 52.870271
26.798833 52.870278
26.799587 52.869836
26.801072 52.869851
26.801826 52.869409
26.802569 52.869416
26.803299 52.869873
26.80403 52.870329
26.805514 52.870344
26.806269 52.869902
26.807023 52.86946
26.807778 52.869018
26.807048 52.868561
26.807071 52.867663
26.806341 52.867206
26.806353 52.866757
26.805623 52.866301
26.804893 52.865844
26.804917 52.864946
26.804187 52.864489
26.803456 52.864033
26.802726 52.863576
26.801996 52.86312
26.801266 52.862663
26.80129 52.861765
26.80056 52.861308
26.79983 52.860851
26.799099 52.860395
26.798369 52.859938
26.797639 52.859482
26.796921 52.858576
26.796933 52.858127
26.796203 52.85767
26.796216 52.857221
26.796228 52.856772
26.79551 52.855866
26.795522 52.855417
26.795534 52.854967
26.795546 52.854518
26.795559 52.854069
26.795583 52.85317
26.795595 52.852721
26.794865 52.852265
26.794877 52.851815
26.794889 52.851366
26.794913 52.850468
BRUSH(1,0)
REGION 1
167
26.863212 52.791811
26.863224 52.791362
26.863235 52.790913
26.863258 52.790014
26.862528 52.789558
26.86254 52.789109
26.862551 52.788659
26.862563 52.78821
26.861845 52.787305
26.861856 52.786855
26.861868 52.786406
26.861879 52.785957
26.86189 52.785508
26.861913 52.784609
26.861925 52.78416
26.861936 52.783711
26.861948 52.783261
26.861218 52.782805
26.860477 52.782798
26.859736 52.782791
26.858243 52.783227
26.857502 52.78322
26.856761 52.783213
26.85602 52.783206
26.855279 52.783199
26.853797 52.783185
26.853056 52.783178
26.852315 52.783171
26.851575 52.783164
26.850845 52.782708
26.850857 52.782258
26.85088 52.78136
26.850891 52.780911
26.851644 52.780468
26.852396 52.780026
26.85389 52.779591
26.854642 52.779149
26.855394 52.778706
26.855406 52.778257
26.855429 52.777359
26.85544 52.776909
26.854711 52.776453
26.85397 52.776446
26.853229 52.776439
26.852489 52.776432
26.851736 52.776874
26.850995 52.776867
26.849514 52.776853
26.848773 52.776846
26.848021 52.777289
26.84728 52.777282
26.846539 52.777274
26.845057 52.77726
26.844316 52.777253
26.843576 52.777246
26.842835 52.777239
26.842094 52.777232
26.840612 52.777218
26.839871 52.777211
26.83913 52.777204
26.83839 52.777197
26.837649 52.77719
26.836167 52.777176
26.835426 52.777168
26.834685 52.777161
26.833945 52.777154
26.833204 52.777147
26.831722 52.777133
26.830981 52.777126
26.830241 52.777119
26.8295 52.777112
26.828759 52.777104
26.827277 52.77709
26.826537 52.777083
26.825796 52.777076
26.825055 52.777069
26.824314 52.777061
26.822832 52.777047
26.822068 52.777938
26.822056 52.778388
26.821303 52.77883
26.82055 52.779272
26.819798 52.779714
26.819045 52.780156
26.818292 52.780598
26.817528 52.781489
26.816775 52.781931
26.816763 52.78238
26.816751 52.78283
26.815998 52.783272
26.815974 52.78417
26.815962 52.784619
26.815209 52.785061
26.815198 52.785511
26.814433 52.786402
26.814421 52.786851
26.813668 52.787293
26.813656 52.787742
26.812903 52.788184
26.812879 52.789083
26.812126 52.789525
26.812114 52.789974
26.812843 52.79043
26.814337 52.789996
26.815078 52.790003
26.815831 52.789561
26.816572 52.789568
26.817313 52.789575
26.818807 52.789141
26.819548 52.789148
26.820289 52.789155
26.82103 52.789162
26.821772 52.789169
26.823241 52.789633
26.82323 52.790082
26.8247 52.790546
26.825441 52.790553
26.826194 52.790111
26.826947 52.789669
26.827688 52.789676
26.82917 52.78969
26.829923 52.789248
26.830664 52.789255
26.831405 52.789262
26.832134 52.789719
26.833616 52.789733
26.834357 52.78974
26.835098 52.789747
26.835851 52.789305
26.836592 52.789312
26.838086 52.788877
26.838827 52.788884
26.839568 52.788891
26.840309 52.788898
26.84105 52.788906
26.842532 52.78892
26.843273 52.788927
26.844014 52.788934
26.844767 52.788492
26.845508 52.788499
26.84699 52.788513
26.847001 52.788063
26.847754 52.787621
26.847777 52.786723
26.847789 52.786273
26.848541 52.785831
26.849294 52.785389
26.850046 52.784947
26.850787 52.784954
26.851528 52.784961
26.852281 52.784519
26.853751 52.784982
26.85374 52.785431
26.854469 52.785887
26.854446 52.786786
26.855176 52.787242
26.855164 52.787691
26.855893 52.788147
26.856623 52.788604
26.857353 52.78906
26.858082 52.789516
26.858812 52.789972
26.860294 52.789986
26.861023 52.790442
26.861753 52.790899
26.862483 52.791355
26.863212 52.791811
BRUSH(1,0)
REGION 1
18
26.878588 52.858458
26.877857 52.858001
26.877115 52.857995
26.875642 52.857532
26.8749 52.857525
26.874146 52.857967
26.873393 52.85841
26.872639 52.858852
26.872628 52.859301
26.872616 52.85975
26.872593 52.860649
26.874078 52.860663
26.87482 52.860669
26.875574 52.860227
26.876327 52.859785
26.87707 52.859792
26.877823 52.859349
26.878588 52.858458
BRUSH(1,0)
REGION 1
76
26.758039 53.214065
26.758128 53.210921
26.75814 53.210471
26.758965 53.207784
26.758216 53.207776
26.757468 53.207769
26.755971 53.207753
26.755223 53.207746
26.754475 53.207738
26.753727 53.207731
26.752979 53.207723
26.751495 53.207259
26.750759 53.206802
26.750772 53.206353
26.750785 53.205903
26.750798 53.205454
26.751571 53.204563
26.751584 53.204114
26.751597 53.203665
26.751609 53.203216
26.751622 53.202766
26.751648 53.201868
26.750912 53.201411
26.750164 53.201404
26.749403 53.201845
26.748655 53.201838
26.747907 53.20183
26.746411 53.201815
26.745675 53.201358
26.744927 53.20135
26.744179 53.201342
26.743431 53.201335
26.741922 53.201768
26.741909 53.202218
26.741897 53.202667
26.741884 53.203116
26.741858 53.204014
26.741845 53.204464
26.741832 53.204913
26.742568 53.20537
26.742555 53.205819
26.742542 53.206268
26.742516 53.207167
26.742504 53.207616
26.741742 53.208057
26.742478 53.208514
26.742465 53.208963
26.742439 53.209862
26.742427 53.210311
26.742414 53.21076
26.742401 53.211209
26.742388 53.211659
26.742363 53.212557
26.74235 53.213006
26.742337 53.213455
26.742324 53.213905
26.742311 53.214354
26.742286 53.215252
26.742273 53.215701
26.743009 53.216158
26.744505 53.216174
26.745254 53.216181
26.746002 53.216189
26.74675 53.216197
26.747499 53.216204
26.748995 53.21622
26.749756 53.215778
26.750505 53.215786
26.75124 53.216243
26.751989 53.21625
26.753486 53.216266
26.754247 53.215824
26.754995 53.215832
26.755756 53.21539
26.75653 53.214499
26.758039 53.214065
BRUSH(1,0)
REGION 1
104
26.778105 53.19225
26.778118 53.191801
26.777395 53.190895
26.777407 53.190446
26.77742 53.189996
26.777432 53.189547
26.777445 53.189098
26.77747 53.1882
26.77823 53.187758
26.778242 53.187309
26.778255 53.18686
26.778267 53.18641
26.778292 53.185512
26.778304 53.185063
26.778317 53.184614
26.777582 53.184157
26.776086 53.184142
26.775338 53.184134
26.774578 53.184576
26.77383 53.184569
26.773082 53.184561
26.771586 53.184546
26.770839 53.184539
26.770091 53.184531
26.769331 53.184973
26.768583 53.184965
26.767087 53.18495
26.766327 53.185392
26.765579 53.185384
26.764831 53.185377
26.764083 53.185369
26.762588 53.185354
26.76184 53.185346
26.761092 53.185339
26.760331 53.185781
26.759584 53.185773
26.758088 53.185758
26.75734 53.18575
26.756592 53.185743
26.755844 53.185735
26.755097 53.185727
26.753601 53.185712
26.752841 53.186154
26.752092 53.186146
26.751345 53.186138
26.750571 53.187029
26.751307 53.187486
26.751294 53.187935
26.751281 53.188384
26.751268 53.188834
26.751243 53.189732
26.750495 53.189724
26.749747 53.189717
26.748986 53.190158
26.748961 53.191057
26.748948 53.191506
26.748936 53.191955
26.748923 53.192404
26.74891 53.192853
26.748136 53.193744
26.748124 53.194193
26.748111 53.194643
26.748098 53.195092
26.748086 53.195541
26.74806 53.19644
26.749543 53.196904
26.750304 53.196462
26.751052 53.19647
26.751788 53.196927
26.752536 53.196935
26.754031 53.19695
26.75478 53.196957
26.755515 53.197414
26.756263 53.197422
26.757024 53.19698
26.757784 53.196539
26.757797 53.196089
26.75781 53.19564
26.757822 53.195191
26.758596 53.1943
26.758608 53.193851
26.759369 53.193409
26.759381 53.19296
26.76089 53.192526
26.76165 53.192084
26.762386 53.192541
26.763134 53.192549
26.763882 53.192556
26.765378 53.192572
26.766126 53.192579
26.766874 53.192587
26.767622 53.192594
26.768382 53.192153
26.769878 53.192168
26.770626 53.192175
26.771374 53.192183
26.772122 53.19219
26.772857 53.192647
26.774353 53.192662
26.775114 53.19222
26.775861 53.192228
26.77661 53.192235
26.777358 53.192243
26.778105 53.19225
BRUSH(1,0)
REGION 1
97
26.781767 53.168023
26.78102 53.168015
26.780272 53.168008
26.779512 53.168449
26.778005 53.168884
26.777257 53.168876
26.776497 53.169318
26.775737 53.16976
26.775712 53.170658
26.775699 53.171107
26.776435 53.171564
26.776422 53.172013
26.77641 53.172463
26.776385 53.173361
26.776372 53.17381
26.77636 53.174259
26.776347 53.174709
26.777083 53.175165
26.777818 53.175622
26.778565 53.175629
26.779313 53.175637
26.780061 53.175644
26.781556 53.175659
26.782304 53.175667
26.783051 53.175674
26.783787 53.176131
26.785282 53.176146
26.786017 53.176602
26.786765 53.17661
26.787513 53.176617
26.788261 53.176624
26.789756 53.176639
26.790504 53.176647
26.791251 53.176654
26.791974 53.17756
26.791962 53.178009
26.792698 53.178466
26.793433 53.178922
26.794169 53.179379
26.794904 53.179835
26.795627 53.180741
26.796363 53.181198
26.797098 53.181654
26.797086 53.182103
26.797821 53.18256
26.798545 53.183466
26.799281 53.183922
26.799268 53.184372
26.800004 53.184828
26.800739 53.185285
26.801475 53.185741
26.802211 53.186198
26.803706 53.186212
26.804454 53.18622
26.805202 53.186227
26.80595 53.186234
26.806698 53.186242
26.808193 53.186256
26.808206 53.185807
26.807482 53.184901
26.806746 53.184445
26.806758 53.183995
26.806023 53.183539
26.805287 53.183083
26.805312 53.182184
26.804576 53.181728
26.80384 53.181271
26.803853 53.180822
26.803117 53.180365
26.802393 53.17946
26.801658 53.179003
26.800175 53.178539
26.800187 53.17809
26.799452 53.177633
26.798716 53.177177
26.79874 53.176278
26.798005 53.175822
26.79727 53.175365
26.796534 53.174909
26.795799 53.174452
26.795063 53.173996
26.793568 53.173981
26.79282 53.173974
26.792085 53.173517
26.791337 53.17351
26.789842 53.173495
26.789107 53.173038
26.788371 53.172582
26.787636 53.172125
26.786913 53.171219
26.786178 53.170762
26.785443 53.170306
26.784708 53.169849
26.783972 53.169393
26.783237 53.168936
26.783262 53.168038
26.781767 53.168023
BRUSH(1,0)
REGION 1
66
26.529564 52.995384
26.528834 52.994926
26.528864 52.994027
26.528134 52.993569
26.528149 52.99312
26.52742 52.992662
26.527435 52.992212
26.527465 52.991314
26.526735 52.990856
26.52675 52.990407
26.526021 52.989948
26.526036 52.989499
26.525321 52.988592
26.525336 52.988143
26.524607 52.987684
26.523878 52.987226
26.523148 52.986768
26.522404 52.986759
26.52166 52.98675
26.520915 52.986741
26.519412 52.987172
26.518667 52.987163
26.517908 52.987603
26.517149 52.988043
26.516404 52.988034
26.5149 52.988465
26.514156 52.988455
26.513411 52.988446
26.512667 52.988437
26.511908 52.988877
26.511148 52.989317
26.511877 52.989776
26.511862 52.990225
26.512576 52.991132
26.512561 52.991581
26.51329 52.99204
26.513275 52.992489
26.514005 52.992947
26.513974 52.993846
26.514704 52.994304
26.515433 52.994762
26.515418 52.995211
26.516147 52.99567
26.516117 52.996568
26.516847 52.997026
26.516832 52.997476
26.517561 52.997934
26.517546 52.998383
26.51826 52.999291
26.518245 52.99974
26.518975 53.000198
26.51896 53.000647
26.519689 53.001105
26.521178 53.001124
26.521923 53.001133
26.522668 53.001142
26.523442 53.000252
26.523457 52.999803
26.524961 52.999372
26.525721 52.998932
26.526496 52.998043
26.52651 52.997593
26.52727 52.997153
26.52803 52.996713
26.528789 52.996273
26.529564 52.995384
BRUSH(1,0)
REGION 1
45
26.864351 53.2133
26.864362 53.21285
26.864385 53.211952
26.864397 53.211503
26.864408 53.211054
26.86442 53.210604
26.864432 53.210155
26.864455 53.209257
26.864466 53.208807
26.864478 53.208358
26.864489 53.207909
26.863752 53.207453
26.863004 53.207446
26.862256 53.207439
26.86076 53.207425
26.860011 53.207418
26.859263 53.207411
26.858503 53.207853
26.857755 53.207847
26.856258 53.207833
26.85551 53.207826
26.854762 53.207819
26.854014 53.207812
26.854002 53.208261
26.853979 53.209159
26.853967 53.209608
26.853956 53.210058
26.853944 53.210507
26.853932 53.210956
26.853909 53.211855
26.853897 53.212304
26.853886 53.212753
26.853874 53.213202
26.854611 53.213658
26.855347 53.214115
26.856096 53.214122
26.856844 53.214129
26.858352 53.213693
26.859101 53.2137
26.859849 53.213707
26.860597 53.213714
26.861346 53.213721
26.862094 53.213728
26.863602 53.213293
26.864351 53.2133
BRUSH(1,0)
REGION 1
83
27.577307 52.839474
27.578057 52.838578
27.578061 52.838129
27.578069 52.83723
27.578073 52.836781
27.578077 52.836331
27.578081 52.835882
27.578085 52.835433
27.578093 52.834534
27.577356 52.834083
27.57736 52.833633
27.577364 52.833184
27.576626 52.832732
27.576634 52.831834
27.576638 52.831384
27.575901 52.830933
27.575905 52.830483
27.575909 52.830034
27.575175 52.829133
27.575179 52.828684
27.574442 52.828232
27.573704 52.82778
27.572966 52.827329
27.572229 52.826877
27.571491 52.826425
27.570008 52.82642
27.569266 52.826417
27.568524 52.826415
27.567783 52.826412
27.567041 52.82641
27.565557 52.826405
27.564811 52.826852
27.56407 52.826849
27.563328 52.826846
27.562582 52.827293
27.561099 52.827288
27.560357 52.827285
27.559615 52.827283
27.558869 52.827729
27.558123 52.828176
27.557381 52.828174
27.555893 52.828618
27.555885 52.829516
27.555139 52.829963
27.555134 52.830412
27.554388 52.830859
27.554384 52.831308
27.554375 52.832207
27.553629 52.832653
27.553625 52.833103
27.55362 52.833552
27.554358 52.834004
27.554349 52.834902
27.555087 52.835354
27.555083 52.835804
27.55582 52.836255
27.556558 52.836707
27.5573 52.83671
27.558041 52.836713
27.559525 52.836718
27.560267 52.83672
27.561014 52.836274
27.561756 52.836276
27.562497 52.836279
27.563985 52.835835
27.564727 52.835837
27.565469 52.83584
27.566215 52.835393
27.566961 52.834946
27.568445 52.834951
27.569191 52.834504
27.569933 52.834507
27.570675 52.83451
27.571413 52.834961
27.57215 52.835413
27.572884 52.836314
27.573622 52.836766
27.573618 52.837215
27.574356 52.837667
27.575093 52.838119
27.575831 52.838571
27.576569 52.839022
27.577307 52.839474
BRUSH(1,0)
REGION 1
76
27.650105 53.332096
27.650859 53.331648
27.650866 53.33075
27.650869 53.330301
27.651623 53.329854
27.651626 53.329404
27.652379 53.328957
27.652386 53.328058
27.65314 53.327611
27.653143 53.327162
27.653147 53.326713
27.6539 53.326265
27.653907 53.325367
27.65391 53.324918
27.654664 53.32447
27.655417 53.324023
27.656171 53.323576
27.656928 53.322679
27.657681 53.322232
27.658435 53.321785
27.659188 53.321337
27.660692 53.320892
27.661446 53.320445
27.662199 53.319997
27.662949 53.319999
27.663703 53.319552
27.664456 53.319105
27.665213 53.318208
27.665966 53.317761
27.666719 53.317313
27.667473 53.316866
27.668226 53.316419
27.668232 53.31552
27.668986 53.315073
27.668989 53.314623
27.669742 53.314176
27.670495 53.313729
27.671249 53.313281
27.671999 53.313283
27.672749 53.313285
27.674249 53.313289
27.674996 53.31374
27.675747 53.313742
27.676497 53.313743
27.677244 53.314195
27.678744 53.314198
27.679494 53.3142
27.680247 53.313752
27.681766 53.311061
27.681016 53.311059
27.672774 53.309691
27.670508 53.311932
27.670511 53.311482
27.657778 53.308755
27.657025 53.309202
27.654759 53.311442
27.655499 53.312792
27.652475 53.315929
27.651728 53.315478
27.646487 53.314116
27.646484 53.314565
27.644216 53.316805
27.644963 53.317257
27.650942 53.320417
27.624682 53.320345
27.623925 53.321241
27.623863 53.328879
27.610352 53.329288
27.60884 53.330631
27.608829 53.331979
27.609579 53.331981
27.624589 53.332025
27.62684 53.332032
27.641099 53.332072
27.64185 53.332074
27.650105 53.332096
BRUSH(1,0)
REGION 1
89
27.030516 53.316265
27.030526 53.315816
27.031296 53.314923
27.032055 53.31448
27.032815 53.314036
27.032825 53.313587
27.033585 53.313144
27.034355 53.312251
27.035115 53.311808
27.035874 53.311364
27.035884 53.310915
27.036644 53.310472
27.036663 53.309573
27.037423 53.30913
27.038183 53.308687
27.038193 53.308237
27.038953 53.307794
27.039722 53.306901
27.039732 53.306452
27.040492 53.306009
27.040501 53.305559
27.041261 53.305116
27.04128 53.304218
27.04129 53.303768
27.0413 53.303319
27.04056 53.302864
27.040569 53.302415
27.039839 53.301511
27.038339 53.301499
27.037599 53.301044
27.036859 53.300589
27.036109 53.300583
27.035359 53.300577
27.033859 53.300565
27.03311 53.30056
27.03236 53.300554
27.031609 53.300548
27.03087 53.300093
27.02937 53.300081
27.02862 53.300075
27.02787 53.300069
27.02713 53.299614
27.02639 53.299159
27.02565 53.298704
27.02491 53.298249
27.02417 53.297793
27.02341 53.298237
27.021901 53.298674
27.021141 53.299117
27.020381 53.299561
27.019621 53.300004
27.019611 53.300453
27.018842 53.301346
27.017332 53.301783
27.017322 53.302232
27.016562 53.302675
27.016552 53.303125
27.017282 53.304029
27.017272 53.304478
27.017262 53.304927
27.018002 53.305383
27.017992 53.305832
27.017972 53.30673
27.017962 53.30718
27.017952 53.307629
27.017942 53.308078
27.017933 53.308527
27.017163 53.30942
27.017153 53.309869
27.017142 53.310318
27.016383 53.310761
27.016372 53.311211
27.016353 53.312109
27.017093 53.312564
27.017833 53.313019
27.018583 53.313025
27.019333 53.313031
27.020833 53.313043
27.021583 53.313049
27.022334 53.313055
27.023074 53.31351
27.023824 53.313516
27.025324 53.313528
27.026074 53.313534
27.026814 53.313989
27.027545 53.314893
27.028285 53.315349
27.029776 53.31581
27.030516 53.316265
BRUSH(1,0)
REGION 1
8
27.391375 53.317652
27.390631 53.317199
27.378676 53.313546
27.377914 53.314441
27.372576 53.320704
27.375564 53.321618
27.385275 53.32481
27.391375 53.317652
BRUSH(1,0)
REGION 1
10
27.487393 53.318974
27.486633 53.31987
27.481315 53.325689
27.482811 53.326144
27.487298 53.32751
27.488053 53.327064
27.491085 53.32438
27.49184 53.323934
27.493361 53.322143
27.487393 53.318974
BRUSH(1,0)
REGION 1
83
27.722914 53.067653
27.722917 53.067204
27.72292 53.066755
27.722922 53.066305
27.722925 53.065856
27.722927 53.065407
27.722187 53.064507
27.722189 53.064057
27.722192 53.063608
27.722194 53.063159
27.722197 53.06271
27.722202 53.061811
27.721459 53.06136
27.721461 53.060911
27.721464 53.060462
27.720721 53.060011
27.720726 53.059112
27.720729 53.058663
27.720731 53.058214
27.719988 53.057763
27.719991 53.057314
27.719996 53.056415
27.719999 53.055966
27.720001 53.055517
27.719258 53.055066
27.719261 53.054617
27.719266 53.053718
27.718523 53.053267
27.718525 53.052818
27.718528 53.052369
27.717785 53.051918
27.717045 53.051018
27.716299 53.051016
27.714808 53.051013
27.714065 53.050562
27.713319 53.050561
27.712576 53.05011
27.711831 53.050108
27.71034 53.050105
27.709597 53.049654
27.708852 53.049652
27.708108 53.049201
27.707363 53.0492
27.706617 53.049198
27.705129 53.048746
27.704384 53.048744
27.703641 53.048293
27.702895 53.048291
27.702153 53.04784
27.700662 53.047837
27.699913 53.048285
27.699907 53.049183
27.699905 53.049632
27.699156 53.05008
27.699153 53.050529
27.698405 53.050977
27.697654 53.051874
27.696905 53.052321
27.696157 53.052769
27.695408 53.053216
27.69466 53.053664
27.693912 53.054111
27.693163 53.054559
27.692411 53.055456
27.691663 53.055903
27.690169 53.056349
27.68942 53.056796
27.688672 53.057244
27.687923 53.057691
27.687177 53.05769
27.686429 53.058137
27.684937 53.058134
27.684189 53.058581
27.683443 53.058579
27.682694 53.059027
27.681945 53.059474
27.681197 53.059922
27.682688 53.059925
27.69088 53.061742
27.692371 53.061745
27.706522 53.064922
27.708011 53.065375
27.722914 53.067653
BRUSH(1,0)
REGION 1
60
27.823317 52.933937
27.823319 52.933488
27.824064 52.933039
27.824067 52.932141
27.824068 52.931692
27.824813 52.931243
27.824815 52.930794
27.824817 52.930345
27.825563 52.929447
27.825564 52.928998
27.825566 52.928548
27.824824 52.928098
27.824826 52.927649
27.824828 52.92675
27.824086 52.9263
27.823345 52.92585
27.822603 52.9254
27.822604 52.924951
27.822608 52.924052
27.822609 52.923603
27.823354 52.923154
27.823355 52.922705
27.8241 52.922257
27.825587 52.922259
27.826332 52.92181
27.826334 52.921361
27.825592 52.920911
27.82485 52.920461
27.824108 52.920011
27.823366 52.91956
27.822624 52.91911
27.821884 52.918211
27.821142 52.91776
27.820399 52.917759
27.819656 52.917759
27.818911 52.918207
27.818168 52.918206
27.816681 52.918204
27.815938 52.918203
27.815194 52.918202
27.814451 52.918201
27.813708 52.9182
27.812223 52.917749
27.81148 52.917748
27.810736 52.917747
27.809995 52.917296
27.809252 52.917295
27.807767 52.916844
27.807023 52.916843
27.80628 52.916842
27.805539 52.916392
27.804795 52.916391
27.803309 52.916389
27.802565 52.916388
27.801824 52.915937
27.801081 52.915936
27.800337 52.915935
27.796561 52.930756
27.796559 52.931205
27.823317 52.933937
BRUSH(1,0)
REGION 1
67
27.124338 52.819129
27.124347 52.818679
27.124356 52.81823
27.125106 52.817786
27.125865 52.816893
27.126615 52.816449
27.126624 52.816
27.126633 52.81555
27.126642 52.815101
27.126659 52.814203
27.125926 52.813748
27.125193 52.813293
27.124461 52.812839
27.123728 52.812384
27.123004 52.811481
27.123013 52.811031
27.12228 52.810577
27.121547 52.810122
27.120815 52.809668
27.120091 52.808764
27.119358 52.808309
27.119367 52.80786
27.118634 52.807405
27.117902 52.806951
27.117178 52.806047
27.116437 52.806041
27.114954 52.806031
27.114204 52.806475
27.113454 52.806918
27.112703 52.807362
27.111962 52.807357
27.110461 52.808245
27.109711 52.808689
27.108961 52.809133
27.108211 52.809576
27.10746 52.81002
27.107451 52.810469
27.106692 52.811363
27.106683 52.811812
27.106674 52.812261
27.106665 52.81271
27.105915 52.813154
27.105897 52.814053
27.105888 52.814502
27.10662 52.814957
27.107353 52.815411
27.108086 52.815866
27.108809 52.81677
27.109542 52.817225
27.110275 52.817679
27.111007 52.818134
27.11174 52.818589
27.113214 52.819049
27.113938 52.819953
27.114671 52.820407
27.115412 52.820413
27.116145 52.820867
27.116896 52.820423
27.117646 52.819979
27.118405 52.819086
27.119147 52.819091
27.119897 52.818647
27.12138 52.818658
27.122122 52.818664
27.122864 52.818669
27.123597 52.819123
27.124338 52.819129
BRUSH(1,0)
REGION 1
70
27.025622 52.788276
27.025632 52.787827
27.026383 52.787384
27.026392 52.786934
27.025661 52.786479
27.025681 52.785581
27.02569 52.785131
27.024959 52.784676
27.024228 52.784221
27.023497 52.783766
27.022766 52.783311
27.022044 52.782406
27.021303 52.7824
27.020582 52.781496
27.019841 52.78149
27.018369 52.781029
27.017638 52.780574
27.016907 52.780118
27.016166 52.780112
27.015415 52.780556
27.013923 52.780993
27.013182 52.780987
27.012442 52.780981
27.011691 52.781424
27.01094 52.781867
27.01092 52.782766
27.01091 52.783215
27.0109 52.783664
27.01089 52.784114
27.01088 52.784563
27.011602 52.785467
27.011592 52.785917
27.010841 52.78636
27.010831 52.786809
27.010821 52.787259
27.010801 52.788157
27.010791 52.788606
27.010781 52.789056
27.010772 52.789505
27.011503 52.78996
27.011483 52.790859
27.011473 52.791308
27.011463 52.791757
27.011453 52.792206
27.011443 52.792656
27.011423 52.793554
27.012906 52.793566
27.013647 52.793572
27.014388 52.793578
27.015129 52.793584
27.01587 52.79359
27.016621 52.793147
27.016631 52.792698
27.016641 52.792248
27.01666 52.79135
27.016671 52.7909
27.01668 52.790451
27.01669 52.790002
27.0167 52.789553
27.016719 52.788654
27.017461 52.78866
27.018202 52.788666
27.019684 52.788678
27.020425 52.788684
27.021176 52.788241
27.021917 52.788247
27.022648 52.788702
27.02414 52.788264
27.024881 52.78827
27.025622 52.788276
BRUSH(1,0)
REGION 1
9
27.21109 52.735693
27.211838 52.735249
27.228383 52.720077
27.227651 52.719623
27.223242 52.717798
27.222487 52.718692
27.205217 52.732959
27.205949 52.733413
27.21109 52.735693
BRUSH(1,0)
REGION 1
14
27.65382 52.726033
27.653827 52.725134
27.654613 52.718846
27.653876 52.718395
27.653156 52.715697
27.652416 52.715695
27.646501 52.715229
27.646514 52.713432
27.646518 52.712983
27.645041 52.71253
27.644295 52.713426
27.641226 52.727795
27.641966 52.727797
27.65382 52.726033
BRUSH(1,0)
REGION 1
73
27.438941 52.687066
27.438202 52.687063
27.436723 52.687056
27.435989 52.686603
27.43525 52.6866
27.434516 52.686147
27.433777 52.686144
27.432303 52.685688
27.431569 52.685235
27.43083 52.685232
27.430097 52.684779
27.429357 52.684776
27.427884 52.68432
27.427145 52.684316
27.426406 52.684313
27.425666 52.684309
27.424921 52.684755
27.423437 52.685198
27.422692 52.685644
27.421947 52.686089
27.421941 52.686539
27.421196 52.686985
27.420445 52.68788
27.418961 52.688322
27.418222 52.688319
27.417488 52.687866
27.416754 52.687413
27.41676 52.686964
27.415287 52.686508
27.414553 52.686055
27.413825 52.685153
27.413831 52.684703
27.413098 52.684251
27.412364 52.683798
27.41163 52.683345
27.411637 52.682896
27.408714 52.680186
27.407969 52.680632
27.402031 52.6824
27.402759 52.683303
27.416657 52.695051
27.417402 52.694605
27.418153 52.69371
27.418898 52.693264
27.419643 52.692818
27.421122 52.692825
27.421867 52.69238
27.422613 52.691934
27.423352 52.691937
27.424092 52.691941
27.42557 52.691947
27.426304 52.6924
27.427044 52.692404
27.427778 52.692856
27.428511 52.693309
27.429996 52.692866
27.430735 52.69287
27.431475 52.692873
27.43222 52.692427
27.432959 52.692431
27.434438 52.692437
27.435172 52.69289
27.435917 52.692444
27.435923 52.691995
27.435934 52.691096
27.435939 52.690647
27.436684 52.690201
27.437429 52.689755
27.437435 52.689306
27.438185 52.688411
27.438191 52.687961
27.438196 52.687512
27.438941 52.687066
BRUSH(1,0)
REGION 1
54
27.284798 52.943728
27.284805 52.943279
27.284819 52.94238
27.28557 52.941935
27.285577 52.941486
27.286328 52.941041
27.287079 52.940596
27.287093 52.939697
27.287844 52.939252
27.287851 52.938803
27.288602 52.938358
27.288608 52.937909
27.289366 52.937015
27.289373 52.936565
27.28938 52.936116
27.288637 52.936112
27.287893 52.936108
27.287142 52.936553
27.286399 52.936548
27.285655 52.936544
27.284161 52.936985
27.283417 52.93698
27.282674 52.936976
27.281923 52.937421
27.281179 52.937417
27.279692 52.937408
27.278941 52.937853
27.278198 52.937849
27.277454 52.937844
27.276703 52.938289
27.275216 52.938281
27.274465 52.938725
27.273714 52.93917
27.272964 52.939615
27.271469 52.940056
27.271462 52.940505
27.270711 52.94095
27.270696 52.941848
27.27144 52.941853
27.272927 52.941862
27.273664 52.942315
27.274407 52.94232
27.275144 52.942773
27.275887 52.942777
27.277375 52.942786
27.278119 52.942791
27.278855 52.943244
27.279599 52.943248
27.281087 52.943257
27.28183 52.943261
27.282574 52.943266
27.28331 52.943719
27.284054 52.943724
27.284798 52.943728
BRUSH(1,0)
REGION 1
7
28.010961 53.21211
28.007967 53.212111
28.004225 53.212113
28.004226 53.212562
28.006472 53.213909
28.009466 53.213908
28.010961 53.21211
BRUSH(1,0)
REGION 1
8
28.010956 53.207169
28.013949 53.207617
28.015446 53.207167
28.016192 53.205819
28.011702 53.204922
28.010206 53.205821
28.010207 53.20672
28.010956 53.207169
BRUSH(1,0)
REGION 1
7
28.060279 53.17794
28.043081 53.177952
28.043085 53.180198
28.047585 53.187383
28.059551 53.187375
28.060281 53.178838
28.060279 53.17794
BRUSH(1,0)
REGION 1
12
28.302693 53.099788
28.311614 53.09527
28.314588 53.093914
28.307833 53.088992
28.307087 53.088994
28.305608 53.090795
28.302637 53.0926
28.299652 53.092609
28.297413 53.092615
28.297424 53.093963
28.30044 53.097997
28.302693 53.099788
BRUSH(1,0)
REGION 1
9
28.20918 53.061378
28.210671 53.061375
28.211412 53.060475
28.210659 53.059129
28.209163 53.058234
28.207671 53.058237
28.206931 53.059136
28.207686 53.060932
28.20918 53.061378
BRUSH(1,0)
REGION 1
7
28.16745 53.068194
28.171182 53.068637
28.172669 53.067736
28.17266 53.065939
28.171165 53.065043
28.168934 53.066394
28.16745 53.068194
BRUSH(1,0)
REGION 1
10
28.183703 53.036718
28.181467 53.036722
28.179978 53.037174
28.17924 53.038523
28.180735 53.039419
28.182971 53.039415
28.184459 53.038963
28.185198 53.037614
28.185196 53.037165
28.183703 53.036718
BRUSH(1,0)
REGION 1
8
28.366228 53.028613
28.364025 53.032214
28.369258 53.033994
28.370003 53.033991
28.371486 53.033088
28.372964 53.031735
28.374441 53.030382
28.366228 53.028613
BRUSH(1,0)
REGION 1
9
28.228359 52.900956
28.229842 52.900503
28.229834 52.899155
28.227597 52.897812
28.226109 52.897366
28.224628 52.898268
28.223891 52.899168
28.223896 52.900067
28.228359 52.900956
BRUSH(1,0)
REGION 1
11
28.331455 52.879573
28.337369 52.87641
28.336611 52.874616
28.338077 52.872365
28.330649 52.871938
28.331376 52.870139
28.324695 52.870159
28.324 52.876001
28.324021 52.878697
28.329223 52.879131
28.331455 52.879573
BRUSH(1,0)
REGION 1
8
28.214019 52.726671
28.229556 52.72619
28.228068 52.724845
28.225838 52.723053
28.221365 52.717221
28.210263 52.716346
28.212507 52.720834
28.214019 52.726671
BRUSH(1,0)
REGION 1
8
27.869808 52.462233
27.866138 52.459084
27.844056 52.464453
27.847719 52.4694
27.852137 52.468056
27.856548 52.469409
27.873476 52.466729
27.869808 52.462233
BRUSH(1,0)
REGION 1
4
27.875489 52.423328
27.876149 52.423149
27.875784 52.423149
27.875489 52.423328
BRUSH(1,0)
REGION 1
27
27.256344 52.549503
27.250507 52.545873
27.243934 52.542237
27.238054 52.541302
27.235106 52.541284
27.233625 52.541724
27.23288 52.542168
27.234309 52.544874
27.237226 52.546689
27.238662 52.548945
27.240137 52.548954
27.241581 52.55076
27.241573 52.55121
27.240084 52.552099
27.240076 52.552548
27.245191 52.555276
27.245921 52.55573
27.246658 52.555734
27.24741 52.55484
27.249614 52.555303
27.255489 52.556687
27.259168 52.557159
27.262131 52.556278
27.262882 52.555384
27.262175 52.553582
27.258533 52.550864
27.256344 52.549503
BRUSH(1,0)
REGION 1
9
28.453782 52.659452
28.447886 52.660824
28.440483 52.659505
28.439024 52.661308
28.439043 52.663105
28.439802 52.664899
28.449402 52.664412
28.457531 52.664379
28.453782 52.659452
BRUSH(1,0)
REGION 1
98
28.484555 53.999788
28.482251 53.99845
28.481483 53.998005
28.482223 53.996205
28.486745 53.992142
28.493582 53.990315
28.496625 53.989853
28.496619 53.989403
28.49584 53.988059
28.493547 53.987621
28.490499 53.987634
28.485186 53.989454
28.482132 53.989018
28.480608 53.989025
28.479084 53.989032
28.476864 53.994431
28.452493 53.996331
28.448724 53.999939
28.447221 54.001742
28.446463 54.002194
28.445701 54.002198
28.441894 54.002662
28.440369 54.002668
28.439607 54.002671
28.438849 54.003124
28.43734 54.004477
28.435063 54.005385
28.434306 54.005837
28.433548 54.006289
28.432791 54.006741
28.432034 54.007193
28.432044 54.008091
28.431292 54.008993
28.431297 54.009442
28.432075 54.010786
28.432853 54.012131
28.433631 54.013475
28.434398 54.013921
28.435171 54.014817
28.435954 54.01661
28.436727 54.017505
28.436733 54.017955
28.436743 54.018853
28.436748 54.019302
28.43599 54.019754
28.435996 54.020203
28.436764 54.020649
28.438289 54.020643
28.439052 54.02064
28.440572 54.020185
28.442855 54.019727
28.443612 54.019274
28.442823 54.017032
28.442813 54.016133
28.442045 54.015687
28.44203 54.01434
28.442009 54.012543
28.442766 54.012091
28.444291 54.012085
28.445817 54.012079
28.447336 54.011624
28.450381 54.011162
28.451144 54.011159
28.453426 54.0107
28.454946 54.010245
28.455709 54.010242
28.456471 54.010238
28.457228 54.009786
28.459516 54.009777
28.460278 54.009773
28.461809 54.010216
28.462571 54.010213
28.464102 54.010656
28.46487 54.011102
28.466384 54.010197
28.467141 54.009745
28.469418 54.008837
28.470937 54.008381
28.471694 54.007929
28.472446 54.007027
28.472435 54.006129
28.473954 54.005673
28.474717 54.00567
28.478523 54.005204
28.480048 54.005197
28.481567 54.004742
28.483092 54.004735
28.48386 54.005181
28.484623 54.005178
28.485391 54.005623
28.486933 54.006964
28.48922 54.006954
28.489977 54.006502
28.489971 54.006052
28.48996 54.005154
28.490705 54.003803
28.491456 54.002902
28.484555 53.999788
BRUSH(1,0)
REGION 1
6
27.088017 53.678178
27.095163 53.680395
27.10941 53.677827
27.111355 53.674086
27.092022 53.670492
27.088017 53.678178
BRUSH(1,0)
REGION 2
32
27.30559 52.646024
27.291891 52.656344
27.232952 52.704517
27.250643 52.710358
27.2557 52.70638
27.253022 52.703448
27.260025 52.701523
27.267537 52.704004
27.277169 52.697223
27.285899 52.700875
27.280608 52.705443
27.296135 52.712457
27.289166 52.719379
27.294985 52.721275
27.292581 52.723632
27.304952 52.727861
27.320432 52.726792
27.324037 52.723403
27.314322 52.718434
27.320343 52.714598
27.329306 52.716189
27.34014 52.709253
27.349327 52.708639
27.350131 52.688215
27.353976 52.685265
27.335055 52.677092
27.339128 52.672379
27.332577 52.669019
27.338581 52.664153
27.319918 52.656418
27.323033 52.65303
27.30559 52.646024
13
27.318193 52.685072
27.329351 52.690037
27.324062 52.694019
27.320667 52.692853
27.315378 52.697127
27.308588 52.694501
27.304011 52.69701
27.299159 52.694672
27.302765 52.691577
27.29718 52.688212
27.30223 52.684233
27.313141 52.688612
27.318193 52.685072
BRUSH(1,0)
REGION 1
26
27.552332 52.836354
27.552589 52.836883
27.57063 52.837026
27.57289 52.83747
27.57345 52.841943
27.5887 52.839441
27.5811 52.823776
27.580448 52.821806
27.581063 52.820969
27.585348 52.823072
27.592396 52.825616
27.597551 52.827107
27.604862 52.830484
27.605853 52.82972
27.606708 52.828199
27.608143 52.823337
27.610287 52.815437
27.599854 52.812455
27.587136 52.807057
27.574549 52.801809
27.560714 52.796565
27.559359 52.798316
27.556909 52.802424
27.554491 52.809187
27.553532 52.812529
27.552332 52.836354
BRUSH(1,0)
REGION 1
13
27.519119 52.873054
27.527634 52.868002
27.518353 52.857141
27.519062 52.856222
27.527311 52.853264
27.527161 52.852785
27.470335 52.853765
27.470431 52.862704
27.48513 52.862645
27.487251 52.859017
27.500151 52.859312
27.504368 52.862652
27.519119 52.873054
BRUSH(1,0)
REGION 1
29
27.542135 52.869437
27.557842 52.869559
27.571481 52.859308
27.598301 52.871458
27.61065 52.861745
27.592805 52.852331
27.591034 52.852389
27.588463 52.852743
27.584682 52.852956
27.582274 52.853553
27.579054 52.853569
27.55765 52.854549
27.557439 52.856987
27.556731 52.858257
27.555298 52.859531
27.553456 52.860319
27.549357 52.860923
27.545897 52.861183
27.544126 52.86124
27.543004 52.861635
27.541964 52.862176
27.541891 52.86281
27.542467 52.863782
27.542719 52.864609
27.542493 52.865829
27.541622 52.867051
27.541311 52.86793
27.541403 52.868855
27.542135 52.869437
BRUSH(1,0)
REGION 1
16
27.543368 53.7867
27.563399 53.792162
27.580683 53.78274
27.577618 53.77807
27.58745 53.769217
27.581821 53.767491
27.587713 53.760844
27.580503 53.758751
27.57064 53.766835
27.568847 53.766962
27.565451 53.766624
27.553068 53.7655
27.552304 53.768103
27.549429 53.777099
27.546114 53.783023
27.543368 53.7867
BRUSH(1,0)
REGION 1
19
28.583146 54.249804
28.588096 54.250534
28.590003 54.242756
28.589928 54.236397
28.589988 54.233514
28.592163 54.228317
28.599928 54.218573
28.602822 54.21446
28.603569 54.211866
28.594716 54.202144
28.5866 54.207121
28.581887 54.21245
28.57665 54.221862
28.569206 54.231301
28.569085 54.232595
28.571866 54.234348
28.580104 54.236824
28.582122 54.240773
28.583146 54.249804
BRUSH(1,0)
REGION 1
14
26.706957 54.205033
26.761532 54.211056
26.767409 54.199034
26.755803 54.197195
26.763414 54.186652
26.743302 54.18366
26.735528 54.188751
26.729341 54.187602
26.72957 54.182154
26.719898 54.181337
26.686347 54.19045
26.68689 54.19556
26.706815 54.197767
26.706957 54.205033
BRUSH(1,0)
REGION 1
10
28.480673 53.711983
28.490968 53.711999
28.493071 53.702992
28.496888 53.701364
28.495053 53.697435
28.503715 53.69589
28.500827 53.688925
28.482297 53.690329
28.47848 53.697785
28.480673 53.711983
BRUSH(1,0)
REGION 1
18
27.635993 53.336901
27.640966 53.343411
27.657705 53.341103
27.674248 53.338909
27.682992 53.336875
27.687074 53.336034
27.689882 53.328781
27.67706 53.319399
27.676048 53.317071
27.692234 53.317445
27.693558 53.314986
27.673382 53.308681
27.656703 53.314027
27.659183 53.323118
27.647761 53.328434
27.653075 53.331673
27.650418 53.336473
27.635993 53.336901
BRUSH(1,0)
REGION 1
16
28.559494 53.664199
28.555895 53.674137
28.555503 53.67426
28.57443 53.676603
28.579831 53.672529
28.595745 53.673848
28.591673 53.681557
28.604811 53.682794
28.616102 53.677226
28.629996 53.677508
28.631165 53.67184
28.619795 53.664929
28.606512 53.670172
28.595562 53.669023
28.591809 53.664127
28.559494 53.664199
BRUSH(1,0)
REGION 1
19
29.198709 53.735339
29.195033 53.746676
29.171211 53.751251
29.163067 53.743808
29.15334 53.735703
29.134442 53.737881
29.135989 53.745444
29.156818 53.750591
29.161742 53.755792
29.170584 53.769203
29.181714 53.7667
29.204122 53.772041
29.211214 53.76662
29.211639 53.759942
29.224436 53.759705
29.225381 53.755547
29.218644 53.752912
29.219722 53.736561
29.198709 53.735339
BRUSH(1,0)
REGION 1
53
28.045801 54.527511
28.078944 54.541752
28.072092 54.546101
28.077475 54.548197
28.082757 54.546483
28.093114 54.550678
28.101519 54.543216
28.101333 54.536309
28.114056 54.537146
28.128558 54.528197
28.1354 54.523844
28.138161 54.520007
28.140728 54.509262
28.140958 54.502827
28.144615 54.50184
28.147595 54.491329
28.15807 54.485512
28.163321 54.483079
28.168093 54.478268
28.163821 54.471877
28.162459 54.467125
28.164818 54.463767
28.171564 54.456555
28.176237 54.44841
28.155454 54.450754
28.150114 54.449852
28.142211 54.459695
28.145602 54.463951
28.128816 54.478165
28.123467 54.477024
28.117793 54.478982
28.114222 54.483065
28.105677 54.484811
28.100455 54.488432
28.099758 54.492965
28.097009 54.497278
28.094566 54.497777
28.090475 54.497814
28.083531 54.498353
28.082807 54.501933
28.083311 54.505502
28.079702 54.508393
28.071522 54.508704
28.066611 54.508747
28.062536 54.509498
28.060954 54.511656
28.065897 54.512803
28.068372 54.513496
28.068428 54.51564
28.06354 54.516636
28.059018 54.515961
28.051637 54.515549
28.045801 54.527511
BRUSH(1,0)
REGION 1
19
27.896864 52.42495
27.881866 52.428858
27.877774 52.423738
27.837188 52.434604
27.835373 52.432448
27.816405 52.438002
27.761353 52.434846
27.757044 52.442192
27.767046 52.456223
27.776306 52.45291
27.781726 52.458295
27.77476 52.465931
27.793998 52.474477
27.812569 52.470556
27.833785 52.465801
27.883976 52.445648
27.880736 52.438896
27.896115 52.431733
27.896864 52.42495
BRUSH(1,0)
REGION 1
30
27.769742 53.484494
27.776588 53.494776
27.770449 53.505142
27.772483 53.507115
27.777559 53.511451
27.776607 53.514038
27.767373 53.519261
27.756818 53.525286
27.747091 53.521772
27.745883 53.547794
27.749318 53.553531
27.751312 53.553121
27.761864 53.546502
27.770105 53.541286
27.774137 53.543047
27.780398 53.539035
27.787335 53.535613
27.779933 53.531889
27.795425 53.522652
27.798926 53.513891
27.818515 53.510383
27.819407 53.504817
27.807047 53.502915
27.806418 53.504905
27.779785 53.505677
27.779603 53.49575
27.789863 53.492306
27.790395 53.485154
27.776985 53.480079
27.769742 53.484494
BRUSH(1,0)
REGION 1
16
26.765156 53.189964
26.752091 53.190427
26.726153 53.203773
26.723416 53.206055
26.723669 53.208998
26.717929 53.21258
26.719222 53.223043
26.712894 53.232671
26.720241 53.233833
26.728686 53.233689
26.746148 53.228988
26.747529 53.225722
26.750627 53.20824
26.754467 53.203181
26.769213 53.194548
26.765156 53.189964
BRUSH(1,0)
REGION 1
169
23.746933 51.670386
23.746975 51.669938
23.747017 51.669489
23.74778 51.669067
23.747864 51.66817
23.747905 51.667722
23.748668 51.6673
23.74871 51.666851
23.749473 51.666429
23.749557 51.665532
23.749599 51.665084
23.750362 51.664662
23.750404 51.664213
23.751208 51.663343
23.75125 51.662894
23.752013 51.662472
23.752055 51.662024
23.75286 51.661153
23.752902 51.660705
23.75218 51.660679
23.75146 51.660653
23.750697 51.661075
23.749255 51.661023
23.748534 51.660997
23.747771 51.661419
23.74705 51.661393
23.746329 51.661367
23.744888 51.661315
23.744209 51.66084
23.743488 51.660814
23.742809 51.66034
23.742088 51.660314
23.740646 51.660261
23.739967 51.659787
23.739246 51.659761
23.738567 51.659286
23.737126 51.659234
23.736447 51.65876
23.735726 51.658733
23.735005 51.658707
23.733606 51.658207
23.732843 51.658629
23.732079 51.659051
23.731317 51.659473
23.730554 51.659895
23.729749 51.660766
23.728986 51.661188
23.728223 51.66161
23.72746 51.662032
23.726655 51.662903
23.725891 51.663325
23.725128 51.663747
23.724365 51.664169
23.72356 51.66504
23.722797 51.665462
23.722034 51.665884
23.721271 51.666306
23.72055 51.66628
23.719787 51.666702
23.719023 51.667124
23.718218 51.667995
23.717455 51.668417
23.716692 51.668839
23.715928 51.669261
23.715165 51.669683
23.714402 51.670105
23.713638 51.670527
23.712917 51.670501
23.711475 51.670448
23.710712 51.67087
23.709991 51.670844
23.709228 51.671266
23.708464 51.671688
23.709143 51.672163
23.709822 51.672637
23.711222 51.673138
23.711943 51.673164
23.712621 51.673639
23.7133 51.674114
23.7147 51.674614
23.715422 51.674641
23.7161 51.675115
23.716821 51.675142
23.718221 51.675642
23.7189 51.676117
23.719579 51.676592
23.720258 51.677066
23.7217 51.677119
23.722379 51.677593
23.723058 51.678068
23.723737 51.678542
23.724374 51.679465
23.725053 51.67994
23.725732 51.680414
23.726411 51.680889
23.727812 51.68139
23.728491 51.681864
23.72917 51.682339
23.729849 51.682813
23.730528 51.683288
23.731165 51.684211
23.732565 51.684711
23.733245 51.685186
23.733924 51.68566
23.734645 51.685686
23.736046 51.686187
23.736725 51.686661
23.737446 51.686688
23.738126 51.687162
23.739568 51.687214
23.74029 51.68724
23.740331 51.686792
23.740374 51.686344
23.738973 51.685843
23.738294 51.685369
23.737614 51.684894
23.736935 51.68442
23.737019 51.683523
23.737062 51.683075
23.737825 51.682652
23.737145 51.682178
23.736466 51.681704
23.735066 51.681203
23.734345 51.681177
23.733666 51.680702
23.733028 51.679779
23.733071 51.679331
23.733113 51.678883
23.733155 51.678434
23.733918 51.678012
23.734002 51.677116
23.734044 51.676667
23.733365 51.676193
23.733407 51.675744
23.732728 51.67527
23.732091 51.674347
23.732133 51.673899
23.731454 51.673424
23.730775 51.67295
23.730096 51.672475
23.730138 51.672027
23.729502 51.671104
23.728823 51.670629
23.728865 51.670181
23.728186 51.669707
23.728228 51.669258
23.72827 51.66881
23.728354 51.667913
23.729075 51.667939
23.729838 51.667517
23.730559 51.667543
23.73128 51.66757
23.732001 51.667596
23.733443 51.667648
23.734122 51.668122
23.734843 51.668149
23.735564 51.668175
23.737006 51.668227
23.737727 51.668253
23.738448 51.668279
23.739169 51.668305
23.739848 51.66878
23.74129 51.668832
23.742012 51.668858
23.74269 51.669333
23.743412 51.669359
23.744812 51.669859
23.745491 51.670334
23.746933 51.670386
BRUSH(1,0)
REGION 1
38
24.035342 51.747929
24.033858 51.748329
24.033096 51.748754
24.032374 51.748729
24.031612 51.749153
24.03085 51.749577
24.030089 51.750002
24.029326 51.750426
24.027842 51.750825
24.02708 51.75125
24.026319 51.751674
24.025557 51.752098
24.025517 51.752546
24.025439 51.753443
24.026122 51.753916
24.026845 51.75394
24.027528 51.754413
24.028973 51.754462
24.029657 51.754935
24.030379 51.754959
24.031063 51.755432
24.032469 51.755929
24.033191 51.755954
24.033875 51.756426
24.034558 51.756899
24.036004 51.756948
24.036687 51.757421
24.037371 51.757894
24.038094 51.757918
24.038855 51.757494
24.04034 51.757094
24.041102 51.75667
24.041863 51.756245
24.042625 51.755821
24.043387 51.755397
24.044149 51.754973
24.04491 51.754548
24.035342 51.747929
BRUSH(1,0)
REGION 1
20
26.865978 51.923174
26.867431 51.923188
26.868158 51.923195
26.868896 51.922752
26.869623 51.922759
26.870349 51.922766
26.871814 51.922331
26.871825 51.921881
26.871847 51.920983
26.871858 51.920533
26.870405 51.92052
26.869678 51.920513
26.868952 51.920506
26.868214 51.920948
26.867487 51.920941
26.866023 51.921377
26.865285 51.921819
26.865262 51.922718
26.865251 51.923167
26.865978 51.923174
BRUSH(1,0)
REGION 1
20
26.792273 51.906721
26.792988 51.907177
26.793702 51.907634
26.794417 51.908091
26.795143 51.908098
26.795858 51.908555
26.797311 51.908569
26.798049 51.908127
26.798787 51.907685
26.798073 51.907229
26.798085 51.906779
26.796644 51.906315
26.795929 51.905859
26.795203 51.905851
26.794488 51.905395
26.793762 51.905387
26.792309 51.905373
26.791571 51.905815
26.791559 51.906264
26.792273 51.906721
BRUSH(1,0)
REGION 1
95
26.454789 51.916301
26.455515 51.91631
26.456968 51.916329
26.457695 51.916338
26.458421 51.916348
26.459148 51.916357
26.45989 51.915917
26.460631 51.915477
26.461388 51.914588
26.46213 51.914148
26.462872 51.913709
26.46434 51.913278
26.465081 51.912838
26.465823 51.912398
26.466565 51.911958
26.467321 51.911069
26.468063 51.910629
26.468805 51.910189
26.469546 51.90975
26.470287 51.90931
26.471044 51.908421
26.471059 51.907971
26.471074 51.907522
26.470363 51.907063
26.469667 51.906155
26.468214 51.906137
26.467503 51.905678
26.466792 51.905219
26.466081 51.904761
26.465369 51.904302
26.463917 51.904283
26.463206 51.903825
26.462479 51.903815
26.461753 51.903806
26.461027 51.903797
26.459574 51.903778
26.458848 51.903768
26.458122 51.903759
26.457395 51.90375
26.455943 51.903731
26.455217 51.903721
26.454505 51.903263
26.453794 51.902804
26.453083 51.902345
26.452373 51.901886
26.451662 51.901428
26.450951 51.900969
26.450981 51.90007
26.451723 51.899631
26.452464 51.899191
26.451753 51.898732
26.451042 51.898273
26.450316 51.898264
26.449605 51.897805
26.448864 51.898245
26.447396 51.898675
26.446654 51.899115
26.445913 51.899555
26.445171 51.899995
26.44443 51.900434
26.443673 51.901323
26.442931 51.901763
26.442189 51.902203
26.440722 51.902633
26.43998 51.903073
26.439238 51.903512
26.438496 51.903952
26.437755 51.904392
26.437013 51.904832
26.436271 51.905271
26.435529 51.905711
26.434772 51.9066
26.435483 51.907059
26.436194 51.907518
26.43692 51.907527
26.438373 51.907546
26.439084 51.908005
26.439795 51.908464
26.440506 51.908923
26.441217 51.909381
26.442654 51.90985
26.443365 51.910309
26.444076 51.910767
26.444787 51.911226
26.445498 51.911685
26.446209 51.912144
26.447647 51.912612
26.448342 51.91352
26.449069 51.913529
26.44978 51.913988
26.450491 51.914447
26.451929 51.914915
26.45264 51.915374
26.453351 51.915832
26.454789 51.916301
BRUSH(1,0)
REGION 1
17
23.635196 52.484152
23.640408 52.491091
23.641186 52.490669
23.642097 52.488903
23.647883 52.490015
23.65151 52.490598
23.653067 52.489755
23.65389 52.488886
23.656136 52.488518
23.667622 52.491637
23.668104 52.486706
23.664521 52.485675
23.658911 52.482772
23.656972 52.480002
23.650967 52.481131
23.643449 52.482655
23.635196 52.484152
BRUSH(1,0)
REGION 1
16
23.619193 52.45972
23.604117 52.463212
23.595133 52.464678
23.593577 52.46552
23.59929 52.474729
23.613281 52.474797
23.61406 52.474376
23.613503 52.472556
23.610967 52.468413
23.613391 52.466254
23.614124 52.466281
23.617995 52.471822
23.619976 52.474144
23.627537 52.472174
23.625 52.468032
23.619193 52.45972
BRUSH(1,0)
REGION 1
18
23.559746 52.450314
23.547694 52.453011
23.541002 52.45366
23.539445 52.454501
23.542481 52.460913
23.556003 52.458271
23.559447 52.460649
23.558578 52.461966
23.552348 52.465332
23.549922 52.46749
23.554788 52.470372
23.559701 52.472805
23.568402 52.466832
23.56987 52.466887
23.579392 52.460044
23.573102 52.456661
23.568101 52.455125
23.559746 52.450314
BRUSH(1,0)
REGION 1
18
23.498491 52.437209
23.490656 52.44186
23.491299 52.442784
23.497626 52.445724
23.502805 52.44547
23.507388 52.443844
23.509724 52.442583
23.511191 52.442639
23.514079 52.443198
23.515591 52.442805
23.514994 52.441433
23.512975 52.439557
23.513202 52.437316
23.511781 52.436813
23.508251 52.435329
23.501697 52.434631
23.500185 52.435024
23.498491 52.437209
BRUSH(1,0)
REGION 1
11
23.954233 52.459911
23.942858 52.455475
23.939229 52.454901
23.938495 52.454876
23.936211 52.455698
23.936005 52.45794
23.951622 52.46432
23.953701 52.46574
23.955169 52.46579
23.954926 52.460385
23.954233 52.459911
BRUSH(1,0)
REGION 1
13
23.516265 52.275926
23.510601 52.273911
23.509184 52.273408
23.505305 52.27551
23.500786 52.276688
23.499189 52.277977
23.505448 52.281364
23.507776 52.280103
23.509328 52.279262
23.514668 52.277215
23.51613 52.27727
23.516905 52.27685
23.516265 52.275926
BRUSH(1,0)
REGION 1
10
23.696963 52.242591
23.691251 52.241034
23.689103 52.240506
23.68747 52.242246
23.685923 52.243089
23.683255 52.24794
23.691072 52.250474
23.692706 52.248734
23.694513 52.245201
23.696963 52.242591
BRUSH(1,0)
REGION 1
33
23.738836 52.110952
23.73875 52.111849
23.740122 52.112798
23.760214 52.116669
23.773797 52.119854
23.775296 52.119458
23.776964 52.117268
23.77632 52.116345
23.773534 52.114896
23.764194 52.113213
23.76068 52.111737
23.760807 52.110392
23.760164 52.109469
23.753138 52.106518
23.751766 52.105569
23.75258 52.104699
23.752149 52.101534
23.751548 52.100163
23.745167 52.098134
23.744524 52.097212
23.742425 52.096236
23.739514 52.096131
23.733048 52.094999
23.733005 52.095447
23.730438 52.099403
23.727312 52.101539
23.727997 52.102014
23.733608 52.104466
23.734979 52.105415
23.734808 52.107208
23.736179 52.108157
23.740505 52.108763
23.738836 52.110952
BRUSH(1,0)
REGION 1
5
24.368628 52.730973
24.369295 52.722899
24.353743 52.722874
24.353074 52.730948
24.368628 52.730973
BRUSH(1,0)
REGION 1
26
25.745386 53.310491
25.752929 53.309733
25.758904 53.310293
25.7597 53.309409
25.760519 53.308076
25.762041 53.307654
25.765017 53.308159
25.768719 53.309126
25.77249 53.308746
25.776308 53.307468
25.780989 53.303958
25.781784 53.303074
25.783307 53.302652
25.786305 53.302707
25.787873 53.301388
25.788668 53.300503
25.786013 53.293713
25.784583 53.292339
25.782335 53.292298
25.768615 53.29654
25.757821 53.302183
25.754027 53.303011
25.750256 53.303391
25.747938 53.304696
25.746229 53.308709
25.745386 53.310491
BRUSH(1,0)
REGION 1
15
25.875248 52.817557
25.877537 52.816249
25.881157 52.81811
25.899481 52.807196
25.895142 52.804872
25.896689 52.803551
25.905836 52.798317
25.905117 52.797855
25.896461 52.79276
25.893412 52.794505
25.890299 52.797596
25.88581 52.798416
25.869943 52.789147
25.849287 52.802263
25.875248 52.817557
BRUSH(1,0)
REGION 1
5
25.827202 52.814001
25.837123 52.808337
25.843057 52.793162
25.832774 52.791179
25.827202 52.814001
BRUSH(1,0)
REGION 1
11
25.862612 53.276663
25.860519 53.27348
25.849216 53.274628
25.846947 53.275037
25.846109 53.27682
25.844566 53.277691
25.842252 53.278998
25.844343 53.282182
25.844321 53.282631
25.846636 53.281324
25.862612 53.276663
BRUSH(1,0)
REGION 1
22
25.713026 53.226737
25.710435 53.219047
25.709923 53.214543
25.707702 53.214051
25.701718 53.213937
25.70097 53.213923
25.699213 53.218834
25.692919 53.224557
25.68824 53.228063
25.691113 53.230365
25.69476 53.232232
25.699974 53.232781
25.708253 53.23204
25.71134 53.2303
25.712112 53.229865
25.709891 53.229374
25.707623 53.22978
25.706922 53.228868
25.706245 53.227507
25.707016 53.227072
25.710781 53.226694
25.713026 53.226737
BRUSH(1,0)
REGION 1
20
26.161852 53.31033
26.161871 53.309881
26.16189 53.309432
26.161908 53.308982
26.161946 53.308084
26.161965 53.307635
26.161984 53.307186
26.161254 53.306726
26.159754 53.306703
26.158985 53.307141
26.158235 53.307129
26.157448 53.308016
26.157429 53.308465
26.15741 53.308914
26.15739 53.309363
26.158871 53.309835
26.159602 53.310296
26.160333 53.310756
26.161083 53.310767
26.161852 53.31033
BRUSH(1,0)
REGION 1
91
26.056239 53.205322
26.057715 53.205795
26.058463 53.205807
26.059211 53.205819
26.059959 53.205831
26.060707 53.205843
26.062203 53.205867
26.062931 53.206328
26.063679 53.20634
26.064447 53.205903
26.065943 53.205927
26.06671 53.20549
26.065983 53.205029
26.065274 53.204119
26.064546 53.203658
26.063818 53.203197
26.06309 53.202735
26.06311 53.202286
26.062402 53.201376
26.061674 53.200915
26.061694 53.200466
26.060966 53.200005
26.060238 53.199544
26.060258 53.199095
26.05955 53.198185
26.060318 53.197748
26.061085 53.197311
26.061833 53.197322
26.063349 53.196897
26.064097 53.196909
26.064864 53.196472
26.065632 53.196035
26.06638 53.196047
26.067896 53.195622
26.068643 53.195634
26.069411 53.195197
26.070179 53.194759
26.070926 53.194771
26.072442 53.194346
26.07319 53.194358
26.073957 53.193921
26.074725 53.193483
26.075492 53.193046
26.07624 53.193058
26.07626 53.192609
26.075532 53.192148
26.074824 53.191238
26.074076 53.191226
26.0726 53.190753
26.071853 53.190741
26.071125 53.19028
26.070377 53.190268
26.069629 53.190257
26.068134 53.190233
26.067386 53.190221
26.066619 53.190658
26.065871 53.190646
26.065103 53.191083
26.063588 53.191508
26.06282 53.191945
26.062052 53.192382
26.061305 53.192371
26.060537 53.192808
26.059041 53.192784
26.058274 53.193221
26.057506 53.193658
26.056758 53.193646
26.05599 53.194083
26.055243 53.194071
26.053727 53.194496
26.052959 53.194933
26.052192 53.19537
26.051424 53.195807
26.051404 53.196256
26.051364 53.197154
26.051343 53.197604
26.050576 53.198041
26.050555 53.19849
26.050536 53.198939
26.050495 53.199837
26.050476 53.200286
26.050455 53.200735
26.050435 53.201184
26.051163 53.201645
26.051891 53.202106
26.052599 53.203017
26.053347 53.203029
26.054055 53.203939
26.054783 53.2044
26.055511 53.204861
26.056239 53.205322
BRUSH(1,0)
REGION 1
8
24.657342 52.391373
24.657477 52.389579
24.656583 52.381909
24.647051 52.381641
24.646114 52.384312
24.643508 52.389635
24.643373 52.391429
24.657342 52.391373
BRUSH(1,0)
REGION 1
23
24.633076 52.313795
24.649403 52.291773
24.652936 52.283779
24.659226 52.27811
24.659293 52.277213
24.658099 52.273582
24.659199 52.268666
24.659233 52.268218
24.657139 52.26681
24.657341 52.264117
24.657509 52.261874
24.656214 52.259589
24.651062 52.259893
24.641589 52.259176
24.639789 52.263622
24.637392 52.266252
24.631461 52.276876
24.628995 52.280403
24.633778 52.285036
24.630682 52.287196
24.62335 52.296881
24.614415 52.308318
24.633076 52.313795
BRUSH(1,0)
REGION 1
21
24.843003 52.28134
24.847488 52.28011
24.853532 52.277573
24.861038 52.275074
24.863327 52.273785
24.85849 52.26961
24.854895 52.268616
24.853464 52.268128
24.852606 52.269904
24.847548 52.268871
24.845354 52.268813
24.832949 52.268033
24.826398 52.267408
24.813994 52.266626
24.812783 52.273338
24.819335 52.273964
24.825888 52.274589
24.835335 52.27574
24.839598 52.277652
24.841666 52.279506
24.843003 52.28134
BRUSH(1,0)
REGION 1
11
24.693276 52.243989
24.68982 52.241195
24.684935 52.237911
24.682245 52.234688
24.677429 52.230506
24.664671 52.234645
24.665865 52.238276
24.670351 52.237053
24.685699 52.247375
24.692511 52.244418
24.693276 52.243989
BRUSH(1,0)
REGION 1
13
24.24457 52.134833
24.241452 52.128438
24.240874 52.12662
24.236464 52.12693
24.2314 52.126319
24.22415 52.125638
24.222816 52.132792
24.222401 52.137726
24.223859 52.137772
24.230608 52.135739
24.23659 52.13413
24.239317 52.136465
24.24457 52.134833
BRUSH(1,0)
REGION 1
13
24.227456 52.103706
24.225535 52.100496
24.220588 52.098539
24.217712 52.097998
24.214487 52.092947
24.211498 52.093751
24.201689 52.097484
24.195597 52.100437
24.199549 52.105511
24.204846 52.111978
24.208564 52.111198
24.226728 52.103682
24.227456 52.103706
BRUSH(1,0)
REGION 1
8
24.170751 52.057807
24.173853 52.055659
24.182352 52.050086
24.186218 52.047512
24.186983 52.047087
24.180779 52.042839
24.165888 52.054951
24.170751 52.057807
BRUSH(1,0)
REGION 1
19
24.383773 52.021787
24.378972 52.018042
24.368026 52.009162
24.36468 52.005461
24.360974 52.006246
24.355704 52.008333
24.351269 52.009095
24.349779 52.009499
24.352396 52.013178
24.356103 52.012393
24.357558 52.012437
24.363048 52.016654
24.367555 52.014994
24.37381 52.018784
24.37432 52.021498
24.374247 52.022395
24.376285 52.024256
24.379338 52.022551
24.383773 52.021787
BRUSH(1,0)
REGION 1
5
24.469448 52.026175
24.499996 52.027083
24.500624 52.019006
24.471465 52.019039
24.469448 52.026175
BRUSH(1,0)
REGION 1
7
24.609872 52.65713
24.61847 52.651079
24.622399 52.648042
24.611113 52.640977
24.604014 52.637178
24.592189 52.646733
24.609872 52.65713
BRUSH(1,0)
REGION 1
16
24.353262 52.164315
24.339329 52.164785
24.339255 52.165682
24.335933 52.170526
24.334217 52.173621
24.334837 52.17499
24.337425 52.179117
24.344029 52.178872
24.344832 52.177997
24.34217 52.174767
24.342243 52.173869
24.345528 52.169474
24.352058 52.170124
24.353517 52.170169
24.358186 52.166715
24.353262 52.164315
BRUSH(1,0)
REGION 1
8
25.15908 52.590538
25.160842 52.586084
25.147605 52.585319
25.147576 52.585768
25.144815 52.594243
25.147648 52.59611
25.147966 52.591172
25.15908 52.590538
BRUSH(1,0)
REGION 1
7
25.277939 52.51823
25.279796 52.511979
25.266551 52.511676
25.266054 52.519757
25.267498 52.520239
25.272052 52.518096
25.277939 52.51823
BRUSH(1,0)
REGION 1
5
25.529257 52.636975
25.532046 52.626694
25.523829 52.628322
25.521902 52.636374
25.529257 52.636975
BRUSH(1,0)
REGION 1
5
25.879839 52.412664
25.883895 52.404645
25.873572 52.405361
25.86744 52.410645
25.879839 52.412664
BRUSH(1,0)
REGION 1
7
25.434719 52.380996
25.431335 52.375978
25.429868 52.375947
25.405658 52.375422
25.405293 52.381708
25.436057 52.383273
25.434719 52.380996
BRUSH(1,0)
REGION 1
11
25.179349 52.353192
25.190544 52.35031
25.193448 52.350828
25.197254 52.34867
25.19607 52.344146
25.191701 52.343593
25.185752 52.344801
25.183411 52.346994
25.170808 52.348943
25.172751 52.353035
25.179349 52.353192
BRUSH(1,0)
REGION 1
16
25.300921 52.34612
25.311971 52.345471
25.315992 52.351856
25.319658 52.351939
25.323183 52.342127
25.311536 52.340516
25.309934 52.342728
25.307029 52.342213
25.30331 52.343028
25.279093 52.342926
25.278333 52.343358
25.278114 52.34695
25.28034 52.346551
25.281779 52.347034
25.284033 52.346186
25.300921 52.34612
BRUSH(1,0)
REGION 1
13
25.213338 52.114362
25.197042 52.106335
25.191181 52.106646
25.190003 52.113812
25.193453 52.117041
25.193986 52.1202
25.197015 52.118474
25.202092 52.119043
25.205121 52.117316
25.220832 52.12308
25.223242 52.11954
25.221811 52.119057
25.213338 52.114362
BRUSH(1,0)
REGION 1
5
25.208688 52.564734
25.208319 52.558881
25.198772 52.558207
25.199168 52.563612
25.208688 52.564734
BRUSH(1,0)
REGION 1
7
25.5255 52.466079
25.526049 52.456201
25.524554 52.456619
25.514264 52.456405
25.514189 52.457753
25.514473 52.46585
25.5255 52.466079
BRUSH(1,0)
REGION 1
14
25.869832 52.45294
25.879507 52.435132
25.88266 52.430693
25.877559 52.429704
25.870325 52.44261
25.865224 52.44162
25.871788 52.427354
25.868158 52.42639
25.86656 52.429058
25.863513 52.431251
25.86114 52.450087
25.867756 52.450206
25.866892 52.452887
25.869832 52.45294
BRUSH(1,0)
REGION 1
7
25.046132 52.479894
25.052748 52.480057
25.052311 52.475551
25.050841 52.475514
25.048785 52.473215
25.04658 52.473161
25.046132 52.479894
BRUSH(1,0)
REGION 1
52
26.315626 52.219144
26.316374 52.218705
26.317123 52.218266
26.318619 52.217389
26.319367 52.21695
26.320115 52.216511
26.320863 52.216072
26.321595 52.216082
26.322343 52.215643
26.323806 52.215664
26.324537 52.215674
26.325268 52.215684
26.325999 52.215694
26.326731 52.215705
26.32821 52.215276
26.328958 52.214837
26.328975 52.214388
26.328244 52.214378
26.327512 52.214367
26.326764 52.214806
26.325302 52.214786
26.32457 52.214775
26.323856 52.214316
26.32462 52.213428
26.324637 52.212979
26.326116 52.21255
26.326848 52.21256
26.327596 52.212121
26.328343 52.211682
26.327629 52.211223
26.326914 52.210763
26.3262 52.210304
26.324721 52.210733
26.323973 52.211172
26.323224 52.21161
26.322477 52.212049
26.321729 52.212488
26.320964 52.213376
26.320216 52.213815
26.319468 52.214254
26.318736 52.214244
26.317257 52.214673
26.316509 52.215112
26.315761 52.21555
26.315029 52.21554
26.314281 52.215979
26.313516 52.216867
26.313499 52.217316
26.313483 52.217766
26.314929 52.218235
26.315643 52.218695
26.315626 52.219144
BRUSH(1,0)
REGION 1
13
26.425722 52.188736
26.424338 52.18647
26.428024 52.18562
26.430979 52.18476
26.428164 52.181577
26.42675 52.18021
26.41787 52.183239
26.414915 52.184099
26.4149 52.184548
26.417665 52.189079
26.41908 52.190446
26.423497 52.189605
26.425722 52.188736
BRUSH(1,0)
REGION 1
17
27.410965 52.219178
27.409445 52.223665
27.409416 52.225911
27.411571 52.229067
27.412291 52.229969
27.415212 52.230433
27.416681 52.22999
27.418173 52.227751
27.420436 52.222369
27.423413 52.218339
27.423419 52.21789
27.420493 52.217876
27.415378 52.217402
27.412457 52.216939
27.410982 52.21783
27.410239 52.218725
27.410965 52.219178
BRUSH(1,0)
REGION 1
8
27.117458 52.451966
27.119094 52.44344
27.11688 52.443873
27.089702 52.442324
27.089675 52.443672
27.089531 52.450861
27.091001 52.450872
27.117458 52.451966
BRUSH(1,0)
REGION 1
47
25.999921 53.176541
25.99006 53.179524
25.989147 53.183104
25.990601 53.184027
25.986759 53.18621
25.986718 53.187109
25.990914 53.19347
26.000196 53.186883
26.002459 53.186471
26.003227 53.186034
26.003996 53.185597
26.004743 53.185609
26.005512 53.185173
26.007007 53.185197
26.007775 53.18476
26.008522 53.184773
26.00929 53.184336
26.010038 53.184348
26.011554 53.183924
26.012322 53.183487
26.01309 53.18305
26.013837 53.183062
26.014585 53.183075
26.015353 53.182638
26.016848 53.182662
26.017616 53.182226
26.017636 53.181776
26.01693 53.180866
26.01695 53.180417
26.016223 53.179956
26.015496 53.179494
26.014769 53.179033
26.014041 53.178572
26.013314 53.17811
26.01184 53.177637
26.011092 53.177624
26.010365 53.177163
26.009638 53.176702
26.008164 53.176228
26.007416 53.176216
26.006669 53.176203
26.005922 53.176191
26.005174 53.176179
26.003679 53.176154
26.002932 53.176142
26.002184 53.176129
25.999921 53.176541
BRUSH(1,0)
REGION 1
74
25.999846 53.194517
25.997541 53.195827
25.98996 53.197948
25.98915 53.199283
25.991207 53.203362
25.996964 53.208401
26.000704 53.208463
26.002241 53.207589
26.003758 53.207165
26.004527 53.206728
26.005274 53.206741
26.006043 53.206304
26.006811 53.205867
26.008328 53.205443
26.009096 53.205006
26.009865 53.204569
26.010633 53.204132
26.011401 53.203695
26.01217 53.203259
26.012938 53.202822
26.014434 53.202846
26.015202 53.20241
26.01595 53.202422
26.016719 53.201985
26.017467 53.201997
26.018983 53.201573
26.019731 53.201585
26.020499 53.201148
26.021267 53.200711
26.022036 53.200274
26.022804 53.199837
26.023572 53.199401
26.023613 53.198502
26.024381 53.198066
26.024401 53.197617
26.024421 53.197167
26.024442 53.196718
26.024482 53.19582
26.02525 53.195383
26.025271 53.194934
26.024543 53.194473
26.024563 53.194024
26.024604 53.193126
26.024625 53.192677
26.024645 53.192227
26.024665 53.191778
26.023938 53.191317
26.023978 53.190419
26.023251 53.189958
26.022503 53.189945
26.021735 53.190382
26.020988 53.19037
26.019472 53.190795
26.018704 53.191232
26.017956 53.191219
26.017188 53.191656
26.01644 53.191644
26.014924 53.192069
26.014176 53.192056
26.013408 53.192493
26.01266 53.192481
26.011893 53.192918
26.011145 53.192905
26.009629 53.19333
26.008881 53.193317
26.008113 53.193754
26.007365 53.193742
26.006617 53.19373
26.005101 53.194154
26.004353 53.194142
26.003606 53.194129
26.002858 53.194117
26.00211 53.194105
25.999846 53.194517
BRUSH(1,0)
REGION 1
229
26.120968 53.075117
26.120242 53.074657
26.119515 53.074196
26.118789 53.073735
26.118062 53.073274
26.118101 53.072376
26.117374 53.071915
26.116648 53.071455
26.115921 53.070994
26.114449 53.070522
26.113723 53.070061
26.113016 53.069151
26.11229 53.06869
26.111564 53.06823
26.110837 53.067769
26.110857 53.06732
26.110149 53.06641
26.109423 53.065949
26.108697 53.065488
26.107971 53.065028
26.107245 53.064567
26.106519 53.064106
26.106557 53.063208
26.106577 53.062759
26.106596 53.06231
26.108087 53.062333
26.108852 53.061895
26.109617 53.061458
26.110382 53.061021
26.110401 53.060571
26.111166 53.060134
26.112657 53.060157
26.113422 53.05972
26.113441 53.059271
26.114206 53.058833
26.114225 53.058384
26.114264 53.057486
26.114283 53.057037
26.114302 53.056588
26.114322 53.056139
26.114341 53.055689
26.114379 53.054791
26.114399 53.054342
26.115163 53.053905
26.115183 53.053456
26.115202 53.053006
26.115241 53.052108
26.116005 53.051671
26.116024 53.051222
26.116044 53.050773
26.116063 53.050323
26.115356 53.049414
26.11463 53.048953
26.113904 53.048492
26.113178 53.048031
26.112452 53.047571
26.111726 53.04711
26.111765 53.046212
26.111039 53.045751
26.110313 53.04529
26.110332 53.044841
26.109607 53.04438
26.1089 53.04347
26.108174 53.04301
26.107448 53.042549
26.106723 53.042088
26.105997 53.041627
26.105271 53.041166
26.104565 53.040257
26.103839 53.039796
26.103113 53.039335
26.102388 53.038874
26.102407 53.038425
26.102446 53.037527
26.103955 53.037101
26.104701 53.037113
26.105465 53.036675
26.10621 53.036687
26.106994 53.0358
26.107013 53.035351
26.107033 53.034902
26.106307 53.034441
26.105581 53.033981
26.105601 53.033532
26.104149 53.03261
26.103404 53.032598
26.102659 53.032587
26.101895 53.033024
26.10113 53.033461
26.09964 53.033438
26.098856 53.034324
26.098092 53.034762
26.097347 53.03475
26.096583 53.035187
26.095818 53.035625
26.095053 53.036062
26.093544 53.036488
26.092779 53.036925
26.092034 53.036913
26.091269 53.037351
26.090524 53.037339
26.08976 53.037776
26.08825 53.038202
26.087485 53.038639
26.08674 53.038627
26.085975 53.039065
26.085211 53.039502
26.083701 53.039927
26.082936 53.040365
26.082191 53.040353
26.081426 53.04079
26.080642 53.041677
26.081367 53.042138
26.082858 53.042161
26.083603 53.042173
26.084328 53.042634
26.084309 53.043083
26.084289 53.043532
26.08427 53.043981
26.084231 53.044879
26.084211 53.045329
26.084191 53.045778
26.084172 53.046227
26.084152 53.046676
26.084113 53.047574
26.084093 53.048023
26.084074 53.048472
26.083309 53.04891
26.083289 53.049359
26.082544 53.049347
26.081073 53.048874
26.080347 53.048413
26.079602 53.048401
26.078876 53.04794
26.077386 53.047917
26.077366 53.048366
26.077347 53.048815
26.077307 53.049713
26.076542 53.05015
26.076523 53.050599
26.076503 53.051048
26.076483 53.051498
26.076444 53.052396
26.076424 53.052845
26.07715 53.053306
26.07713 53.053755
26.07711 53.054204
26.077071 53.055102
26.077051 53.055551
26.077032 53.056001
26.077757 53.056461
26.077738 53.056911
26.076973 53.057348
26.076207 53.057785
26.076168 53.058683
26.075403 53.05912
26.076129 53.059581
26.077639 53.059156
26.078404 53.058719
26.079169 53.058282
26.079935 53.057844
26.0807 53.057407
26.08219 53.057431
26.082955 53.056993
26.08372 53.056556
26.084505 53.05567
26.08525 53.055682
26.085996 53.055693
26.086722 53.056154
26.087448 53.056615
26.088174 53.057076
26.088899 53.057537
26.089606 53.058447
26.090331 53.058908
26.091058 53.059369
26.091783 53.05983
26.092509 53.06029
26.093216 53.0612
26.093942 53.061661
26.093922 53.06211
26.094648 53.062571
26.095374 53.063032
26.094609 53.063469
26.09457 53.064368
26.09306 53.064793
26.092295 53.065231
26.09153 53.065668
26.090764 53.066105
26.089999 53.066543
26.089234 53.06698
26.089195 53.067878
26.089921 53.068339
26.090647 53.0688
26.090627 53.069249
26.091354 53.06971
26.092825 53.070183
26.093551 53.070643
26.094277 53.071104
26.095004 53.071565
26.09573 53.072026
26.097202 53.072499
26.097928 53.072959
26.098654 53.07342
26.09938 53.073881
26.100852 53.074354
26.10156 53.075264
26.102286 53.075724
26.103032 53.075736
26.103758 53.076197
26.10523 53.076669
26.105956 53.07713
26.106702 53.077142
26.107428 53.077603
26.108155 53.078063
26.109627 53.078536
26.109608 53.078985
26.11108 53.079457
26.111826 53.079469
26.112591 53.079031
26.113337 53.079043
26.114102 53.078606
26.114867 53.078168
26.116378 53.077742
26.117143 53.077305
26.117908 53.076867
26.118673 53.07643
26.119438 53.075992
26.120203 53.075555
26.120968 53.075117
BRUSH(1,0)
REGION 1
41
26.328627 52.204046
26.329375 52.203607
26.330122 52.203168
26.33087 52.202729
26.331618 52.20229
26.332366 52.201851
26.332382 52.201401
26.332416 52.200503
26.332432 52.200054
26.33318 52.199615
26.333928 52.199176
26.334675 52.198737
26.336154 52.198308
26.336902 52.197869
26.336918 52.19742
26.336204 52.19696
26.33622 52.196511
26.334775 52.196041
26.334044 52.196031
26.333296 52.19647
26.332565 52.19646
26.331834 52.19645
26.330355 52.196879
26.329625 52.196868
26.328877 52.197307
26.328146 52.197297
26.327398 52.197736
26.325936 52.197716
26.325188 52.198155
26.324457 52.198144
26.323709 52.198583
26.323693 52.199032
26.324407 52.199492
26.325105 52.200401
26.325088 52.20085
26.325802 52.201309
26.326517 52.201769
26.3265 52.202218
26.327198 52.203127
26.327181 52.203576
26.328627 52.204046
BRUSH(1,0)
REGION 1
42
26.490559 52.217887
26.491305 52.217447
26.492768 52.217466
26.493515 52.217026
26.494261 52.216586
26.494992 52.216595
26.495739 52.216155
26.497216 52.215724
26.497963 52.215284
26.498694 52.215293
26.499441 52.214853
26.500187 52.214413
26.501649 52.214431
26.502396 52.213991
26.502411 52.213542
26.502426 52.213093
26.50244 52.212643
26.501739 52.211736
26.501023 52.211277
26.501037 52.210828
26.501053 52.210379
26.500336 52.20992
26.49962 52.209462
26.49965 52.208564
26.498172 52.208994
26.498157 52.209444
26.497411 52.209884
26.49665 52.210773
26.495172 52.211204
26.494426 52.211644
26.49368 52.212084
26.492933 52.212524
26.492918 52.212973
26.492157 52.213862
26.492142 52.214312
26.492127 52.214761
26.492112 52.21521
26.491365 52.21565
26.490619 52.21609
26.489858 52.216979
26.489843 52.217429
26.490559 52.217887
BRUSH(1,0)
REGION 1
61
26.172018 52.439512
26.172055 52.438614
26.172073 52.438165
26.171356 52.437704
26.171375 52.437255
26.171393 52.436806
26.17143 52.435907
26.171448 52.435458
26.171466 52.435009
26.171485 52.43456
26.171503 52.434111
26.17154 52.433212
26.171558 52.432763
26.171577 52.432314
26.171595 52.431865
26.171614 52.431416
26.17165 52.430517
26.171669 52.430068
26.171687 52.429619
26.17097 52.429159
26.170254 52.428698
26.169519 52.428687
26.168784 52.428676
26.168031 52.429114
26.166562 52.429091
26.165808 52.429529
26.165074 52.429518
26.16432 52.429956
26.163567 52.430394
26.162814 52.430832
26.162796 52.431281
26.162777 52.43173
26.162758 52.432179
26.161987 52.433066
26.161252 52.433055
26.160498 52.433493
26.159745 52.433931
26.158992 52.434368
26.158238 52.434806
26.158201 52.435705
26.158918 52.436165
26.158899 52.436614
26.158881 52.437063
26.158862 52.437513
26.15956 52.438422
26.159541 52.438871
26.160258 52.439332
26.160975 52.439792
26.16171 52.439804
26.162445 52.439815
26.16318 52.439826
26.16465 52.439849
26.165385 52.43986
26.166119 52.439871
26.166855 52.439882
26.16759 52.439894
26.16906 52.439916
26.169795 52.439927
26.170529 52.439939
26.171283 52.439501
26.172018 52.439512
BRUSH(1,0)
REGION 1
107
26.3699 52.761004
26.369916 52.760555
26.369933 52.760106
26.369949 52.759656
26.369982 52.758758
26.369999 52.758309
26.370015 52.75786
26.370032 52.757411
26.370048 52.756961
26.370081 52.756063
26.370098 52.755614
26.370114 52.755165
26.370131 52.754715
26.370888 52.754276
26.370921 52.753378
26.370937 52.752929
26.370954 52.75248
26.37097 52.75203
26.371003 52.751132
26.37102 52.750683
26.371036 52.750234
26.371053 52.749785
26.371069 52.749335
26.370345 52.748876
26.369605 52.748866
26.368881 52.748407
26.367401 52.748387
26.366644 52.748826
26.365904 52.748816
26.365147 52.749255
26.364407 52.749245
26.36291 52.749674
26.362169 52.749664
26.361429 52.749654
26.360706 52.749195
26.359965 52.749185
26.358485 52.749165
26.357745 52.749155
26.357004 52.749144
26.356264 52.749134
26.355524 52.749124
26.354043 52.749104
26.35406 52.748655
26.354076 52.748206
26.353353 52.747746
26.352613 52.747736
26.351132 52.747716
26.350392 52.747706
26.349652 52.747696
26.348912 52.747686
26.348155 52.748125
26.347398 52.748564
26.347381 52.749013
26.347364 52.749462
26.347331 52.75036
26.347314 52.75081
26.347298 52.751259
26.347281 52.751708
26.348004 52.752167
26.347971 52.753066
26.347954 52.753515
26.347937 52.753964
26.349402 52.754433
26.350142 52.754444
26.350882 52.754454
26.351606 52.754913
26.351589 52.755362
26.351572 52.755811
26.351556 52.756261
26.350782 52.757149
26.350765 52.757598
26.350749 52.758047
26.350732 52.758496
26.350715 52.758945
26.349941 52.759834
26.349201 52.759824
26.34846 52.759813
26.34772 52.759803
26.346963 52.760242
26.34767 52.761151
26.34841 52.761161
26.349875 52.76163
26.350615 52.761641
26.351339 52.7621
26.352079 52.76211
26.35282 52.76212
26.3543 52.76214
26.355024 52.7626
26.355765 52.76261
26.356505 52.76262
26.357986 52.76264
26.358727 52.76265
26.359467 52.76266
26.360208 52.76267
26.360932 52.763129
26.362412 52.76315
26.363169 52.76271
26.363186 52.762261
26.363202 52.761812
26.36396 52.761373
26.3647 52.761383
26.365441 52.761393
26.366921 52.761413
26.367662 52.761423
26.368402 52.761433
26.369143 52.761443
26.3699 52.761004
BRUSH(1,0)
REGION 1
16
26.903727 51.955435
26.904454 51.955442
26.905909 51.955455
26.906647 51.955013
26.906657 51.954563
26.906668 51.954114
26.906679 51.953665
26.905962 51.953209
26.904519 51.952746
26.903781 51.953189
26.903053 51.953182
26.902327 51.953175
26.901577 51.954067
26.902294 51.954523
26.902283 51.954973
26.903727 51.955435
BRUSH(1,0)
REGION 1
22
26.476401 52.679707
26.477879 52.679726
26.478633 52.679286
26.479372 52.679295
26.480127 52.678856
26.480881 52.678416
26.481635 52.677976
26.481651 52.677527
26.481681 52.676628
26.481696 52.676179
26.480973 52.67572
26.480219 52.67616
26.478741 52.676142
26.478001 52.676132
26.477247 52.676572
26.476493 52.677012
26.475738 52.677452
26.474968 52.678341
26.474953 52.67879
26.474937 52.679239
26.475661 52.679698
26.476401 52.679707
BRUSH(1,0)
