,51 39 9.16424 N,29 8 48.21247 E,15.669
,51 39 8.75378 N,29 8 45.08765 E,15.670
,51 39 6.20486 N,29 8 40.54812 E,15.672
,51 39 3.65954 N,29 8 36.00499 E,15.674
,51 39 3.61630 N,29 8 33.66497 E,15.675
,51 39 3.57666 N,29 8 31.32135 E,15.676
,51 39 2.88182 N,29 8 29.69776 E,15.677
,51 39 2.18698 N,29 8 28.07418 E,15.678
,51 38 59.80371 N,29 8 25.74146 E,15.679
,51 38 57.42403 N,29 8 23.40515 E,15.680
,51 38 57.33394 N,29 8 17.94750 E,15.682
,51 38 57.24384 N,29 8 12.48624 E,15.684
,51 38 58.17263 N,29 8 11.05699 E,15.685
,51 38 59.09782 N,29 8 9.62413 E,15.685
,51 39 0.39012 N,29 8 3.31321 E,15.688
,51 39 1.67883 N,29 7 57.00229 E,15.690
,51 39 3.93962 N,29 7 54.39576 E,15.691
,51 39 6.19681 N,29 7 51.79283 E,15.692
,51 39 5.23554 N,29 7 48.54204 E,15.694
,51 39 14.83649 N,29 7 26.67859 E,15.702
,51 39 24.43385 N,29 7 4.81153 E,15.710
,51 39 24.02339 N,29 7 1.56072 E,15.712
,51 39 14.34618 N,29 6 46.31140 E,15.718
,51 39 4.67257 N,29 6 31.06208 E,15.725
,51 38 55.15381 N,29 6 18.21758 E,15.731
,51 38 45.63865 N,29 6 5.37669 E,15.736
,51 38 43.64776 N,29 6 1.87394 E,15.738
,51 38 41.65327 N,29 5 58.37120 E,15.739
,51 38 39.22308 N,29 5 49.53681 E,15.743
,51 38 36.79289 N,29 5 40.70244 E,15.747
,51 38 31.41081 N,29 5 40.65588 E,15.747
,51 38 26.02513 N,29 5 40.60932 E,15.747
,51 38 24.08833 N,29 5 41.91982 E,15.747
,51 38 22.15517 N,29 5 45.82235 E,15.746
,51 38 20.21841 N,29 5 49.72848 E,15.744
,51 38 18.76039 N,29 5 50.25415 E,15.744
,51 38 17.30598 N,29 5 50.77982 E,15.744
,51 38 0.83196 N,29 5 40.10645 E,15.749
,51 37 44.35793 N,29 5 29.43669 E,15.754
,51 37 43.83228 N,29 5 27.03909 E,15.755
,51 37 43.30304 N,29 5 24.63789 E,15.756
,51 37 43.68063 N,29 5 1.18364 E,15.766
,51 37 44.05823 N,29 4 37.72578 E,15.775
,51 37 43.68732 N,29 4 32.20334 E,15.777
,51 37 43.31642 N,29 4 26.67731 E,15.780
,51 37 40.99424 N,29 4 18.04812 E,15.783
,51 37 38.67205 N,29 4 9.41534 E,15.787
,51 37 34.57866 N,29 4 1.76545 E,15.790
,51 37 30.48887 N,29 3 54.11916 E,15.793
,51 37 28.05519 N,29 3 51.46244 E,15.795
,51 37 25.62510 N,29 3 48.80212 E,15.796
,51 37 21.13582 N,29 3 47.97792 E,15.796
,51 37 16.64295 N,29 3 47.15371 E,15.797
,51 37 14.17323 N,29 3 42.61778 E,15.799
,51 37 11.69992 N,29 3 38.07824 E,15.801
,51 36 58.12380 N,29 3 19.62147 E,15.809
,51 36 44.54768 N,29 3 1.16470 E,15.817
,51 36 42.93487 N,29 3 2.33838 E,15.817
,51 36 41.32207 N,29 3 3.51207 E,15.816
,51 36 34.63305 N,29 2 56.46710 E,15.820
,51 36 27.94403 N,29 2 49.41853 E,15.823
,51 36 16.92400 N,29 2 33.74807 E,15.830
,51 36 5.90397 N,29 2 18.08121 E,15.837
,51 35 59.09975 N,29 2 11.55465 E,15.840
,51 35 52.29554 N,29 2 5.02809 E,15.843
,51 35 38.68356 N,29 1 54.24660 E,15.848
,51 35 25.07517 N,29 1 43.46870 E,15.853
,51 35 21.91059 N,29 1 35.62797 E,15.856
,51 35 18.74241 N,29 1 27.79083 E,15.860
,51 35 13.91459 N,29 1 19.44256 E,15.863
,51 35 9.09037 N,29 1 11.09430 E,15.867
,51 35 4.74861 N,29 1 5.20483 E,15.869
,51 35 0.41044 N,29 0 59.31537 E,15.872
,51 34 49.08790 N,29 0 37.56446 E,15.881
,51 34 37.76176 N,29 0 15.81715 E,15.891
,51 34 30.02503 N,29 0 3.56658 E,15.896
,51 34 22.28470 N,28 59 51.31961 E,15.902
,51 34 21.41335 N,28 59 43.13676 E,15.905
,51 34 20.54199 N,28 59 34.95752 E,15.908
,51 34 22.01072 N,28 59 29.25500 E,15.911
,51 34 23.47944 N,28 59 23.54887 E,15.913
,51 34 21.72958 N,28 59 10.30442 E,15.918
,51 34 19.97612 N,28 58 57.05997 E,15.924
,51 34 19.98321 N,28 58 50.82830 E,15.926
,51 34 19.99030 N,28 58 44.59664 E,15.929
,51 34 20.77142 N,28 58 39.15335 E,15.931
,51 34 21.55614 N,28 58 33.70646 E,15.933
,51 34 23.71247 N,28 58 28.26671 E,15.935
,51 34 25.86881 N,28 58 22.82336 E,15.937
,51 34 31.65759 N,28 58 16.81824 E,15.940
,51 34 37.44277 N,28 58 10.81312 E,15.942
,51 34 42.30639 N,28 58 8.23887 E,15.943
,51 34 47.16642 N,28 58 5.66463 E,15.943
,51 35 6.09903 N,28 58 2.25094 E,15.944
,51 35 25.02804 N,28 57 58.83725 E,15.944
,51 35 24.08100 N,28 57 45.52436 E,15.950
,51 35 23.13395 N,28 57 32.21507 E,15.955
,51 35 20.86199 N,28 57 13.50579 E,15.963
,51 35 18.58643 N,28 56 54.80010 E,15.971
,51 35 12.39716 N,28 56 10.30394 E,15.989
,51 35 6.19710 N,28 55 25.81498 E,16.008
,51 35 6.84505 N,28 55 22.69731 E,16.009
,51 35 9.56303 N,28 55 19.26996 E,16.010
,51 35 12.28101 N,28 55 15.83900 E,16.011
,51 35 12.89298 N,28 55 13.50255 E,16.012
,51 35 13.50494 N,28 55 11.16970 E,16.013
,51 35 15.27576 N,28 54 47.80899 E,16.023
,51 35 17.04658 N,28 54 24.44827 E,16.032
,51 35 16.61435 N,28 54 11.98497 E,16.037
,51 35 16.18213 N,28 53 59.51806 E,16.042
,51 35 12.81570 N,28 53 37.69480 E,16.051
,51 35 9.45287 N,28 53 15.87153 E,16.060
,51 35 7.76074 N,28 53 9.63635 E,16.063
,51 35 6.07220 N,28 53 3.39756 E,16.066
,51 35 3.77167 N,28 52 57.94001 E,16.068
,51 35 1.47114 N,28 52 52.48246 E,16.070
,51 35 0.01669 N,28 52 50.78691 E,16.071
,51 34 58.55864 N,28 52 49.09496 E,16.072
,51 34 53.74542 N,28 52 51.41720 E,16.071
,51 34 48.93219 N,28 52 53.73584 E,16.070
,51 34 46.99176 N,28 52 53.60272 E,16.071
,51 34 45.04772 N,28 52 53.46961 E,16.071
,51 34 43.11088 N,28 52 52.23129 E,16.071
,51 34 41.17403 N,28 52 50.99296 E,16.072
,51 34 37.98069 N,28 52 46.05026 E,16.074
,51 34 34.78736 N,28 52 41.11115 E,16.076
,51 34 32.77484 N,28 52 35.64999 E,16.079
,51 34 30.76231 N,28 52 30.19242 E,16.081
,51 34 28.99091 N,28 52 20.06560 E,16.085
,51 34 27.21951 N,28 52 9.93518 E,16.089
,51 34 24.35026 N,28 52 9.47451 E,16.090
,51 34 21.48101 N,28 52 9.01023 E,16.090
,51 34 19.54420 N,28 52 10.10833 E,16.090
,51 34 17.60739 N,28 52 11.20643 E,16.089
,51 34 15.66335 N,28 52 10.22730 E,16.090
,51 34 13.71930 N,28 52 9.25178 E,16.090
,51 34 11.86883 N,28 52 6.51944 E,16.091
,51 34 10.01475 N,28 52 3.79070 E,16.093
,51 34 7.75382 N,28 51 58.33314 E,16.095
,51 34 5.49650 N,28 51 52.87559 E,16.097
,51 34 4.84839 N,28 51 47.42157 E,16.100
,51 34 4.20389 N,28 51 41.97114 E,16.102
,51 34 4.81583 N,28 51 38.07948 E,16.103
,51 34 5.42417 N,28 51 34.19141 E,16.105
,51 34 4.90211 N,28 51 31.07380 E,16.106
,51 34 4.38364 N,28 51 27.95619 E,16.108
,51 34 0.86630 N,28 51 22.62830 E,16.110
,51 33 57.34896 N,28 51 17.30041 E,16.112
,51 33 54.07999 N,28 51 10.28048 E,16.115
,51 33 50.81462 N,28 51 3.26416 E,16.118
,51 33 48.47798 N,28 50 51.51735 E,16.123
,51 33 46.14494 N,28 50 39.76694 E,16.128
,51 33 39.24334 N,28 50 22.36828 E,16.136
,51 33 32.34173 N,28 50 4.96961 E,16.143
,51 33 34.12726 N,28 49 59.51908 E,16.145
,51 33 35.91279 N,28 49 54.07214 E,16.147
,51 33 35.86955 N,28 49 51.73572 E,16.148
,51 33 35.82991 N,28 49 49.40290 E,16.149
,51 33 35.22506 N,28 49 47.06651 E,16.150
,51 33 34.62021 N,28 49 44.73371 E,16.151
,51 33 34.14481 N,28 49 33.83282 E,16.156
,51 33 33.67301 N,28 49 22.93194 E,16.160
,51 33 32.90254 N,28 49 19.03673 E,16.162
,51 33 32.13566 N,28 49 15.14513 E,16.163
,51 33 30.80358 N,28 49 12.02756 E,16.165
,51 33 29.47151 N,28 49 8.90999 E,16.166
,51 33 25.14416 N,28 49 3.71173 E,16.168
,51 33 20.81680 N,28 48 58.51347 E,16.171
,51 33 13.05858 N,28 48 52.08056 E,16.174
,51 33 5.30035 N,28 48 45.64765 E,16.177
,51 32 59.48255 N,28 48 38.44064 E,16.180
,51 32 53.66833 N,28 48 31.23363 E,16.183
,51 32 50.75587 N,28 48 30.12495 E,16.184
,51 32 47.84341 N,28 48 29.01627 E,16.185
,51 32 40.56409 N,28 48 28.16699 E,16.185
,51 32 33.28837 N,28 48 27.31410 E,16.186
,51 32 26.98460 N,28 48 22.50834 E,16.188
,51 32 20.68082 N,28 48 17.70258 E,16.191
,51 32 14.37692 N,28 48 5.57074 E,16.196
,51 32 8.07302 N,28 47 53.43890 E,16.201
,51 31 57.88107 N,28 47 41.94805 E,16.206
,51 31 47.69272 N,28 47 30.46079 E,16.212
,51 31 27.84185 N,28 47 19.61478 E,16.217
,51 31 7.99097 N,28 47 8.77236 E,16.222
,51 31 2.65202 N,28 47 4.55336 E,16.224
,51 30 57.31667 N,28 47 0.33436 E,16.226
,51 30 43.77680 N,28 46 55.65852 E,16.229
,51 30 30.23692 N,28 46 50.98268 E,16.232
,51 30 22.47150 N,28 46 44.88457 E,16.235
,51 30 14.70608 N,28 46 38.79006 E,16.238
,51 30 10.33554 N,28 46 34.25061 E,16.240
,51 30 5.96860 N,28 46 29.71116 E,16.242
,51 29 59.66485 N,28 46 26.34181 E,16.243
,51 29 53.36110 N,28 46 22.96886 E,16.245
,51 29 38.07853 N,28 46 2.74815 E,16.254
,51 29 22.79235 N,28 45 42.52743 E,16.263
,51 29 19.39388 N,28 45 40.90757 E,16.264
,51 29 15.99540 N,28 45 39.28771 E,16.265
,51 29 9.69168 N,28 45 37.99198 E,16.266
,51 29 3.38797 N,28 45 36.69625 E,16.267
,51 29 0.99755 N,28 45 37.59996 E,16.266
,51 28 58.60713 N,28 45 38.50368 E,16.266
,51 28 51.16608 N,28 45 52.87895 E,16.261
,51 28 43.72142 N,28 46 7.25423 E,16.255
,51 28 35.02745 N,28 46 16.12511 E,16.252
,51 28 26.33708 N,28 46 24.99238 E,16.249
,51 28 23.90346 N,28 46 25.38130 E,16.249
,51 28 21.47343 N,28 46 25.76661 E,16.249
,51 28 18.08216 N,28 46 24.47075 E,16.250
,51 28 14.69088 N,28 46 23.17129 E,16.250
,51 28 8.86601 N,28 46 23.75475 E,16.250
,51 28 3.04474 N,28 46 24.33462 E,16.250
,51 27 56.77710 N,28 46 27.24373 E,16.250
,51 27 50.50586 N,28 46 30.14924 E,16.249
,51 27 40.79655 N,28 46 31.76609 E,16.249
,51 27 31.08723 N,28 46 33.37934 E,16.248
,51 27 27.68882 N,28 46 35.44951 E,16.248
,51 27 24.29041 N,28 46 37.51969 E,16.247
,51 27 20.04604 N,28 46 42.95593 E,16.245
,51 27 15.80168 N,28 46 48.38857 E,16.243
,51 27 9.49439 N,28 46 48.38166 E,16.243
,51 27 3.18350 N,28 46 48.37834 E,16.244
,51 27 1.24666 N,28 46 47.60082 E,16.244
,51 27 0.83259 N,28 46 44.49041 E,16.245
,51 27 1.52724 N,28 46 35.17348 E,16.249
,51 27 2.22189 N,28 46 25.85656 E,16.253
,51 27 1.65663 N,28 46 22.74615 E,16.254
,51 27 0.31737 N,28 46 20.73739 E,16.255
,51 26 58.97812 N,28 46 18.73223 E,16.256
,51 26 55.63003 N,28 46 16.59396 E,16.257
,51 26 52.27835 N,28 46 14.45569 E,16.258
,51 26 40.63216 N,28 46 13.48060 E,16.259
,51 26 28.98598 N,28 46 12.50911 E,16.260
,51 26 20.73460 N,28 46 9.01025 E,16.262
,51 26 12.47962 N,28 46 5.51138 E,16.264
,51 26 7.63033 N,28 46 4.47479 E,16.265
,51 26 2.78464 N,28 46 3.43820 E,16.265
,51 25 51.17086 N,28 46 2.65391 E,16.266
,51 25 39.56068 N,28 46 1.87322 E,16.267
,51 25 37.62383 N,28 46 0.64570 E,16.268
,51 25 35.68698 N,28 45 59.41457 E,16.268
,51 25 31.36323 N,28 45 54.23791 E,16.271
,51 25 27.03588 N,28 45 49.06125 E,16.273
,51 25 19.71678 N,28 45 38.25787 E,16.278
,51 25 12.39769 N,28 45 27.45090 E,16.283
,51 25 3.17422 N,28 45 19.75443 E,16.286
,51 24 53.95076 N,28 45 12.05797 E,16.290
,51 24 53.91112 N,28 45 9.73235 E,16.291
,51 24 53.87147 N,28 45 7.40313 E,16.292
,51 24 55.36541 N,28 45 2.74821 E,16.294
,51 24 56.86295 N,28 44 58.09330 E,16.296
,51 24 58.81415 N,28 44 56.54160 E,16.296
,51 25 1.72659 N,28 44 56.08786 E,16.296
,51 25 4.63542 N,28 44 55.63413 E,16.296
,51 25 9.48471 N,28 44 56.53752 E,16.296
,51 25 14.33039 N,28 44 57.44451 E,16.295
,51 25 16.76401 N,28 44 56.08719 E,16.295
,51 25 19.19402 N,28 44 54.72627 E,16.296
,51 25 23.51771 N,28 44 56.79610 E,16.295
,51 25 27.84501 N,28 44 58.86592 E,16.294
,51 25 29.78182 N,28 44 57.69943 E,16.294
,51 25 30.84018 N,28 44 54.59615 E,16.295
,51 25 30.99843 N,28 44 46.05686 E,16.299
,51 25 31.15309 N,28 44 37.51757 E,16.302
,51 25 32.16458 N,28 44 30.53345 E,16.305
,51 25 33.17247 N,28 44 23.54574 E,16.308
,51 25 35.12370 N,28 44 23.41245 E,16.308
,51 25 38.03619 N,28 44 26.32475 E,16.306
,51 25 40.94508 N,28 44 29.23705 E,16.305
,51 25 42.88191 N,28 44 29.36656 E,16.305
,51 25 51.50022 N,28 44 16.88125 E,16.310
,51 26 0.11853 N,28 44 4.39235 E,16.314
,51 26 3.02733 N,28 44 2.31860 E,16.315
,51 26 5.93974 N,28 44 0.24485 E,16.316
,51 26 20.97718 N,28 44 2.11979 E,16.314
,51 26 36.01463 N,28 44 3.99474 E,16.312
,51 26 49.56157 N,28 44 0.68570 E,16.313
,51 27 3.11211 N,28 43 57.38026 E,16.314
,51 27 6.51056 N,28 43 57.44491 E,16.313
,51 27 9.90901 N,28 43 57.50956 E,16.313
,51 27 14.27592 N,28 44 0.42179 E,16.312
,51 27 18.64284 N,28 44 3.33042 E,16.310
,51 27 23.00970 N,28 44 3.71543 E,16.310
,51 27 27.37657 N,28 44 4.10044 E,16.310
,51 27 31.74348 N,28 44 6.81827 E,16.308
,51 27 36.11039 N,28 44 9.53970 E,16.307
,51 27 38.98320 N,28 44 7.66035 E,16.308
,51 27 41.85241 N,28 44 5.78101 E,16.308
,51 27 44.88732 N,28 44 9.60051 E,16.306
,51 27 47.92223 N,28 44 13.42001 E,16.305
,51 27 50.34507 N,28 44 13.54950 E,16.305
,51 27 52.77151 N,28 44 13.67900 E,16.304
,51 27 55.68031 N,28 44 11.73485 E,16.305
,51 27 59.16870 N,28 44 8.23906 E,16.306
,51 27 57.30738 N,28 44 2.80309 E,16.309
,51 27 55.44606 N,28 43 57.36351 E,16.311
,51 27 53.50556 N,28 43 53.47556 E,16.313
,51 27 51.56147 N,28 43 49.59121 E,16.314
,51 27 48.16297 N,28 43 46.80854 E,16.316
,51 27 44.76447 N,28 43 44.02946 E,16.317
,51 27 43.02550 N,28 43 35.48306 E,16.320
,51 27 41.28652 N,28 43 26.94025 E,16.324
,51 27 39.83205 N,28 43 23.89829 E,16.325
,51 27 38.37758 N,28 43 20.85632 E,16.327
,51 27 36.47311 N,28 43 18.58838 E,16.328
,51 27 34.57224 N,28 43 16.32405 E,16.329
,51 27 30.20535 N,28 43 14.90223 E,16.330
,51 27 25.83847 N,28 43 13.48041 E,16.330
,51 27 22.96203 N,28 43 13.48414 E,16.331
,51 27 20.08558 N,28 43 13.48787 E,16.331
,51 27 17.17311 N,28 43 11.41798 E,16.332
,51 27 14.26063 N,28 43 9.34809 E,16.333
,51 27 9.41494 N,28 43 8.25029 E,16.333
,51 27 4.56565 N,28 43 7.15250 E,16.334
,51 27 3.22638 N,28 43 4.04573 E,16.335
,51 27 1.88710 N,28 43 0.94256 E,16.337
,51 27 1.44064 N,28 42 57.83575 E,16.338
,51 27 0.99418 N,28 42 54.72894 E,16.339
,51 26 57.39766 N,28 42 50.39826 E,16.341
,51 26 53.79753 N,28 42 46.06398 E,16.343
,51 26 41.00604 N,28 42 17.40467 E,16.356
,51 26 28.21456 N,28 41 48.74896 E,16.368
,51 26 28.05611 N,28 41 46.41974 E,16.369
,51 26 27.89767 N,28 41 44.08693 E,16.370
,51 26 28.61760 N,28 41 39.42845 E,16.372
,51 26 29.33753 N,28 41 34.76997 E,16.374
,51 26 30.75227 N,28 41 30.10786 E,16.376
,51 26 32.16701 N,28 41 25.44575 E,16.377
,51 26 34.34481 N,28 41 12.24433 E,16.383
,51 26 36.51901 N,28 40 59.04290 E,16.388
,51 26 38.46301 N,28 40 57.35800 E,16.389
,51 26 40.40701 N,28 40 55.67309 E,16.389
,51 26 45.25626 N,28 40 54.62887 E,16.389
,51 26 50.10191 N,28 40 53.58464 E,16.390
,51 27 27.86982 N,28 40 40.19082 E,16.393
,51 28 5.63413 N,28 40 26.79339 E,16.396
,51 28 8.54656 N,28 40 26.53406 E,16.396
,51 28 11.45540 N,28 40 26.27113 E,16.396
,51 28 34.21833 N,28 40 15.22520 E,16.400
,51 28 56.98127 N,28 40 4.17567 E,16.403
,51 29 16.34581 N,28 39 56.75513 E,16.405
,51 29 35.71036 N,28 39 49.33459 E,16.407
,51 29 46.33760 N,28 39 42.77125 E,16.409
,51 29 56.96844 N,28 39 36.21150 E,16.411
,51 30 5.21251 N,28 39 33.47511 E,16.412
,51 30 13.46018 N,28 39 30.73871 E,16.412
,51 30 16.37259 N,28 39 29.04296 E,16.413
,51 30 19.28500 N,28 39 27.35082 E,16.414
,51 30 36.22317 N,28 39 22.91121 E,16.414
,51 30 53.16133 N,28 39 18.47161 E,16.415
,51 30 57.53176 N,28 39 16.19619 E,16.416
,51 31 1.89858 N,28 39 13.92077 E,16.417
,51 31 8.68826 N,28 39 12.73965 E,16.417
,51 31 15.47793 N,28 39 11.55494 E,16.417
,51 31 20.77357 N,28 39 9.40548 E,16.418
,51 31 26.06921 N,28 39 7.25602 E,16.418
,51 31 27.53084 N,28 39 7.77076 E,16.418
,51 31 28.99247 N,28 39 8.28549 E,16.418
,51 31 31.70340 N,28 39 13.53422 E,16.415
,51 31 34.41793 N,28 39 18.77935 E,16.413
,51 31 36.35479 N,28 39 20.33088 E,16.412
,51 31 48.47967 N,28 39 14.92308 E,16.414
,51 32 0.60454 N,28 39 9.51529 E,16.415
,51 32 16.09189 N,28 39 4.81294 E,16.416
,51 32 31.57562 N,28 39 0.11420 E,16.418
,51 32 41.27769 N,28 38 55.81532 E,16.419
,51 32 50.97975 N,28 38 51.51644 E,16.420
,51 32 56.10968 N,28 38 43.26493 E,16.423
,51 33 1.23601 N,28 38 35.01342 E,16.426
,51 33 7.05359 N,28 38 28.83910 E,16.428
,51 33 12.86756 N,28 38 22.66117 E,16.431
,51 33 14.33280 N,28 38 23.56832 E,16.430
,51 33 15.79444 N,28 38 24.47546 E,16.430
,51 33 18.82937 N,28 38 29.65577 E,16.427
,51 33 21.86431 N,28 38 34.83609 E,16.425
,51 33 25.87494 N,28 38 44.94841 E,16.421
,51 33 29.88557 N,28 38 55.06432 E,16.417
,51 33 31.62812 N,28 39 2.12751 E,16.414
,51 33 33.37427 N,28 39 9.19431 E,16.411
,51 33 35.32191 N,28 39 9.57942 E,16.410
,51 33 39.48349 N,28 39 5.22679 E,16.412
,51 33 43.64507 N,28 39 0.87056 E,16.413
,51 33 38.13308 N,28 38 42.97863 E,16.421
,51 33 32.61749 N,28 38 25.08311 E,16.429
,51 33 28.31882 N,28 38 13.41559 E,16.434
,51 33 24.02016 N,28 38 1.74447 E,16.439
,51 33 23.93730 N,28 37 58.63404 E,16.440
,51 33 30.24092 N,28 37 54.66292 E,16.441
,51 33 36.54454 N,28 37 50.69179 E,16.442
,51 33 38.48859 N,28 37 51.78972 E,16.442
,51 33 40.42904 N,28 37 52.88764 E,16.441
,51 33 42.33351 N,28 37 55.28158 E,16.440
,51 33 44.23438 N,28 37 57.67192 E,16.439
,51 33 47.60056 N,28 38 5.45144 E,16.436
,51 33 50.96314 N,28 38 13.23096 E,16.432
,51 33 54.20701 N,28 38 25.67974 E,16.427
,51 33 57.44727 N,28 38 38.12852 E,16.422
,51 33 57.77497 N,28 38 43.58256 E,16.420
,51 33 58.10627 N,28 38 49.03299 E,16.417
,51 33 57.79694 N,28 39 4.60676 E,16.411
,51 33 57.48761 N,28 39 20.18053 E,16.405
,51 33 59.67291 N,28 39 23.87407 E,16.403
,51 34 1.85460 N,28 39 27.56760 E,16.402
,51 34 3.80584 N,28 39 28.21552 E,16.401
,51 34 5.49423 N,28 39 26.26423 E,16.402
,51 34 8.59728 N,28 39 15.35598 E,16.406
,51 34 11.70034 N,28 39 4.44773 E,16.410
,51 34 11.70028 N,28 39 1.33010 E,16.412
,51 34 9.55816 N,28 38 56.07775 E,16.414
,51 34 7.41604 N,28 38 50.82539 E,16.416
,51 34 6.29954 N,28 38 23.50838 E,16.427
,51 34 5.17945 N,28 37 56.19496 E,16.439
,51 34 7.11265 N,28 37 54.63605 E,16.439
,51 34 14.39194 N,28 37 53.84012 E,16.439
,51 34 21.67123 N,28 37 53.04418 E,16.439
,51 34 22.64679 N,28 37 49.92651 E,16.440
,51 34 22.04868 N,28 37 21.10825 E,16.452
,51 34 21.45056 N,28 36 52.29360 E,16.464
,51 34 22.41163 N,28 36 43.66427 E,16.467
,51 34 23.37269 N,28 36 35.03134 E,16.471
,51 34 23.31855 N,28 36 27.24087 E,16.474
,51 34 23.26082 N,28 36 19.45040 E,16.477
,51 34 22.36424 N,28 36 10.10835 E,16.481
,51 34 21.46406 N,28 36 0.76989 E,16.485
,51 34 20.93421 N,28 35 24.16836 E,16.500
,51 34 20.40436 N,28 34 47.57043 E,16.515
,51 34 21.27536 N,28 34 35.04227 E,16.520
,51 34 22.14995 N,28 34 22.51411 E,16.525
,51 34 21.19209 N,28 34 8.49921 E,16.531
,51 34 20.23783 N,28 33 54.48432 E,16.537
,51 34 20.18368 N,28 33 45.91984 E,16.540
,51 34 20.12953 N,28 33 37.35536 E,16.544
,51 34 19.35184 N,28 33 32.68615 E,16.545
,51 34 18.57775 N,28 33 28.01694 E,16.547
,51 34 18.89085 N,28 33 22.56287 E,16.550
,51 34 19.20756 N,28 33 17.11240 E,16.552
,51 34 20.66194 N,28 33 14.50951 E,16.553
,51 34 22.11995 N,28 33 13.98384 E,16.553
,51 34 23.57436 N,28 33 13.45817 E,16.553
,51 34 31.82210 N,28 33 14.78621 E,16.552
,51 34 40.06985 N,28 33 16.11425 E,16.551
,51 34 42.98591 N,28 33 17.52893 E,16.550
,51 34 45.90558 N,28 33 18.94361 E,16.550
,51 34 50.27245 N,28 33 19.57702 E,16.549
,51 34 54.63932 N,28 33 20.20683 E,16.549
,51 34 56.57613 N,28 33 18.64073 E,16.549
,51 34 57.33930 N,28 33 16.30427 E,16.550
,51 34 58.09887 N,28 33 13.96421 E,16.551
,51 34 58.25716 N,28 33 7.72895 E,16.554
,51 34 58.41545 N,28 33 1.49728 E,16.556
,51 34 57.13356 N,28 32 45.92359 E,16.563
,51 34 55.84807 N,28 32 30.34989 E,16.569
,51 34 55.80804 N,28 32 6.13606 E,16.579
,51 34 55.76442 N,28 31 41.92583 E,16.589
,51 34 56.55268 N,28 31 33.35771 E,16.592
,51 34 57.34454 N,28 31 24.78599 E,16.596
,51 34 58.63332 N,28 31 22.76991 E,16.596
,51 34 59.92571 N,28 31 20.75023 E,16.597
,51 35 3.31693 N,28 31 19.10846 E,16.598
,51 35 6.70815 N,28 31 17.46669 E,16.598
,51 35 9.49812 N,28 31 13.62533 E,16.600
,51 35 12.28449 N,28 31 9.78397 E,16.601
,51 35 19.22531 N,28 31 4.81560 E,16.603
,51 35 26.16972 N,28 30 59.84724 E,16.604
,51 35 27.13808 N,28 30 57.11477 E,16.605
,51 35 28.10285 N,28 30 54.38230 E,16.606
,51 35 26.91107 N,28 30 45.04027 E,16.610
,51 35 25.71569 N,28 30 35.69823 E,16.614
,51 35 26.20133 N,28 30 14.65960 E,16.623
,51 35 26.69056 N,28 29 53.61738 E,16.631
,51 35 25.96690 N,28 29 50.63298 E,16.633
,51 35 25.24684 N,28 29 47.64498 E,16.634
,51 35 25.54191 N,28 29 40.31170 E,16.637
,51 35 25.83699 N,28 29 32.97841 E,16.640
,51 35 28.51503 N,28 29 10.07487 E,16.649
,51 35 31.19307 N,28 28 47.17133 E,16.658
,51 35 31.96313 N,28 28 27.37110 E,16.666
,51 35 32.72959 N,28 28 7.57088 E,16.674
,51 35 29.39216 N,28 27 57.17052 E,16.679
,51 35 26.05473 N,28 27 46.76658 E,16.683
,51 35 12.95370 N,28 27 21.32212 E,16.694
,51 34 59.85267 N,28 26 55.88127 E,16.705
,51 34 58.28657 N,28 26 51.71970 E,16.707
,51 34 56.72048 N,28 26 47.55813 E,16.709
,51 34 36.83687 N,28 26 17.88034 E,16.722
,51 34 16.94967 N,28 25 48.20615 E,16.735
,51 34 8.75569 N,28 25 33.63718 E,16.742
,51 34 0.56532 N,28 25 19.06461 E,16.748
,51 33 55.97154 N,28 25 12.55955 E,16.751
,51 33 51.37776 N,28 25 6.05449 E,16.754
,51 33 47.42119 N,28 24 59.16421 E,16.757
,51 33 43.46461 N,28 24 52.27392 E,16.760
,51 33 38.02110 N,28 24 39.33924 E,16.766
,51 33 32.57400 N,28 24 26.40816 E,16.771
,51 33 17.24810 N,28 23 59.23939 E,16.783
,51 33 1.92221 N,28 23 32.07422 E,16.795
,51 32 51.24385 N,28 22 57.73037 E,16.810
,51 32 40.56550 N,28 22 23.39012 E,16.824
,51 32 31.81694 N,28 21 58.32707 E,16.835
,51 32 23.06837 N,28 21 33.27123 E,16.846
,51 32 21.90188 N,28 21 28.72803 E,16.848
,51 32 20.73538 N,28 21 24.18844 E,16.850
,51 32 20.61645 N,28 21 17.11798 E,16.853
,51 32 20.50113 N,28 21 10.04752 E,16.856
,51 32 21.84030 N,28 21 7.07023 E,16.857
,51 32 23.17946 N,28 21 4.08934 E,16.858
,51 32 26.53467 N,28 21 1.50436 E,16.859
,51 32 29.89347 N,28 20 58.91579 E,16.860
,51 32 31.51350 N,28 20 59.43772 E,16.859
,51 32 33.13353 N,28 20 59.96325 E,16.859
,51 32 36.20443 N,28 21 2.95114 E,16.858
,51 32 39.27172 N,28 21 5.94263 E,16.856
,51 32 43.67464 N,28 21 8.67846 E,16.855
,51 32 48.07755 N,28 21 11.41429 E,16.853
,51 32 56.68532 N,28 21 14.61073 E,16.852
,51 33 5.29670 N,28 21 17.80717 E,16.850
,51 33 11.07841 N,28 21 19.11733 E,16.849
,51 33 16.86012 N,28 21 20.42748 E,16.848
,51 33 21.75617 N,28 21 19.79365 E,16.848
,51 33 26.65223 N,28 21 19.15982 E,16.848
,51 33 34.58305 N,28 21 13.52901 E,16.850
,51 33 42.51386 N,28 21 7.90180 E,16.852
,51 33 48.50070 N,28 21 5.06110 E,16.853
,51 33 54.49113 N,28 21 2.22401 E,16.853
,51 34 3.23196 N,28 20 56.59676 E,16.855
,51 34 11.97279 N,28 20 50.96951 E,16.857
,51 34 18.89194 N,28 20 42.67832 E,16.860
,51 34 25.81469 N,28 20 34.38352 E,16.863
,51 34 30.79348 N,28 20 29.52685 E,16.865
,51 34 35.77226 N,28 20 24.66658 E,16.867
,51 34 38.60542 N,28 20 19.74160 E,16.868
,51 34 41.44217 N,28 20 14.81303 E,16.870
,51 34 42.90372 N,28 20 10.66212 E,16.872
,51 34 44.36887 N,28 20 6.51482 E,16.873
,51 34 49.46996 N,28 19 56.07089 E,16.877
,51 34 54.57105 N,28 19 45.63056 E,16.881
,51 34 58.41581 N,28 19 40.38153 E,16.883
,51 35 2.26057 N,28 19 35.13251 E,16.885
,51 35 3.96337 N,28 19 33.31441 E,16.886
,51 35 5.66616 N,28 19 31.49992 E,16.887
,51 35 11.24981 N,28 19 29.56285 E,16.887
,51 35 16.82985 N,28 19 27.62578 E,16.888
,51 35 18.97542 N,28 19 23.86365 E,16.889
,51 35 21.11738 N,28 19 20.10151 E,16.890
,51 35 20.80053 N,28 19 17.76510 E,16.891
,51 35 36.82765 N,28 19 0.13141 E,16.898
,51 35 52.85117 N,28 18 42.49052 E,16.904
,51 35 57.50242 N,28 18 41.58670 E,16.904
,51 36 2.15008 N,28 18 40.68648 E,16.904
,51 36 11.86635 N,28 18 25.56949 E,16.910
,51 36 21.58262 N,28 18 10.45251 E,16.915
,51 36 52.09234 N,28 17 29.49714 E,16.930
,51 37 22.59485 N,28 16 48.53096 E,16.945
,51 37 21.95029 N,28 16 39.63171 E,16.949
,51 37 21.30572 N,28 16 30.73245 E,16.953
,51 37 18.27778 N,28 16 13.70802 E,16.960
,51 37 15.24984 N,28 15 56.68000 E,16.967
,51 37 11.49111 N,28 15 41.15322 E,16.974
,51 37 7.73599 N,28 15 25.62284 E,16.980
,51 37 21.77247 N,28 15 19.06654 E,16.982
,51 37 35.80536 N,28 15 12.51025 E,16.984
,51 37 53.79496 N,28 15 20.56991 E,16.980
,51 38 11.78815 N,28 15 28.62957 E,16.975
,51 38 33.54694 N,28 15 32.86222 E,16.972
,51 38 55.30572 N,28 15 37.09488 E,16.969
,51 39 9.09400 N,28 15 41.71310 E,16.967
,51 39 22.88228 N,28 15 46.33491 E,16.964
,51 39 41.12020 N,28 15 49.72532 E,16.962
,51 39 59.35812 N,28 15 53.11572 E,16.959
,51 40 6.68078 N,28 16 2.14788 E,16.955
,51 40 13.99985 N,28 16 11.18363 E,16.951
,51 40 24.71715 N,28 16 8.52272 E,16.952
,51 40 35.43446 N,28 16 5.86181 E,16.952
,51 40 43.68909 N,28 15 49.53528 E,16.958
,51 40 51.94372 N,28 15 33.20874 E,16.964
,51 40 42.11868 N,28 15 5.10372 E,16.977
,51 40 32.29005 N,28 14 36.99870 E,16.989
,51 40 29.70154 N,28 14 32.51317 E,16.991
,51 40 27.11302 N,28 14 28.02405 E,16.992
,51 40 24.63968 N,28 14 21.78530 E,16.995
,51 40 22.16633 N,28 14 15.54295 E,16.998
,51 40 18.81100 N,28 14 10.72986 E,17.000
,51 40 15.45207 N,28 14 5.91677 E,17.002
,51 40 11.08515 N,28 14 2.79574 E,17.004
,51 40 6.71823 N,28 13 59.67470 E,17.005
,51 40 5.38617 N,28 13 57.46434 E,17.006
,51 40 4.05412 N,28 13 55.25398 E,17.007
,51 40 1.42226 N,28 13 42.58198 E,17.012
,51 39 58.79400 N,28 13 29.90998 E,17.018
,51 39 54.02009 N,28 13 16.64407 E,17.023
,51 39 49.24979 N,28 13 3.38536 E,17.029
,51 39 47.22288 N,28 12 58.70181 E,17.031
,51 39 45.19597 N,28 12 54.01825 E,17.033
,51 39 41.10981 N,28 12 47.84438 E,17.036
,51 39 37.02724 N,28 12 41.67411 E,17.039
,51 39 31.28490 N,28 12 26.84943 E,17.045
,51 39 25.54615 N,28 12 12.03195 E,17.051
,51 39 22.34560 N,28 12 5.91923 E,17.054
,51 39 19.14505 N,28 11 59.81012 E,17.057
,51 39 7.89070 N,28 11 26.07831 E,17.071
,51 38 56.63274 N,28 10 52.35370 E,17.086
,51 38 50.40083 N,28 10 39.75026 E,17.091
,51 38 44.16532 N,28 10 27.14682 E,17.097
,51 38 40.75952 N,28 10 18.24769 E,17.101
,51 38 37.35371 N,28 10 9.34856 E,17.104
,51 38 34.44127 N,28 10 9.48190 E,17.104
,51 38 31.52884 N,28 10 9.61523 E,17.105
,51 38 28.94037 N,28 10 7.80093 E,17.105
,51 38 26.35190 N,28 10 5.98303 E,17.106
,51 38 24.93708 N,28 10 5.85709 E,17.106
,51 38 23.52225 N,28 10 5.73116 E,17.107
,51 38 20.24623 N,28 10 7.29732 E,17.106
,51 38 16.97381 N,28 10 8.86348 E,17.106
,51 38 11.47293 N,28 10 8.21933 E,17.106
,51 38 5.97204 N,28 10 7.57877 E,17.107
,51 38 0.19037 N,28 10 8.36744 E,17.107
,51 37 54.40870 N,28 10 9.15971 E,17.107
,51 37 51.49629 N,28 10 11.11106 E,17.106
,51 37 48.58749 N,28 10 13.06601 E,17.106
,51 37 45.39423 N,28 10 12.74575 E,17.106
,51 37 42.20098 N,28 10 12.42549 E,17.106
,51 37 30.58346 N,28 10 3.22073 E,17.111
,51 37 18.96233 N,28 9 54.01237 E,17.115
,51 37 2.49898 N,28 9 36.04895 E,17.123
,51 36 46.03203 N,28 9 18.08912 E,17.132
,51 36 31.70000 N,28 9 5.51485 E,17.138
,51 36 17.36798 N,28 8 52.94418 E,17.144
,51 36 16.96474 N,28 8 50.99658 E,17.144
,51 36 16.55790 N,28 8 49.05258 E,17.145
,51 36 17.24543 N,28 8 44.23930 E,17.147
,51 36 17.93295 N,28 8 39.42963 E,17.149
,51 36 19.86966 N,28 8 32.47787 E,17.152
,51 36 21.80636 N,28 8 25.52612 E,17.155
,51 36 25.02451 N,28 8 8.50141 E,17.161
,51 36 28.24626 N,28 7 51.47671 E,17.168
,51 36 23.18451 N,28 7 47.07049 E,17.170
,51 36 18.12276 N,28 7 42.66428 E,17.172
,51 36 13.90696 N,28 7 34.75160 E,17.176
,51 36 9.69116 N,28 7 26.83891 E,17.179
,51 36 4.99303 N,28 7 23.34709 E,17.181
,51 36 0.29850 N,28 7 19.85527 E,17.183
,51 35 58.80084 N,28 7 17.39291 E,17.184
,51 35 57.30317 N,28 7 14.92696 E,17.185
,51 35 48.84297 N,28 7 10.07810 E,17.187
,51 35 40.38276 N,28 7 5.23283 E,17.190
,51 35 21.21237 N,28 6 58.53404 E,17.194
,51 35 2.04198 N,28 6 51.83524 E,17.197
,51 35 0.13392 N,28 6 50.15411 E,17.198
,51 34 58.22227 N,28 6 48.47298 E,17.199
,51 34 53.71834 N,28 6 33.10104 E,17.206
,51 34 49.21440 N,28 6 17.73270 E,17.212
,51 34 45.32624 N,28 6 11.64161 E,17.215
,51 34 41.44168 N,28 6 5.55053 E,17.218
,51 34 33.86651 N,28 5 27.99172 E,17.233
,51 34 26.29134 N,28 4 50.43651 E,17.249
,51 34 30.40608 N,28 4 43.28305 E,17.252
,51 34 34.51721 N,28 4 36.12600 E,17.255
,51 34 40.13315 N,28 4 28.31727 E,17.258
,51 34 45.75270 N,28 4 20.50494 E,17.260
,51 34 36.46797 N,28 4 9.37406 E,17.265
,51 34 27.18324 N,28 3 58.24677 E,17.271
,51 34 14.48175 N,28 3 29.41468 E,17.283
,51 34 1.77667 N,28 3 0.58618 E,17.296
,51 33 59.18090 N,28 2 52.94342 E,17.299
,51 33 56.58512 N,28 2 45.29707 E,17.302
,51 33 56.24297 N,28 2 36.72900 E,17.306
,51 33 55.89721 N,28 2 28.16454 E,17.309
,51 33 56.40460 N,28 2 15.51040 E,17.314
,51 33 56.91559 N,28 2 2.85625 E,17.320
,51 33 53.66786 N,28 1 35.48534 E,17.331
,51 33 50.41653 N,28 1 8.11443 E,17.342
,51 33 46.94217 N,28 0 50.22242 E,17.350
,51 33 43.46780 N,28 0 32.32681 E,17.357
,51 33 42.95272 N,28 0 16.56228 E,17.364
,51 33 42.43764 N,28 0 0.79416 E,17.370
,51 33 43.32319 N,27 59 57.15449 E,17.372
,51 33 44.20873 N,27 59 53.51841 E,17.373
,51 33 43.50292 N,27 59 42.12434 E,17.378
,51 33 42.79351 N,27 59 30.72666 E,17.383
,51 33 34.78553 N,27 58 6.84984 E,17.418
,51 33 26.76314 N,27 56 42.98021 E,17.452
,51 33 26.41380 N,27 56 35.19336 E,17.456
,51 33 26.06446 N,27 56 27.40650 E,17.459
,51 33 26.43521 N,27 56 24.29245 E,17.460
,51 33 26.80596 N,27 56 21.17841 E,17.461
,51 33 29.59956 N,27 56 18.85266 E,17.462
,51 33 32.39316 N,27 56 16.52691 E,17.463
,51 33 34.81963 N,27 56 18.81282 E,17.462
,51 33 37.24251 N,27 56 21.09513 E,17.461
,51 33 56.20088 N,27 56 49.92335 E,17.448
,51 34 15.15926 N,27 57 18.75876 E,17.435
,51 34 25.82273 N,27 57 25.49034 E,17.432
,51 34 36.48980 N,27 57 32.22192 E,17.428
,51 34 38.82988 N,27 57 35.35025 E,17.427
,51 34 41.16997 N,27 57 38.47857 E,17.425
,51 34 45.15541 N,27 57 48.62328 E,17.421
,51 34 49.13724 N,27 57 58.76800 E,17.417
,51 34 52.08215 N,27 58 2.48310 E,17.415
,51 34 55.02705 N,27 58 6.19820 E,17.413
,51 35 7.42938 N,27 58 14.76212 E,17.409
,51 35 19.83171 N,27 58 23.32964 E,17.405
,51 35 29.52674 N,27 58 28.83005 E,17.402
,51 35 39.22178 N,27 58 34.33407 E,17.399
,51 35 39.99216 N,27 58 32.78242 E,17.400
,51 35 40.75894 N,27 58 31.23077 E,17.400
,51 35 43.17791 N,27 58 15.65691 E,17.406
,51 35 45.59327 N,27 58 0.08306 E,17.413
,51 35 40.47742 N,27 57 49.99239 E,17.417
,51 35 35.36157 N,27 57 39.90533 E,17.421
,51 35 34.59830 N,27 57 36.78414 E,17.423
,51 35 33.83863 N,27 57 33.66294 E,17.424
,51 35 34.61256 N,27 57 28.99006 E,17.426
,51 35 35.39009 N,27 57 24.31718 E,17.428
,51 35 22.26768 N,27 57 11.20646 E,17.434
,51 35 9.14526 N,27 56 58.09573 E,17.440
,51 35 3.32034 N,27 56 56.11957 E,17.441
,51 34 57.49903 N,27 56 54.14702 E,17.442
,51 34 53.62530 N,27 56 50.30235 E,17.444
,51 34 49.75158 N,27 56 46.45769 E,17.446
,51 34 47.17742 N,27 56 39.49894 E,17.449
,51 34 44.60326 N,27 56 32.54020 E,17.452
,51 34 41.08196 N,27 56 6.62371 E,17.463
,51 34 37.55705 N,27 55 40.71083 E,17.474
,51 34 38.50368 N,27 55 29.80989 E,17.478
,51 34 39.45030 N,27 55 18.90894 E,17.483
,51 34 40.10547 N,27 55 16.57249 E,17.484
,51 34 40.75703 N,27 55 14.23964 E,17.484
,51 34 43.66947 N,27 55 13.66710 E,17.484
,51 34 46.57830 N,27 55 13.09456 E,17.485
,51 35 9.86355 N,27 55 20.38718 E,17.480
,51 35 33.14881 N,27 55 27.68339 E,17.476
,51 35 38.00169 N,27 55 27.89917 E,17.475
,51 35 42.85816 N,27 55 28.11496 E,17.475
,51 35 48.20060 N,27 55 26.12030 E,17.476
,51 35 53.54304 N,27 55 24.12564 E,17.476
,51 35 57.90989 N,27 55 23.49183 E,17.476
,51 36 2.27674 N,27 55 22.86163 E,17.476
,51 36 11.41727 N,27 55 23.03042 E,17.475
,51 36 20.55421 N,27 55 23.19560 E,17.475
,51 36 27.28254 N,27 55 14.19162 E,17.478
,51 36 34.01448 N,27 55 5.18403 E,17.481
,51 36 41.78692 N,27 55 0.92843 E,17.483
,51 36 49.55935 N,27 54 56.66924 E,17.484
,51 36 54.37971 N,27 54 50.64257 E,17.486
,51 36 59.20008 N,27 54 44.61949 E,17.488
,51 37 0.13245 N,27 54 42.28303 E,17.489
,51 37 1.06842 N,27 54 39.95016 E,17.490
,51 37 2.32425 N,27 54 6.43019 E,17.504
,51 37 3.58008 N,27 53 32.91022 E,17.517
,51 37 4.34685 N,27 53 30.57377 E,17.518
,51 37 5.11722 N,27 53 28.23371 E,17.519
,51 37 8.07639 N,27 53 23.95673 E,17.521
,51 37 11.03555 N,27 53 19.67976 E,17.522
,51 37 16.37797 N,27 53 16.51509 E,17.523
,51 37 21.72039 N,27 53 13.34682 E,17.524
,51 37 22.97676 N,27 53 10.29753 E,17.526
,51 37 24.23312 N,27 53 7.24465 E,17.527
,51 37 24.80892 N,27 52 55.54811 E,17.531
,51 37 25.38473 N,27 52 43.85518 E,17.536
,51 37 26.03987 N,27 52 39.95991 E,17.538
,51 37 26.69141 N,27 52 36.06104 E,17.539
,51 37 30.42094 N,27 52 29.18481 E,17.542
,51 37 34.14687 N,27 52 22.30858 E,17.544
,51 37 37.71793 N,27 52 11.40031 E,17.549
,51 37 41.28899 N,27 52 0.49205 E,17.553
,51 37 45.30648 N,27 51 51.21098 E,17.557
,51 37 49.32398 N,27 51 41.92631 E,17.560
,51 37 49.76673 N,27 51 38.80866 E,17.561
,51 37 50.21308 N,27 51 35.69101 E,17.563
,51 37 49.41721 N,27 51 20.87331 E,17.569
,51 37 48.62134 N,27 51 6.05561 E,17.575
,51 37 46.20554 N,27 50 56.68843 E,17.579
,51 37 43.78614 N,27 50 47.32125 E,17.583
,51 37 32.93148 N,27 50 18.57908 E,17.595
,51 37 22.07322 N,27 49 49.83690 E,17.608
,51 37 12.61913 N,27 49 29.74195 E,17.616
,51 37 3.16145 N,27 49 9.65059 E,17.625
,51 36 53.97442 N,27 49 27.11117 E,17.619
,51 36 44.78740 N,27 49 44.57175 E,17.612
,51 36 41.58709 N,27 49 52.36236 E,17.609
,51 36 38.39038 N,27 50 0.15298 E,17.606
,51 36 34.20736 N,27 50 13.39769 E,17.601
,51 36 30.02433 N,27 50 26.63881 E,17.596
,51 36 25.17860 N,27 50 23.05339 E,17.597
,51 36 20.32927 N,27 50 19.46798 E,17.599
,51 36 12.08501 N,27 50 11.65988 E,17.603
,51 36 3.83716 N,27 50 3.84818 E,17.607
,51 35 56.07889 N,27 49 55.00325 E,17.611
,51 35 48.31703 N,27 49 46.16192 E,17.615
,51 35 30.84959 N,27 49 46.51911 E,17.616
,51 35 13.38215 N,27 49 46.87631 E,17.617
,51 35 3.67995 N,27 49 43.48192 E,17.619
,51 34 53.97415 N,27 49 40.08752 E,17.621
,51 34 47.74958 N,27 49 35.07656 E,17.623
,51 34 41.51780 N,27 49 30.06920 E,17.625
,51 34 39.09498 N,27 49 31.16731 E,17.625
,51 34 36.67217 N,27 49 32.26904 E,17.625
,51 34 31.52781 N,27 49 38.74933 E,17.623
,51 34 26.38705 N,27 49 45.23322 E,17.620
,51 34 25.97310 N,27 49 48.34727 E,17.619
,51 34 25.01188 N,27 49 48.21051 E,17.619
,51 34 24.40702 N,27 49 45.09651 E,17.620
,51 34 23.80576 N,27 49 41.98251 E,17.622
,51 34 22.39091 N,27 49 40.48856 E,17.622
,51 34 20.97606 N,27 49 38.99101 E,17.623
,51 34 18.05644 N,27 49 40.15395 E,17.623
,51 34 15.13682 N,27 49 41.31689 E,17.622
,51 34 13.07766 N,27 49 45.07902 E,17.621
,51 34 11.01850 N,27 49 48.83755 E,17.620
,51 34 10.48933 N,27 49 51.17039 E,17.619
,51 34 9.96016 N,27 49 53.50684 E,17.618
,51 34 8.05937 N,27 49 55.38614 E,17.617
,51 34 6.15858 N,27 49 57.26905 E,17.616
,51 34 0.81612 N,27 49 58.55810 E,17.616
,51 33 55.47367 N,27 49 59.84356 E,17.616
,51 33 52.31289 N,27 50 3.27813 E,17.615
,51 33 49.15570 N,27 50 6.71270 E,17.614
,51 33 47.70128 N,27 50 6.96477 E,17.614
,51 33 46.24327 N,27 50 7.22044 E,17.614
,51 33 45.39374 N,27 50 11.89332 E,17.612
,51 33 44.54061 N,27 50 16.56621 E,17.610
,51 33 42.11061 N,27 50 18.63633 E,17.609
,51 33 39.68061 N,27 50 20.70646 E,17.608
,51 33 32.40136 N,27 50 23.67682 E,17.608
,51 33 25.12211 N,27 50 26.64718 E,17.607
,51 33 23.22123 N,27 50 23.26683 E,17.608
,51 33 21.32034 N,27 50 19.89008 E,17.610
,51 33 19.38350 N,27 50 19.36817 E,17.610
,51 33 18.00833 N,27 50 22.34906 E,17.609
,51 33 16.63677 N,27 50 25.32995 E,17.608
,51 33 14.68557 N,27 50 27.01845 E,17.607
,51 33 9.83267 N,27 50 25.31585 E,17.608
,51 33 4.97617 N,27 50 23.61686 E,17.609
,51 33 3.52176 N,27 50 23.81133 E,17.609
,51 33 2.06374 N,27 50 24.00219 E,17.609
,51 33 0.41136 N,27 50 26.72749 E,17.608
,51 32 58.75539 N,27 50 29.44919 E,17.607
,51 32 59.51868 N,27 50 34.12200 E,17.605
,51 33 0.28197 N,27 50 38.79481 E,17.603
,51 32 58.74119 N,27 50 40.99090 E,17.603
,51 32 55.34276 N,27 50 41.95946 E,17.602
,51 32 51.94433 N,27 50 42.92803 E,17.602
,51 32 49.06800 N,27 50 49.40822 E,17.600
,51 32 46.19167 N,27 50 55.88481 E,17.597
,51 32 44.73367 N,27 50 57.18089 E,17.597
,51 32 43.27928 N,27 50 58.47336 E,17.596
,51 32 39.39121 N,27 50 57.55913 E,17.597
,51 32 35.50673 N,27 50 56.64130 E,17.598
,51 32 25.57035 N,27 50 42.67361 E,17.604
,51 32 15.63396 N,27 50 28.70953 E,17.610
,51 32 10.58645 N,27 50 14.82083 E,17.616
,51 32 5.53893 N,27 50 0.93573 E,17.622
,51 32 1.93784 N,27 49 1.39494 E,17.647
,51 31 58.32594 N,27 48 1.85415 E,17.672
,51 31 56.95429 N,27 48 0.36380 E,17.672
,51 31 55.58265 N,27 47 58.86985 E,17.673
,51 31 41.50989 N,27 47 49.96760 E,17.677
,51 31 27.44074 N,27 47 41.07255 E,17.682
,51 31 13.86116 N,27 47 30.68347 E,17.687
,51 31 0.27799 N,27 47 20.29439 E,17.692
,51 30 53.96699 N,27 47 14.39062 E,17.695
,51 30 47.65600 N,27 47 8.48325 E,17.698
,51 30 37.95376 N,27 47 2.64443 E,17.701
,51 30 28.25152 N,27 46 56.80561 E,17.704
,51 30 18.05963 N,27 46 48.30999 E,17.708
,51 30 7.87134 N,27 46 39.81437 E,17.712
,51 29 59.50104 N,27 46 29.76346 E,17.717
,51 29 51.13075 N,27 46 19.71614 E,17.721
,51 29 49.67265 N,27 46 15.56537 E,17.723
,51 29 48.21816 N,27 46 11.41460 E,17.725
,51 29 40.93873 N,27 46 4.09246 E,17.728
,51 29 33.65930 N,27 45 56.77032 E,17.732
,51 29 30.75043 N,27 45 55.53564 E,17.733
,51 29 27.83797 N,27 45 54.30456 E,17.733
,51 28 59.68550 N,27 45 50.46819 E,17.737
,51 28 31.53304 N,27 45 46.63542 E,17.740
,51 28 27.69531 N,27 45 42.29755 E,17.742
,51 28 23.85398 N,27 45 37.95609 E,17.744
,51 28 23.12663 N,27 45 30.18365 E,17.747
,51 28 22.39928 N,27 45 22.41121 E,17.750
,51 28 25.18538 N,27 45 2.98170 E,17.758
,51 28 27.97508 N,27 44 43.55220 E,17.766
,51 28 30.56330 N,27 44 31.11757 E,17.771
,51 28 33.15152 N,27 44 18.68294 E,17.776
,51 28 38.69186 N,27 44 11.16582 E,17.779
,51 28 44.23221 N,27 44 3.65230 E,17.781
,51 28 46.09337 N,27 43 59.89378 E,17.783
,51 28 47.95453 N,27 43 56.13886 E,17.784
,51 29 6.67440 N,27 43 33.33181 E,17.792
,51 29 25.39066 N,27 43 10.51756 E,17.801
,51 29 36.14358 N,27 42 45.88925 E,17.810
,51 29 46.89650 N,27 42 21.25373 E,17.820
,51 29 49.40199 N,27 42 12.69994 E,17.823
,51 29 51.90747 N,27 42 4.14255 E,17.826
,51 29 51.61921 N,27 41 49.36803 E,17.832
,51 29 51.33094 N,27 41 34.59711 E,17.839
,51 29 53.35049 N,27 41 29.92777 E,17.840
,51 29 55.36644 N,27 41 25.25844 E,17.842
,51 30 0.53958 N,27 41 17.86374 E,17.845
,51 30 5.70912 N,27 41 10.46904 E,17.848
,51 30 14.40309 N,27 41 1.64496 E,17.851
,51 30 23.09346 N,27 40 52.81729 E,17.854
,51 30 30.93057 N,27 40 41.40123 E,17.858
,51 30 38.76408 N,27 40 29.98157 E,17.862
,51 30 44.01633 N,27 40 17.52522 E,17.867
,51 30 49.26859 N,27 40 5.06887 E,17.872
,51 30 54.39851 N,27 39 56.43936 E,17.875
,51 30 59.52843 N,27 39 47.81345 E,17.878
,51 31 0.83170 N,27 39 50.79422 E,17.877
,51 31 5.41864 N,27 40 18.01026 E,17.865
,51 31 10.00559 N,27 40 45.22990 E,17.854
,51 31 11.94243 N,27 40 46.26663 E,17.853
,51 31 19.70772 N,27 40 45.21507 E,17.853
,51 31 27.47662 N,27 40 44.16351 E,17.853
,51 31 35.24189 N,27 40 42.07874 E,17.854
,51 31 43.00716 N,27 40 39.99397 E,17.854
,51 32 1.93263 N,27 40 39.76991 E,17.853
,51 32 20.85449 N,27 40 39.54945 E,17.852
,51 32 27.42122 N,27 40 53.16088 E,17.846
,51 32 33.98435 N,27 41 6.77231 E,17.840
,51 32 40.90745 N,27 41 17.85290 E,17.835
,51 32 47.82694 N,27 41 28.93709 E,17.830
,51 32 53.57634 N,27 41 35.87049 E,17.827
,51 32 59.32214 N,27 41 42.80750 E,17.823
,51 33 6.48645 N,27 41 54.41008 E,17.818
,51 33 13.64715 N,27 42 6.01626 E,17.813
,51 33 23.00053 N,27 42 31.11887 E,17.802
,51 33 32.35390 N,27 42 56.22508 E,17.791
,51 33 34.49601 N,27 43 0.82583 E,17.789
,51 33 36.63812 N,27 43 5.43017 E,17.787
,51 33 40.03664 N,27 43 9.19205 E,17.785
,51 33 43.43515 N,27 43 12.95393 E,17.784
,51 33 53.14452 N,27 43 14.57351 E,17.782
,51 34 2.85388 N,27 43 16.18948 E,17.781
,51 34 4.59276 N,27 43 18.91103 E,17.780
,51 34 6.32803 N,27 43 21.63258 E,17.779
,51 34 9.24047 N,27 43 21.89525 E,17.778
,51 34 12.15292 N,27 43 22.15432 E,17.778
,51 34 17.49544 N,27 43 24.42570 E,17.777
,51 34 22.83795 N,27 43 26.69348 E,17.776
,51 34 41.31350 N,27 43 31.68229 E,17.772
,51 34 59.79265 N,27 43 36.66750 E,17.769
,51 35 14.84455 N,27 43 41.72846 E,17.766
,51 35 29.89645 N,27 43 46.78943 E,17.763
,51 35 31.35087 N,27 43 46.59496 E,17.763
,51 35 32.80529 N,27 43 46.39689 E,17.763
,51 35 36.04163 N,27 43 40.42069 E,17.766
,51 35 39.27437 N,27 43 34.44449 E,17.768
,51 35 42.66557 N,27 43 31.71551 E,17.769
,51 35 46.06037 N,27 43 28.99013 E,17.770
,51 35 51.39923 N,27 43 28.53268 E,17.769
,51 35 56.74170 N,27 43 28.07524 E,17.769
,51 36 4.98937 N,27 43 25.47564 E,17.770
,51 36 13.23704 N,27 43 22.87244 E,17.770
,51 36 13.23696 N,27 43 18.19600 E,17.772
,51 36 13.23688 N,27 43 13.51955 E,17.774
,51 36 16.98752 N,27 42 38.50906 E,17.788
,51 36 20.73455 N,27 42 3.49497 E,17.803
,51 36 18.70737 N,27 41 43.16567 E,17.811
,51 36 16.68018 N,27 41 22.83638 E,17.819
,51 36 22.50501 N,27 41 19.97409 E,17.820
,51 36 28.32625 N,27 41 17.11180 E,17.821
,51 36 29.29464 N,27 41 15.87334 E,17.822
,51 36 30.26303 N,27 41 14.63848 E,17.822
,51 36 30.50415 N,27 41 9.96203 E,17.824
,51 36 30.74527 N,27 41 5.28558 E,17.826
,51 36 32.68207 N,27 41 3.71948 E,17.826
,51 36 37.53493 N,27 41 3.06405 E,17.826
,51 36 42.38779 N,27 41 2.40862 E,17.826
,51 36 41.47644 N,27 40 31.88038 E,17.839
,51 36 40.56149 N,27 40 1.35214 E,17.851
,51 36 47.29666 N,27 39 31.71636 E,17.863
,51 36 54.03183 N,27 39 2.08059 E,17.875
,51 36 55.72369 N,27 38 52.65562 E,17.879
,51 36 57.41195 N,27 38 43.23066 E,17.882
,51 36 49.31532 N,27 38 36.81577 E,17.885
,51 36 41.21870 N,27 38 30.40448 E,17.889
,51 36 39.80382 N,27 38 27.35171 E,17.890
,51 36 38.38895 N,27 38 24.29895 E,17.891
,51 36 36.47353 N,27 38 13.39094 E,17.896
,51 36 34.55811 N,27 38 2.48652 E,17.900
,51 36 32.93805 N,27 38 0.41298 E,17.901
,51 36 30.51520 N,27 37 59.57428 E,17.902
,51 36 28.08875 N,27 37 58.73558 E,17.902
,51 36 26.83228 N,27 37 55.75121 E,17.904
,51 36 25.57581 N,27 37 52.76324 E,17.905
,51 36 23.18159 N,27 37 41.85885 E,17.910
,51 36 20.78376 N,27 37 30.95446 E,17.914
,51 36 19.83674 N,27 37 19.26519 E,17.919
,51 36 18.88972 N,27 37 7.57233 E,17.924
,51 36 23.00079 N,27 36 56.84405 E,17.928
,51 36 27.11546 N,27 36 46.11576 E,17.932
,51 36 38.49850 N,27 36 27.76588 E,17.939
,51 36 49.88154 N,27 36 9.41599 E,17.946
,51 36 51.49786 N,27 36 3.95107 E,17.948
,51 36 53.11059 N,27 35 58.48974 E,17.950
,51 36 59.88570 N,27 35 48.07094 E,17.954
,51 37 6.66442 N,27 35 37.65574 E,17.958
,51 37 16.83420 N,27 35 17.28269 E,17.966
,51 37 27.00039 N,27 34 56.90964 E,17.973
,51 37 31.19064 N,27 34 45.19855 E,17.978
,51 37 35.37729 N,27 34 33.48745 E,17.982
,51 37 36.45720 N,27 34 27.24494 E,17.985
,51 37 37.53350 N,27 34 21.00244 E,17.987
,51 37 39.95261 N,27 34 13.97506 E,17.990
,51 37 42.36812 N,27 34 6.94769 E,17.993
,51 37 44.21479 N,27 33 57.58032 E,17.997
,51 37 46.06145 N,27 33 48.21655 E,18.000
,51 37 48.35456 N,27 33 41.18558 E,18.003
,51 37 50.64766 N,27 33 34.15821 E,18.006
,51 37 59.15791 N,27 33 18.78569 E,18.012
,51 38 7.90934 N,27 33 1.85073 E,18.018
,51 37 53.77900 N,27 32 53.59290 E,18.022
,51 37 39.64865 N,27 32 45.33867 E,18.027
,51 37 27.00506 N,27 32 33.10993 E,18.032
,51 37 14.36506 N,27 32 20.88839 E,18.038
,51 37 41.48001 N,27 31 44.85083 E,18.051
,51 38 8.59496 N,27 31 8.80247 E,18.064
,51 38 14.27953 N,27 31 13.93946 E,18.062
,51 38 19.96770 N,27 31 19.08005 E,18.059
,51 38 21.58052 N,27 31 19.06197 E,18.059
,51 38 23.19335 N,27 31 19.04390 E,18.059
,51 38 24.82781 N,27 31 21.63225 E,18.058
,51 38 29.66983 N,27 31 18.98240 E,18.059
,51 38 34.51186 N,27 31 16.33256 E,18.060
,51 38 35.30742 N,27 31 13.72250 E,18.061
,51 38 36.10299 N,27 31 11.11244 E,18.062
,51 38 40.12775 N,27 31 5.87061 E,18.064
,51 38 44.14892 N,27 31 0.62878 E,18.065
,51 38 45.75085 N,27 30 55.40866 E,18.067
,51 38 47.34918 N,27 30 50.19214 E,18.069
,51 38 50.56393 N,27 30 44.95754 E,18.071
,51 38 53.77508 N,27 30 39.72655 E,18.073
,51 38 54.57425 N,27 30 37.11649 E,18.074
,51 38 55.36982 N,27 30 34.50643 E,18.075
,51 38 58.58457 N,27 30 29.27184 E,18.077
,51 39 1.79572 N,27 30 24.03724 E,18.079
,51 39 2.59849 N,27 30 21.42718 E,18.080
,51 39 3.40485 N,27 30 18.81712 E,18.081
,51 39 5.37404 N,27 30 16.86582 E,18.082
,51 39 7.34324 N,27 30 14.91811 E,18.083
,51 39 15.87175 N,27 30 14.15451 E,18.082
,51 39 24.40025 N,27 30 13.39092 E,18.082
,51 39 26.00943 N,27 30 10.77002 E,18.083
,51 39 27.61501 N,27 30 8.15272 E,18.084
,51 39 27.60776 N,27 30 5.55350 E,18.085
,51 39 27.60051 N,27 30 2.95428 E,18.086
,51 39 29.20247 N,27 29 59.03377 E,18.088
,51 39 30.80082 N,27 29 55.11326 E,18.089
,51 39 32.40640 N,27 29 52.49596 E,18.090
,51 39 34.01557 N,27 29 49.87866 E,18.091
,51 39 35.62837 N,27 29 48.56098 E,18.092
,51 39 37.24117 N,27 29 47.24329 E,18.092
,51 39 41.28403 N,27 29 47.19991 E,18.092
,51 39 45.33049 N,27 29 47.15293 E,18.092
,51 39 46.93606 N,27 29 44.53923 E,18.093
,51 39 49.35889 N,27 29 44.51032 E,18.093
,51 39 51.78533 N,27 29 44.48141 E,18.092
,51 39 56.60566 N,27 29 36.62592 E,18.095
,51 40 1.42599 N,27 29 28.77042 E,18.098
,51 40 2.22153 N,27 29 24.85715 E,18.100
,51 40 3.01707 N,27 29 20.94388 E,18.101
,51 40 7.04908 N,27 29 18.30127 E,18.102
,51 40 11.07749 N,27 29 15.65507 E,18.103
,51 40 12.71196 N,27 29 18.23622 E,18.102
,51 40 16.76564 N,27 29 19.49244 E,18.101
,51 40 20.81572 N,27 29 20.74867 E,18.100
,51 40 23.25300 N,27 29 23.32618 E,18.099
,51 40 25.69028 N,27 29 25.90009 E,18.098
,51 40 29.73676 N,27 29 27.15632 E,18.097
,51 40 33.77964 N,27 29 28.41255 E,18.096
,51 40 35.40688 N,27 29 29.69769 E,18.096
,51 40 37.03413 N,27 29 30.97922 E,18.095
,51 40 43.50342 N,27 29 30.90693 E,18.095
,51 40 49.97271 N,27 29 30.83463 E,18.094
,51 40 51.58551 N,27 29 29.51695 E,18.095
,51 40 53.19831 N,27 29 28.19926 E,18.095
,51 40 56.43115 N,27 29 28.16311 E,18.095
,51 40 59.66760 N,27 29 28.13057 E,18.095
,51 40 59.68204 N,27 29 30.73339 E,18.094
,51 40 59.69289 N,27 29 33.33621 E,18.093
,51 41 1.31653 N,27 29 34.61775 E,18.092
,51 41 2.93658 N,27 29 35.90289 E,18.091
,51 41 6.16943 N,27 29 35.86674 E,18.091
,51 41 9.40227 N,27 29 35.83419 E,18.091
,51 41 11.03674 N,27 29 38.41534 E,18.090
,51 41 11.06565 N,27 29 44.92060 E,18.087
,51 41 11.09457 N,27 29 51.42586 E,18.085
,51 41 12.72184 N,27 29 54.01421 E,18.083
,51 41 14.34910 N,27 29 56.59896 E,18.082
,51 41 16.76469 N,27 29 53.97082 E,18.083
,51 41 19.18028 N,27 29 51.34629 E,18.084
,51 41 20.79670 N,27 29 51.32821 E,18.084
,51 41 22.40953 N,27 29 51.31014 E,18.084
,51 41 25.62788 N,27 29 46.06835 E,18.086
,51 41 28.84983 N,27 29 40.82655 E,18.088
,51 41 32.88907 N,27 29 39.47995 E,18.088
,51 41 36.92470 N,27 29 38.13336 E,18.088
,51 41 40.14667 N,27 29 34.19477 E,18.090
,51 41 43.36505 N,27 29 30.25619 E,18.091
,51 41 44.97787 N,27 29 30.23812 E,18.091
,51 41 46.59430 N,27 29 30.22365 E,18.091
,51 41 48.19987 N,27 29 27.59915 E,18.092
,51 41 53.05274 N,27 29 27.54853 E,18.092
,51 41 57.90921 N,27 29 27.49430 E,18.091
,51 42 3.54679 N,27 29 22.22360 E,18.093
,51 42 9.18438 N,27 29 16.95649 E,18.095
,51 42 10.80440 N,27 29 16.93842 E,18.095
,51 42 12.42442 N,27 29 16.92035 E,18.095
,51 42 14.04447 N,27 29 18.20548 E,18.094
,51 42 15.66451 N,27 29 19.48702 E,18.094
,51 42 17.28814 N,27 29 19.47255 E,18.093
,51 42 18.90816 N,27 29 19.45447 E,18.093
,51 42 20.89182 N,27 29 21.35880 E,18.092
,51 42 22.87548 N,27 29 23.26313 E,18.092
,51 42 26.56195 N,27 29 23.90016 E,18.091
,51 42 30.25201 N,27 29 24.53360 E,18.091
,51 42 33.50655 N,27 29 29.70670 E,18.088
,51 42 36.76108 N,27 29 34.88340 E,18.086
,51 42 41.62840 N,27 29 37.43200 E,18.085
,51 42 46.49571 N,27 29 39.98420 E,18.083
,51 42 49.73216 N,27 29 39.94805 E,18.083
,51 42 52.96500 N,27 29 39.91550 E,18.083
,51 42 54.57058 N,27 29 37.29101 E,18.084
,51 42 56.99699 N,27 29 35.96248 E,18.084
,51 42 59.41980 N,27 29 34.63396 E,18.085
,51 43 2.65264 N,27 29 34.59781 E,18.084
,51 43 5.88909 N,27 29 34.56526 E,18.084
,51 43 8.30470 N,27 29 33.23674 E,18.085
,51 43 10.72031 N,27 29 31.90822 E,18.085
,51 43 12.35478 N,27 29 34.48937 E,18.084
,51 43 17.21847 N,27 29 35.73836 E,18.083
,51 43 22.07856 N,27 29 36.98735 E,18.082
,51 43 26.13226 N,27 29 39.55038 E,18.081
,51 43 30.18236 N,27 29 42.10982 E,18.080
,51 43 32.62687 N,27 29 45.99415 E,18.078
,51 43 35.07137 N,27 29 49.87487 E,18.076
,51 43 39.93871 N,27 29 53.73028 E,18.074
,51 43 44.80964 N,27 29 57.58570 E,18.072
,51 43 48.06418 N,27 30 2.75880 E,18.070
,51 43 51.31872 N,27 30 7.93549 E,18.068
,51 43 53.78129 N,27 30 15.72225 E,18.064
,51 43 56.24746 N,27 30 23.51261 E,18.061
,51 43 55.45914 N,27 30 28.73269 E,18.059
,51 43 54.67082 N,27 30 33.95278 E,18.057
,51 43 54.68891 N,27 30 39.16202 E,18.055
,51 43 54.71061 N,27 30 44.37487 E,18.053
,51 43 53.91504 N,27 30 46.98853 E,18.052
,51 43 53.11588 N,27 30 49.59859 E,18.051
,51 43 53.13034 N,27 30 53.51183 E,18.049
,51 43 53.14481 N,27 30 57.42146 E,18.047
,51 43 51.53924 N,27 31 0.03876 E,18.046
,51 43 51.55371 N,27 31 3.94839 E,18.045
,51 43 51.56458 N,27 31 7.85803 E,18.043
,51 43 49.95900 N,27 31 10.47533 E,18.042
,51 43 49.97345 N,27 31 13.08175 E,18.041
,51 43 49.98789 N,27 31 15.68457 E,18.040
,51 43 48.38596 N,27 31 20.91549 E,18.038
,51 43 46.78763 N,27 31 26.14281 E,18.036
,51 43 46.82017 N,27 31 33.96928 E,18.033
,51 43 46.85631 N,27 31 41.79215 E,18.030
,51 43 47.67357 N,27 31 44.38054 E,18.029
,51 43 48.49082 N,27 31 46.96893 E,18.027
,51 43 50.92810 N,27 31 49.54644 E,18.026
,51 43 53.36538 N,27 31 52.12755 E,18.025
,51 43 56.61992 N,27 31 57.30785 E,18.023
,51 43 59.87446 N,27 32 2.48815 E,18.020
,51 44 1.49450 N,27 32 3.77328 E,18.020
,51 44 3.11815 N,27 32 5.05482 E,18.019
,51 44 6.37268 N,27 32 10.23512 E,18.017
,51 44 9.62722 N,27 32 15.41542 E,18.014
,51 44 11.24727 N,27 32 16.70416 E,18.014
,51 44 12.86731 N,27 32 17.99290 E,18.013
,51 44 21.81367 N,27 32 30.93100 E,18.007
,51 44 30.76002 N,27 32 43.86911 E,18.001
,51 44 37.25823 N,27 32 50.32008 E,17.998
,51 44 43.75283 N,27 32 56.77104 E,17.995
,51 44 47.00737 N,27 33 1.95494 E,17.993
,51 44 50.26190 N,27 33 7.13523 E,17.991
,51 45 0.00743 N,27 33 17.46688 E,17.986
,51 45 9.74934 N,27 33 27.80213 E,17.981
,51 45 16.22584 N,27 33 27.74064 E,17.981
,51 45 22.70232 N,27 33 27.67554 E,17.980
,51 45 24.31512 N,27 33 26.35785 E,17.981
,51 45 25.92792 N,27 33 25.04017 E,17.981
,51 45 29.16077 N,27 33 25.00762 E,17.981
,51 45 32.39721 N,27 33 24.97867 E,17.981
,51 45 34.00279 N,27 33 22.35417 E,17.982
,51 45 35.62284 N,27 33 23.64651 E,17.981
,51 45 37.24288 N,27 33 24.93525 E,17.981
,51 45 38.85206 N,27 33 22.31435 E,17.982
,51 45 41.27487 N,27 33 20.98583 E,17.982
,51 45 43.69768 N,27 33 19.65730 E,17.982
,51 45 44.49685 N,27 33 17.04364 E,17.983
,51 45 45.29241 N,27 33 14.42998 E,17.984
,51 45 47.70797 N,27 33 10.49504 E,17.986
,51 45 50.12714 N,27 33 6.56009 E,17.987
,51 45 51.73994 N,27 33 5.24240 E,17.988
,51 45 53.35274 N,27 33 3.92472 E,17.988
,51 45 58.16584 N,27 32 54.75161 E,17.992
,51 46 2.97895 N,27 32 45.57491 E,17.995
,51 46 6.20090 N,27 32 40.32951 E,17.997
,51 46 9.41926 N,27 32 35.08412 E,17.999
,51 46 11.03206 N,27 32 33.76643 E,17.999
,51 46 12.64846 N,27 32 32.44875 E,18.000
,51 46 13.43680 N,27 32 28.52827 E,18.001
,51 46 14.22514 N,27 32 24.60420 E,18.003
,51 46 16.89634 N,27 32 22.23166 E,18.004
,51 46 19.56753 N,27 32 19.85911 E,18.005
,51 46 23.35838 N,27 32 19.56014 E,18.004
,51 46 27.14923 N,27 32 19.26116 E,18.004
,51 46 30.40374 N,27 32 23.14185 E,18.003
,51 46 33.65826 N,27 32 27.02253 E,18.001
,51 46 35.27108 N,27 32 27.00806 E,18.001
,51 46 36.88750 N,27 32 26.99359 E,18.001
,51 46 44.19212 N,27 32 33.44091 E,17.998
,51 46 51.50033 N,27 32 39.88823 E,17.994
,51 46 55.55041 N,27 32 41.15166 E,17.994
,51 46 59.60049 N,27 32 42.41509 E,17.993
,51 47 10.14158 N,27 32 50.14027 E,17.989
,51 47 20.68266 N,27 32 57.86546 E,17.985
,51 47 22.31713 N,27 33 0.46101 E,17.984
,51 47 23.92995 N,27 33 0.44294 E,17.984
,51 47 25.54278 N,27 33 0.42486 E,17.984
,51 47 27.17725 N,27 33 3.02041 E,17.983
,51 47 28.79007 N,27 33 3.00234 E,17.983
,51 47 30.40649 N,27 33 2.98426 E,17.983
,51 47 32.04096 N,27 33 5.57981 E,17.981
,51 47 33.66098 N,27 33 5.56534 E,17.981
,51 47 35.28100 N,27 33 5.54726 E,17.981
,51 47 38.52832 N,27 33 9.42795 E,17.979
,51 47 41.77563 N,27 33 13.31223 E,17.978
,51 47 44.19847 N,27 33 13.29052 E,17.978
,51 47 46.62490 N,27 33 13.27241 E,17.977
,51 47 48.25937 N,27 33 15.86076 E,17.976
,51 47 49.87219 N,27 33 15.84629 E,17.976
,51 47 51.48501 N,27 33 15.83181 E,17.976
,51 47 58.78601 N,27 33 20.98313 E,17.973
,51 48 6.08340 N,27 33 26.13084 E,17.971
,51 48 12.58161 N,27 33 32.59260 E,17.968
,51 48 19.07621 N,27 33 39.05436 E,17.965
,51 48 21.50627 N,27 33 40.33226 E,17.964
,51 48 23.93633 N,27 33 41.61376 E,17.964
,51 48 27.18364 N,27 33 45.50165 E,17.962
,51 48 30.43455 N,27 33 49.38593 E,17.960
,51 48 34.47741 N,27 33 49.34975 E,17.960
,51 48 38.52027 N,27 33 49.30996 E,17.959
,51 48 40.14384 N,27 33 46.68186 E,17.960
,51 48 41.75667 N,27 33 46.66739 E,17.960
,51 48 43.36949 N,27 33 46.65291 E,17.960
,51 48 44.98229 N,27 33 45.33523 E,17.961
,51 48 46.59869 N,27 33 44.01754 E,17.961
,51 48 50.63432 N,27 33 42.67094 E,17.961
,51 48 54.67356 N,27 33 41.32435 E,17.962
,51 48 58.69470 N,27 33 34.76490 E,17.964
,51 49 2.71944 N,27 33 28.20186 E,17.967
,51 49 2.69774 N,27 33 22.98181 E,17.969
,51 49 2.67965 N,27 33 17.75816 E,17.971
,51 49 3.48242 N,27 33 15.14090 E,17.972
,51 49 4.28518 N,27 33 12.52724 E,17.973
,51 49 6.70077 N,27 33 9.89191 E,17.974
,51 49 9.11996 N,27 33 7.26017 E,17.975
,51 49 10.72553 N,27 33 4.63207 E,17.976
,51 49 12.33111 N,27 33 2.00758 E,17.977
,51 49 13.12668 N,27 32 59.38672 E,17.978
,51 49 13.92584 N,27 32 56.76585 E,17.979
,51 49 17.94698 N,27 32 50.20281 E,17.981
,51 49 21.97172 N,27 32 43.63976 E,17.984
,51 49 21.95728 N,27 32 41.02974 E,17.985
,51 49 21.94643 N,27 32 38.41972 E,17.986
,51 49 25.15758 N,27 32 33.16712 E,17.988
,51 49 28.37233 N,27 32 27.91453 E,17.990
,51 49 28.36509 N,27 32 25.30090 E,17.991
,51 49 28.35784 N,27 32 22.68728 E,17.992
,51 49 29.96342 N,27 32 20.06638 E,17.993
,51 49 32.35369 N,27 32 10.90059 E,17.996
,51 49 34.74396 N,27 32 1.73839 E,18.000
,51 49 37.95869 N,27 31 55.17899 E,18.002
,51 49 41.16982 N,27 31 48.62318 E,18.005
,51 49 43.59263 N,27 31 47.29105 E,18.005
,51 49 46.01904 N,27 31 45.95893 E,18.006
,51 49 47.62462 N,27 31 43.33083 E,18.007
,51 49 49.23020 N,27 31 40.70634 E,18.008
,51 49 54.08666 N,27 31 40.65571 E,18.007
,51 49 58.93953 N,27 31 40.60869 E,18.007
,51 50 0.54873 N,27 31 39.28740 E,18.008
,51 50 2.15433 N,27 31 37.96612 E,18.008
,51 50 5.39438 N,27 31 37.92997 E,18.008
,51 50 8.63802 N,27 31 37.89382 E,18.008
,51 50 10.24362 N,27 31 36.57253 E,18.008
,51 50 11.84922 N,27 31 35.25124 E,18.009
,51 50 13.46924 N,27 31 35.23317 E,18.008
,51 50 15.08926 N,27 31 35.21870 E,18.008
,51 50 23.93436 N,27 31 22.07097 E,18.013
,51 50 32.77945 N,27 31 8.92324 E,18.018
,51 50 33.58221 N,27 31 6.30598 E,18.019
,51 50 34.38498 N,27 31 3.68512 E,18.020
,51 50 37.59973 N,27 30 58.42532 E,18.022
,51 50 40.81088 N,27 30 53.16553 E,18.024
,51 50 41.61005 N,27 30 50.54467 E,18.025
,51 50 42.40561 N,27 30 47.92741 E,18.026
,51 50 45.62037 N,27 30 42.67121 E,18.028
,51 50 48.83152 N,27 30 37.41501 E,18.030
,51 50 50.43347 N,27 30 33.48011 E,18.031
,51 50 52.03183 N,27 30 29.54520 E,18.033
,51 50 54.45464 N,27 30 28.21307 E,18.033
,51 50 56.88105 N,27 30 26.88095 E,18.034
,51 50 58.48662 N,27 30 24.24925 E,18.035
,51 51 0.09220 N,27 30 21.62115 E,18.036
,51 51 3.32140 N,27 30 18.97138 E,18.036
,51 51 6.54700 N,27 30 16.32521 E,18.037
,51 51 8.15257 N,27 30 13.69711 E,18.038
,51 51 9.76175 N,27 30 11.06541 E,18.039
,51 51 11.37457 N,27 30 11.04734 E,18.039
,51 51 12.98739 N,27 30 11.03286 E,18.039
,51 51 14.60019 N,27 30 9.70798 E,18.040
,51 51 16.21659 N,27 30 8.38669 E,18.040
,51 51 21.06946 N,27 30 8.33606 E,18.040
,51 51 25.92593 N,27 30 8.28544 E,18.039
,51 51 27.53150 N,27 30 5.65374 E,18.040
,51 51 31.58158 N,27 30 6.91717 E,18.040
,51 51 35.63526 N,27 30 8.18059 E,18.039
,51 51 40.50982 N,27 30 13.35362 E,18.037
,51 51 45.38438 N,27 30 18.52664 E,18.034
,51 51 48.63892 N,27 30 23.71774 E,18.032
,51 51 51.89346 N,27 30 28.90883 E,18.029
,51 52 0.05872 N,27 30 48.42424 E,18.021
,51 52 8.22398 N,27 31 7.93964 E,18.013
,51 52 9.86569 N,27 31 13.14521 E,18.010
,51 52 11.50741 N,27 31 18.35438 E,18.008
,51 52 16.38921 N,27 31 26.14463 E,18.005
,51 52 21.27102 N,27 31 33.93488 E,18.001
,51 52 23.70108 N,27 31 35.21998 E,18.000
,51 52 26.13113 N,27 31 36.50147 E,18.000
,51 52 29.38565 N,27 31 40.38936 E,17.998
,51 52 32.64016 N,27 31 44.27365 E,17.996
,51 52 34.25659 N,27 31 44.25917 E,17.996
,51 52 35.86941 N,27 31 44.24110 E,17.996
,51 52 38.30669 N,27 31 46.82941 E,17.995
,51 52 40.74397 N,27 31 49.41772 E,17.994
,51 52 44.79042 N,27 31 49.37793 E,17.993
,51 52 48.83328 N,27 31 49.33455 E,17.993
,51 52 50.46775 N,27 31 51.93729 E,17.992
,51 52 52.89058 N,27 31 51.91198 E,17.992
,51 52 55.31702 N,27 31 51.89027 E,17.992
,51 52 57.75430 N,27 31 54.47858 E,17.991
,51 53 0.19158 N,27 31 57.06689 E,17.989
,51 53 2.61441 N,27 31 57.04158 E,17.989
,51 53 5.03724 N,27 31 57.01627 E,17.989
,51 53 6.67171 N,27 31 59.61182 E,17.988
,51 53 8.28454 N,27 31 59.60094 E,17.988
,51 53 9.90096 N,27 31 59.58647 E,17.988
,51 53 11.53543 N,27 32 2.18202 E,17.987
,51 53 13.14825 N,27 32 2.16394 E,17.986
,51 53 14.76107 N,27 32 2.14587 E,17.986
,51 53 22.06929 N,27 32 8.61119 E,17.983
,51 53 29.37391 N,27 32 15.07651 E,17.980
,51 53 35.05125 N,27 32 18.93909 E,17.978
,51 53 40.73220 N,27 32 22.80526 E,17.976
,51 53 42.34503 N,27 32 22.79079 E,17.976
,51 53 43.95785 N,27 32 22.77271 E,17.976
,51 53 45.58509 N,27 32 24.06145 E,17.976
,51 53 47.21234 N,27 32 25.35378 E,17.975
,51 53 48.82516 N,27 32 25.33931 E,17.975
,51 53 50.44158 N,27 32 25.32484 E,17.975
,51 53 52.05438 N,27 32 23.99995 E,17.975
,51 53 53.66718 N,27 32 22.67506 E,17.976
,51 54 5.79935 N,27 32 22.55930 E,17.975
,51 54 17.93512 N,27 32 22.43994 E,17.974
,51 54 19.54792 N,27 32 21.11505 E,17.975
,51 54 21.16072 N,27 32 19.79017 E,17.975
,51 54 37.33935 N,27 32 19.63102 E,17.974
,51 54 53.51797 N,27 32 19.47187 E,17.973
,51 54 55.13802 N,27 32 20.76421 E,17.973
,51 54 56.75806 N,27 32 22.05294 E,17.972
,51 54 58.37808 N,27 32 22.03847 E,17.972
,51 54 59.99811 N,27 32 22.02039 E,17.972
,51 55 1.60368 N,27 32 19.38869 E,17.973
,51 55 7.26296 N,27 32 19.33443 E,17.973
,51 55 12.92224 N,27 32 19.28017 E,17.972
,51 55 14.53504 N,27 32 17.95528 E,17.973
,51 55 16.14784 N,27 32 16.63040 E,17.973
,51 55 17.76786 N,27 32 16.61232 E,17.973
,51 55 19.38788 N,27 32 16.59425 E,17.973
,51 55 22.61708 N,27 32 13.94807 E,17.974
,51 55 25.84268 N,27 32 11.30190 E,17.975
,51 55 27.45910 N,27 32 11.28383 E,17.975
,51 55 29.07193 N,27 32 11.26575 E,17.974
,51 55 30.67750 N,27 32 8.63765 E,17.975
,51 55 32.29753 N,27 32 8.61958 E,17.975
,51 55 33.91755 N,27 32 8.60150 E,17.975
,51 55 37.94953 N,27 32 4.63408 E,17.977
,51 55 41.98152 N,27 32 0.67026 E,17.978
,51 55 42.77709 N,27 31 58.04580 E,17.979
,51 55 43.57265 N,27 31 55.42494 E,17.980
,51 55 45.17823 N,27 31 52.78964 E,17.981
,51 55 46.78740 N,27 31 50.15794 E,17.982
,51 55 48.40020 N,27 31 48.83305 E,17.982
,51 55 50.01300 N,27 31 47.50817 E,17.983
,51 55 53.22775 N,27 31 42.24117 E,17.985
,51 55 56.44251 N,27 31 36.97417 E,17.987
,51 55 58.05531 N,27 31 35.64928 E,17.987
,51 55 59.66810 N,27 31 34.32440 E,17.988
,51 56 9.31596 N,27 31 18.52341 E,17.994
,51 56 18.96382 N,27 31 2.72242 E,17.999
,51 56 20.57664 N,27 31 2.70434 E,17.999
,51 56 22.18946 N,27 31 2.68627 E,17.999
,51 56 23.79504 N,27 31 0.05457 E,18.000
,51 56 25.40422 N,27 30 57.41927 E,18.001
,51 56 28.64426 N,27 30 57.38672 E,18.001
,51 56 31.88431 N,27 30 57.35057 E,18.001
,51 56 33.51158 N,27 30 59.94972 E,18.000
,51 56 35.13884 N,27 31 2.54887 E,17.998
,51 56 36.75527 N,27 31 2.53079 E,17.998
,51 56 38.36809 N,27 31 2.51632 E,17.998
,51 56 41.59369 N,27 30 59.86294 E,17.999
,51 56 44.82289 N,27 30 57.21317 E,18.000
,51 56 46.43571 N,27 30 57.19510 E,18.000
,51 56 48.04853 N,27 30 57.18062 E,18.000
,51 56 51.29582 N,27 30 59.76529 E,17.999
,51 56 54.54671 N,27 31 2.34997 E,17.997
,51 56 56.17398 N,27 31 4.95272 E,17.996
,51 56 57.80125 N,27 31 7.55546 E,17.995
,51 56 59.42850 N,27 31 8.84420 E,17.994
,51 57 1.05574 N,27 31 10.13654 E,17.994
,51 57 9.18487 N,27 31 21.83267 E,17.989
,51 57 17.31399 N,27 31 33.52880 E,17.983
,51 57 19.74764 N,27 31 34.81750 E,17.983
,51 57 22.17770 N,27 31 36.10260 E,17.982
,51 57 29.49679 N,27 31 46.50275 E,17.977
,51 57 36.81587 N,27 31 56.90291 E,17.973
,51 57 44.11687 N,27 32 2.06502 E,17.970
,51 57 51.41426 N,27 32 7.22713 E,17.968
,51 57 54.66878 N,27 32 11.12581 E,17.966
,51 57 57.92329 N,27 32 15.02090 E,17.964
,51 57 59.53971 N,27 32 15.00642 E,17.964
,51 58 1.15254 N,27 32 14.98835 E,17.964
,51 58 3.59704 N,27 32 18.89427 E,17.962
,51 58 6.04154 N,27 32 22.80019 E,17.960
,51 58 6.85880 N,27 32 25.41018 E,17.959
,51 58 7.67606 N,27 32 28.02017 E,17.958
,51 58 12.56509 N,27 32 37.13882 E,17.954
,51 58 17.45412 N,27 32 46.25748 E,17.950
,51 58 19.08864 N,27 32 51.47745 E,17.948
,51 58 20.72315 N,27 32 56.70103 E,17.946
,51 58 23.16765 N,27 33 0.60695 E,17.944
,51 58 25.61216 N,27 33 4.51287 E,17.942
,51 58 26.43664 N,27 33 8.43687 E,17.940
,51 58 27.26112 N,27 33 12.35727 E,17.939
,51 58 30.50843 N,27 33 16.25595 E,17.937
,51 58 33.75575 N,27 33 20.15464 E,17.935
,51 58 35.38304 N,27 33 24.07140 E,17.934
,51 58 37.01033 N,27 33 27.98456 E,17.932
,51 58 40.26487 N,27 33 33.19006 E,17.930
,51 58 43.51941 N,27 33 38.39915 E,17.927
,51 58 43.53386 N,27 33 41.01998 E,17.926
,51 58 43.54830 N,27 33 43.63720 E,17.925
,51 58 45.16837 N,27 33 46.23995 E,17.924
,51 58 45.19729 N,27 33 52.79201 E,17.921
,51 58 45.22260 N,27 33 59.34407 E,17.919
,51 58 46.84267 N,27 34 1.94321 E,17.917
,51 58 46.84992 N,27 34 4.56404 E,17.916
,51 58 46.85716 N,27 34 7.18486 E,17.915
,51 58 50.94343 N,27 34 18.93518 E,17.910
,51 58 55.02969 N,27 34 30.68910 E,17.905
,51 58 58.28423 N,27 34 35.89460 E,17.903
,51 59 1.53877 N,27 34 41.10369 E,17.901
,51 59 8.02615 N,27 34 46.28744 E,17.898
,51 59 14.51714 N,27 34 51.47119 E,17.896
,51 59 18.58171 N,27 34 57.98346 E,17.893
,51 59 22.64628 N,27 35 4.49573 E,17.890
,51 59 24.28080 N,27 35 9.72290 E,17.888
,51 59 25.91531 N,27 35 14.94647 E,17.885
,51 59 27.54258 N,27 35 17.55642 E,17.884
,51 59 29.16985 N,27 35 20.16637 E,17.883
,51 59 29.18430 N,27 35 22.78720 E,17.882
,51 59 29.19874 N,27 35 25.40442 E,17.881
,51 59 33.27781 N,27 35 37.16194 E,17.876
,51 59 37.35688 N,27 35 48.91586 E,17.871
,51 59 39.81587 N,27 35 58.07063 E,17.867
,51 59 42.27127 N,27 36 7.22180 E,17.863
,51 59 42.27851 N,27 36 9.84262 E,17.862
,51 59 42.28576 N,27 36 12.45985 E,17.861
,51 59 43.91303 N,27 36 15.06620 E,17.860
,51 59 45.54030 N,27 36 17.67254 E,17.859
,51 59 46.36478 N,27 36 21.59654 E,17.857
,51 59 47.18926 N,27 36 25.52054 E,17.855
,51 59 49.62656 N,27 36 29.43006 E,17.854
,51 59 52.06387 N,27 36 33.34319 E,17.852
,51 59 53.68391 N,27 36 34.63912 E,17.851
,51 59 55.30756 N,27 36 35.93866 E,17.851
,51 59 57.73039 N,27 36 35.91695 E,17.851
,52 0 0.15323 N,27 36 35.89523 E,17.850
,52 0 1.76603 N,27 36 34.57395 E,17.851
,52 0 3.38243 N,27 36 33.25266 E,17.851
,52 0 8.23529 N,27 36 33.20923 E,17.851
,52 0 13.09176 N,27 36 33.16941 E,17.851
,52 0 14.69734 N,27 36 30.53411 E,17.852
,52 0 16.30291 N,27 36 27.89521 E,17.853
,52 0 17.92294 N,27 36 27.88434 E,17.853
,52 0 19.54656 N,27 36 27.87346 E,17.853
,52 0 21.16663 N,27 36 30.47621 E,17.851
,52 0 21.19197 N,27 36 38.34228 E,17.848
,52 0 21.22091 N,27 36 46.20835 E,17.845
,52 0 22.85542 N,27 36 51.43552 E,17.843
,52 0 24.48994 N,27 36 56.66630 E,17.841
,52 0 26.90553 N,27 36 54.02736 E,17.842
,52 0 29.32471 N,27 36 51.38482 E,17.842
,52 0 33.33861 N,27 36 42.17215 E,17.846
,52 0 37.35610 N,27 36 32.96308 E,17.849
,52 0 44.63540 N,27 36 32.90154 E,17.849
,52 0 51.91470 N,27 36 32.84360 E,17.849
,52 0 53.53475 N,27 36 34.14314 E,17.848
,52 0 55.15480 N,27 36 35.43908 E,17.847
,52 0 56.77482 N,27 36 35.42820 E,17.847
,52 0 58.39484 N,27 36 35.41373 E,17.847
,52 1 2.42683 N,27 36 31.44630 E,17.849
,52 1 6.45882 N,27 36 27.48248 E,17.850
,52 1 8.89610 N,27 36 30.08159 E,17.849
,52 1 11.33338 N,27 36 32.68070 E,17.848
,52 1 12.15790 N,27 36 39.22912 E,17.845
,52 1 12.98243 N,27 36 45.78114 E,17.842
,52 1 14.60970 N,27 36 48.39109 E,17.841
,52 1 16.23697 N,27 36 50.99744 E,17.840
,52 1 17.85699 N,27 36 50.98297 E,17.840
,52 1 19.47701 N,27 36 50.97209 E,17.840
,52 1 21.09706 N,27 36 52.26803 E,17.839
,52 1 22.71711 N,27 36 53.56756 E,17.838
,52 1 24.32268 N,27 36 50.92866 E,17.839
,52 1 26.74909 N,27 36 49.59654 E,17.840
,52 1 29.17190 N,27 36 48.26441 E,17.840
,52 1 31.57660 N,27 36 40.38023 E,17.843
,52 1 33.97769 N,27 36 32.49244 E,17.846
,52 1 38.00245 N,27 36 27.21461 E,17.848
,52 1 42.02722 N,27 36 21.93677 E,17.850
,52 1 43.64724 N,27 36 21.92590 E,17.850
,52 1 45.26726 N,27 36 21.91142 E,17.850
,52 1 48.51458 N,27 36 25.81731 E,17.848
,52 1 51.76189 N,27 36 29.72319 E,17.846
,52 1 54.21367 N,27 36 37.56755 E,17.843
,52 1 56.66544 N,27 36 45.41551 E,17.840
,52 1 58.27824 N,27 36 44.09062 E,17.840
,52 1 59.89104 N,27 36 42.76934 E,17.841
,52 1 59.87295 N,27 36 37.52409 E,17.843
,52 1 59.85125 N,27 36 32.27884 E,17.845
,52 2 1.47123 N,27 36 29.63994 E,17.846
,52 2 1.43140 N,27 36 16.52502 E,17.851
,52 2 1.38796 N,27 36 3.41010 E,17.856
,52 2 2.18713 N,27 36 0.78204 E,17.858
,52 2 2.98269 N,27 35 58.15038 E,17.859
,52 2 2.97545 N,27 35 55.52956 E,17.860
,52 2 2.96820 N,27 35 52.90513 E,17.861
,52 2 2.15094 N,27 35 50.29155 E,17.862
,52 2 1.33369 N,27 35 47.67436 E,17.863
,52 2 1.32644 N,27 35 45.04994 E,17.864
,52 2 1.31919 N,27 35 42.42911 E,17.865
,52 1 59.68472 N,27 35 39.81916 E,17.866
,52 1 58.86024 N,27 35 35.89517 E,17.868
,52 1 58.03936 N,27 35 31.97117 E,17.869
,52 1 58.03211 N,27 35 29.34674 E,17.871
,52 1 58.02487 N,27 35 26.72232 E,17.872
,52 1 53.95307 N,27 35 18.88884 E,17.875
,52 1 49.88128 N,27 35 11.05536 E,17.878
,52 1 49.85956 N,27 35 4.49970 E,17.881
,52 1 49.83784 N,27 34 57.94764 E,17.884
,52 1 52.25703 N,27 34 55.29790 E,17.885
,52 1 54.67262 N,27 34 52.65176 E,17.886
,52 1 56.27092 N,27 34 46.08163 E,17.888
,52 1 57.87283 N,27 34 39.50789 E,17.891
,52 2 0.28119 N,27 34 35.55494 E,17.892
,52 2 2.69316 N,27 34 31.59840 E,17.894
,52 2 5.92600 N,27 34 31.56944 E,17.894
,52 2 9.15885 N,27 34 31.53689 E,17.893
,52 2 10.78250 N,27 34 32.83643 E,17.893
,52 2 12.40254 N,27 34 34.13237 E,17.892
,52 2 18.87543 N,27 34 34.07446 E,17.892
,52 2 25.35192 N,27 34 34.01656 E,17.891
,52 2 26.97197 N,27 34 35.31250 E,17.891
,52 2 28.59201 N,27 34 36.61204 E,17.890
,52 2 30.21204 N,27 34 36.59756 E,17.890
,52 2 31.83566 N,27 34 36.58309 E,17.890
,52 2 33.44123 N,27 34 33.94779 E,17.891
,52 2 37.48409 N,27 34 33.90800 E,17.891
,52 2 41.53055 N,27 34 33.87181 E,17.890
,52 2 41.49438 N,27 34 24.68813 E,17.894
,52 2 41.46182 N,27 34 15.50084 E,17.898
,52 2 43.87018 N,27 34 11.54790 E,17.899
,52 2 46.28215 N,27 34 7.59135 E,17.901
,52 2 50.31776 N,27 34 4.93073 E,17.902
,52 2 54.35697 N,27 34 2.27012 E,17.903
,52 2 56.77256 N,27 33 59.62398 E,17.904
,52 2 59.18814 N,27 33 56.97425 E,17.904
,52 3 2.06817 N,27 33 56.22171 E,17.905
,52 3 4.94460 N,27 33 55.46557 E,17.905
,52 3 7.73105 N,27 33 56.16744 E,17.904
,52 3 10.52110 N,27 33 56.87292 E,17.904
,52 3 12.14115 N,27 33 58.16526 E,17.903
,52 3 13.76119 N,27 33 59.46119 E,17.903
,52 3 18.61406 N,27 33 59.41777 E,17.902
,52 3 23.47053 N,27 33 59.37074 E,17.902
,52 3 29.96516 N,27 34 7.18251 E,17.898
,52 3 36.45979 N,27 34 14.99788 E,17.895
,52 3 38.07619 N,27 34 13.67299 E,17.895
,52 3 39.68899 N,27 34 12.34810 E,17.896
,52 3 39.66729 N,27 34 7.09926 E,17.898
,52 3 39.64560 N,27 34 1.85041 E,17.900
,52 3 35.55571 N,27 33 48.76448 E,17.906
,52 3 31.46222 N,27 33 35.68215 E,17.911
,52 3 34.68057 N,27 33 30.40075 E,17.913
,52 3 37.90253 N,27 33 25.11935 E,17.915
,52 3 37.86274 N,27 33 14.62526 E,17.919
,52 3 37.81935 N,27 33 4.12756 E,17.924
,52 3 39.42493 N,27 33 1.48506 E,17.925
,52 3 36.15952 N,27 32 52.33393 E,17.929
,52 3 32.89051 N,27 32 43.17920 E,17.932
,52 3 31.26324 N,27 32 40.56925 E,17.934
,52 3 29.63597 N,27 32 37.96290 E,17.935
,52 3 30.43874 N,27 32 35.32764 E,17.936
,52 3 31.24150 N,27 32 32.69598 E,17.937
,52 3 34.45626 N,27 32 27.41458 E,17.939
,52 3 37.66741 N,27 32 22.13318 E,17.941
,52 3 37.66016 N,27 32 19.50876 E,17.942
,52 3 37.65292 N,27 32 16.88793 E,17.943
,52 3 40.03596 N,27 32 6.36493 E,17.947
,52 3 42.41901 N,27 31 55.84192 E,17.951
,52 3 44.82735 N,27 31 50.56776 E,17.953
,52 3 47.23929 N,27 31 45.29360 E,17.955
,52 3 50.42513 N,27 31 33.45294 E,17.960
,52 3 53.61096 N,27 31 21.61228 E,17.964
,52 3 55.21654 N,27 31 18.96618 E,17.965
,52 3 56.82571 N,27 31 16.32369 E,17.966
,52 3 59.25575 N,27 31 16.29837 E,17.966
,52 4 1.68578 N,27 31 16.27666 E,17.966
,52 4 3.30583 N,27 31 17.57259 E,17.965
,52 4 4.92587 N,27 31 18.87213 E,17.965
,52 4 7.37038 N,27 31 22.78165 E,17.963
,52 4 9.81488 N,27 31 26.69118 E,17.961
,52 4 13.05857 N,27 31 29.28305 E,17.960
,52 4 16.29866 N,27 31 31.87492 E,17.959
,52 4 29.24084 N,27 31 31.74472 E,17.958
,52 4 42.18662 N,27 31 31.61451 E,17.957
,52 4 44.62390 N,27 31 34.21362 E,17.956
,52 4 47.06118 N,27 31 36.81273 E,17.955
,52 4 52.73853 N,27 31 40.69330 E,17.953
,52 4 58.41948 N,27 31 44.57747 E,17.951
,52 5 4.88517 N,27 31 44.51237 E,17.951
,52 5 11.35446 N,27 31 44.44727 E,17.950
,52 5 12.96004 N,27 31 41.80117 E,17.951
,52 5 16.99927 N,27 31 40.44737 E,17.952
,52 5 21.03490 N,27 31 39.09717 E,17.952
,52 5 22.64408 N,27 31 36.45107 E,17.953
,52 5 24.26410 N,27 31 36.43659 E,17.953
,52 5 25.88412 N,27 31 36.41852 E,17.953
,52 5 27.48970 N,27 31 33.77602 E,17.954
,52 5 29.10612 N,27 31 33.75794 E,17.954
,52 5 30.71895 N,27 31 33.73987 E,17.954
,52 5 32.32452 N,27 31 31.10457 E,17.955
,52 5 36.36738 N,27 31 31.06118 E,17.954
,52 5 40.41383 N,27 31 31.02139 E,17.954
,52 5 42.82942 N,27 31 28.36805 E,17.955
,52 5 45.24861 N,27 31 25.71111 E,17.956
,52 5 50.11595 N,27 31 29.60252 E,17.954
,52 5 54.98328 N,27 31 33.49033 E,17.952
,52 5 59.83975 N,27 31 33.44331 E,17.952
,52 6 4.69262 N,27 31 33.39628 E,17.952
,52 6 6.30902 N,27 31 32.06779 E,17.952
,52 6 7.92182 N,27 31 30.73570 E,17.953
,52 6 9.53464 N,27 31 30.72123 E,17.953
,52 6 11.14746 N,27 31 30.70315 E,17.952
,52 6 15.98946 N,27 31 26.71409 E,17.954
,52 6 20.83146 N,27 31 22.72503 E,17.955
,52 6 22.43703 N,27 31 20.07893 E,17.956
,52 6 24.04261 N,27 31 17.43643 E,17.957
,52 6 30.49020 N,27 31 12.11528 E,17.959
,52 6 36.93780 N,27 31 6.79413 E,17.961
,52 6 40.98423 N,27 31 5.43673 E,17.961
,52 6 45.02707 N,27 31 4.07932 E,17.961
,52 6 46.63264 N,27 31 1.43683 E,17.962
,52 6 48.24907 N,27 31 1.41875 E,17.962
,52 6 49.86189 N,27 31 1.40067 E,17.962
,52 6 51.46746 N,27 30 58.75818 E,17.963
,52 6 57.14117 N,27 31 0.01432 E,17.962
,52 7 2.81127 N,27 31 1.27047 E,17.961
,52 7 4.43134 N,27 31 3.88042 E,17.960
,52 7 6.85777 N,27 31 3.85510 E,17.960
,52 7 9.28060 N,27 31 3.82979 E,17.960
,52 7 10.91507 N,27 31 6.43974 E,17.959
,52 7 16.57798 N,27 31 7.69588 E,17.958
,52 7 22.24448 N,27 31 8.95203 E,17.957
,52 7 23.87895 N,27 31 11.56198 E,17.956
,52 7 26.30178 N,27 31 11.53666 E,17.956
,52 7 28.72462 N,27 31 11.51495 E,17.956
,52 7 30.35908 N,27 31 14.12490 E,17.954
,52 7 36.02559 N,27 31 15.38105 E,17.954
,52 7 41.69209 N,27 31 16.63719 E,17.953
,52 7 43.32296 N,27 31 19.24354 E,17.952
,52 7 45.74939 N,27 31 19.22183 E,17.952
,52 7 48.17222 N,27 31 19.19651 E,17.951
,52 7 49.79229 N,27 31 21.80646 E,17.950
,52 7 51.41232 N,27 31 21.78838 E,17.950
,52 7 53.03234 N,27 31 21.77031 E,17.950
,52 7 54.66681 N,27 31 24.38746 E,17.949
,52 7 59.51608 N,27 31 24.33683 E,17.949
,52 8 4.36534 N,27 31 24.28620 E,17.948
,52 8 5.99259 N,27 31 25.58214 E,17.948
,52 8 7.61984 N,27 31 26.88167 E,17.947
,52 8 10.22268 N,27 31 27.01475 E,17.947
,52 8 12.82191 N,27 31 27.14783 E,17.947
,52 8 15.08279 N,27 31 29.59575 E,17.946
,52 8 17.34006 N,27 31 32.04367 E,17.944
,52 8 18.95649 N,27 31 32.02559 E,17.944
,52 8 20.56931 N,27 31 32.00751 E,17.944
,52 8 22.19656 N,27 31 33.30705 E,17.944
,52 8 23.82380 N,27 31 34.60299 E,17.943
,52 8 27.07112 N,27 31 38.51247 E,17.941
,52 8 30.31843 N,27 31 42.42555 E,17.939
,52 8 35.17490 N,27 31 42.37493 E,17.939
,52 8 40.02777 N,27 31 42.32790 E,17.939
,52 8 44.90957 N,27 31 50.16494 E,17.935
,52 8 49.79498 N,27 31 58.00199 E,17.932
,52 8 53.04227 N,27 32 0.60106 E,17.931
,52 8 56.28957 N,27 32 3.20013 E,17.930
,52 8 57.90239 N,27 32 3.18565 E,17.929
,52 8 59.51521 N,27 32 3.16758 E,17.929
,52 9 1.14968 N,27 32 5.77753 E,17.928
,52 9 7.61897 N,27 32 5.71242 E,17.928
,52 9 14.08826 N,27 32 5.65092 E,17.927
,52 9 14.88382 N,27 32 3.01206 E,17.928
,52 9 15.67939 N,27 32 0.37320 E,17.930
,52 9 15.66130 N,27 31 55.11355 E,17.932
,52 9 15.63960 N,27 31 49.85030 E,17.934
,52 9 16.44237 N,27 31 47.21504 E,17.935
,52 9 17.24513 N,27 31 44.57978 E,17.936
,52 9 18.85071 N,27 31 41.93368 E,17.937
,52 9 20.46713 N,27 31 41.91560 E,17.937
,52 9 22.07995 N,27 31 41.90113 E,17.937
,52 9 23.70720 N,27 31 43.19706 E,17.936
,52 9 25.33444 N,27 31 44.49660 E,17.935
,52 9 26.17339 N,27 31 52.37703 E,17.932
,52 9 27.00875 N,27 32 0.26106 E,17.929
,52 9 29.44965 N,27 32 4.18139 E,17.927
,52 9 31.88695 N,27 32 8.10171 E,17.925
,52 9 34.31699 N,27 32 8.07999 E,17.925
,52 9 36.74702 N,27 32 8.05468 E,17.925
,52 9 39.15539 N,27 32 4.08373 E,17.927
,52 9 41.56735 N,27 32 0.11638 E,17.928
,52 9 43.99741 N,27 32 1.40508 E,17.927
,52 9 46.42746 N,27 32 2.69738 E,17.927
,52 9 46.45640 N,27 32 10.58865 E,17.924
,52 9 46.48534 N,27 32 18.47632 E,17.920
,52 9 48.11981 N,27 32 21.09347 E,17.919
,52 9 48.12346 N,27 32 23.72149 E,17.918
,52 9 48.13071 N,27 32 26.35311 E,17.917
,52 9 49.76518 N,27 32 28.97026 E,17.916
,52 9 53.00162 N,27 32 28.93771 E,17.916
,52 9 56.23447 N,27 32 28.90876 E,17.916
,52 9 57.84004 N,27 32 26.25546 E,17.917
,52 10 0.26645 N,27 32 24.91613 E,17.917
,52 10 2.68926 N,27 32 23.57681 E,17.917
,52 10 5.90401 N,27 32 18.28461 E,17.919
,52 10 9.11516 N,27 32 12.98881 E,17.921
,52 10 13.14715 N,27 32 9.00338 E,17.923
,52 10 17.17914 N,27 32 5.01796 E,17.924
,52 10 26.07126 N,27 32 4.92754 E,17.924
,52 10 34.96339 N,27 32 4.83712 E,17.923
,52 10 36.57619 N,27 32 3.50503 E,17.923
,52 10 38.18898 N,27 32 2.17295 E,17.924
,52 10 39.79456 N,27 31 59.53045 E,17.925
,52 10 37.35726 N,27 31 55.60652 E,17.927
,52 10 34.91995 N,27 31 51.68260 E,17.928
,52 10 35.92431 N,27 31 48.34532 E,17.930
,52 10 41.08683 N,27 31 51.27191 E,17.928
,52 10 46.24936 N,27 31 54.20209 E,17.927
,52 10 47.86216 N,27 31 52.87001 E,17.927
,52 10 49.47855 N,27 31 51.53792 E,17.928
,52 10 51.08413 N,27 31 48.88822 E,17.929
,52 10 52.68971 N,27 31 46.24212 E,17.930
,52 10 54.30611 N,27 31 44.91003 E,17.930
,52 10 55.91890 N,27 31 43.57794 E,17.930
,52 10 54.28441 N,27 31 39.64678 E,17.932
,52 10 52.64992 N,27 31 35.71562 E,17.934
,52 10 52.63545 N,27 31 31.76639 E,17.935
,52 10 52.62098 N,27 31 27.82075 E,17.937
,52 10 54.23015 N,27 31 25.17465 E,17.938
,52 11 1.50585 N,27 31 25.09871 E,17.938
,52 11 8.78516 N,27 31 25.02277 E,17.937
,52 11 11.22966 N,27 31 28.94669 E,17.935
,52 11 13.67417 N,27 31 32.86701 E,17.934
,52 11 16.10422 N,27 31 34.15931 E,17.933
,52 11 18.53788 N,27 31 35.45521 E,17.932
,52 11 20.97518 N,27 31 39.37553 E,17.931
,52 11 23.41249 N,27 31 43.29585 E,17.929
,52 11 25.82807 N,27 31 40.64251 E,17.930
,52 11 28.24726 N,27 31 37.98557 E,17.931
,52 11 29.87451 N,27 31 39.28511 E,17.930
,52 11 31.50175 N,27 31 40.58465 E,17.930
,52 11 30.69539 N,27 31 43.22351 E,17.929
,52 11 29.89262 N,27 31 45.86237 E,17.927
,52 11 32.32628 N,27 31 47.15467 E,17.927
,52 11 34.75634 N,27 31 48.44337 E,17.926
,52 11 36.36191 N,27 31 45.80087 E,17.927
,52 11 37.98194 N,27 31 45.78279 E,17.927
,52 11 39.60196 N,27 31 45.76831 E,17.927
,52 11 41.22563 N,27 31 48.38186 E,17.926
,52 11 41.23647 N,27 31 51.01709 E,17.925
,52 11 41.25092 N,27 31 53.64871 E,17.924
,52 11 40.45536 N,27 31 56.29117 E,17.923
,52 11 39.65979 N,27 31 58.93003 E,17.922
,52 11 38.04342 N,27 32 1.57613 E,17.921
,52 11 36.43064 N,27 32 4.22223 E,17.920
,52 11 36.44509 N,27 32 6.85746 E,17.919
,52 11 36.45954 N,27 32 9.48908 E,17.918
,52 11 40.50239 N,27 32 9.44929 E,17.917
,52 11 44.54885 N,27 32 9.40950 E,17.917
,52 11 46.15442 N,27 32 6.75620 E,17.918
,52 11 45.33716 N,27 32 4.13541 E,17.919
,52 11 44.51991 N,27 32 1.51103 E,17.920
,52 11 44.49824 N,27 31 57.56179 E,17.922
,52 11 44.48017 N,27 31 53.61616 E,17.924
,52 11 46.10014 N,27 31 50.96286 E,17.924
,52 11 49.33299 N,27 31 50.93390 E,17.924
,52 11 52.56583 N,27 31 50.90135 E,17.924
,52 11 53.38309 N,27 31 53.52574 E,17.923
,52 11 54.20035 N,27 31 56.14652 E,17.922
,52 11 51.80645 N,27 32 4.07031 E,17.919
,52 11 49.40896 N,27 32 11.99049 E,17.916
,52 11 51.02901 N,27 32 13.29003 E,17.915
,52 11 52.64905 N,27 32 14.59317 E,17.915
,52 11 55.88550 N,27 32 14.56061 E,17.914
,52 11 59.11834 N,27 32 14.52806 E,17.914
,52 12 0.74559 N,27 32 15.82760 E,17.914
,52 12 2.37284 N,27 32 17.12353 E,17.913
,52 12 1.57007 N,27 32 19.76600 E,17.912
,52 12 0.76731 N,27 32 22.40486 E,17.911
,52 12 0.78175 N,27 32 25.04008 E,17.910
,52 12 0.79260 N,27 32 27.67170 E,17.909
,52 11 59.18702 N,27 32 30.32140 E,17.908
,52 11 57.58145 N,27 32 32.97470 E,17.907
,52 11 56.78956 N,27 32 39.56280 E,17.904
,52 11 56.00126 N,27 32 46.15090 E,17.902
,52 12 0.10197 N,27 33 0.59044 E,17.895
,52 12 4.19909 N,27 33 15.02998 E,17.889
,52 12 4.20634 N,27 33 17.66161 E,17.888
,52 12 4.21358 N,27 33 20.29683 E,17.887
,52 12 5.03084 N,27 33 22.92122 E,17.886
,52 12 5.84810 N,27 33 25.54200 E,17.885
,52 12 13.13460 N,27 33 25.47326 E,17.885
,52 12 20.42110 N,27 33 25.40452 E,17.884
,52 12 22.02668 N,27 33 22.75482 E,17.885
,52 12 23.63950 N,27 33 22.74034 E,17.885
,52 12 25.25232 N,27 33 22.72586 E,17.885
,52 12 28.50324 N,27 33 26.64255 E,17.883
,52 12 31.75055 N,27 33 30.55923 E,17.881
,52 12 33.37058 N,27 33 30.54836 E,17.881
,52 12 34.99060 N,27 33 30.53388 E,17.881
,52 12 34.97613 N,27 33 26.58464 E,17.883
,52 12 34.96166 N,27 33 22.63541 E,17.884
,52 12 35.76082 N,27 33 19.99294 E,17.886
,52 12 36.55639 N,27 33 17.35048 E,17.887
,52 12 39.79643 N,27 33 17.31793 E,17.886
,52 12 43.03648 N,27 33 17.28898 E,17.886
,52 12 44.64565 N,27 33 14.63928 E,17.887
,52 12 46.25123 N,27 33 11.99318 E,17.888
,52 12 46.22953 N,27 33 6.72633 E,17.890
,52 12 46.21144 N,27 33 1.45948 E,17.892
,52 12 47.00700 N,27 32 58.82062 E,17.893
,52 12 47.80257 N,27 32 56.17816 E,17.894
,52 12 49.42981 N,27 32 57.48130 E,17.894
,52 12 51.05706 N,27 32 58.78083 E,17.893
,52 12 52.68433 N,27 33 1.39798 E,17.892
,52 12 54.31160 N,27 33 4.01513 E,17.891
,52 12 58.35083 N,27 33 2.65772 E,17.891
,52 13 2.38646 N,27 33 1.30032 E,17.892
,52 13 4.02096 N,27 33 5.23508 E,17.890
,52 13 5.65545 N,27 33 9.16984 E,17.888
,52 13 8.07466 N,27 33 7.83051 E,17.889
,52 13 10.49027 N,27 33 6.49119 E,17.889
,52 13 11.29304 N,27 33 3.85233 E,17.890
,52 13 12.09580 N,27 33 1.20986 E,17.891
,52 13 15.31055 N,27 32 55.91046 E,17.893
,52 13 18.52530 N,27 32 50.60746 E,17.895
,52 13 20.14533 N,27 32 50.59659 E,17.895
,52 13 21.76535 N,27 32 50.58211 E,17.895
,52 13 23.37095 N,27 32 49.25002 E,17.895
,52 13 24.97655 N,27 32 47.91794 E,17.896
,52 13 29.83301 N,27 32 47.86731 E,17.895
,52 13 34.68948 N,27 32 47.82028 E,17.895
,52 13 39.56407 N,27 32 54.35771 E,17.892
,52 13 44.43865 N,27 33 0.89514 E,17.889
,52 13 47.67870 N,27 33 0.86259 E,17.889
,52 13 50.91874 N,27 33 0.83364 E,17.889
,52 13 50.90067 N,27 32 56.88080 E,17.891
,52 13 50.87900 N,27 32 52.92796 E,17.892
,52 13 51.68176 N,27 32 50.28910 E,17.893
,52 13 52.48453 N,27 32 47.64664 E,17.894
,52 13 54.10093 N,27 32 46.31095 E,17.895
,52 13 55.71373 N,27 32 44.97526 E,17.895
,52 13 58.15103 N,27 32 48.90639 E,17.893
,52 14 0.58834 N,27 32 52.83751 E,17.892
,52 14 2.51079 N,27 32 54.48263 E,17.891
,52 14 4.43325 N,27 32 56.12776 E,17.890
,52 14 6.54278 N,27 32 50.49000 E,17.892
,52 14 8.64871 N,27 32 44.85225 E,17.894
,52 14 11.07877 N,27 32 46.14815 E,17.894
,52 14 13.51242 N,27 32 47.44045 E,17.893
,52 14 15.95695 N,27 32 52.68558 E,17.891
,52 14 18.40148 N,27 32 57.93431 E,17.888
,52 14 20.83151 N,27 32 57.90900 E,17.888
,52 14 23.26155 N,27 32 57.88369 E,17.888
,52 14 24.86712 N,27 32 55.23399 E,17.889
,52 14 24.84903 N,27 32 49.96354 E,17.891
,52 14 24.82733 N,27 32 44.69309 E,17.893
,52 14 28.06018 N,27 32 44.66414 E,17.893
,52 14 31.29662 N,27 32 44.63159 E,17.893
,52 14 32.93109 N,27 32 47.24873 E,17.892
,52 14 35.34670 N,27 32 45.90941 E,17.892
,52 14 37.76231 N,27 32 44.57008 E,17.893
,52 14 36.92696 N,27 32 36.67165 E,17.896
,52 14 36.08801 N,27 32 28.77681 E,17.899
,52 14 36.89077 N,27 32 26.13435 E,17.900
,52 14 37.69354 N,27 32 23.48829 E,17.901
,52 14 37.67909 N,27 32 20.85307 E,17.902
,52 14 37.66824 N,27 32 18.21784 E,17.903
,52 14 36.04818 N,27 32 15.60069 E,17.905
,52 14 33.61452 N,27 32 14.30480 E,17.905
,52 14 31.18446 N,27 32 13.01250 E,17.906
,52 14 29.54999 N,27 32 10.39175 E,17.907
,52 14 27.91552 N,27 32 7.77100 E,17.908
,52 14 32.74305 N,27 31 59.81830 E,17.911
,52 14 37.57058 N,27 31 51.86200 E,17.914
,52 14 39.18340 N,27 31 51.84753 E,17.914
,52 14 40.79622 N,27 31 51.83305 E,17.914
,52 14 44.02542 N,27 31 49.16527 E,17.915
,52 14 47.25102 N,27 31 46.49750 E,17.916
,52 14 48.87829 N,27 31 49.11465 E,17.915
,52 14 50.50556 N,27 31 51.73179 E,17.913
,52 14 50.52000 N,27 31 54.36702 E,17.912
,52 14 50.53445 N,27 31 57.00584 E,17.911
,52 14 52.15452 N,27 31 59.61939 E,17.910
,52 14 53.77454 N,27 31 59.60851 E,17.910
,52 14 55.39457 N,27 31 59.59403 E,17.910
,52 14 57.01821 N,27 32 0.89357 E,17.909
,52 14 58.63826 N,27 32 2.19671 E,17.909
,52 15 5.10395 N,27 32 2.13160 E,17.908
,52 15 11.57324 N,27 32 2.06290 E,17.908
,52 15 13.20771 N,27 32 4.68724 E,17.907
,52 15 14.82053 N,27 32 4.66917 E,17.907
,52 15 16.43695 N,27 32 4.65469 E,17.907
,52 15 18.07142 N,27 32 7.26824 E,17.906
,52 15 21.30427 N,27 32 7.23929 E,17.905
,52 15 24.53711 N,27 32 7.20673 E,17.905
,52 15 26.14991 N,27 32 5.87104 E,17.906
,52 15 27.76631 N,27 32 4.53536 E,17.906
,52 15 30.98468 N,27 32 0.54997 E,17.907
,52 15 34.20666 N,27 31 56.56458 E,17.909
,52 15 34.19221 N,27 31 53.92576 E,17.910
,52 15 34.17776 N,27 31 51.29053 E,17.911
,52 15 33.36051 N,27 31 48.66255 E,17.912
,52 15 32.54325 N,27 31 46.03816 E,17.913
,52 15 33.34601 N,27 31 43.39210 E,17.914
,52 15 34.15238 N,27 31 40.74964 E,17.915
,52 15 36.56074 N,27 31 36.77149 E,17.917
,52 15 38.97270 N,27 31 32.78974 E,17.918
,52 15 39.76104 N,27 31 28.82966 E,17.920
,52 15 40.54939 N,27 31 24.86599 E,17.921
,52 15 38.92932 N,27 31 22.24524 E,17.923
,52 15 40.89848 N,27 31 18.87192 E,17.924
,52 15 42.87125 N,27 31 15.50219 E,17.925
,52 15 45.38416 N,27 31 19.54131 E,17.923
,52 15 47.89707 N,27 31 23.58403 E,17.921
,52 15 49.87346 N,27 31 21.52832 E,17.922
,52 15 51.85345 N,27 31 19.47621 E,17.923
,52 15 50.23338 N,27 31 16.85186 E,17.924
,52 15 50.21893 N,27 31 14.22023 E,17.925
,52 15 50.20449 N,27 31 11.58861 E,17.926
,52 15 51.81006 N,27 31 8.93171 E,17.927
,52 15 53.41924 N,27 31 6.27841 E,17.928
,52 15 55.03204 N,27 31 4.94272 E,17.929
,52 15 56.64484 N,27 31 3.60703 E,17.929
,52 15 57.44040 N,27 31 0.96457 E,17.930
,52 15 58.23956 N,27 30 58.32211 E,17.931
,52 15 58.23232 N,27 30 55.68328 E,17.932
,52 15 58.22507 N,27 30 53.04806 E,17.933
,52 15 56.59060 N,27 30 50.42371 E,17.934
,52 15 55.76612 N,27 30 46.47812 E,17.936
,52 15 54.94164 N,27 30 42.53612 E,17.938
,52 15 54.93439 N,27 30 39.89729 E,17.939
,52 15 54.92714 N,27 30 37.26207 E,17.940
,52 15 58.14189 N,27 30 31.95187 E,17.942
,52 16 1.35305 N,27 30 26.64527 E,17.944
,52 15 59.71491 N,27 30 20.07169 E,17.946
,52 15 58.07317 N,27 30 13.49450 E,17.949
,52 15 59.67874 N,27 30 10.84120 E,17.950
,52 16 1.28432 N,27 30 8.18790 E,17.951
,52 15 59.64982 N,27 30 4.24954 E,17.953
,52 15 58.01893 N,27 30 0.31118 E,17.955
,52 15 56.38808 N,27 29 59.01525 E,17.955
,52 15 54.76084 N,27 29 57.71572 E,17.956
,52 15 52.32353 N,27 29 53.78459 E,17.958
,52 15 49.88623 N,27 29 49.85347 E,17.959
,52 15 49.87178 N,27 29 47.21825 E,17.960
,52 15 49.86094 N,27 29 44.57943 E,17.961
,52 15 50.65650 N,27 29 41.93696 E,17.962
,52 15 51.45206 N,27 29 39.29450 E,17.963
,52 15 53.06486 N,27 29 37.95881 E,17.964
,52 15 54.68126 N,27 29 36.62312 E,17.964
,52 15 59.49437 N,27 29 27.34201 E,17.968
,52 16 4.30747 N,27 29 18.06090 E,17.971
,52 16 5.92749 N,27 29 18.04282 E,17.971
,52 16 7.54751 N,27 29 18.02115 E,17.971
,52 16 9.15309 N,27 29 15.37145 E,17.972
,52 16 12.38954 N,27 29 15.33169 E,17.972
,52 16 15.62238 N,27 29 15.29554 E,17.972
,52 16 17.23518 N,27 29 13.95985 E,17.972
,52 16 18.84798 N,27 29 12.62416 E,17.973
,52 16 22.08442 N,27 29 12.58801 E,17.972
,52 16 25.31727 N,27 29 12.55546 E,17.972
,52 16 25.30282 N,27 29 9.91663 E,17.973
,52 16 25.28837 N,27 29 7.28141 E,17.974
,52 16 32.54236 N,27 29 0.60661 E,17.977
,52 16 39.79274 N,27 28 53.93180 E,17.979
,52 16 39.75660 N,27 28 46.02253 E,17.982
,52 16 39.72406 N,27 28 38.10966 E,17.985
,52 16 40.52682 N,27 28 35.46360 E,17.986
,52 16 41.32959 N,27 28 32.81754 E,17.987
,52 16 46.17883 N,27 28 31.44210 E,17.988
,52 16 51.02448 N,27 28 30.07025 E,17.988
,52 16 54.24647 N,27 28 27.39528 E,17.989
,52 16 57.46487 N,27 28 24.72030 E,17.990
,52 16 59.07405 N,27 28 22.06340 E,17.991
,52 17 0.67962 N,27 28 19.40650 E,17.992
,52 17 1.47519 N,27 28 16.76044 E,17.993
,52 17 2.27075 N,27 28 14.11078 E,17.994
,52 17 4.68271 N,27 28 10.12903 E,17.995
,52 17 7.09108 N,27 28 6.14728 E,17.997
,52 17 8.70748 N,27 28 4.80799 E,17.997
,52 17 10.32028 N,27 28 3.46870 E,17.998
,52 17 7.65890 N,27 27 10.74634 E,18.019
,52 17 4.99033 N,27 26 18.02758 E,18.041
,52 17 4.90720 N,27 25 59.56302 E,18.048
,52 17 4.82407 N,27 25 41.09845 E,18.055
,52 17 3.99961 N,27 25 38.47047 E,18.057
,52 17 3.17515 N,27 25 35.84608 E,18.058
,52 17 3.16071 N,27 25 33.20366 E,18.059
,52 17 3.14986 N,27 25 30.56483 E,18.060
,52 17 4.74097 N,27 25 23.95150 E,18.062
,52 17 6.33567 N,27 25 17.33816 E,18.065
,52 17 7.10234 N,27 25 9.41445 E,18.068
,52 17 7.87261 N,27 25 1.49074 E,18.071
,52 17 9.47819 N,27 24 58.83384 E,18.072
,52 17 9.46374 N,27 24 56.19862 E,18.073
,52 17 9.44929 N,27 24 53.55980 E,18.074
,52 17 10.24846 N,27 24 50.91013 E,18.075
,52 17 11.04402 N,27 24 48.26047 E,18.076
,52 17 11.00790 N,27 24 41.66882 E,18.079
,52 17 10.97538 N,27 24 35.07716 E,18.082
,52 17 14.17569 N,27 24 27.12093 E,18.085
,52 17 17.37599 N,27 24 19.16471 E,18.088
,52 17 22.99913 N,27 24 11.17597 E,18.091
,52 17 28.62227 N,27 24 3.18723 E,18.094
,52 17 28.60782 N,27 24 0.55201 E,18.095
,52 17 28.59337 N,27 23 57.91318 E,18.096
,52 17 31.80092 N,27 23 52.59578 E,18.098
,52 17 35.00847 N,27 23 47.27838 E,18.100
,52 17 39.80715 N,27 23 36.66166 E,18.104
,52 17 44.60583 N,27 23 26.04494 E,18.108
,52 17 48.62339 N,27 23 20.71310 E,18.110
,52 17 52.64096 N,27 23 15.38126 E,18.112
,52 17 53.43652 N,27 23 12.73520 E,18.113
,52 17 54.23208 N,27 23 10.08554 E,18.114
,52 17 58.24242 N,27 23 3.43608 E,18.116
,52 18 2.25276 N,27 22 56.78663 E,18.119
,52 18 3.04833 N,27 22 54.13697 E,18.120
,52 18 3.84749 N,27 22 51.48371 E,18.121
,52 18 10.25897 N,27 22 39.52410 E,18.125
,52 18 16.67045 N,27 22 27.56088 E,18.130
,52 18 20.71690 N,27 22 27.50669 E,18.129
,52 18 24.75976 N,27 22 27.45250 E,18.129
,52 18 26.36895 N,27 22 26.10961 E,18.130
,52 18 27.97455 N,27 22 24.76673 E,18.130
,52 18 44.15318 N,27 22 24.54636 E,18.129
,52 19 0.32820 N,27 22 24.32599 E,18.128
,52 19 1.93738 N,27 22 21.66909 E,18.129
,52 19 9.21668 N,27 22 21.56795 E,18.129
,52 19 16.49238 N,27 22 21.46680 E,18.128
,52 19 18.10155 N,27 22 18.80270 E,18.129
,52 19 16.25853 N,27 19 7.43224 E,18.207
,52 19 14.32910 N,27 15 56.06539 E,18.284
,52 19 23.22842 N,27 15 55.92457 E,18.284
,52 19 32.12774 N,27 15 55.78015 E,18.283
,52 19 40.23873 N,27 15 59.61380 E,18.281
,52 19 48.34611 N,27 16 3.44385 E,18.279
,52 19 49.96973 N,27 16 3.41497 E,18.279
,52 19 51.58975 N,27 16 3.38970 E,18.279
,52 19 53.22422 N,27 16 6.00684 E,18.278
,52 19 58.87990 N,27 16 5.91297 E,18.278
,52 20 4.53918 N,27 16 5.81910 E,18.277
,52 20 7.74673 N,27 16 0.48730 E,18.279
,52 20 10.95068 N,27 15 55.15550 E,18.281
,52 20 12.53098 N,27 15 48.52777 E,18.284
,52 20 14.11129 N,27 15 41.90363 E,18.287
,52 20 18.13972 N,27 15 40.51383 E,18.287
,52 20 22.17175 N,27 15 39.12763 E,18.287
,52 20 24.60178 N,27 15 39.09151 E,18.287
,52 20 27.03182 N,27 15 39.05179 E,18.287
,52 20 28.65546 N,27 15 40.34773 E,18.286
,52 20 30.27551 N,27 15 41.64006 E,18.286
,52 20 31.88108 N,27 15 38.96876 E,18.287
,52 20 34.30392 N,27 15 38.93265 E,18.287
,52 20 36.73035 N,27 15 38.89293 E,18.286
,52 20 38.33593 N,27 15 36.22163 E,18.287
,52 20 42.37878 N,27 15 36.15664 E,18.287
,52 20 46.42524 N,27 15 36.09165 E,18.287
,52 20 49.64363 N,27 15 33.40227 E,18.288
,52 20 52.86563 N,27 15 30.70930 E,18.289
,52 20 54.47845 N,27 15 30.68042 E,18.289
,52 20 56.09128 N,27 15 30.65514 E,18.289
,52 20 58.49604 N,27 15 26.65179 E,18.290
,52 21 0.89720 N,27 15 22.65564 E,18.292
,52 21 3.31641 N,27 15 21.29111 E,18.292
,52 21 5.73202 N,27 15 19.92659 E,18.292
,52 21 13.82855 N,27 15 21.11781 E,18.291
,52 21 21.92509 N,27 15 22.30904 E,18.290
,52 21 24.31903 N,27 15 16.98448 E,18.292
,52 21 26.71657 N,27 15 11.65992 E,18.294
,52 21 30.73415 N,27 15 7.63129 E,18.296
,52 21 34.75174 N,27 15 3.60266 E,18.297
,52 21 37.17455 N,27 15 2.24173 E,18.298
,52 21 39.59736 N,27 15 0.87721 E,18.298
,52 21 41.21740 N,27 15 2.17314 E,18.297
,52 21 42.84105 N,27 15 3.46548 E,18.297
,52 21 46.10639 N,27 15 8.69977 E,18.295
,52 21 49.37533 N,27 15 13.93046 E,18.292
,52 21 54.26429 N,27 15 19.13588 E,18.290
,52 21 59.15325 N,27 15 24.34129 E,18.287
,52 22 1.57968 N,27 15 24.30158 E,18.287
,52 22 4.00251 N,27 15 24.26546 E,18.287
,52 22 7.26423 N,27 15 28.17494 E,18.285
,52 22 10.52595 N,27 15 32.08442 E,18.284
,52 22 13.77324 N,27 15 34.67629 E,18.282
,52 22 17.02053 N,27 15 37.26816 E,18.281
,52 22 23.55841 N,27 15 47.73315 E,18.276
,52 22 30.09629 N,27 15 58.19813 E,18.272
,52 22 30.92074 N,27 16 0.82612 E,18.271
,52 22 31.74520 N,27 16 3.45770 E,18.270
,52 22 35.76641 N,27 16 0.75028 E,18.270
,52 22 39.79122 N,27 15 58.04647 E,18.271
,52 22 41.39679 N,27 15 55.37517 E,18.272
,52 22 48.67609 N,27 15 55.25602 E,18.272
,52 22 55.95539 N,27 15 55.14048 E,18.272
,52 22 57.58264 N,27 15 56.43641 E,18.271
,52 22 59.20989 N,27 15 57.72874 E,18.270
,52 23 0.82271 N,27 15 57.70347 E,18.270
,52 23 2.43553 N,27 15 57.68179 E,18.270
,52 23 4.07000 N,27 16 0.29534 E,18.269
,52 23 5.69362 N,27 16 0.27006 E,18.269
,52 23 7.31364 N,27 16 0.24118 E,18.269
,52 23 11.37817 N,27 16 4.14342 E,18.267
,52 23 15.44270 N,27 16 8.04207 E,18.265
,52 23 19.03558 N,27 16 9.78431 E,18.264
,52 23 22.62486 N,27 16 11.53016 E,18.263
,52 23 23.12538 N,27 16 17.65379 E,18.261
,52 23 23.62949 N,27 16 23.78102 E,18.258
,52 23 25.26396 N,27 16 26.39457 E,18.257
,52 23 27.69402 N,27 16 27.67966 E,18.257
,52 23 30.12408 N,27 16 28.96476 E,18.256
,52 23 31.75855 N,27 16 31.57831 E,18.255
,52 23 39.84786 N,27 16 31.45192 E,18.254
,52 23 47.93717 N,27 16 31.32553 E,18.254
,52 23 50.38887 N,27 16 35.25305 E,18.252
,52 23 52.83698 N,27 16 39.18057 E,18.250
,52 23 53.66143 N,27 16 41.80856 E,18.249
,52 23 54.48589 N,27 16 44.44014 E,18.248
,52 23 54.50034 N,27 16 47.08617 E,18.247
,52 23 54.51479 N,27 16 49.73219 E,18.246
,52 23 58.62626 N,27 17 1.56890 E,18.241
,52 24 2.74132 N,27 17 13.40201 E,18.236
,52 24 6.00304 N,27 17 17.31869 E,18.234
,52 24 9.26475 N,27 17 21.23537 E,18.232
,52 24 9.29005 N,27 17 26.52742 E,18.230
,52 24 9.31894 N,27 17 31.81947 E,18.228
,52 24 10.14340 N,27 17 34.44745 E,18.227
,52 24 10.96786 N,27 17 37.07904 E,18.226
,52 24 11.81759 N,27 17 43.67426 E,18.223
,52 24 12.67092 N,27 17 50.27668 E,18.221
,52 24 14.31261 N,27 17 54.21863 E,18.219
,52 24 15.95431 N,27 17 58.16419 E,18.217
,52 24 16.78239 N,27 18 2.11699 E,18.215
,52 24 17.61407 N,27 18 6.06618 E,18.214
,52 24 20.05857 N,27 18 9.99731 E,18.212
,52 24 22.50308 N,27 18 13.92842 E,18.210
,52 24 23.32754 N,27 18 16.56361 E,18.209
,52 24 24.15199 N,27 18 19.19519 E,18.208
,52 24 31.46379 N,27 18 24.37529 E,18.206
,52 24 38.77918 N,27 18 29.55539 E,18.203
,52 24 42.03370 N,27 18 33.47567 E,18.201
,52 24 45.28822 N,27 18 37.39235 E,18.200
,52 24 46.90824 N,27 18 37.36708 E,18.199
,52 24 48.52826 N,27 18 37.34180 E,18.199
,52 24 54.20561 N,27 18 41.22597 E,18.197
,52 24 59.88656 N,27 18 45.11013 E,18.196
,52 25 3.95108 N,27 18 49.01597 E,18.194
,52 25 8.01561 N,27 18 52.92181 E,18.192
,52 25 8.03726 N,27 18 55.56784 E,18.191
,52 25 8.05891 N,27 18 58.21746 E,18.190
,52 25 10.50341 N,27 19 2.14858 E,18.188
,52 25 12.94792 N,27 19 6.07970 E,18.186
,52 25 12.95876 N,27 19 8.72572 E,18.185
,52 25 12.97321 N,27 19 11.37175 E,18.184
,52 25 13.79767 N,27 19 14.00693 E,18.183
,52 25 14.62213 N,27 19 16.63852 E,18.182
,52 25 16.25660 N,27 19 19.25926 E,18.181
,52 25 17.89107 N,27 19 21.87641 E,18.180
,52 25 18.72275 N,27 19 25.83640 E,18.178
,52 25 19.55083 N,27 19 29.79640 E,18.176
,52 25 22.01698 N,27 19 36.37354 E,18.174
,52 25 24.48313 N,27 19 42.95069 E,18.171
,52 25 27.75932 N,27 19 50.84180 E,18.167
,52 25 31.03551 N,27 19 58.72932 E,18.164
,52 25 36.74173 N,27 20 6.58432 E,18.161
,52 25 42.44795 N,27 20 14.43932 E,18.157
,52 25 42.45879 N,27 20 17.08534 E,18.156
,52 25 42.47324 N,27 20 19.73497 E,18.155
,52 25 44.11493 N,27 20 23.68052 E,18.153
,52 25 45.75663 N,27 20 27.62248 E,18.152
,52 25 45.77107 N,27 20 30.27211 E,18.150
,52 25 45.78552 N,27 20 32.91813 E,18.149
,52 25 47.41279 N,27 20 35.53888 E,18.148
,52 25 49.04006 N,27 20 38.16322 E,18.147
,52 25 50.66731 N,27 20 39.46276 E,18.146
,52 25 52.29455 N,27 20 40.76589 E,18.146
,52 25 53.93627 N,27 20 46.03626 E,18.144
,52 25 55.57439 N,27 20 51.30663 E,18.141
,52 25 58.84333 N,27 20 56.55172 E,18.139
,52 26 2.11226 N,27 21 1.79682 E,18.137
,52 26 2.12671 N,27 21 4.44284 E,18.136
,52 26 2.14116 N,27 21 7.09246 E,18.135
,52 26 11.08747 N,27 21 17.55013 E,18.130
,52 26 20.03378 N,27 21 28.01140 E,18.125
,52 26 27.36363 N,27 21 35.85192 E,18.122
,52 26 34.68987 N,27 21 43.68885 E,18.118
,52 26 38.73997 N,27 21 46.28068 E,18.117
,52 26 42.79008 N,27 21 48.87251 E,18.115
,52 26 44.42454 N,27 21 51.49685 E,18.114
,52 26 46.05901 N,27 21 54.11760 E,18.113
,52 26 47.67904 N,27 21 54.09592 E,18.113
,52 26 49.30266 N,27 21 54.07785 E,18.113
,52 26 52.55718 N,27 21 58.00173 E,18.111
,52 26 55.81169 N,27 22 1.92561 E,18.109
,52 27 3.08739 N,27 22 1.82446 E,18.109
,52 27 10.36669 N,27 22 1.72691 E,18.109
,52 27 11.98676 N,27 22 4.35486 E,18.107
,52 27 13.61038 N,27 22 4.32958 E,18.107
,52 27 15.23041 N,27 22 4.30790 E,18.107
,52 27 19.25881 N,27 22 1.60409 E,18.108
,52 27 23.29082 N,27 21 58.90387 E,18.109
,52 27 24.89640 N,27 21 56.23257 E,18.110
,52 27 27.32283 N,27 21 56.19645 E,18.110
,52 27 29.74566 N,27 21 56.16394 E,18.110
,52 27 32.15405 N,27 21 53.48180 E,18.111
,52 27 34.56604 N,27 21 50.79966 E,18.112
,52 27 36.18606 N,27 21 50.77438 E,18.112
,52 27 37.80608 N,27 21 50.75270 E,18.111
,52 27 39.41166 N,27 21 48.08860 E,18.112
,52 27 41.02808 N,27 21 48.06332 E,18.112
,52 27 42.64090 N,27 21 48.03805 E,18.112
,52 27 44.24648 N,27 21 45.36675 E,18.113
,52 27 45.86650 N,27 21 45.34507 E,18.113
,52 27 47.48652 N,27 21 45.32699 E,18.113
,52 27 49.09572 N,27 21 43.97690 E,18.114
,52 27 50.70132 N,27 21 42.62681 E,18.114
,52 27 54.74055 N,27 21 41.24781 E,18.114
,52 27 58.77618 N,27 21 39.86520 E,18.115
,52 28 4.41377 N,27 21 34.49008 E,18.116
,52 28 10.05135 N,27 21 29.11497 E,18.118
,52 28 11.64973 N,27 21 26.44366 E,18.119
,52 28 13.25170 N,27 21 23.77236 E,18.120
,52 28 14.87172 N,27 21 23.75069 E,18.120
,52 28 16.49175 N,27 21 23.72901 E,18.120
,52 28 22.12213 N,27 21 18.35029 E,18.122
,52 28 27.75251 N,27 21 12.96797 E,18.124
,52 28 33.39732 N,27 21 8.91767 E,18.125
,52 28 39.04213 N,27 21 4.86736 E,18.126
,52 28 40.63330 N,27 21 2.19606 E,18.127
,52 28 42.25332 N,27 21 2.17078 E,18.127
,52 28 43.87695 N,27 21 2.14550 E,18.127
,52 28 55.95855 N,27 20 52.70204 E,18.130
,52 29 8.04375 N,27 20 43.25498 E,18.133
,52 29 9.63852 N,27 20 40.58368 E,18.134
,52 29 16.11141 N,27 20 40.49337 E,18.134
,52 29 22.58790 N,27 20 40.39946 E,18.134
,52 29 22.60235 N,27 20 43.04908 E,18.133
,52 29 22.61680 N,27 20 45.69870 E,18.132
,52 29 25.06853 N,27 20 50.96183 E,18.129
,52 29 27.52025 N,27 20 56.22496 E,18.127
,52 29 29.16557 N,27 21 1.50253 E,18.125
,52 29 30.81449 N,27 21 6.78010 E,18.123
,52 29 32.44176 N,27 21 9.40445 E,18.121
,52 29 34.06903 N,27 21 12.03240 E,18.120
,52 29 35.73239 N,27 21 19.95959 E,18.117
,52 29 37.39216 N,27 21 27.88678 E,18.114
,52 29 37.40660 N,27 21 30.53641 E,18.113
,52 29 37.42105 N,27 21 33.18603 E,18.112
,52 29 32.61515 N,27 21 42.53195 E,18.108
,52 29 27.80925 N,27 21 51.87066 E,18.105
,52 29 27.82370 N,27 21 54.52388 E,18.104
,52 29 27.83454 N,27 21 57.17351 E,18.102
,52 29 29.46179 N,27 21 58.47664 E,18.102
,52 29 31.08904 N,27 21 59.78338 E,18.101
,52 29 35.93108 N,27 21 58.38633 E,18.102
,52 29 40.77312 N,27 21 56.99289 E,18.102
,52 29 45.62599 N,27 21 56.92786 E,18.102
,52 29 50.48246 N,27 21 56.86282 E,18.101
,52 29 52.91971 N,27 21 58.15512 E,18.101
,52 29 55.35697 N,27 21 59.44381 E,18.100
,52 29 57.79425 N,27 22 2.06092 E,18.099
,52 30 0.23153 N,27 22 4.67803 E,18.098
,52 30 1.05599 N,27 22 7.31681 E,18.096
,52 30 1.88045 N,27 22 9.95560 E,18.095
,52 30 1.90935 N,27 22 15.25845 E,18.093
,52 30 1.93464 N,27 22 20.55769 E,18.091
,52 30 0.33629 N,27 22 24.55381 E,18.090
,52 29 58.73434 N,27 22 28.54992 E,18.088
,52 29 58.74878 N,27 22 31.20314 E,18.087
,52 29 58.76323 N,27 22 33.85277 E,18.086
,52 30 0.39050 N,27 22 36.48071 E,18.085
,52 30 2.01777 N,27 22 39.11226 E,18.084
,52 30 3.63779 N,27 22 39.08698 E,18.084
,52 30 5.25782 N,27 22 39.06530 E,18.083
,52 30 6.89229 N,27 22 41.69325 E,18.082
,52 30 8.50871 N,27 22 41.67157 E,18.082
,52 30 10.12153 N,27 22 41.65349 E,18.082
,52 30 11.75600 N,27 22 44.28144 E,18.081
,52 30 14.17883 N,27 22 44.24892 E,18.081
,52 30 16.60167 N,27 22 44.21281 E,18.081
,52 30 18.23614 N,27 22 46.84435 E,18.080
,52 30 23.09983 N,27 22 48.10413 E,18.079
,52 30 27.95992 N,27 22 49.36391 E,18.078
,52 30 32.01722 N,27 22 51.95934 E,18.077
,52 30 36.07812 N,27 22 54.55117 E,18.075
,52 30 43.38272 N,27 22 59.75647 E,18.073
,52 30 50.68732 N,27 23 4.96177 E,18.070
,52 30 52.31099 N,27 23 7.59331 E,18.069
,52 30 53.93101 N,27 23 7.57164 E,18.069
,52 30 55.55103 N,27 23 7.54996 E,18.069
,52 30 57.17830 N,27 23 10.18150 E,18.068
,52 30 58.80557 N,27 23 12.80945 E,18.067
,52 31 2.85565 N,27 23 14.08007 E,18.066
,52 31 6.90933 N,27 23 15.35069 E,18.065
,52 31 8.53658 N,27 23 16.65382 E,18.065
,52 31 10.16382 N,27 23 17.96055 E,18.064
,52 31 11.79109 N,27 23 20.58850 E,18.063
,52 31 13.41836 N,27 23 23.22005 E,18.062
,52 31 15.03838 N,27 23 23.19837 E,18.062
,52 31 16.65841 N,27 23 23.17669 E,18.062
,52 31 18.27845 N,27 23 24.48343 E,18.061
,52 31 19.89850 N,27 23 25.78656 E,18.060
,52 31 21.53297 N,27 23 28.41811 E,18.059
,52 31 23.16744 N,27 23 31.04605 E,18.058
,52 31 24.78026 N,27 23 31.02438 E,18.058
,52 31 26.39668 N,27 23 31.00630 E,18.058
,52 31 31.27122 N,27 23 34.91930 E,18.056
,52 31 36.14576 N,27 23 38.83230 E,18.054
,52 31 37.75858 N,27 23 38.80703 E,18.054
,52 31 39.37500 N,27 23 38.78535 E,18.054
,52 31 43.43231 N,27 23 41.38438 E,18.053
,52 31 47.48961 N,27 23 43.98341 E,18.051
,52 31 49.11686 N,27 23 45.28654 E,18.051
,52 31 50.74410 N,27 23 46.58967 E,18.050
,52 31 51.56136 N,27 23 49.23566 E,18.049
,52 31 52.37862 N,27 23 51.87805 E,18.048
,52 31 52.40751 N,27 23 57.18089 E,18.046
,52 31 52.43281 N,27 24 2.48734 E,18.044
,52 31 50.07141 N,27 24 15.78238 E,18.039
,52 31 47.71002 N,27 24 29.07381 E,18.033
,52 31 47.73169 N,27 24 33.05185 E,18.032
,52 31 47.75336 N,27 24 37.03348 E,18.030
,52 31 46.14418 N,27 24 39.70478 E,18.029
,52 31 46.18755 N,27 24 48.98567 E,18.025
,52 31 46.22732 N,27 24 58.27015 E,18.022
,52 31 45.43175 N,27 25 0.93061 E,18.021
,52 31 44.63619 N,27 25 3.59108 E,18.020
,52 31 44.64704 N,27 25 6.24790 E,18.019
,52 31 44.66148 N,27 25 8.90112 E,18.017
,52 31 43.05591 N,27 25 11.57243 E,18.016
,52 31 42.27842 N,27 25 18.21092 E,18.014
,52 31 41.50452 N,27 25 24.84942 E,18.011
,52 31 41.53704 N,27 25 31.48068 E,18.009
,52 31 41.57316 N,27 25 38.11194 E,18.006
,52 31 39.96758 N,27 25 40.78324 E,18.005
,52 31 39.98568 N,27 25 46.08609 E,18.003
,52 31 40.00737 N,27 25 51.38894 E,18.001
,52 31 38.40180 N,27 25 54.06024 E,18.000
,52 31 38.41625 N,27 25 56.71706 E,17.999
,52 31 38.42709 N,27 25 59.37029 E,17.998
,52 31 36.82152 N,27 26 2.04159 E,17.997
,52 31 36.84319 N,27 26 6.01962 E,17.995
,52 31 36.86126 N,27 26 9.99766 E,17.993
,52 31 35.25569 N,27 26 12.66896 E,17.992
,52 31 35.28458 N,27 26 17.97541 E,17.990
,52 31 35.30988 N,27 26 23.27826 E,17.988
,52 31 34.50711 N,27 26 25.93872 E,17.987
,52 31 33.70435 N,27 26 28.59918 E,17.986
,52 31 32.94130 N,27 26 37.89090 E,17.982
,52 31 32.18186 N,27 26 47.18263 E,17.979
,52 31 30.57268 N,27 26 49.86113 E,17.978
,52 31 30.58715 N,27 26 53.83557 E,17.976
,52 31 30.60162 N,27 26 57.81000 E,17.974
,52 31 28.99605 N,27 27 0.48130 E,17.973
,52 31 29.00690 N,27 27 3.13453 E,17.972
,52 31 29.02135 N,27 27 5.79135 E,17.971
,52 31 27.44466 N,27 27 13.76190 E,17.968
,52 31 25.86438 N,27 27 21.73245 E,17.965
,52 31 25.87886 N,27 27 25.71409 E,17.963
,52 31 25.89333 N,27 27 29.69212 E,17.962
,52 31 28.33061 N,27 27 32.31643 E,17.961
,52 31 30.76789 N,27 27 34.93714 E,17.959
,52 31 34.81074 N,27 27 34.89014 E,17.959
,52 31 38.85720 N,27 27 34.83955 E,17.959
,52 31 40.48807 N,27 27 37.47829 E,17.958
,52 31 45.34454 N,27 27 37.42046 E,17.958
,52 31 50.19741 N,27 27 37.35903 E,17.957
,52 31 51.82105 N,27 27 38.66936 E,17.957
,52 31 53.44110 N,27 27 39.97610 E,17.956
,52 31 55.05392 N,27 27 39.95802 E,17.956
,52 31 56.66674 N,27 27 39.94354 E,17.956
,52 31 58.30121 N,27 27 42.57149 E,17.955
,52 31 58.35905 N,27 27 55.83401 E,17.950
,52 31 58.41329 N,27 28 9.09653 E,17.944
,52 31 56.80411 N,27 28 11.76783 E,17.943
,52 31 56.84023 N,27 28 18.39909 E,17.941
,52 31 56.87275 N,27 28 25.02675 E,17.938
,52 31 55.26717 N,27 28 27.69805 E,17.937
,52 31 55.28887 N,27 28 33.00810 E,17.935
,52 31 55.31056 N,27 28 38.31455 E,17.933
,52 31 54.51140 N,27 28 40.97501 E,17.932
,52 31 53.71583 N,27 28 43.63547 E,17.931
,52 31 53.75198 N,27 28 51.59154 E,17.927
,52 31 53.78452 N,27 28 59.54762 E,17.924
,52 31 52.98175 N,27 29 2.21168 E,17.923
,52 31 52.17899 N,27 29 4.87574 E,17.922
,52 31 52.20066 N,27 29 8.85018 E,17.921
,52 31 52.21873 N,27 29 12.82461 E,17.919
,52 31 48.17588 N,27 29 12.87161 E,17.919
,52 31 44.12942 N,27 29 12.91500 E,17.919
,52 31 42.52385 N,27 29 15.58630 E,17.918
,52 31 40.90382 N,27 29 15.60438 E,17.918
,52 31 39.28380 N,27 29 15.62246 E,17.919
,52 31 39.31634 N,27 29 23.57853 E,17.915
,52 31 39.35249 N,27 29 31.53820 E,17.912
,52 31 38.55692 N,27 29 34.19866 E,17.911
,52 31 37.75776 N,27 29 36.85913 E,17.910
,52 31 37.77945 N,27 29 42.16558 E,17.908
,52 31 37.80115 N,27 29 47.46842 E,17.906
,52 31 37.00558 N,27 29 50.12889 E,17.905
,52 31 36.20642 N,27 29 52.78935 E,17.904
,52 31 36.21367 N,27 29 55.43897 E,17.903
,52 31 36.22091 N,27 29 58.09220 E,17.902
,52 31 34.61534 N,27 30 0.76350 E,17.901
,52 31 35.45427 N,27 30 7.38392 E,17.898
,52 31 36.28960 N,27 30 14.00794 E,17.895
,52 31 37.92409 N,27 30 17.96430 E,17.894
,52 31 39.55859 N,27 30 21.92426 E,17.892
,52 31 39.63454 N,27 30 41.81804 E,17.884
,52 31 39.71050 N,27 31 1.70822 E,17.876
,52 31 42.16225 N,27 31 8.31416 E,17.873
,52 31 44.61400 N,27 31 14.92011 E,17.870
,52 31 47.86854 N,27 31 20.19040 E,17.868
,52 31 51.12308 N,27 31 25.46070 E,17.866
,52 31 54.39207 N,27 31 33.38421 E,17.862
,52 31 57.66105 N,27 31 41.30773 E,17.859
,52 31 57.66830 N,27 31 43.96095 E,17.858
,52 31 57.67555 N,27 31 46.61418 E,17.857
,52 31 58.49281 N,27 31 49.26016 E,17.856
,52 31 59.31007 N,27 31 51.90255 E,17.855
,52 31 59.34263 N,27 32 1.18703 E,17.851
,52 31 59.37880 N,27 32 10.46792 E,17.847
,52 32 1.82330 N,27 32 14.42424 E,17.845
,52 32 4.26781 N,27 32 18.38056 E,17.844
,52 32 12.36434 N,27 32 19.62578 E,17.843
,52 32 20.45728 N,27 32 20.87100 E,17.842
,52 32 22.07733 N,27 32 22.18134 E,17.841
,52 32 23.70097 N,27 32 23.49527 E,17.840
,52 32 26.93382 N,27 32 23.45912 E,17.840
,52 32 30.16666 N,27 32 23.42656 E,17.840
,52 32 31.78673 N,27 32 26.06171 E,17.839
,52 32 33.41036 N,27 32 26.04723 E,17.839
,52 32 35.03038 N,27 32 26.03275 E,17.839
,52 32 38.27767 N,27 32 28.65342 E,17.838
,52 32 41.52496 N,27 32 31.27409 E,17.836
,52 32 40.72220 N,27 32 33.93456 E,17.835
,52 32 39.91943 N,27 32 36.59502 E,17.834
,52 32 39.93388 N,27 32 39.24824 E,17.833
,52 32 39.94473 N,27 32 41.90147 E,17.832
,52 32 35.92359 N,27 32 48.57252 E,17.830
,52 32 31.89885 N,27 32 55.24358 E,17.827
,52 32 30.29693 N,27 33 0.56450 E,17.825
,52 32 28.69860 N,27 33 5.88903 E,17.823
,52 32 27.09302 N,27 33 8.56033 E,17.822
,52 32 25.48385 N,27 33 11.22803 E,17.821
,52 32 24.68828 N,27 33 13.89209 E,17.820
,52 32 23.89272 N,27 33 16.55256 E,17.819
,52 32 15.84682 N,27 33 28.56625 E,17.815
,52 32 7.79732 N,27 33 40.57995 E,17.810
,52 32 5.37451 N,27 33 41.92648 E,17.810
,52 32 2.95170 N,27 33 43.27661 E,17.810
,52 32 1.34252 N,27 33 45.94431 E,17.809
,52 31 59.73695 N,27 33 48.61201 E,17.808
,52 31 56.50775 N,27 33 51.29419 E,17.807
,52 31 53.28215 N,27 33 53.97637 E,17.806
,52 31 51.67658 N,27 33 56.64767 E,17.805
,52 31 50.87744 N,27 34 0.63295 E,17.803
,52 31 50.08190 N,27 34 4.61822 E,17.802
,52 31 59.03188 N,27 34 19.12233 E,17.795
,52 32 7.97827 N,27 34 33.63004 E,17.789
,52 32 10.41555 N,27 34 36.25794 E,17.788
,52 32 12.85283 N,27 34 38.88945 E,17.787
,52 32 14.48012 N,27 34 42.85301 E,17.785
,52 32 16.10742 N,27 34 46.82017 E,17.783
,52 32 20.98923 N,27 34 54.73281 E,17.780
,52 32 25.87104 N,27 35 2.64545 E,17.776
,52 32 28.30832 N,27 35 5.28056 E,17.775
,52 32 30.74560 N,27 35 7.91207 E,17.774
,52 32 32.37649 N,27 35 11.87922 E,17.772
,52 32 34.00379 N,27 35 15.84278 E,17.771
,52 32 38.06836 N,27 35 22.43785 E,17.768
,52 32 42.13294 N,27 35 29.03292 E,17.765
,52 32 41.33737 N,27 35 31.69338 E,17.764
,52 32 40.53821 N,27 35 34.35384 E,17.763
,52 32 36.50260 N,27 35 37.04326 E,17.762
,52 32 32.46339 N,27 35 39.73268 E,17.761
,52 32 30.85781 N,27 35 42.40398 E,17.760
,52 32 27.62497 N,27 35 42.42934 E,17.760
,52 32 24.38852 N,27 35 42.45829 E,17.760
,52 32 22.76855 N,27 35 45.12239 E,17.760
,52 32 21.15573 N,27 35 45.13687 E,17.760
,52 32 19.54290 N,27 35 45.15135 E,17.760
,52 32 17.93375 N,27 35 49.14386 E,17.758
,52 32 16.32820 N,27 35 53.13638 E,17.757
,52 32 17.96267 N,27 35 55.77872 E,17.755
,52 32 17.96994 N,27 35 59.76036 E,17.754
,52 32 17.97721 N,27 36 3.73840 E,17.752
,52 32 20.42897 N,27 36 10.34794 E,17.750
,52 32 22.88072 N,27 36 16.95388 E,17.747
,52 32 26.12806 N,27 36 22.23498 E,17.744
,52 32 29.37540 N,27 36 27.51607 E,17.742
,52 32 30.99542 N,27 36 27.50159 E,17.742
,52 32 32.61544 N,27 36 27.48712 E,17.742
,52 32 33.43270 N,27 36 30.13670 E,17.741
,52 32 34.24996 N,27 36 32.78269 E,17.740
,52 32 34.28615 N,27 36 43.39559 E,17.735
,52 32 34.31874 N,27 36 54.00488 E,17.731
,52 32 28.65586 N,27 36 54.05195 E,17.731
,52 32 22.98938 N,27 36 54.09543 E,17.732
,52 32 21.36931 N,27 36 51.46028 E,17.733
,52 32 10.04715 N,27 36 51.55442 E,17.734
,52 31 58.72499 N,27 36 51.64496 E,17.734
,52 31 57.09052 N,27 36 49.00262 E,17.735
,52 31 49.00841 N,27 36 49.07141 E,17.736
,52 31 40.92630 N,27 36 49.14019 E,17.736
,52 31 39.30632 N,27 36 51.80430 E,17.735
,52 31 39.31717 N,27 36 54.45752 E,17.734
,52 31 39.33162 N,27 36 57.10714 E,17.733
,52 31 41.76895 N,27 37 2.39188 E,17.731
,52 31 44.20987 N,27 37 7.68021 E,17.728
,52 31 44.22797 N,27 37 12.98666 E,17.726
,52 31 44.24966 N,27 37 18.28951 E,17.724
,52 31 45.05972 N,27 37 20.93189 E,17.723
,52 31 45.86978 N,27 37 23.57788 E,17.722
,52 31 45.90597 N,27 37 34.18358 E,17.718
,52 31 45.93856 N,27 37 44.79287 E,17.713
,52 31 45.13579 N,27 37 47.45334 E,17.712
,52 31 44.33303 N,27 37 50.11740 E,17.711
,52 31 41.11108 N,27 37 55.44560 E,17.709
,52 31 37.89273 N,27 38 0.77381 E,17.707
,52 31 36.27631 N,27 38 0.78829 E,17.708
,52 31 34.66348 N,27 38 0.79916 E,17.708
,52 31 33.84622 N,27 37 58.15318 E,17.709
,52 31 33.02897 N,27 37 55.50719 E,17.710
,52 31 31.40170 N,27 37 52.86484 E,17.711
,52 31 29.77443 N,27 37 50.22610 E,17.712
,52 31 28.16160 N,27 37 50.24057 E,17.712
,52 31 26.54878 N,27 37 50.25505 E,17.712
,52 31 23.31961 N,27 37 54.25844 E,17.711
,52 31 20.09403 N,27 37 58.26184 E,17.709
,52 31 18.48121 N,27 37 58.26911 E,17.710
,52 31 16.86479 N,27 37 58.27999 E,17.710
,52 31 12.80021 N,27 37 51.68492 E,17.713
,52 31 8.73564 N,27 37 45.08986 E,17.715
,52 31 7.11559 N,27 37 43.77592 E,17.716
,52 31 5.49555 N,27 37 42.46199 E,17.717
,52 31 2.25910 N,27 37 42.48734 E,17.717
,52 30 59.02625 N,27 37 42.51630 E,17.717
,52 30 53.35610 N,27 37 38.58173 E,17.719
,52 30 47.68236 N,27 37 34.64717 E,17.721
,52 30 46.06958 N,27 37 37.31127 E,17.720
,52 30 44.45680 N,27 37 39.97537 E,17.719
,52 30 45.27406 N,27 37 42.62495 E,17.718
,52 30 46.09132 N,27 37 45.27094 E,17.717
,52 30 43.67213 N,27 37 47.93868 E,17.716
,52 30 41.25655 N,27 37 50.60642 E,17.715
,52 30 39.63650 N,27 37 49.29609 E,17.715
,52 30 38.01646 N,27 37 47.98215 E,17.716
,52 30 36.39643 N,27 37 47.99663 E,17.716
,52 30 34.77281 N,27 37 48.01111 E,17.716
,52 30 32.35722 N,27 37 50.67885 E,17.715
,52 30 29.94164 N,27 37 53.34659 E,17.714
,52 30 25.89518 N,27 37 53.37918 E,17.714
,52 30 21.85232 N,27 37 53.41537 E,17.715
,52 30 18.60498 N,27 37 48.13788 E,17.717
,52 30 15.35404 N,27 37 42.86039 E,17.719
,52 30 14.53679 N,27 37 40.21800 E,17.720
,52 30 13.71953 N,27 37 37.57561 E,17.721
,52 30 12.09948 N,27 37 36.25808 E,17.722
,52 30 10.47944 N,27 37 34.94414 E,17.723
,52 30 8.85941 N,27 37 34.95862 E,17.723
,52 30 7.23939 N,27 37 34.97310 E,17.723
,52 30 2.37568 N,27 37 32.35971 E,17.724
,52 29 57.51556 N,27 37 29.74632 E,17.726
,52 29 51.85628 N,27 37 29.79339 E,17.726
,52 29 46.20060 N,27 37 29.83686 E,17.726
,52 29 44.58063 N,27 37 32.50096 E,17.725
,52 29 40.54137 N,27 37 32.53355 E,17.725
,52 29 36.50571 N,27 37 32.56255 E,17.726
,52 29 34.87124 N,27 37 29.92740 E,17.727
,52 29 30.82476 N,27 37 28.63518 E,17.727
,52 29 26.78188 N,27 37 27.34656 E,17.728
,52 29 25.96462 N,27 37 24.70058 E,17.729
,52 29 25.14737 N,27 37 22.05819 E,17.730
,52 29 14.59903 N,27 37 11.54299 E,17.735
,52 29 4.05429 N,27 37 1.02780 E,17.740
,52 28 59.19780 N,27 36 59.74282 E,17.741
,52 28 54.34491 N,27 36 58.46144 E,17.742
,52 28 52.73576 N,27 37 2.44675 E,17.740
,52 28 51.13021 N,27 37 6.43207 E,17.739
,52 28 51.24972 N,27 37 46.17283 E,17.723
,52 28 51.36562 N,27 38 25.91360 E,17.707
,52 28 50.56648 N,27 38 29.89527 E,17.705
,52 28 49.77094 N,27 38 33.87695 E,17.703
,52 28 47.36263 N,27 38 40.51913 E,17.701
,52 28 44.95071 N,27 38 47.15770 E,17.698
,52 28 40.11959 N,27 38 55.13921 E,17.695
,52 28 35.28486 N,27 39 3.12071 E,17.693
,52 28 33.67206 N,27 39 4.46360 E,17.692
,52 28 32.05566 N,27 39 5.79929 E,17.692
,52 28 29.64730 N,27 39 9.79184 E,17.690
,52 28 27.23533 N,27 39 13.78080 E,17.689
,52 28 25.61531 N,27 39 13.79527 E,17.689
,52 28 23.99529 N,27 39 13.80615 E,17.689
,52 28 20.77334 N,27 39 19.12715 E,17.687
,52 28 17.55499 N,27 39 24.44456 E,17.685
,52 28 7.86010 N,27 39 27.16305 E,17.684
,52 27 58.16521 N,27 39 29.88513 E,17.684
,52 27 55.73880 N,27 39 31.22446 E,17.683
,52 27 53.31599 N,27 39 32.56739 E,17.683
,52 27 51.71041 N,27 39 35.22429 E,17.682
,52 27 45.23392 N,27 39 35.27500 E,17.682
,52 27 38.75743 N,27 39 35.32211 E,17.683
,52 27 34.70733 N,27 39 32.70148 E,17.684
,52 27 30.65723 N,27 39 30.08445 E,17.685
,52 27 29.03715 N,27 39 27.44570 E,17.686
,52 27 24.99070 N,27 39 27.47829 E,17.687
,52 27 20.94784 N,27 39 27.50728 E,17.687
,52 27 16.12032 N,27 39 35.48519 E,17.684
,52 27 11.29279 N,27 39 43.45949 E,17.681
,52 27 10.49002 N,27 39 46.11276 E,17.680
,52 27 9.68726 N,27 39 48.76962 E,17.679
,52 27 4.04977 N,27 39 59.39719 E,17.675
,52 26 58.41228 N,27 40 10.02835 E,17.671
,52 26 56.81035 N,27 40 15.33488 E,17.669
,52 26 55.21202 N,27 40 20.64501 E,17.667
,52 26 51.18008 N,27 40 27.28726 E,17.664
,52 26 47.15174 N,27 40 33.92952 E,17.662
,52 26 46.34898 N,27 40 36.58638 E,17.661
,52 26 45.54262 N,27 40 39.23964 E,17.660
,52 26 38.29955 N,27 40 52.52411 E,17.655
,52 26 31.05648 N,27 41 5.80498 E,17.650
,52 26 30.26094 N,27 41 9.78305 E,17.648
,52 26 29.46180 N,27 41 13.75753 E,17.647
,52 26 27.04624 N,27 41 17.74288 E,17.645
,52 26 24.63068 N,27 41 21.72823 E,17.644
,52 26 24.63792 N,27 41 24.37786 E,17.643
,52 26 24.64517 N,27 41 27.02388 E,17.642
,52 26 22.23325 N,27 41 33.65526 E,17.639
,52 26 19.82134 N,27 41 40.29024 E,17.637
,52 26 19.82859 N,27 41 42.93626 E,17.636
,52 26 19.83583 N,27 41 45.58588 E,17.635
,52 26 17.42029 N,27 41 50.89245 E,17.633
,52 26 15.00475 N,27 41 56.19902 E,17.631
,52 26 15.00840 N,27 41 58.84864 E,17.630
,52 26 15.01565 N,27 42 1.49466 E,17.628
,52 26 12.61458 N,27 42 10.77567 E,17.625
,52 26 10.20991 N,27 42 20.05307 E,17.621
,52 26 8.60436 N,27 42 24.03478 E,17.620
,52 26 6.99880 N,27 42 28.01289 E,17.618
,52 26 6.99885 N,27 42 30.65892 E,17.617
,52 26 6.99890 N,27 42 33.30854 E,17.616
,52 26 5.38972 N,27 42 35.96545 E,17.615
,52 26 5.39697 N,27 42 38.60787 E,17.614
,52 26 5.40422 N,27 42 41.25029 E,17.613
,52 26 3.80591 N,27 42 47.87803 E,17.610
,52 26 2.20401 N,27 42 54.50217 E,17.608
,52 25 58.98573 N,27 43 3.78681 E,17.604
,52 25 55.76385 N,27 43 13.07145 E,17.601
,52 25 54.97555 N,27 43 19.69195 E,17.598
,52 25 54.18726 N,27 43 26.30885 E,17.596
,52 25 55.80733 N,27 43 28.94760 E,17.594
,52 25 55.81458 N,27 43 31.59362 E,17.593
,52 25 55.81822 N,27 43 34.23965 E,17.592
,52 25 55.01546 N,27 43 36.89291 E,17.591
,52 25 54.21269 N,27 43 39.54257 E,17.590
,52 25 54.29985 N,27 44 21.88257 E,17.573
,52 25 54.37980 N,27 45 4.22616 E,17.556
,52 25 55.99987 N,27 45 6.86491 E,17.555
,52 25 56.01439 N,27 45 13.47817 E,17.552
,52 25 56.02891 N,27 45 20.09503 E,17.550
,52 25 56.83897 N,27 45 22.73742 E,17.549
,52 25 57.64902 N,27 45 25.38340 E,17.547
,52 25 57.66352 N,27 45 30.67185 E,17.545
,52 25 57.67441 N,27 45 35.96390 E,17.543
,52 25 58.48807 N,27 45 38.60629 E,17.542
,52 25 59.29813 N,27 45 41.25227 E,17.541
,52 25 59.30905 N,27 45 47.86554 E,17.538
,52 25 59.32357 N,27 45 54.48240 E,17.536
,52 26 0.94364 N,27 45 57.11754 E,17.534
,52 26 0.95815 N,27 46 3.73801 E,17.532
,52 26 0.97267 N,27 46 10.35847 E,17.529
,52 26 2.60731 N,27 46 22.25650 E,17.524
,52 26 4.24194 N,27 46 34.15814 E,17.519
,52 26 4.25648 N,27 46 42.09981 E,17.516
,52 26 4.27102 N,27 46 50.03789 E,17.513
,52 26 5.08468 N,27 46 52.68387 E,17.512
,52 26 5.90194 N,27 46 55.32626 E,17.511
,52 26 5.90926 N,27 47 1.94312 E,17.508
,52 26 5.91657 N,27 47 8.55998 E,17.505
,52 26 7.53664 N,27 47 11.19513 E,17.504
,52 26 7.54389 N,27 47 13.84115 E,17.503
,52 26 7.55114 N,27 47 16.48718 E,17.502
,52 26 12.41492 N,27 47 23.08221 E,17.499
,52 26 17.27511 N,27 47 29.67724 E,17.496
,52 26 19.70515 N,27 47 29.66992 E,17.496
,52 26 22.13518 N,27 47 29.65901 E,17.496
,52 26 23.75885 N,27 47 32.30136 E,17.495
,52 26 25.37167 N,27 47 32.29408 E,17.495
,52 26 26.98449 N,27 47 32.28680 E,17.495
,52 26 33.46468 N,27 47 37.55334 E,17.492
,52 26 39.94846 N,27 47 42.81989 E,17.490
,52 26 40.75852 N,27 47 45.46587 E,17.489
,52 26 41.56858 N,27 47 48.10826 E,17.488
,52 26 39.96301 N,27 47 50.76516 E,17.487
,52 26 39.96305 N,27 47 53.41119 E,17.486
,52 26 39.96310 N,27 47 56.06081 E,17.484
,52 26 37.54758 N,27 48 2.68499 E,17.482
,52 26 35.12847 N,27 48 9.31277 E,17.479
,52 26 34.32573 N,27 48 13.28364 E,17.478
,52 26 33.52299 N,27 48 17.25812 E,17.476
,52 26 30.30108 N,27 48 25.21074 E,17.473
,52 26 27.08278 N,27 48 33.16697 E,17.470
,52 26 23.84638 N,27 48 35.82395 E,17.469
,52 26 20.61358 N,27 48 38.48093 E,17.468
,52 26 18.20529 N,27 48 46.43352 E,17.465
,52 26 15.79339 N,27 48 54.38611 E,17.462
,52 26 15.79344 N,27 48 57.03213 E,17.461
,52 26 15.79349 N,27 48 59.67816 E,17.460
,52 26 14.18074 N,27 49 3.65267 E,17.459
,52 26 12.56798 N,27 49 7.63079 E,17.457
,52 26 12.57163 N,27 49 10.27321 E,17.456
,52 26 12.57888 N,27 49 12.91924 E,17.455
,52 26 7.74787 N,27 49 27.49241 E,17.449
,52 26 2.91326 N,27 49 42.06557 E,17.444
,52 26 2.11056 N,27 49 48.68607 E,17.441
,52 26 1.30427 N,27 49 55.30657 E,17.439
,52 25 59.69870 N,27 49 57.95628 E,17.438
,52 25 59.69874 N,27 50 0.60230 E,17.437
,52 25 59.69879 N,27 50 3.24833 E,17.435
,52 25 58.08604 N,27 50 7.22644 E,17.434
,52 25 56.47328 N,27 50 11.20095 E,17.432
,52 25 56.48053 N,27 50 13.84338 E,17.431
,52 25 56.48778 N,27 50 16.48940 E,17.430
,52 25 54.86420 N,27 50 19.14631 E,17.429
,52 25 54.87145 N,27 50 21.78873 E,17.428
,52 25 54.87870 N,27 50 24.43475 E,17.427
,52 25 53.25872 N,27 50 27.08446 E,17.426
,52 25 53.25877 N,27 50 29.73048 E,17.425
,52 25 53.25881 N,27 50 32.37651 E,17.424
,52 25 52.45605 N,27 50 35.02977 E,17.423
,52 25 51.65329 N,27 50 37.67943 E,17.422
,52 25 51.66058 N,27 50 42.96788 E,17.420
,52 25 51.66788 N,27 50 48.25993 E,17.418
,52 25 50.86151 N,27 50 50.90960 E,17.417
,52 25 50.05875 N,27 50 53.56286 E,17.416
,52 25 48.43877 N,27 50 56.21256 E,17.415
,52 25 46.81879 N,27 50 58.86226 E,17.414
,52 25 46.82604 N,27 51 1.50829 E,17.413
,52 25 46.83329 N,27 51 4.15791 E,17.412
,52 25 45.21331 N,27 51 6.80762 E,17.411
,52 25 45.22056 N,27 51 9.45004 E,17.410
,52 25 45.22421 N,27 51 12.09247 E,17.409
,52 25 43.60423 N,27 51 14.74577 E,17.408
,52 25 43.61150 N,27 51 18.71660 E,17.406
,52 25 43.61877 N,27 51 22.68744 E,17.404
,52 25 42.00602 N,27 51 26.66196 E,17.403
,52 25 40.39327 N,27 51 30.63287 E,17.401
,52 25 40.39331 N,27 51 33.28249 E,17.400
,52 25 40.39336 N,27 51 35.92852 E,17.399
,52 25 37.96702 N,27 51 41.22429 E,17.397
,52 25 35.54428 N,27 51 46.52365 E,17.395
,52 25 34.74154 N,27 51 50.49453 E,17.394
,52 25 33.93880 N,27 51 54.46900 E,17.392
,52 25 32.32602 N,27 51 57.11510 E,17.391
,52 25 30.70965 N,27 51 59.76121 E,17.390
,52 25 30.70969 N,27 52 2.41083 E,17.389
,52 25 30.70974 N,27 52 5.05686 E,17.388
,52 25 28.29420 N,27 52 10.35262 E,17.386
,52 25 25.87866 N,27 52 15.65199 E,17.384
,52 25 25.87871 N,27 52 18.29801 E,17.383
,52 25 25.87876 N,27 52 20.94404 E,17.382
,52 25 24.26238 N,27 52 23.59734 E,17.381
,52 25 22.64960 N,27 52 26.24704 E,17.380
,52 25 22.64965 N,27 52 28.88947 E,17.379
,52 25 22.64970 N,27 52 31.53549 E,17.378
,52 25 23.45976 N,27 52 34.17788 E,17.377
,52 25 24.26981 N,27 52 36.82026 E,17.376
,52 25 26.69990 N,27 52 39.46257 E,17.374
,52 25 29.13358 N,27 52 42.10128 E,17.373
,52 25 30.75367 N,27 52 46.06844 E,17.372
,52 25 32.37376 N,27 52 50.03200 E,17.370
,52 25 30.75379 N,27 52 52.68171 E,17.369
,52 25 30.76108 N,27 52 57.97736 E,17.367
,52 25 30.76838 N,27 53 3.26940 E,17.365
,52 25 27.53929 N,27 53 12.53605 E,17.361
,52 25 24.31381 N,27 53 21.80269 E,17.358
,52 25 24.31386 N,27 53 24.44871 E,17.356
,52 25 24.31391 N,27 53 27.09114 E,17.355
,52 25 21.89484 N,27 53 36.35774 E,17.352
,52 25 19.47937 N,27 53 45.62434 E,17.348
,52 25 17.85939 N,27 53 48.27405 E,17.347
,52 25 17.05670 N,27 53 54.89095 E,17.345
,52 25 16.25040 N,27 54 1.50785 E,17.342
,52 25 19.49424 N,27 54 12.08459 E,17.338
,52 25 22.73447 N,27 54 22.66134 E,17.333
,52 25 21.92451 N,27 54 25.30740 E,17.332
,52 25 21.11454 N,27 54 27.95707 E,17.331
,52 25 21.12184 N,27 54 33.24552 E,17.329
,52 25 21.12913 N,27 54 38.53757 E,17.327
,52 25 21.93919 N,27 54 41.17995 E,17.326
,52 25 22.74925 N,27 54 43.82594 E,17.325
,52 25 25.98219 N,27 54 49.11064 E,17.322
,52 25 29.21873 N,27 54 54.39893 E,17.320
,52 25 30.83875 N,27 54 54.39886 E,17.320
,52 25 32.45877 N,27 54 54.39878 E,17.320
,52 25 38.12175 N,27 54 59.68336 E,17.317
,52 25 43.78832 N,27 55 4.96434 E,17.315
,52 25 45.40841 N,27 55 8.93150 E,17.313
,52 25 47.02851 N,27 55 12.89506 E,17.312
,52 25 47.02858 N,27 55 16.86590 E,17.310
,52 25 47.02865 N,27 55 20.83314 E,17.308
,52 25 51.08252 N,27 55 32.73826 E,17.303
,52 25 55.13279 N,27 55 44.64698 E,17.298
,52 25 55.94291 N,27 55 51.26020 E,17.296
,52 25 56.75304 N,27 55 57.86983 E,17.293
,52 25 55.13307 N,27 56 0.52313 E,17.292
,52 25 54.33040 N,27 56 8.46484 E,17.289
,52 25 53.52773 N,27 56 16.40296 E,17.286
,52 25 50.29142 N,27 56 24.34479 E,17.283
,52 25 47.05872 N,27 56 32.28662 E,17.280
,52 25 47.86880 N,27 56 36.25382 E,17.278
,52 25 48.67888 N,27 56 40.22462 E,17.276
,52 25 51.91180 N,27 56 44.18810 E,17.275
,52 25 55.14831 N,27 56 48.15518 E,17.273
,52 25 55.14836 N,27 56 50.80121 E,17.272
,52 25 55.14841 N,27 56 53.45083 E,17.271
,52 25 53.53563 N,27 56 56.09694 E,17.270
,52 25 51.91926 N,27 56 58.74304 E,17.269
,52 25 51.91935 N,27 57 4.03509 E,17.267
,52 25 51.91944 N,27 57 9.32354 E,17.265
,52 25 55.15596 N,27 57 13.29422 E,17.263
,52 25 58.38888 N,27 57 17.26131 E,17.261
,52 26 4.85817 N,27 57 17.25740 E,17.261
,52 26 11.32386 N,27 57 17.25349 E,17.260
,52 26 12.94751 N,27 57 18.57823 E,17.260
,52 26 14.56755 N,27 57 19.90296 E,17.259
,52 26 24.26969 N,27 57 19.89890 E,17.259
,52 26 33.97183 N,27 57 19.89124 E,17.258
,52 26 35.59183 N,27 57 18.56635 E,17.259
,52 26 37.21183 N,27 57 17.23786 E,17.259
,52 26 43.68112 N,27 57 17.23755 E,17.259
,52 26 50.15041 N,27 57 17.23725 E,17.258
,52 26 51.77046 N,27 57 18.56198 E,17.258
,52 26 53.39050 N,27 57 19.88312 E,17.257
,52 27 9.56193 N,27 57 19.87515 E,17.256
,52 27 25.72976 N,27 57 19.86718 E,17.255
,52 27 27.35341 N,27 57 21.18831 E,17.255
,52 27 28.97346 N,27 57 22.50945 E,17.254
,52 27 32.20630 N,27 57 22.50930 E,17.254
,52 27 35.43915 N,27 57 22.50914 E,17.254
,52 27 37.06279 N,27 57 23.83028 E,17.253
,52 27 38.68284 N,27 57 25.15501 E,17.253
,52 27 41.10579 N,27 57 31.77176 E,17.250
,52 27 43.52875 N,27 57 38.39211 E,17.247
,52 27 43.52879 N,27 57 41.03813 E,17.246
,52 27 43.52884 N,27 57 43.68776 E,17.245
,52 27 45.96264 N,27 57 52.95413 E,17.241
,52 27 48.39284 N,27 58 2.22410 E,17.237
,52 27 50.81574 N,27 58 6.19843 E,17.235
,52 27 53.23865 N,27 58 10.16915 E,17.234
,52 27 54.04873 N,27 58 14.14355 E,17.232
,52 27 54.85881 N,27 58 18.11435 E,17.230
,52 27 57.28536 N,27 58 24.73469 E,17.228
,52 27 59.70831 N,27 58 31.35144 E,17.225
,52 28 1.63077 N,27 58 33.01817 E,17.224
,52 28 3.55323 N,27 58 34.68129 E,17.223
,52 28 5.67711 N,27 58 26.39751 E,17.227
,52 28 7.79739 N,27 58 18.11373 E,17.230
,52 28 9.41739 N,27 58 16.78884 E,17.230
,52 28 11.03739 N,27 58 15.46395 E,17.231
,52 28 12.65031 N,27 58 20.75953 E,17.228
,52 28 14.26683 N,27 58 26.05870 E,17.226
,52 28 14.26688 N,27 58 28.70472 E,17.225
,52 28 14.26692 N,27 58 31.35075 E,17.224
,52 28 15.07698 N,27 58 34.00394 E,17.223
,52 28 15.88704 N,27 58 36.65352 E,17.222
,52 28 17.50709 N,27 58 37.97826 E,17.221
,52 28 19.12713 N,27 58 39.30299 E,17.221
,52 28 23.97640 N,27 58 39.30276 E,17.220
,52 28 28.82207 N,27 58 39.30253 E,17.220
,52 28 36.91131 N,27 58 35.32771 E,17.221
,52 28 45.00056 N,27 58 31.34929 E,17.223
,52 28 54.70270 N,27 58 31.34882 E,17.222
,52 29 4.40483 N,27 58 31.34836 E,17.221
,52 29 6.02483 N,27 58 30.02347 E,17.222
,52 29 7.64483 N,27 58 28.69858 E,17.222
,52 29 37.57187 N,27 58 18.09865 E,17.225
,52 30 7.49531 N,27 58 7.49153 E,17.228
,52 30 9.10813 N,27 58 7.49145 E,17.228
,52 30 10.72095 N,27 58 7.49137 E,17.228
,52 30 12.34095 N,27 58 6.16648 E,17.228
,52 30 13.96455 N,27 58 4.84159 E,17.228
,52 30 18.00741 N,27 58 4.84140 E,17.228
,52 30 22.05026 N,27 58 4.84121 E,17.228
,52 30 23.67038 N,27 58 10.14038 E,17.226
,52 30 25.29410 N,27 58 15.44315 E,17.224
,52 30 25.29415 N,27 58 18.09278 E,17.223
,52 30 25.29419 N,27 58 20.74240 E,17.222
,52 30 26.09705 N,27 58 23.39559 E,17.220
,52 30 26.89991 N,27 58 26.04518 E,17.219
,52 30 26.90001 N,27 58 31.34443 E,17.217
,52 30 26.90010 N,27 58 36.64728 E,17.215
,52 30 28.52017 N,27 58 39.30403 E,17.214
,52 30 28.52022 N,27 58 41.95365 E,17.213
,52 30 28.52026 N,27 58 44.60328 E,17.212
,52 30 30.14033 N,27 58 47.25643 E,17.211
,52 30 32.56679 N,27 58 48.58112 E,17.210
,52 30 34.98965 N,27 58 49.90582 E,17.209
,52 30 37.41255 N,27 58 53.88014 E,17.208
,52 30 39.83546 N,27 58 57.85806 E,17.206
,52 30 41.45555 N,27 59 1.83602 E,17.204
,52 30 43.07925 N,27 59 5.81398 E,17.203
,52 30 43.07929 N,27 59 8.46721 E,17.201
,52 30 43.07934 N,27 59 11.11684 E,17.200
,52 30 45.50227 N,27 59 16.41597 E,17.198
,52 30 47.92520 N,27 59 21.71870 E,17.196
,52 30 49.54532 N,27 59 27.02148 E,17.194
,52 30 51.16903 N,27 59 32.32785 E,17.191
,52 30 51.16913 N,27 59 37.62710 E,17.189
,52 30 51.16562 N,27 59 42.92635 E,17.187
,52 30 50.35566 N,27 59 45.58322 E,17.186
,52 30 49.54569 N,27 59 48.23648 E,17.185
,52 30 49.54574 N,27 59 50.88611 E,17.184
,52 30 49.54579 N,27 59 53.53573 E,17.183
,52 30 45.49594 N,28 0 5.46284 E,17.178
,52 30 41.44610 N,28 0 17.39355 E,17.174
,52 30 38.20993 N,28 0 33.29505 E,17.168
,52 30 34.97737 N,28 0 49.19656 E,17.161
,52 30 37.39331 N,28 1 6.43341 E,17.154
,52 30 39.81285 N,28 1 23.66666 E,17.147
,52 30 41.41890 N,28 1 47.52761 E,17.138
,52 30 43.02494 N,28 2 11.38856 E,17.128
,52 30 45.44441 N,28 2 24.64738 E,17.123
,52 30 47.86028 N,28 2 37.90619 E,17.117
,52 30 52.68522 N,28 3 26.96363 E,17.097
,52 30 57.50296 N,28 4 16.02467 E,17.077
,52 30 59.91879 N,28 4 26.63386 E,17.073
,52 31 2.33821 N,28 4 37.24664 E,17.069
,52 31 4.74344 N,28 4 59.78995 E,17.059
,52 31 7.14508 N,28 5 22.33325 E,17.050
,52 31 10.36743 N,28 5 39.57366 E,17.043
,52 31 13.58618 N,28 5 56.81407 E,17.036
,52 31 15.99137 N,28 6 16.71135 E,17.028
,52 31 18.39296 N,28 6 36.60863 E,17.020
,52 31 18.38590 N,28 6 44.56110 E,17.017
,52 31 18.37884 N,28 6 52.51718 E,17.014
,52 31 19.17817 N,28 6 59.14841 E,17.011
,52 31 19.97390 N,28 7 5.78323 E,17.008
,52 31 20.78396 N,28 7 8.43642 E,17.007
,52 31 21.59401 N,28 7 11.08961 E,17.006
,52 31 19.97404 N,28 7 13.73931 E,17.005
,52 31 18.35406 N,28 7 16.38541 E,17.004
,52 31 15.92403 N,28 7 16.37473 E,17.004
,52 31 13.49039 N,28 7 16.36405 E,17.004
,52 30 51.64902 N,28 7 24.24556 E,17.002
,52 30 29.80765 N,28 7 32.12708 E,17.000
,52 30 0.67980 N,28 7 41.30496 E,16.998
,52 29 31.55195 N,28 7 50.48284 E,16.996
,52 29 19.41267 N,28 7 55.73946 E,16.994
,52 29 7.27339 N,28 8 0.99609 E,16.993
,52 29 7.26628 N,28 8 6.29535 E,16.991
,52 29 7.25918 N,28 8 11.59100 E,16.989
,52 29 9.66072 N,28 8 28.82425 E,16.981
,52 29 12.06586 N,28 8 46.05390 E,16.974
,52 29 16.05180 N,28 9 24.48768 E,16.959
,52 29 20.03054 N,28 10 2.92506 E,16.943
,52 29 24.83355 N,28 10 33.41713 E,16.931
,52 29 29.63295 N,28 11 3.91280 E,16.918
,52 29 32.03094 N,28 11 23.79567 E,16.910
,52 29 34.42533 N,28 11 43.68215 E,16.902
,52 29 32.79095 N,28 11 46.32826 E,16.901
,52 29 23.08166 N,28 11 48.93154 E,16.901
,52 29 13.37237 N,28 11 51.53123 E,16.900
,52 29 7.70956 N,28 11 55.47714 E,16.899
,52 29 2.04315 N,28 11 59.42305 E,16.897
,52 28 52.33385 N,28 12 2.02274 E,16.897
,52 28 42.62456 N,28 12 4.62242 E,16.896
,52 28 36.15527 N,28 12 4.58673 E,16.897
,52 28 29.68958 N,28 12 4.55464 E,16.897
,52 28 27.25599 N,28 12 7.18998 E,16.896
,52 28 24.82600 N,28 12 9.82532 E,16.895
,52 28 24.81172 N,28 12 16.44938 E,16.892
,52 28 24.80104 N,28 12 23.07345 E,16.890
,52 28 29.60035 N,28 12 48.26267 E,16.879
,52 28 34.39967 N,28 13 13.45188 E,16.869
,52 28 38.37826 N,28 13 43.93679 E,16.857
,52 28 42.35326 N,28 14 14.42530 E,16.844
,52 28 47.10613 N,28 14 59.48671 E,16.826
,52 28 51.85900 N,28 15 44.54812 E,16.808
,52 28 54.23538 N,28 16 4.43460 E,16.800
,52 28 56.60817 N,28 16 24.32108 E,16.792
,52 29 0.58670 N,28 16 50.84235 E,16.781
,52 29 4.56162 N,28 17 17.36362 E,16.770
,52 29 4.52228 N,28 17 31.93296 E,16.764
,52 29 4.47934 N,28 17 46.50591 E,16.758
,52 29 6.04572 N,28 18 6.38523 E,16.750
,52 29 7.61209 N,28 18 26.26815 E,16.742
,52 29 10.00991 N,28 18 36.88453 E,16.738
,52 29 12.40414 N,28 18 47.50092 E,16.733
,52 29 13.18909 N,28 18 55.45336 E,16.730
,52 29 13.97044 N,28 19 3.40941 E,16.727
,52 29 13.13897 N,28 19 11.35472 E,16.724
,52 29 12.31110 N,28 19 19.30004 E,16.721
,52 29 17.89525 N,28 19 45.83563 E,16.710
,52 29 23.47580 N,28 20 12.37483 E,16.699
,52 29 19.40430 N,28 20 21.61991 E,16.695
,52 29 15.33281 N,28 20 30.86140 E,16.692
,52 29 20.15344 N,28 20 40.17086 E,16.688
,52 29 24.97408 N,28 20 49.48392 E,16.684
,52 29 44.30320 N,28 21 14.82365 E,16.673
,52 30 3.63233 N,28 21 40.17057 E,16.662
,52 30 12.46361 N,28 22 0.12515 E,16.653
,52 30 21.29489 N,28 22 20.08332 E,16.645
,52 30 27.73552 N,28 22 28.09310 E,16.641
,52 30 34.17616 N,28 22 36.10287 E,16.638
,52 30 50.30105 N,28 22 50.82984 E,16.631
,52 31 6.42234 N,28 23 5.56042 E,16.624
,52 31 9.63730 N,28 23 12.22033 E,16.622
,52 31 12.84867 N,28 23 18.88024 E,16.619
,52 31 14.42930 N,28 23 30.82509 E,16.614
,52 31 16.00994 N,28 23 42.76633 E,16.609
,52 31 15.98841 N,28 23 46.74797 E,16.608
,52 31 15.96688 N,28 23 50.72601 E,16.606
,52 31 18.37183 N,28 23 57.37876 E,16.603
,52 31 20.77318 N,28 24 4.03151 E,16.600
,52 31 29.61877 N,28 24 18.70123 E,16.594
,52 31 38.46436 N,28 24 33.37455 E,16.588
,52 32 3.38457 N,28 25 10.51133 E,16.572
,52 32 28.30479 N,28 25 47.65891 E,16.556
,52 32 32.34054 N,28 25 53.24597 E,16.553
,52 32 36.37630 N,28 25 58.82943 E,16.551
,52 32 39.60557 N,28 26 0.19369 E,16.550
,52 32 42.83124 N,28 26 1.55795 E,16.549
,52 33 1.45422 N,28 25 56.44141 E,16.551
,52 33 20.07719 N,28 25 51.32487 E,16.552
,52 33 47.56361 N,28 25 52.93637 E,16.550
,52 34 15.05004 N,28 25 54.54788 E,16.548
,52 34 22.32216 N,28 25 55.95154 E,16.547
,52 34 29.59429 N,28 25 57.35521 E,16.546
,52 34 41.72645 N,28 25 56.15222 E,16.546
,52 34 53.85860 N,28 25 54.95282 E,16.546
,52 34 58.70789 N,28 25 56.32780 E,16.545
,52 35 3.55359 N,28 25 57.70279 E,16.544
,52 35 27.00435 N,28 25 59.27848 E,16.543
,52 35 50.45511 N,28 26 0.85417 E,16.541
,52 35 55.30081 N,28 26 2.22915 E,16.540
,52 36 0.15010 N,28 26 3.60774 E,16.539
,52 36 21.98442 N,28 26 3.83709 E,16.538
,52 36 43.81873 N,28 26 4.06645 E,16.537
,52 36 53.51730 N,28 26 5.49520 E,16.536
,52 37 3.21226 N,28 26 6.92755 E,16.535
,52 37 11.30156 N,28 26 5.68155 E,16.535
,52 37 19.39085 N,28 26 4.43555 E,16.535
,52 37 25.06088 N,28 26 1.83965 E,16.536
,52 37 30.73092 N,28 25 59.24375 E,16.537
,52 37 36.39022 N,28 26 0.62949 E,16.536
,52 37 42.04953 N,28 26 2.01524 E,16.535
,52 37 46.90238 N,28 26 0.73699 E,16.535
,52 37 51.75882 N,28 25 59.46234 E,16.536
,52 38 10.35312 N,28 26 0.98427 E,16.534
,52 38 28.94741 N,28 26 2.50979 E,16.533
,52 38 37.83239 N,28 26 5.25979 E,16.531
,52 38 46.71736 N,28 26 8.01339 E,16.530
,52 38 49.94665 N,28 26 10.70606 E,16.528
,52 38 53.17235 N,28 26 13.39874 E,16.527
,52 38 57.19013 N,28 26 20.08741 E,16.524
,52 39 1.20790 N,28 26 26.77968 E,16.521
,52 39 3.60206 N,28 26 33.45403 E,16.519
,52 39 5.99981 N,28 26 40.12838 E,16.516
,52 39 8.42982 N,28 26 38.82505 E,16.516
,52 39 10.85983 N,28 26 37.51812 E,16.517
,52 39 19.80217 N,28 26 26.97679 E,16.521
,52 39 28.74091 N,28 26 16.43186 E,16.524
,52 39 30.34658 N,28 26 19.11021 E,16.523
,52 39 30.33585 N,28 26 23.09905 E,16.522
,52 39 30.32152 N,28 26 27.08788 E,16.520
,52 39 30.26776 N,28 26 40.38642 E,16.515
,52 39 30.21039 N,28 26 53.68855 E,16.509
,52 39 29.39323 N,28 26 56.33822 E,16.508
,52 39 28.57607 N,28 26 58.98788 E,16.507
,52 39 28.55814 N,28 27 2.98033 E,16.506
,52 39 28.53661 N,28 27 6.96917 E,16.504
,52 39 32.56871 N,28 27 9.66900 E,16.503
,52 39 36.59722 N,28 27 12.37243 E,16.502
,52 39 47.86562 N,28 27 25.79642 E,16.496
,52 39 59.13402 N,28 27 39.22761 E,16.490
,52 40 11.21958 N,28 27 50.00194 E,16.485
,52 40 23.30515 N,28 28 0.77987 E,16.480
,52 40 29.76729 N,28 28 3.51198 E,16.479
,52 40 36.22943 N,28 28 6.24410 E,16.477
,52 40 39.46945 N,28 28 4.94793 E,16.478
,52 40 42.70947 N,28 28 3.65536 E,16.478
,52 40 44.31515 N,28 28 6.33731 E,16.477
,52 40 45.92442 N,28 28 9.01926 E,16.476
,52 40 45.91006 N,28 28 11.67968 E,16.475
,52 40 45.89571 N,28 28 14.34011 E,16.474
,52 40 37.74548 N,28 28 30.21306 E,16.468
,52 40 29.59524 N,28 28 46.08241 E,16.462
,52 40 28.75655 N,28 28 52.72812 E,16.459
,52 40 27.92145 N,28 28 59.37022 E,16.457
,52 40 34.38357 N,28 29 0.77393 E,16.456
,52 40 40.84209 N,28 29 2.17763 E,16.455
,52 40 43.26135 N,28 29 3.53833 E,16.454
,52 40 45.67701 N,28 29 4.89542 E,16.454
,52 40 57.74838 N,28 29 27.49947 E,16.444
,52 41 9.81616 N,28 29 50.10351 E,16.434
,52 41 16.13830 N,28 30 15.62746 E,16.424
,52 41 22.45684 N,28 30 41.15141 E,16.414
,52 41 9.45371 N,28 30 55.62778 E,16.408
,52 40 56.44698 N,28 31 10.10055 E,16.403
,52 40 57.21754 N,28 31 18.09619 E,16.400
,52 40 57.98449 N,28 31 26.09183 E,16.397
,52 40 58.78015 N,28 31 28.76302 E,16.396
,52 40 59.57941 N,28 31 31.43421 E,16.395
,52 41 3.60792 N,28 31 34.14484 E,16.393
,52 41 7.64002 N,28 31 36.85907 E,16.392
,52 41 5.09883 N,28 32 2.11345 E,16.382
,52 41 2.55764 N,28 32 27.36422 E,16.372
,52 41 4.15254 N,28 32 31.37818 E,16.371
,52 41 5.74383 N,28 32 35.38855 E,16.369
,52 41 10.59670 N,28 32 35.45311 E,16.369
,52 41 15.45317 N,28 32 35.51408 E,16.368
,52 41 17.04092 N,28 32 42.18847 E,16.366
,52 41 18.62866 N,28 32 48.85926 E,16.363
,52 41 16.15559 N,28 32 58.14387 E,16.359
,52 41 13.68252 N,28 33 7.42849 E,16.356
,52 41 15.24873 N,28 33 18.09531 E,16.351
,52 41 16.81494 N,28 33 28.76215 E,16.347
,52 41 13.49958 N,28 33 44.68526 E,16.341
,52 41 10.18421 N,28 34 0.60838 E,16.335
,52 41 5.24885 N,28 34 17.84559 E,16.328
,52 41 0.30988 N,28 34 35.07920 E,16.321
,52 41 0.27760 N,28 34 41.72847 E,16.319
,52 41 0.24172 N,28 34 48.38134 E,16.316
,52 40 58.57506 N,28 34 57.67311 E,16.312
,52 40 56.90480 N,28 35 6.96848 E,16.309
,52 40 56.87609 N,28 35 12.28934 E,16.307
,52 40 56.84739 N,28 35 17.61019 E,16.305
,52 41 0.84721 N,28 35 26.98089 E,16.301
,52 41 4.84344 N,28 35 36.35159 E,16.297
,52 41 7.25192 N,28 35 39.04791 E,16.296
,52 41 9.66400 N,28 35 41.74782 E,16.294
,52 41 14.51687 N,28 35 41.81598 E,16.294
,52 41 19.37334 N,28 35 41.88415 E,16.294
,52 41 22.59901 N,28 35 43.26281 E,16.293
,52 41 25.82468 N,28 35 44.63787 E,16.293
,52 41 27.40522 N,28 35 51.31586 E,16.290
,52 41 28.98577 N,28 35 57.99385 E,16.287
,52 41 29.75632 N,28 36 5.98949 E,16.284
,52 41 30.52327 N,28 36 13.98513 E,16.281
,52 41 28.87097 N,28 36 20.61648 E,16.278
,52 41 27.21506 N,28 36 27.24423 E,16.276
,52 41 22.30478 N,28 36 37.81777 E,16.272
,52 41 17.39449 N,28 36 48.39131 E,16.268
,52 41 18.17940 N,28 36 53.72653 E,16.265
,52 41 18.96071 N,28 36 59.06534 E,16.263
,52 41 24.56618 N,28 37 9.79318 E,16.259
,52 41 30.16805 N,28 37 20.52102 E,16.254
,52 41 38.20353 N,28 37 29.95632 E,16.250
,52 41 46.23541 N,28 37 39.39523 E,16.246
,52 41 48.63672 N,28 37 43.42356 E,16.244
,52 41 51.04163 N,28 37 47.45548 E,16.243
,52 41 51.80498 N,28 37 55.45112 E,16.239
,52 41 52.56833 N,28 38 3.45037 E,16.236
,52 41 50.89450 N,28 38 14.07415 E,16.232
,52 41 49.21706 N,28 38 24.69434 E,16.228
,52 41 51.61479 N,28 38 30.05828 E,16.226
,52 41 54.00892 N,28 38 35.41862 E,16.223
,52 41 53.92638 N,28 38 50.05997 E,16.218
,52 41 53.84384 N,28 39 4.69772 E,16.212
,52 41 53.01590 N,28 39 8.67940 E,16.210
,52 41 52.18436 N,28 39 12.66468 E,16.209
,52 41 48.09124 N,28 39 20.58496 E,16.206
,52 41 43.99812 N,28 39 28.50523 E,16.203
,52 41 43.15940 N,28 39 33.81893 E,16.201
,52 41 42.32429 N,28 39 39.12902 E,16.199
,52 41 43.10917 N,28 39 43.13582 E,16.197
,52 41 43.89045 N,28 39 47.14262 E,16.195
,52 41 43.86534 N,28 39 52.46708 E,16.193
,52 41 43.83664 N,28 39 57.79153 E,16.191
,52 41 42.99792 N,28 40 3.10523 E,16.189
,52 41 42.15920 N,28 40 8.41532 E,16.187
,52 41 38.89045 N,28 40 13.68593 E,16.185
,52 41 35.62170 N,28 40 18.95294 E,16.183
,52 41 34.79015 N,28 40 22.93102 E,16.181
,52 41 33.96221 N,28 40 26.91270 E,16.180
,52 41 35.55351 N,28 40 30.93026 E,16.178
,52 41 37.14840 N,28 40 34.95143 E,16.177
,52 41 37.11250 N,28 40 40.27228 E,16.174
,52 41 37.08019 N,28 40 45.59674 E,16.172
,52 41 33.81864 N,28 40 50.86735 E,16.170
,52 41 30.55708 N,28 40 56.13796 E,16.168
,52 41 24.00165 N,28 41 10.67162 E,16.163
,52 41 17.44261 N,28 41 25.20168 E,16.157
,52 41 17.41388 N,28 41 29.19412 E,16.156
,52 41 17.38515 N,28 41 33.19016 E,16.154
,52 41 25.40626 N,28 41 43.96829 E,16.150
,52 41 33.42737 N,28 41 54.75001 E,16.145
,52 41 34.21945 N,28 41 58.75321 E,16.143
,52 41 35.00793 N,28 42 2.76001 E,16.142
,52 41 38.18692 N,28 42 10.79874 E,16.138
,52 41 41.36591 N,28 42 18.83747 E,16.135
,52 41 43.77081 N,28 42 22.86939 E,16.133
,52 41 46.17212 N,28 42 26.90492 E,16.132
,52 41 46.93905 N,28 42 33.57215 E,16.129
,52 41 47.70958 N,28 42 40.23938 E,16.126
,52 41 50.91012 N,28 42 45.61768 E,16.124
,52 41 54.11066 N,28 42 50.99958 E,16.122
,52 41 55.67683 N,28 42 59.00958 E,16.118
,52 41 57.24299 N,28 43 7.02319 E,16.115
,52 41 54.76990 N,28 43 14.96859 E,16.112
,52 41 52.29680 N,28 43 22.91399 E,16.109
,52 41 48.96701 N,28 43 37.49789 E,16.103
,52 41 45.63722 N,28 43 52.08180 E,16.098
,52 41 44.01002 N,28 43 53.38509 E,16.097
,52 41 42.38282 N,28 43 54.68478 E,16.097
,52 41 39.17153 N,28 43 51.97051 E,16.098
,52 41 35.95663 N,28 43 49.25624 E,16.099
,52 41 34.32943 N,28 43 50.55593 E,16.099
,52 41 32.70223 N,28 43 51.85562 E,16.098
,52 41 30.25067 N,28 43 55.80858 E,16.097
,52 41 27.79910 N,28 43 59.76154 E,16.095
,52 41 26.94243 N,28 44 7.73206 E,16.092
,52 41 26.08216 N,28 44 15.69898 E,16.089
,52 41 21.88133 N,28 44 39.58182 E,16.080
,52 41 17.68049 N,28 45 3.46106 E,16.071
,52 41 17.65176 N,28 45 7.45350 E,16.069
,52 41 17.62303 N,28 45 11.44595 E,16.067
,52 41 24.89516 N,28 45 12.90721 E,16.066
,52 41 32.16729 N,28 45 14.36488 E,16.066
,52 41 44.22048 N,28 45 26.55762 E,16.060
,52 41 56.27007 N,28 45 38.75396 E,16.055
,52 42 4.32346 N,28 45 42.89362 E,16.053
,52 42 12.37685 N,28 45 47.03327 E,16.051
,52 42 17.17228 N,28 45 56.43994 E,16.047
,52 42 21.96412 N,28 46 5.85020 E,16.043
,52 42 29.21470 N,28 46 9.97549 E,16.041
,52 42 36.46528 N,28 46 14.10079 E,16.039
,52 42 38.85581 N,28 46 19.46833 E,16.037
,52 42 41.24634 N,28 46 24.83947 E,16.035
,52 42 41.20683 N,28 46 30.16392 E,16.032
,52 42 41.16372 N,28 46 35.48838 E,16.030
,52 42 38.70141 N,28 46 42.10176 E,16.028
,52 42 36.23549 N,28 46 48.71515 E,16.025
,52 42 36.21393 N,28 46 51.37557 E,16.024
,52 42 36.19238 N,28 46 54.03600 E,16.023
,52 42 37.78728 N,28 46 58.06077 E,16.022
,52 42 39.37857 N,28 47 2.08553 E,16.020
,52 42 40.98782 N,28 47 3.44987 E,16.019
,52 42 42.59346 N,28 47 4.81060 E,16.019
,52 42 49.05916 N,28 47 4.93269 E,16.018
,52 42 55.52846 N,28 47 5.05118 E,16.018
,52 43 0.40286 N,28 47 1.14851 E,16.019
,52 43 5.28086 N,28 46 57.24224 E,16.021
,52 43 4.32004 N,28 47 19.86131 E,16.012
,52 43 3.35923 N,28 47 42.47678 E,16.003
,52 43 4.10101 N,28 47 51.81884 E,15.999
,52 43 4.84279 N,28 48 1.15730 E,15.995
,52 43 8.02177 N,28 48 9.20683 E,15.992
,52 43 11.20076 N,28 48 17.25636 E,15.989
,52 43 13.56974 N,28 48 25.29153 E,15.985
,52 43 15.93872 N,28 48 33.32669 E,15.982
,52 43 15.05329 N,28 48 43.96484 E,15.978
,52 43 14.16787 N,28 48 54.60659 E,15.974
,52 43 10.80933 N,28 49 11.85093 E,15.967
,52 43 7.45078 N,28 49 29.09527 E,15.960
,52 43 7.32151 N,28 49 47.73626 E,15.953
,52 43 7.19224 N,28 50 6.38086 E,15.945
,52 43 8.76556 N,28 50 11.73764 E,15.943
,52 43 10.33888 N,28 50 17.09801 E,15.941
,52 43 20.86541 N,28 50 15.97070 E,15.941
,52 43 31.38834 N,28 50 14.84698 E,15.941
,52 43 38.65327 N,28 50 16.32264 E,15.940
,52 43 45.91820 N,28 50 17.79831 E,15.939
,52 43 55.62035 N,28 50 17.98864 E,15.939
,52 44 5.32609 N,28 50 18.18258 E,15.938
,52 44 6.96047 N,28 50 15.55447 E,15.939
,52 44 8.59124 N,28 50 12.92277 E,15.940
,52 44 7.86384 N,28 50 2.24869 E,15.944
,52 44 7.13644 N,28 49 51.57462 E,15.949
,52 44 4.83570 N,28 49 34.21175 E,15.956
,52 44 2.53496 N,28 49 16.84889 E,15.963
,52 43 58.57469 N,28 49 4.78176 E,15.968
,52 43 54.61082 N,28 48 52.71463 E,15.973
,52 43 55.44238 N,28 48 50.06856 E,15.974
,52 43 56.27395 N,28 48 47.41889 E,15.975
,52 44 3.56761 N,28 48 44.89852 E,15.975
,52 44 10.85767 N,28 48 42.37454 E,15.976
,52 44 13.27332 N,28 48 43.74964 E,15.975
,52 44 15.69258 N,28 48 45.12473 E,15.975
,52 44 16.47387 N,28 48 49.13874 E,15.973
,52 44 17.25515 N,28 48 53.15274 E,15.972
,52 44 18.86440 N,28 48 54.51708 E,15.971
,52 44 20.47004 N,28 48 55.87781 E,15.970
,52 44 22.09725 N,28 48 54.57812 E,15.971
,52 44 23.72444 N,28 48 53.27483 E,15.971
,52 44 25.38038 N,28 48 47.97550 E,15.973
,52 44 27.03630 N,28 48 42.67976 E,15.975
,52 44 27.82476 N,28 48 45.36175 E,15.974
,52 44 28.61322 N,28 48 48.04374 E,15.973
,52 44 31.02171 N,28 48 50.75445 E,15.972
,52 44 33.43379 N,28 48 53.46156 E,15.971
,52 44 35.06817 N,28 48 50.82986 E,15.972
,52 44 34.35512 N,28 48 37.49176 E,15.977
,52 44 33.63847 N,28 48 24.15366 E,15.982
,52 44 33.72106 N,28 48 12.16193 E,15.987
,52 44 33.80365 N,28 48 0.17021 E,15.992
,52 44 35.43802 N,28 47 57.53490 E,15.993
,52 44 37.07240 N,28 47 54.90319 E,15.994
,52 44 38.68165 N,28 47 56.26393 E,15.993
,52 44 40.28730 N,28 47 57.62827 E,15.993
,52 44 43.91268 N,28 48 4.96497 E,15.990
,52 44 47.53806 N,28 48 12.30167 E,15.986
,52 44 48.76555 N,28 48 5.05833 E,15.989
,52 44 49.99664 N,28 47 57.81500 E,15.992
,52 44 51.62384 N,28 47 56.51531 E,15.993
,52 44 53.25104 N,28 47 55.21202 E,15.993
,52 45 6.17525 N,28 47 56.78461 E,15.992
,52 45 19.09587 N,28 47 58.36080 E,15.991
,52 45 24.76593 N,28 47 57.13652 E,15.991
,52 45 30.43959 N,28 47 55.90863 E,15.991
,52 45 29.56854 N,28 48 5.22197 E,15.987
,52 45 28.69749 N,28 48 14.53890 E,15.984
,52 45 35.96242 N,28 48 16.01097 E,15.983
,52 45 43.22735 N,28 48 17.48303 E,15.982
,52 45 49.66792 N,28 48 21.60116 E,15.980
,52 45 56.10849 N,28 48 25.72289 E,15.978
,52 46 1.76777 N,28 48 25.83422 E,15.978
,52 46 7.42345 N,28 48 25.94195 E,15.978
,52 46 9.83553 N,28 48 28.65266 E,15.976
,52 46 12.24402 N,28 48 31.36697 E,15.975
,52 46 8.08264 N,28 48 47.28653 E,15.969
,52 46 3.92126 N,28 49 3.20610 E,15.963
,52 45 50.47632 N,28 50 13.60186 E,15.936
,52 45 37.02058 N,28 51 23.98682 E,15.908
,52 45 53.11660 N,28 51 34.97696 E,15.903
,52 46 9.21263 N,28 51 45.97069 E,15.898
,52 46 15.62804 N,28 51 52.76725 E,15.895
,52 46 22.03986 N,28 51 59.56381 E,15.892
,52 46 23.64193 N,28 52 2.26376 E,15.891
,52 46 25.24040 N,28 52 4.96371 E,15.890
,52 46 24.34060 N,28 52 16.94468 E,15.885
,52 46 23.44080 N,28 52 28.92564 E,15.881
,52 46 30.68418 N,28 52 33.07614 E,15.879
,52 46 37.92755 N,28 52 37.22663 E,15.877
,52 46 37.67614 N,28 53 10.56298 E,15.863
,52 46 37.42113 N,28 53 43.89573 E,15.850
,52 46 32.53953 N,28 53 47.79121 E,15.849
,52 46 27.65793 N,28 53 51.69028 E,15.848
,52 46 27.62200 N,28 53 55.68992 E,15.846
,52 46 27.58967 N,28 53 59.68957 E,15.844
,52 46 30.01970 N,28 53 59.73985 E,15.844
,52 46 32.44974 N,28 53 59.79013 E,15.844
,52 46 36.46027 N,28 54 3.87598 E,15.842
,52 46 40.47080 N,28 54 7.96183 E,15.841
,52 46 42.85413 N,28 54 13.34737 E,15.838
,52 46 45.23746 N,28 54 18.72931 E,15.836
,52 46 47.59924 N,28 54 26.78248 E,15.833
,52 46 49.96102 N,28 54 34.83564 E,15.829
,52 46 53.18309 N,28 54 36.23950 E,15.829
,52 46 56.40156 N,28 54 37.63976 E,15.828
,52 46 57.94975 N,28 54 47.00698 E,15.824
,52 46 59.49434 N,28 54 56.37780 E,15.821
,52 47 6.75209 N,28 54 59.20348 E,15.819
,52 47 14.00985 N,28 55 2.02916 E,15.818
,52 47 34.85813 N,28 55 23.82277 E,15.808
,52 47 55.70282 N,28 55 45.61999 E,15.799
,52 47 54.06844 N,28 55 48.25169 E,15.798
,52 47 52.43407 N,28 55 50.88700 E,15.797
,52 47 52.40891 N,28 55 53.55463 E,15.796
,52 47 52.38016 N,28 55 56.22226 E,15.795
,52 47 54.76349 N,28 56 1.61140 E,15.792
,52 47 57.14682 N,28 56 7.00414 E,15.790
,52 48 8.36122 N,28 56 20.59373 E,15.784
,52 48 19.57203 N,28 56 34.18693 E,15.778
,52 48 38.01543 N,28 56 53.28063 E,15.770
,52 48 56.45884 N,28 57 12.37794 E,15.762
,52 49 4.51940 N,28 57 15.23238 E,15.760
,52 49 12.58357 N,28 57 18.08321 E,15.759
,52 49 26.21361 N,28 57 31.73749 E,15.753
,52 49 39.84365 N,28 57 45.39538 E,15.747
,52 49 49.43803 N,28 57 58.96705 E,15.741
,52 49 59.02881 N,28 58 12.53872 E,15.735
,52 50 14.24654 N,28 58 30.24297 E,15.728
,52 50 29.46068 N,28 58 47.95441 E,15.720
,52 50 32.66837 N,28 58 50.70108 E,15.719
,52 50 35.87607 N,28 58 53.44776 E,15.718
,52 50 41.54255 N,28 58 53.57708 E,15.718
,52 50 47.20544 N,28 58 53.70641 E,15.717
,52 50 49.67138 N,28 58 48.42504 E,15.719
,52 50 52.13372 N,28 58 43.14006 E,15.721
,52 50 55.38094 N,28 58 41.87989 E,15.722
,52 50 58.63177 N,28 58 40.61972 E,15.722
,52 51 9.97549 N,28 58 38.21075 E,15.722
,52 51 21.31921 N,28 58 35.79817 E,15.723
,52 51 29.39415 N,28 58 37.32060 E,15.722
,52 51 37.46910 N,28 58 38.84662 E,15.721
,52 51 44.76276 N,28 58 36.34424 E,15.722
,52 51 52.05282 N,28 58 33.83826 E,15.722
,52 51 55.28927 N,28 58 33.91011 E,15.722
,52 51 58.52211 N,28 58 33.98195 E,15.722
,52 52 0.10981 N,28 58 38.02831 E,15.720
,52 52 1.69390 N,28 58 42.07828 E,15.719
,52 52 2.43566 N,28 58 50.11353 E,15.716
,52 52 3.17741 N,28 58 58.14877 E,15.712
,52 52 2.09436 N,28 59 30.19275 E,15.700
,52 52 1.00772 N,29 0 2.24033 E,15.687
,52 52 3.91363 N,29 0 39.72378 E,15.672
,52 52 6.81953 N,29 1 17.20722 E,15.657
,52 52 11.38857 N,29 1 49.39133 E,15.644
,52 52 15.95401 N,29 2 21.57544 E,15.631
,52 52 18.85989 N,29 2 57.73047 E,15.617
,52 52 21.76218 N,29 3 33.88551 E,15.603
,52 52 23.42925 N,29 3 47.77437 E,15.597
,52 52 25.09632 N,29 4 1.65963 E,15.592
,52 52 27.13794 N,29 4 23.95096 E,15.583
,52 52 29.17957 N,29 4 46.24229 E,15.574
,52 52 34.47594 N,29 5 25.13684 E,15.558
,52 52 39.76871 N,29 6 4.03498 E,15.543
,52 52 34.90866 N,29 6 5.24483 E,15.542
,52 52 30.04861 N,29 6 6.45828 E,15.542
,52 52 23.51823 N,29 6 12.96746 E,15.540
,52 52 16.98785 N,29 6 19.47665 E,15.537
,52 52 28.20221 N,29 6 30.46342 E,15.533
,52 52 39.41296 N,29 6 41.45019 E,15.528
,52 52 43.18272 N,29 7 9.62030 E,15.517
,52 52 46.95247 N,29 7 37.79040 E,15.505
,52 52 56.66900 N,29 7 36.71352 E,15.505
,52 53 6.38552 N,29 7 35.63304 E,15.505
,52 53 10.43915 N,29 7 34.40523 E,15.506
,52 53 14.48919 N,29 7 33.17382 E,15.506
,52 53 17.81907 N,29 7 23.90356 E,15.510
,52 53 21.14896 N,29 7 14.63330 E,15.513
,52 53 23.58617 N,29 7 13.35877 E,15.513
,52 53 26.02338 N,29 7 12.08784 E,15.514
,52 53 32.48548 N,29 7 12.25673 E,15.514
,52 53 38.94758 N,29 7 12.42922 E,15.513
,52 53 40.55322 N,29 7 13.81155 E,15.513
,52 53 42.15887 N,29 7 15.19029 E,15.512
,52 53 42.90060 N,29 7 21.89352 E,15.509
,52 53 43.64233 N,29 7 28.60036 E,15.507
,52 53 46.06159 N,29 7 30.00065 E,15.506
,52 53 48.47725 N,29 7 31.40095 E,15.505
,52 53 54.94655 N,29 7 31.57344 E,15.505
,52 54 1.41584 N,29 7 31.74232 E,15.505
,52 54 3.05742 N,29 7 29.11422 E,15.506
,52 54 4.69540 N,29 7 26.48251 E,15.507
,52 54 7.19729 N,29 7 18.52631 E,15.510
,52 54 9.69559 N,29 7 10.56650 E,15.513
,52 54 22.65933 N,29 7 8.23665 E,15.513
,52 54 35.62308 N,29 7 5.90319 E,15.514
,52 54 36.39356 N,29 7 9.93880 E,15.512
,52 54 37.16045 N,29 7 13.97080 E,15.510
,52 54 38.75172 N,29 7 16.68875 E,15.509
,52 54 40.34659 N,29 7 19.40310 E,15.508
,52 54 46.00587 N,29 7 19.55403 E,15.508
,52 54 51.66516 N,29 7 19.70496 E,15.508
,52 54 51.72624 N,29 7 13.01608 E,15.510
,52 54 51.78732 N,29 7 6.32721 E,15.513
,52 54 52.64046 N,29 7 2.33833 E,15.514
,52 54 53.49000 N,29 6 58.34945 E,15.516
,52 54 57.50051 N,29 7 1.13208 E,15.515
,52 55 1.51102 N,29 7 3.91111 E,15.513
,52 55 27.94666 N,29 7 30.03170 E,15.502
,52 55 54.38231 N,29 7 56.16308 E,15.491
,52 55 56.79437 N,29 7 57.56698 E,15.490
,52 55 59.20283 N,29 7 58.97088 E,15.489
,52 56 2.45005 N,29 7 57.71791 E,15.490
,52 56 5.70088 N,29 7 56.46133 E,15.490
,52 56 12.04439 N,29 8 8.67955 E,15.485
,52 56 18.38790 N,29 8 20.89417 E,15.480
,52 56 32.03229 N,29 8 31.97082 E,15.475
,52 56 45.67669 N,29 8 43.05107 E,15.470
,52 56 56.79401 N,29 9 3.43394 E,15.462
,52 57 7.91133 N,29 9 23.81681 E,15.453
,52 57 11.10465 N,29 9 27.92070 E,15.452
,52 57 14.29797 N,29 9 32.02819 E,15.450
,52 57 26.36905 N,29 9 37.71565 E,15.447
,52 57 38.44012 N,29 9 43.40673 E,15.445
,52 57 52.88373 N,29 9 54.51574 E,15.440
,52 58 7.32374 N,29 10 5.62475 E,15.435
,52 58 9.61721 N,29 10 19.08158 E,15.429
,52 58 11.91068 N,29 10 32.54200 E,15.424
,52 58 15.02134 N,29 10 44.68478 E,15.419
,52 58 18.13200 N,29 10 56.82755 E,15.414
,52 58 22.89862 N,29 11 4.99581 E,15.411
,52 58 27.66163 N,29 11 13.16766 E,15.407
,52 58 38.86879 N,29 11 24.20123 E,15.403
,52 58 50.07595 N,29 11 35.23479 E,15.398
,52 58 53.16145 N,29 11 50.05960 E,15.392
,52 58 56.24336 N,29 12 4.88440 E,15.386
,52 59 0.14966 N,29 12 18.39515 E,15.380
,52 59 4.05596 N,29 12 31.90590 E,15.375
,52 59 4.02360 N,29 12 34.58433 E,15.374
,52 59 3.98765 N,29 12 37.26276 E,15.373
,52 59 0.77638 N,29 12 35.83010 E,15.373
,52 58 57.56151 N,29 12 34.39745 E,15.374
,52 58 52.81645 N,29 12 23.54716 E,15.379
,52 58 48.07138 N,29 12 12.69328 E,15.383
,52 58 44.08963 N,29 12 7.22142 E,15.385
,52 58 40.10427 N,29 12 1.74956 E,15.388
,52 58 37.68144 N,29 12 1.68128 E,15.388
,52 58 35.25860 N,29 12 1.61299 E,15.388
,52 58 34.41984 N,29 12 4.26626 E,15.387
,52 58 33.58107 N,29 12 6.91953 E,15.386
,52 58 32.64887 N,29 12 18.95090 E,15.381
,52 58 31.71667 N,29 12 30.97867 E,15.376
,52 58 26.68411 N,29 12 48.24830 E,15.370
,52 58 21.64794 N,29 13 5.51792 E,15.363
,52 58 20.00996 N,29 13 8.15323 E,15.362
,52 58 18.36839 N,29 13 10.78494 E,15.361
,52 58 13.50114 N,29 13 11.98399 E,15.361
,52 58 8.63029 N,29 13 13.18304 E,15.361
,52 58 7.79512 N,29 13 15.83631 E,15.360
,52 58 6.95636 N,29 13 18.48957 E,15.359
,52 58 7.52557 N,29 13 41.27419 E,15.350
,52 58 8.09478 N,29 14 4.06240 E,15.341
,52 58 9.65370 N,29 14 9.46598 E,15.338
,52 58 11.21262 N,29 14 14.87316 E,15.336
,52 58 8.77541 N,29 14 16.14049 E,15.336
,52 58 6.33820 N,29 14 17.40422 E,15.335
,52 58 2.29174 N,29 14 17.28922 E,15.336
,52 57 58.24888 N,29 14 17.17421 E,15.336
,52 57 57.41371 N,29 14 19.82748 E,15.335
,52 57 56.57495 N,29 14 22.48075 E,15.334
,52 57 58.91512 N,29 14 30.58072 E,15.331
,52 58 1.25530 N,29 14 38.68429 E,15.327
,52 58 3.53797 N,29 14 52.14472 E,15.322
,52 58 5.81705 N,29 15 5.60875 E,15.317
,52 58 5.71641 N,29 15 14.98325 E,15.313
,52 58 5.61218 N,29 15 24.35415 E,15.309
,52 58 4.77341 N,29 15 27.00742 E,15.308
,52 58 3.93465 N,29 15 29.66429 E,15.307
,52 57 59.89539 N,29 15 29.54209 E,15.307
,52 57 55.85972 N,29 15 29.42348 E,15.307
,52 57 53.41531 N,29 15 30.68722 E,15.307
,52 57 50.97090 N,29 15 31.95455 E,15.307
,52 57 31.22517 N,29 16 3.50624 E,15.295
,52 57 11.47585 N,29 16 35.04713 E,15.283
,52 57 10.64068 N,29 16 37.70400 E,15.282
,52 57 9.80192 N,29 16 40.35727 E,15.281
,52 57 8.58217 N,29 17 17.80852 E,15.267
,52 57 7.35881 N,29 17 55.25617 E,15.252
,52 57 6.44457 N,29 18 4.60192 E,15.248
,52 57 5.53032 N,29 18 13.94766 E,15.245
,52 57 5.04867 N,29 18 56.77733 E,15.228
,52 57 4.55983 N,29 19 39.60700 E,15.211
,52 57 1.79191 N,29 20 8.97625 E,15.199
,52 56 59.02399 N,29 20 38.34549 E,15.188
,52 56 56.52567 N,29 20 44.95528 E,15.185
,52 56 54.02735 N,29 20 51.56867 E,15.183
,52 56 49.13135 N,29 20 55.43175 E,15.181
,52 56 44.23535 N,29 20 59.29483 E,15.180
,52 56 41.76578 N,29 21 3.22979 E,15.179
,52 56 39.29262 N,29 21 7.16475 E,15.177
,52 56 38.40712 N,29 21 13.83207 E,15.175
,52 56 37.52163 N,29 21 20.49938 E,15.172
,52 56 38.90080 N,29 21 40.61993 E,15.164
,52 56 40.27998 N,29 22 0.74407 E,15.156
,52 56 39.39449 N,29 22 7.40778 E,15.153
,52 56 38.50899 N,29 22 14.07150 E,15.151
,52 56 36.86022 N,29 22 16.69600 E,15.150
,52 56 35.21504 N,29 22 19.32411 E,15.149
,52 56 27.95731 N,29 22 17.74765 E,15.150
,52 56 20.69597 N,29 22 16.17119 E,15.151
,52 56 17.44155 N,29 22 17.40616 E,15.150
,52 56 14.18712 N,29 22 18.63753 E,15.150
,52 56 14.11164 N,29 22 25.33000 E,15.147
,52 56 14.03616 N,29 22 32.02248 E,15.145
,52 56 14.81382 N,29 22 34.72247 E,15.144
,52 56 15.58788 N,29 22 37.42606 E,15.143
,52 56 23.67000 N,29 22 37.68487 E,15.142
,52 56 31.75212 N,29 22 37.94368 E,15.142
,52 56 42.94488 N,29 22 49.02045 E,15.137
,52 56 54.13764 N,29 23 0.09722 E,15.132
,52 56 54.89372 N,29 23 4.13643 E,15.131
,52 56 55.64980 N,29 23 8.17923 E,15.129
,52 56 55.54197 N,29 23 17.54293 E,15.125
,52 56 55.43053 N,29 23 26.91024 E,15.122
,52 56 54.47673 N,29 23 38.93081 E,15.117
,52 56 53.52293 N,29 23 50.95139 E,15.112
,52 56 52.67339 N,29 23 54.93667 E,15.111
,52 56 51.82025 N,29 23 58.92195 E,15.109
,52 56 41.32967 N,29 23 57.23765 E,15.110
,52 56 30.83548 N,29 23 55.55694 E,15.111
,52 56 28.42702 N,29 23 54.14224 E,15.112
,52 56 26.01496 N,29 23 52.72394 E,15.112
,52 56 22.82884 N,29 23 48.60205 E,15.114
,52 56 19.64272 N,29 23 44.48377 E,15.116
,52 56 16.37392 N,29 23 47.05075 E,15.115
,52 56 13.10512 N,29 23 49.62134 E,15.114
,52 56 10.63195 N,29 23 53.55270 E,15.113
,52 56 8.16239 N,29 23 57.48766 E,15.111
,52 56 7.25532 N,29 24 5.48699 E,15.108
,52 56 6.34825 N,29 24 13.48632 E,15.105
,52 56 6.15773 N,29 24 29.53890 E,15.099
,52 56 5.96361 N,29 24 45.59508 E,15.092
,52 56 5.10687 N,29 24 49.58036 E,15.091
,52 56 4.24653 N,29 24 53.56924 E,15.089
,52 55 49.51897 N,29 25 7.79731 E,15.084
,52 55 34.79141 N,29 25 22.02538 E,15.079
,52 55 34.74468 N,29 25 26.03942 E,15.078
,52 55 34.69435 N,29 25 30.04987 E,15.076
,52 55 37.66837 N,29 25 51.55995 E,15.067
,52 55 40.64240 N,29 26 13.07003 E,15.059
,52 55 47.66646 N,29 26 33.38110 E,15.051
,52 55 54.69052 N,29 26 53.69218 E,15.042
,52 55 57.75441 N,29 27 7.18137 E,15.037
,52 56 0.81829 N,29 27 20.67056 E,15.032
,52 56 8.58406 N,29 27 46.36726 E,15.021
,52 56 16.34983 N,29 28 12.06395 E,15.011
,52 56 26.63909 N,29 28 29.81884 E,15.003
,52 56 36.92476 N,29 28 47.57733 E,14.996
,52 56 48.68663 N,29 29 16.09986 E,14.984
,52 57 0.44851 N,29 29 44.62959 E,14.973
,52 57 11.52621 N,29 30 3.76325 E,14.965
,52 57 22.60031 N,29 30 22.89691 E,14.957
,52 57 23.32404 N,29 30 29.62175 E,14.954
,52 57 24.04417 N,29 30 36.34299 E,14.952
,52 57 25.57792 N,29 30 43.08938 E,14.949
,52 57 27.10806 N,29 30 49.83938 E,14.946
,52 57 30.30495 N,29 30 52.62926 E,14.945
,52 57 33.50545 N,29 30 55.42273 E,14.944
,52 57 41.55522 N,29 30 58.38877 E,14.942
,52 57 49.60139 N,29 31 1.35481 E,14.941
,52 57 52.80188 N,29 31 4.14828 E,14.940
,52 57 56.00238 N,29 31 6.94536 E,14.938
,52 57 56.75846 N,29 31 10.98816 E,14.937
,52 57 57.51095 N,29 31 15.03097 E,14.935
,52 57 55.84059 N,29 31 18.99109 E,14.934
,52 57 54.17384 N,29 31 22.95122 E,14.932
,52 57 52.41720 N,29 31 33.60021 E,14.928
,52 57 50.66056 N,29 31 44.24921 E,14.924
,52 57 54.04910 N,29 32 33.92238 E,14.904
,52 57 57.43043 N,29 33 23.59914 E,14.885
,52 57 56.53413 N,29 33 30.26645 E,14.882
,52 57 55.63424 N,29 33 36.93017 E,14.879
,52 57 53.96748 N,29 33 40.89029 E,14.878
,52 57 52.29713 N,29 33 44.84682 E,14.876
,52 57 43.23961 N,29 33 56.56538 E,14.872
,52 57 34.18208 N,29 34 8.28395 E,14.868
,52 57 33.30376 N,29 34 13.60845 E,14.866
,52 57 32.42545 N,29 34 18.93295 E,14.864
,52 57 32.35714 N,29 34 24.28621 E,14.862
,52 57 32.28883 N,29 34 29.63947 E,14.860
,52 57 35.22686 N,29 34 51.17475 E,14.851
,52 57 38.16488 N,29 35 12.71364 E,14.842
,52 57 49.12033 N,29 35 39.90420 E,14.831
,52 58 0.07217 N,29 36 7.09835 E,14.820
,52 57 59.99666 N,29 36 12.45522 E,14.818
,52 57 59.92116 N,29 36 17.81208 E,14.816
,52 57 54.02457 N,29 36 34.99895 E,14.809
,52 57 48.12439 N,29 36 52.18582 E,14.803
,52 57 44.69380 N,29 37 6.78414 E,14.797
,52 57 41.25961 N,29 37 21.38246 E,14.792
,52 57 41.16253 N,29 37 28.07854 E,14.789
,52 57 41.06545 N,29 37 34.77461 E,14.786
,52 57 42.64592 N,29 37 37.51057 E,14.785
,52 57 44.22639 N,29 37 40.24292 E,14.784
,52 57 46.55574 N,29 37 47.03248 E,14.781
,52 57 48.88150 N,29 37 53.81844 E,14.779
,52 57 28.97744 N,29 38 29.21139 E,14.765
,52 57 9.06977 N,29 39 4.59353 E,14.752
,52 57 8.22741 N,29 39 7.23960 E,14.751
,52 57 7.38144 N,29 39 9.88207 E,14.750
,52 57 8.96191 N,29 39 12.62162 E,14.749
,52 57 10.53879 N,29 39 15.36118 E,14.748
,52 57 17.79652 N,29 39 16.98084 E,14.747
,52 57 25.05426 N,29 39 18.60411 E,14.746
,52 57 26.64910 N,29 39 20.00444 E,14.746
,52 57 28.24035 N,29 39 21.40478 E,14.745
,52 57 26.49809 N,29 39 30.71096 E,14.741
,52 57 24.75223 N,29 39 40.02075 E,14.738
,52 57 20.61229 N,29 39 46.55502 E,14.735
,52 57 16.47234 N,29 39 53.08569 E,14.733
,52 57 13.22512 N,29 39 54.29906 E,14.733
,52 57 9.97789 N,29 39 55.50883 E,14.732
,52 57 5.04591 N,29 40 0.67153 E,14.730
,52 57 0.11753 N,29 40 5.83062 E,14.728
,52 56 57.59761 N,29 40 12.42602 E,14.726
,52 56 55.07769 N,29 40 19.02141 E,14.723
,52 56 51.54282 N,29 40 40.30501 E,14.715
,52 56 48.00434 N,29 41 1.58861 E,14.707
,52 56 46.92106 N,29 41 20.28366 E,14.700
,52 56 45.83777 N,29 41 38.98232 E,14.692
,52 56 54.72991 N,29 41 39.33469 E,14.692
,52 57 3.62205 N,29 41 39.69066 E,14.691
,52 57 7.62535 N,29 41 42.52730 E,14.690
,52 57 11.62866 N,29 41 45.36753 E,14.689
,52 57 14.77881 N,29 41 50.84664 E,14.687
,52 57 17.92895 N,29 41 56.32574 E,14.684
,52 57 18.66706 N,29 42 1.71136 E,14.682
,52 57 19.40156 N,29 42 7.10059 E,14.680
,52 57 17.60895 N,29 42 19.07800 E,14.675
,52 57 15.81634 N,29 42 31.05902 E,14.671
,52 57 15.64015 N,29 42 43.10116 E,14.666
,52 57 15.46036 N,29 42 55.14329 E,14.661
,52 57 20.80322 N,29 43 16.78287 E,14.653
,52 57 26.14608 N,29 43 38.42604 E,14.644
,52 57 27.74093 N,29 43 39.82998 E,14.643
,52 57 29.33218 N,29 43 41.23391 E,14.643
,52 57 43.27135 N,29 43 28.40630 E,14.647
,52 57 57.21053 N,29 43 15.57868 E,14.652
,52 58 2.09936 N,29 43 13.09802 E,14.653
,52 58 6.98818 N,29 43 10.61375 E,14.654
,52 58 29.16147 N,29 43 42.32182 E,14.640
,52 58 51.33115 N,29 44 14.03708 E,14.627
,52 58 52.94758 N,29 44 14.10180 E,14.627
,52 58 54.56040 N,29 44 14.16652 E,14.627
,52 59 7.82620 N,29 43 51.92844 E,14.635
,52 59 21.09200 N,29 43 29.68675 E,14.644
,52 59 20.34312 N,29 43 25.64034 E,14.645
,52 59 19.59424 N,29 43 21.59034 E,14.647
,52 59 14.09316 N,29 43 10.65009 E,14.651
,52 59 8.59209 N,29 42 59.70624 E,14.656
,52 59 20.40327 N,29 42 26.67891 E,14.668
,52 59 32.21446 N,29 41 53.64798 E,14.681
,52 59 43.24079 N,29 41 17.90265 E,14.695
,52 59 54.26711 N,29 40 42.15373 E,14.708
,53 0 0.05584 N,29 40 32.99855 E,14.712
,53 0 5.84456 N,29 40 23.83977 E,14.715
,53 0 10.75136 N,29 40 20.01269 E,14.717
,53 0 15.66176 N,29 40 16.18561 E,14.718
,53 0 25.39986 N,29 40 13.88831 E,14.718
,53 0 35.13797 N,29 40 11.58741 E,14.719
,53 0 38.40677 N,29 40 9.03122 E,14.720
,53 0 41.67197 N,29 40 6.47864 E,14.721
,53 0 43.34592 N,29 40 2.52211 E,14.722
,53 0 45.02348 N,29 39 58.56919 E,14.724
,53 0 50.68277 N,29 39 58.79212 E,14.724
,53 0 56.34205 N,29 39 59.01504 E,14.723
,53 1 3.63574 N,29 39 57.96348 E,14.723
,53 1 10.92583 N,29 39 56.90831 E,14.724
,53 1 15.00464 N,29 39 54.38448 E,14.724
,53 1 19.08346 N,29 39 51.85706 E,14.725
,53 1 20.77899 N,29 39 46.56132 E,14.727
,53 1 22.47452 N,29 39 41.26198 E,14.729
,53 1 25.08432 N,29 39 27.95251 E,14.735
,53 1 27.69052 N,29 39 14.64304 E,14.740
,53 1 30.99888 N,29 39 9.40842 E,14.742
,53 1 34.31083 N,29 39 4.17020 E,14.744
,53 1 45.51075 N,29 39 12.65494 E,14.740
,53 1 56.71066 N,29 39 21.14329 E,14.736
,53 1 58.21563 N,29 39 29.25050 E,14.733
,53 1 59.71699 N,29 39 37.35412 E,14.730
,53 2 1.29746 N,29 39 40.10087 E,14.729
,53 2 2.87793 N,29 39 42.84762 E,14.727
,53 2 10.90613 N,29 39 47.18167 E,14.725
,53 2 18.93072 N,29 39 51.51933 E,14.724
,53 2 22.89448 N,29 39 57.04159 E,14.721
,53 2 26.85463 N,29 40 2.56746 E,14.719
,53 2 30.68895 N,29 40 17.47863 E,14.713
,53 2 34.51967 N,29 40 32.38980 E,14.707
,53 2 36.75195 N,29 40 45.89344 E,14.702
,53 2 38.98422 N,29 40 59.39348 E,14.696
,53 2 40.59704 N,29 40 59.45820 E,14.696
,53 2 42.20987 N,29 40 59.52292 E,14.696
,53 2 49.59704 N,29 40 51.76447 E,14.699
,53 2 56.98781 N,29 40 44.00603 E,14.702
,53 2 59.43222 N,29 40 42.76030 E,14.702
,53 3 1.87664 N,29 40 41.51817 E,14.703
,53 3 8.99783 N,29 40 58.04559 E,14.696
,53 3 16.11903 N,29 41 14.57662 E,14.689
,53 3 21.56248 N,29 41 24.04446 E,14.685
,53 3 27.00593 N,29 41 33.51229 E,14.681
,53 3 28.62235 N,29 41 33.57702 E,14.681
,53 3 30.23518 N,29 41 33.64174 E,14.681
,53 3 35.18153 N,29 41 27.12902 E,14.684
,53 3 40.12429 N,29 41 20.61631 E,14.686
,53 3 58.94509 N,29 41 5.25403 E,14.691
,53 4 17.76589 N,29 40 49.89174 E,14.697
,53 4 17.85937 N,29 40 43.18126 E,14.699
,53 4 17.95645 N,29 40 36.47439 E,14.702
,53 4 14.12573 N,29 40 21.55241 E,14.708
,53 4 10.29141 N,29 40 6.63404 E,14.714
,53 4 5.65788 N,29 39 51.68331 E,14.720
,53 4 1.02075 N,29 39 36.73618 E,14.726
,53 4 0.40490 N,29 39 23.29006 E,14.731
,53 3 59.78545 N,29 39 9.84035 E,14.737
,53 4 12.02190 N,29 39 2.26167 E,14.739
,53 4 24.25834 N,29 38 54.67939 E,14.742
,53 4 32.46990 N,29 38 45.60329 E,14.745
,53 4 40.68145 N,29 38 36.52359 E,14.748
,53 4 45.72129 N,29 38 23.28600 E,14.753
,53 4 50.76113 N,29 38 10.05201 E,14.758
,53 4 58.09437 N,29 38 6.30401 E,14.760
,53 5 5.42761 N,29 38 2.55961 E,14.761
,53 5 20.93286 N,29 37 52.41394 E,14.764
,53 5 36.43810 N,29 37 42.26827 E,14.768
,53 5 38.01857 N,29 37 45.01502 E,14.767
,53 5 45.66204 N,29 38 16.20898 E,14.754
,53 5 53.30191 N,29 38 47.40294 E,14.742
,53 6 2.21562 N,29 38 46.40890 E,14.742
,53 6 11.12933 N,29 38 45.41125 E,14.742
,53 6 12.70980 N,29 38 48.15800 E,14.741
,53 6 15.73051 N,29 39 3.05481 E,14.735
,53 6 18.75122 N,29 39 17.95162 E,14.729
,53 6 26.81177 N,29 39 19.61444 E,14.728
,53 6 34.87591 N,29 39 21.27367 E,14.727
,53 6 41.36319 N,29 39 20.18254 E,14.727
,53 6 47.85046 N,29 39 19.09141 E,14.728
,53 6 53.58526 N,29 39 13.93947 E,14.729
,53 6 59.32005 N,29 39 8.79113 E,14.731
,53 7 5.97271 N,29 38 55.61106 E,14.736
,53 7 12.62537 N,29 38 42.42740 E,14.741
,53 7 16.72576 N,29 38 38.55355 E,14.742
,53 7 20.82615 N,29 38 34.68331 E,14.744
,53 7 24.07338 N,29 38 33.46274 E,14.744
,53 7 27.32061 N,29 38 32.24576 E,14.745
,53 7 28.91906 N,29 38 33.65330 E,14.744
,53 7 30.52110 N,29 38 35.06084 E,14.743
,53 7 32.82888 N,29 38 43.21481 E,14.740
,53 7 35.13306 N,29 38 51.36519 E,14.737
,53 7 41.65629 N,29 38 47.58843 E,14.738
,53 7 48.17952 N,29 38 43.80806 E,14.739
,53 7 50.60235 N,29 38 43.90155 E,14.739
,53 7 53.02879 N,29 38 43.99863 E,14.739
,53 7 51.91676 N,29 39 5.46571 E,14.731
,53 7 50.80472 N,29 39 26.93640 E,14.722
,53 7 52.38519 N,29 39 29.68675 E,14.721
,53 8 2.89015 N,29 39 30.09664 E,14.721
,53 8 13.39511 N,29 39 30.51013 E,14.720
,53 8 15.74605 N,29 39 35.97847 E,14.718
,53 8 18.09338 N,29 39 41.45041 E,14.716
,53 8 28.06620 N,29 40 19.49873 E,14.701
,53 8 38.03542 N,29 40 57.55065 E,14.685
,53 8 42.69053 N,29 41 11.18377 E,14.680
,53 8 47.34564 N,29 41 24.81689 E,14.674
,53 8 52.19132 N,29 41 25.01105 E,14.674
,53 8 57.04059 N,29 41 25.20881 E,14.674
,53 9 0.14040 N,29 41 34.74516 E,14.670
,53 9 3.23662 N,29 41 44.28151 E,14.666
,53 9 3.19347 N,29 41 46.97075 E,14.665
,53 9 3.15391 N,29 41 49.65998 E,14.664
,53 8 59.89949 N,29 41 50.87695 E,14.664
,53 8 56.64506 N,29 41 52.09032 E,14.664
,53 8 42.06129 N,29 41 54.19706 E,14.663
,53 8 27.47391 N,29 41 56.30020 E,14.663
,53 8 23.37352 N,29 42 0.17045 E,14.661
,53 8 19.27673 N,29 42 4.04069 E,14.660
,53 8 14.21531 N,29 42 18.62469 E,14.654
,53 8 9.15390 N,29 42 33.20870 E,14.649
,53 8 0.96749 N,29 42 39.60277 E,14.647
,53 7 52.78469 N,29 42 45.99684 E,14.644
,53 7 44.58751 N,29 42 53.73013 E,14.642
,53 7 36.39032 N,29 43 1.45982 E,14.639
,53 7 32.22880 N,29 43 9.35850 E,14.636
,53 7 28.06728 N,29 43 17.25359 E,14.633
,53 7 25.52579 N,29 43 25.21341 E,14.630
,53 7 22.98429 N,29 43 33.17682 E,14.627
,53 7 23.75475 N,29 43 35.89481 E,14.626
,53 7 24.52521 N,29 43 38.61640 E,14.625
,53 7 30.04066 N,29 43 48.25343 E,14.621
,53 7 35.55251 N,29 43 57.89046 E,14.617
,53 7 37.96458 N,29 43 59.33396 E,14.616
,53 7 40.37304 N,29 44 0.77386 E,14.616
,53 7 47.95535 N,29 44 34.69665 E,14.602
,53 7 55.53406 N,29 45 8.61945 E,14.589
,53 7 53.16533 N,29 45 14.41923 E,14.586
,53 7 50.79660 N,29 45 20.21900 E,14.584
,53 7 52.40954 N,29 45 26.67020 E,14.582
,53 7 54.02608 N,29 45 33.12139 E,14.579
,53 8 0.85929 N,29 45 50.73244 E,14.572
,53 8 7.68890 N,29 46 8.34350 E,14.565
,53 8 11.88684 N,29 46 23.66866 E,14.559
,53 8 16.08117 N,29 46 38.99741 E,14.553
,53 8 18.01802 N,29 46 40.47334 E,14.552
,53 8 18.99362 N,29 46 39.53008 E,14.552
,53 8 20.53066 N,29 46 29.05029 E,14.556
,53 8 22.06769 N,29 46 18.56690 E,14.560
,53 8 24.45803 N,29 46 13.05872 E,14.562
,53 8 26.84837 N,29 46 7.54695 E,14.565
,53 8 25.95537 N,29 45 57.06008 E,14.569
,53 8 25.06237 N,29 45 46.56961 E,14.573
,53 8 25.70675 N,29 45 44.83796 E,14.573
,53 8 35.50598 N,29 45 38.52301 E,14.576
,53 8 45.30521 N,29 45 32.20446 E,14.578
,53 8 50.17246 N,29 45 31.06300 E,14.578
,53 8 55.03971 N,29 45 29.91795 E,14.578
,53 8 56.66333 N,29 45 29.98627 E,14.578
,53 8 58.28336 N,29 45 30.05459 E,14.578
,53 8 59.86023 N,29 45 32.80855 E,14.577
,53 8 59.73797 N,29 45 40.87264 E,14.574
,53 8 59.61572 N,29 45 48.93673 E,14.571
,53 9 1.16741 N,29 45 53.04070 E,14.569
,53 9 2.71911 N,29 45 57.14107 E,14.567
,53 9 17.85400 N,29 46 12.56649 E,14.561
,53 9 32.98530 N,29 46 27.99911 E,14.555
,53 9 40.56000 N,29 46 38.61886 E,14.550
,53 9 48.13470 N,29 46 49.23860 E,14.546
,53 9 52.59868 N,29 46 44.50793 E,14.547
,53 9 57.06266 N,29 46 39.78086 E,14.549
,53 9 52.33924 N,29 46 31.50820 E,14.553
,53 9 47.61223 N,29 46 23.23554 E,14.556
,53 9 44.48006 N,29 46 16.37402 E,14.559
,53 9 41.35149 N,29 46 9.51610 E,14.561
,53 9 51.12914 N,29 46 4.54397 E,14.563
,53 10 0.90680 N,29 45 59.57183 E,14.565
,53 10 11.47289 N,29 45 55.97847 E,14.566
,53 10 22.03898 N,29 45 52.38151 E,14.567
,53 10 24.27843 N,29 46 4.58554 E,14.562
,53 10 26.51788 N,29 46 16.78956 E,14.557
,53 10 33.61380 N,29 46 29.19854 E,14.552
,53 10 40.70613 N,29 46 41.61113 E,14.547
,53 10 43.10739 N,29 46 43.06182 E,14.546
,53 10 45.51225 N,29 46 44.50892 E,14.546
,53 10 51.17058 N,29 45 50.90766 E,14.567
,53 10 56.82531 N,29 44 57.30280 E,14.587
,53 11 6.50948 N,29 44 59.05195 E,14.586
,53 11 16.19005 N,29 45 0.79749 E,14.585
,53 11 20.04233 N,29 45 13.07343 E,14.580
,53 11 23.89460 N,29 45 25.34937 E,14.576
,53 11 24.64348 N,29 45 29.42098 E,14.574
,53 11 25.39237 N,29 45 33.48899 E,14.572
,53 11 22.54523 N,29 46 1.64143 E,14.561
,53 11 19.69449 N,29 46 29.79388 E,14.551
,53 11 30.09517 N,29 46 36.96464 E,14.547
,53 11 40.49944 N,29 46 44.13541 E,14.544
,53 11 42.80002 N,29 46 52.31098 E,14.541
,53 11 45.10060 N,29 47 0.48656 E,14.538
,53 11 46.43296 N,29 47 19.39390 E,14.530
,53 11 47.76531 N,29 47 38.30124 E,14.523
,53 11 49.29903 N,29 47 43.75162 E,14.521
,53 11 50.82915 N,29 47 49.20200 E,14.519
,53 12 0.62838 N,29 47 42.89065 E,14.521
,53 12 10.42401 N,29 47 36.57570 E,14.523
,53 12 19.33773 N,29 47 35.60685 E,14.523
,53 12 28.25144 N,29 47 34.63800 E,14.523
,53 12 33.68387 N,29 47 31.85850 E,14.524
,53 12 38.77070 N,29 47 29.25902 E,14.525
,53 12 49.98116 N,29 47 23.52361 E,14.527
,53 12 54.88079 N,29 47 21.01774 E,14.528
,53 13 4.51444 N,29 47 16.08881 E,14.529
,53 13 10.30687 N,29 47 13.12569 E,14.530
,53 13 15.48370 N,29 47 10.47941 E,14.531
,53 13 21.50653 N,29 47 7.39388 E,14.532
,53 13 42.09150 N,29 47 0.11358 E,14.534
,53 14 2.67647 N,29 46 52.82968 E,14.537
,53 14 5.95248 N,29 46 50.27710 E,14.538
,53 14 9.22848 N,29 46 47.72091 E,14.538
,53 14 10.12120 N,29 46 42.36400 E,14.540
,53 14 11.01391 N,29 46 37.00710 E,14.543
,53 14 16.72713 N,29 46 33.20878 E,14.544
,53 14 22.44035 N,29 46 29.40685 E,14.545
,53 14 23.29351 N,29 46 26.74638 E,14.546
,53 14 24.14308 N,29 46 24.08591 E,14.547
,53 14 24.18623 N,29 46 21.39308 E,14.548
,53 14 24.22578 N,29 46 18.70025 E,14.549
,53 14 28.30460 N,29 46 16.17282 E,14.550
,53 14 32.38341 N,29 46 13.64899 E,14.551
,53 14 34.00344 N,29 46 13.71731 E,14.551
,53 14 35.62346 N,29 46 13.78563 E,14.551
,53 14 37.13560 N,29 46 20.58963 E,14.548
,53 14 38.64415 N,29 46 27.39363 E,14.545
,53 14 42.60430 N,29 46 32.95190 E,14.543
,53 14 46.56806 N,29 46 38.51016 E,14.541
,53 14 50.60732 N,29 46 38.68276 E,14.541
,53 14 54.64298 N,29 46 38.85536 E,14.541
,53 15 0.34182 N,29 46 36.39986 E,14.541
,53 15 6.04066 N,29 46 33.94435 E,14.542
,53 15 26.51027 N,29 46 17.27875 E,14.548
,53 15 46.97987 N,29 46 0.60596 E,14.554
,53 16 2.59660 N,29 45 43.72820 E,14.560
,53 16 18.20972 N,29 45 26.84685 E,14.566
,53 16 48.11538 N,29 45 28.09818 E,14.565
,53 17 18.01744 N,29 45 29.34951 E,14.563
,53 17 31.00277 N,29 45 25.84603 E,14.564
,53 17 43.98449 N,29 45 22.33895 E,14.565
,53 17 55.32104 N,29 45 21.45997 E,14.565
,53 18 6.65759 N,29 45 20.58460 E,14.565
,53 18 24.43466 N,29 45 21.32893 E,14.564
,53 18 42.21534 N,29 45 22.07325 E,14.564
,53 18 46.99988 N,29 45 26.32466 E,14.562
,53 18 51.78443 N,29 45 30.57607 E,14.560
,53 18 58.04877 N,29 45 44.34231 E,14.555
,53 19 4.30950 N,29 45 58.10855 E,14.549
,53 19 12.20824 N,29 46 10.59309 E,14.544
,53 19 20.10338 N,29 46 23.08123 E,14.539
,53 19 21.57957 N,29 46 32.59246 E,14.535
,53 19 23.05576 N,29 46 42.10729 E,14.531
,53 19 26.18073 N,29 46 48.99761 E,14.528
,53 19 29.30570 N,29 46 55.88433 E,14.526
,53 19 41.26887 N,29 47 7.19866 E,14.521
,53 19 53.22845 N,29 47 18.51299 E,14.516
,53 19 56.31386 N,29 47 28.09614 E,14.512
,53 19 59.39568 N,29 47 37.68289 E,14.509
,53 20 6.48440 N,29 47 50.14587 E,14.504
,53 20 13.56953 N,29 48 2.60886 E,14.498
,53 20 15.89169 N,29 48 9.45962 E,14.496
,53 20 18.21024 N,29 48 16.31398 E,14.493
,53 20 20.59353 N,29 48 19.11829 E,14.492
,53 20 22.97681 N,29 48 21.92260 E,14.491
,53 20 24.58964 N,29 48 21.99452 E,14.491
,53 20 26.20246 N,29 48 22.07004 E,14.491
,53 20 27.78293 N,29 48 24.83839 E,14.489
,53 20 29.36341 N,29 48 27.61034 E,14.488
,53 20 29.24115 N,29 48 35.70684 E,14.485
,53 20 29.11529 N,29 48 43.80693 E,14.482
,53 20 30.68136 N,29 48 46.58249 E,14.481
,53 20 30.63821 N,29 48 49.28252 E,14.480
,53 20 30.59866 N,29 48 51.97895 E,14.479
,53 20 32.94239 N,29 48 57.48689 E,14.477
,53 20 35.28252 N,29 49 2.99124 E,14.474
,53 20 35.24297 N,29 49 5.69127 E,14.473
,53 20 35.19982 N,29 49 8.38770 E,14.472
,53 20 35.96308 N,29 49 11.12729 E,14.471
,53 20 36.72634 N,29 49 13.86328 E,14.470
,53 20 38.30681 N,29 49 16.63163 E,14.469
,53 20 39.88368 N,29 49 19.40359 E,14.468
,53 20 40.62537 N,29 49 23.48959 E,14.466
,53 20 41.36705 N,29 49 27.57200 E,14.465
,53 20 43.72876 N,29 49 31.72993 E,14.463
,53 20 46.09047 N,29 49 35.88786 E,14.461
,53 20 46.83215 N,29 49 39.97387 E,14.460
,53 20 47.57383 N,29 49 44.05987 E,14.458
,53 20 49.93554 N,29 49 48.21780 E,14.456
,53 20 52.29725 N,29 49 52.37573 E,14.455
,53 20 53.80940 N,29 49 59.19773 E,14.452
,53 20 55.32154 N,29 50 6.01973 E,14.449
,53 20 56.87323 N,29 50 10.14169 E,14.448
,53 20 58.42493 N,29 50 14.26726 E,14.446
,53 20 58.38538 N,29 50 16.96369 E,14.445
,53 20 58.34222 N,29 50 19.66372 E,14.444
,53 20 59.89392 N,29 50 23.78929 E,14.442
,53 21 1.44562 N,29 50 27.91126 E,14.441
,53 21 3.82890 N,29 50 30.71917 E,14.439
,53 21 6.21219 N,29 50 33.52708 E,14.438
,53 21 7.76388 N,29 50 37.64905 E,14.437
,53 21 9.31558 N,29 50 41.77462 E,14.435
,53 21 10.91043 N,29 50 43.19656 E,14.434
,53 21 12.50168 N,29 50 44.61489 E,14.434
,53 21 12.46212 N,29 50 47.31492 E,14.433
,53 21 12.41897 N,29 50 50.01136 E,14.432
,53 21 13.99944 N,29 50 52.78691 E,14.430
,53 21 13.89156 N,29 50 59.53699 E,14.428
,53 21 13.78008 N,29 51 6.29067 E,14.425
,53 21 15.27065 N,29 51 14.46628 E,14.422
,53 21 16.75762 N,29 51 22.64190 E,14.419
,53 21 15.09444 N,29 51 25.27361 E,14.418
,53 21 13.43486 N,29 51 27.90172 E,14.417
,53 21 11.82204 N,29 51 27.82980 E,14.417
,53 21 10.20921 N,29 51 27.75788 E,14.417
,53 21 8.54603 N,29 51 30.38959 E,14.416
,53 21 5.31318 N,29 51 30.24215 E,14.416
,53 21 2.07673 N,29 51 30.09831 E,14.416
,53 21 0.44593 N,29 51 31.38000 E,14.416
,53 20 58.81153 N,29 51 32.66170 E,14.415
,53 20 53.96226 N,29 51 32.44594 E,14.416
,53 20 49.11298 N,29 51 32.23018 E,14.416
,53 20 47.45340 N,29 51 34.85829 E,14.415
,53 20 23.18906 N,29 51 35.13670 E,14.415
,53 19 58.92111 N,29 51 35.41151 E,14.416
,53 19 42.67415 N,29 51 40.09596 E,14.415
,53 19 26.42720 N,29 51 44.77682 E,14.413
,53 19 23.58003 N,29 52 11.66206 E,14.403
,53 19 20.72927 N,29 52 38.54369 E,14.393
,53 19 34.03196 N,29 53 6.15173 E,14.381
,53 19 47.33104 N,29 53 33.76338 E,14.370
,53 19 53.88305 N,29 53 28.65459 E,14.372
,53 20 0.43145 N,29 53 23.54581 E,14.374
,53 20 9.49620 N,29 53 13.14485 E,14.378
,53 20 18.56095 N,29 53 2.74388 E,14.382
,53 20 25.39434 N,29 53 30.07144 E,14.371
,53 20 32.22412 N,29 53 57.40260 E,14.360
,53 20 33.80459 N,29 54 0.17455 E,14.359
,53 20 16.35205 N,29 54 29.10894 E,14.348
,53 19 58.89591 N,29 54 58.03612 E,14.337
,53 19 56.38317 N,29 55 3.32111 E,14.335
,53 19 53.87043 N,29 55 8.60969 E,14.333
,53 19 50.61600 N,29 55 9.81226 E,14.333
,53 19 47.36158 N,29 55 11.01484 E,14.332
,53 19 42.53388 N,29 55 9.44186 E,14.333
,53 19 37.70618 N,29 55 7.86888 E,14.334
,53 19 36.11493 N,29 55 6.44695 E,14.335
,53 19 34.52008 N,29 55 5.02501 E,14.335
,53 19 29.10893 N,29 54 49.92311 E,14.341
,53 19 23.69778 N,29 54 34.82122 E,14.347
,53 19 18.17156 N,29 54 26.46220 E,14.351
,53 19 12.64173 N,29 54 18.10678 E,14.354
,53 19 4.64951 N,29 54 12.34712 E,14.357
,53 18 56.65729 N,29 54 6.58745 E,14.359
,53 18 43.79782 N,29 54 1.95124 E,14.361
,53 18 30.93475 N,29 53 57.31862 E,14.363
,53 18 30.06360 N,29 54 1.32911 E,14.362
,53 18 29.18886 N,29 54 5.33960 E,14.360
,53 18 28.86162 N,29 54 25.57544 E,14.352
,53 18 28.53077 N,29 54 45.81128 E,14.345
,53 18 29.00634 N,29 55 6.08667 E,14.337
,53 18 29.48191 N,29 55 26.35847 E,14.329
,53 18 27.05907 N,29 55 26.24699 E,14.329
,53 18 24.63264 N,29 55 26.13551 E,14.329
,53 18 21.37821 N,29 55 27.33808 E,14.329
,53 18 18.12378 N,29 55 28.54066 E,14.328
,53 18 15.58946 N,29 55 35.17206 E,14.326
,53 18 13.05514 N,29 55 41.80706 E,14.323
,53 18 10.57118 N,29 55 45.74202 E,14.322
,53 18 8.08361 N,29 55 49.67699 E,14.320
,53 18 6.98591 N,29 56 7.17324 E,14.313
,53 18 5.88820 N,29 56 24.66948 E,14.307
,53 18 7.45427 N,29 56 27.44143 E,14.306
,53 18 12.41143 N,29 56 20.92152 E,14.308
,53 18 17.36859 N,29 56 14.40160 E,14.310
,53 18 18.96344 N,29 56 15.82354 E,14.310
,53 18 20.55468 N,29 56 17.24547 E,14.309
,53 18 19.68354 N,29 56 21.25596 E,14.308
,53 18 18.81240 N,29 56 25.26645 E,14.306
,53 18 16.32124 N,29 56 29.20141 E,14.305
,53 18 13.82647 N,29 56 33.13638 E,14.303
,53 18 14.52860 N,29 56 39.91882 E,14.301
,53 18 15.22713 N,29 56 46.70126 E,14.298
,53 18 13.58553 N,29 56 47.97575 E,14.297
,53 18 11.94393 N,29 56 49.25025 E,14.297
,53 18 12.68561 N,29 56 53.33266 E,14.295
,53 18 13.42730 N,29 56 57.41507 E,14.294
,53 18 17.39463 N,29 57 1.65212 E,14.292
,53 18 21.36556 N,29 57 5.88917 E,14.290
,53 18 35.01707 N,29 57 11.91855 E,14.287
,53 18 48.66858 N,29 57 17.95154 E,14.285
,53 19 0.58138 N,29 57 30.65909 E,14.279
,53 19 12.49418 N,29 57 43.37024 E,14.274
,53 19 19.69796 N,29 57 47.75473 E,14.272
,53 19 26.90174 N,29 57 52.14282 E,14.270
,53 19 31.75102 N,29 57 52.36938 E,14.270
,53 19 36.59669 N,29 57 52.59595 E,14.270
,53 19 43.12712 N,29 57 48.84798 E,14.271
,53 19 49.65755 N,29 57 45.10361 E,14.272
,53 19 51.23442 N,29 57 47.87917 E,14.271
,53 19 51.88260 N,29 57 57.36524 E,14.268
,53 19 52.52718 N,29 58 6.85131 E,14.264
,53 19 52.28264 N,29 58 21.69789 E,14.258
,53 19 52.03450 N,29 58 36.54086 E,14.252
,53 19 44.69406 N,29 58 40.24927 E,14.251
,53 19 37.35362 N,29 58 43.95767 E,14.250
,53 19 36.47528 N,29 58 47.96816 E,14.248
,53 19 35.59694 N,29 58 51.97865 E,14.247
,53 19 36.22354 N,29 59 2.81474 E,14.243
,53 19 36.84654 N,29 59 13.64722 E,14.238
,53 19 40.70599 N,29 59 24.63435 E,14.234
,53 19 44.56184 N,29 59 35.62148 E,14.230
,53 19 44.51509 N,29 59 38.32151 E,14.229
,53 19 44.46834 N,29 59 41.02515 E,14.228
,53 19 42.80876 N,29 59 43.64606 E,14.227
,53 19 41.14558 N,29 59 46.26697 E,14.226
,53 19 36.27833 N,29 59 47.38322 E,14.225
,53 19 31.40748 N,29 59 48.50308 E,14.225
,53 19 30.55792 N,29 59 51.16355 E,14.224
,53 19 29.70475 N,29 59 53.82402 E,14.223
,53 19 27.00140 N,30 0 9.90553 E,14.217
,53 19 24.29444 N,30 0 25.98344 E,14.211
,53 19 22.37953 N,30 0 43.44733 E,14.204
,53 19 20.46461 N,30 1 0.91122 E,14.197
,53 19 18.68635 N,30 1 10.28221 E,14.194
,53 19 16.90809 N,30 1 19.64960 E,14.190
,53 19 14.89607 N,30 1 42.50995 E,14.181
,53 19 12.88404 N,30 2 5.37030 E,14.172
,53 19 10.24902 N,30 2 17.39817 E,14.168
,53 19 7.61039 N,30 2 29.42243 E,14.163
,53 19 2.86984 N,30 3 9.70351 E,14.148
,53 18 58.12209 N,30 3 49.98099 E,14.132
,53 18 58.76307 N,30 3 59.46346 E,14.128
,53 18 59.40044 N,30 4 8.94594 E,14.125
,53 18 58.47535 N,30 4 15.65646 E,14.122
,53 18 57.54666 N,30 4 22.36338 E,14.119
,53 18 58.28114 N,30 4 26.44939 E,14.118
,53 18 59.01562 N,30 4 30.53539 E,14.116
,53 18 58.90054 N,30 4 37.28187 E,14.114
,53 18 58.78186 N,30 4 44.02835 E,14.111
,53 18 57.04675 N,30 4 50.69212 E,14.108
,53 18 55.30804 N,30 4 57.35587 E,14.106
,53 18 52.78810 N,30 5 2.63366 E,14.104
,53 18 50.26816 N,30 5 7.91144 E,14.102
,53 18 47.79857 N,30 5 10.48919 E,14.101
,53 18 45.32538 N,30 5 13.06694 E,14.100
,53 18 34.70533 N,30 5 19.28834 E,14.098
,53 18 24.08169 N,30 5 25.50973 E,14.096
,53 18 20.68340 N,30 5 34.79440 E,14.092
,53 18 17.28152 N,30 5 44.07548 E,14.089
,53 18 16.37440 N,30 5 49.42878 E,14.087
,53 18 15.47088 N,30 5 54.78209 E,14.085
,53 18 13.80770 N,30 5 57.39940 E,14.084
,53 18 4.20986 N,30 5 51.52101 E,14.086
,53 17 54.60841 N,30 5 45.64262 E,14.089
,53 17 49.52177 N,30 5 58.89102 E,14.084
,53 17 44.43514 N,30 6 12.13581 E,14.079
,53 17 40.25202 N,30 6 20.02371 E,14.076
,53 17 36.06889 N,30 6 27.90800 E,14.073
,53 17 27.60555 N,30 6 49.08026 E,14.065
,53 17 19.13860 N,30 7 10.24891 E,14.057
,53 17 14.96985 N,30 7 16.78679 E,14.054
,53 17 10.80111 N,30 7 23.32107 E,14.052
,53 16 54.45345 N,30 7 33.29039 E,14.048
,53 16 38.10578 N,30 7 43.25971 E,14.045
,53 16 25.10605 N,30 7 46.65159 E,14.044
,53 16 12.10632 N,30 7 50.04347 E,14.043
,53 16 2.26031 N,30 7 57.64004 E,14.040
,53 15 52.41430 N,30 8 5.23301 E,14.038
,53 15 45.87667 N,30 8 8.94857 E,14.036
,53 15 39.33904 N,30 8 12.66414 E,14.035
,53 15 21.44688 N,30 8 18.49709 E,14.033
,53 15 3.55112 N,30 8 24.33003 E,14.032
,53 14 57.06385 N,30 8 25.34917 E,14.031
,53 14 50.57297 N,30 8 26.37190 E,14.031
,53 14 48.91339 N,30 8 28.98201 E,14.030
,53 14 39.95293 N,30 8 32.57169 E,14.029
,53 14 30.99246 N,30 8 36.15777 E,14.028
,53 14 9.69121 N,30 8 51.25379 E,14.023
,53 13 48.38997 N,30 9 6.34621 E,14.017
,53 13 47.53320 N,30 9 8.99588 E,14.016
,53 13 46.67644 N,30 9 11.64555 E,14.015
,53 13 39.18494 N,30 9 23.39285 E,14.011
,53 13 31.69343 N,30 9 35.13655 E,14.006
,53 13 26.62117 N,30 9 47.00253 E,14.002
,53 13 21.54531 N,30 9 58.86852 E,13.998
,53 13 23.87464 N,30 10 4.38006 E,13.995
,53 13 26.20037 N,30 10 9.88801 E,13.993
,53 13 26.85932 N,30 10 18.00607 E,13.990
,53 13 27.51828 N,30 10 26.12052 E,13.987
,53 13 29.79366 N,30 10 34.32490 E,13.983
,53 13 32.06544 N,30 10 42.52568 E,13.980
,53 13 33.66029 N,30 10 43.95482 E,13.980
,53 13 35.25153 N,30 10 45.38756 E,13.979
,53 13 37.52331 N,30 10 53.58834 E,13.976
,53 13 39.79509 N,30 11 1.79271 E,13.973
,53 13 44.43936 N,30 11 12.81221 E,13.968
,53 13 49.08002 N,30 11 23.83170 E,13.964
,53 13 51.43093 N,30 11 27.99683 E,13.962
,53 13 53.77824 N,30 11 32.16196 E,13.960
,53 13 49.63827 N,30 11 37.33902 E,13.958
,53 13 45.49830 N,30 11 42.51608 E,13.957
,53 13 41.28280 N,30 11 51.72879 E,13.953
,53 13 37.06370 N,30 12 0.94151 E,13.950
,53 13 38.58302 N,30 12 6.40989 E,13.947
,53 13 40.09874 N,30 12 11.87828 E,13.945
,53 13 50.22246 N,30 12 32.62121 E,13.937
,53 14 0.34258 N,30 12 53.36414 E,13.929
,53 14 1.07346 N,30 12 57.44655 E,13.927
,53 14 1.80074 N,30 13 1.52896 E,13.925
,53 14 1.67846 N,30 13 8.26464 E,13.923
,53 14 1.55258 N,30 13 14.99672 E,13.920
,53 13 59.65921 N,30 13 29.72098 E,13.914
,53 13 57.76224 N,30 13 44.44523 E,13.909
,53 13 54.37833 N,30 13 52.35109 E,13.906
,53 13 50.99083 N,30 14 0.26055 E,13.903
,53 13 49.37080 N,30 14 0.17422 E,13.903
,53 13 47.75077 N,30 14 0.08790 E,13.903
,53 13 47.65367 N,30 14 5.47357 E,13.901
,53 13 47.56016 N,30 14 10.85563 E,13.899
,53 13 49.87510 N,30 14 16.37078 E,13.897
,53 13 52.18643 N,30 14 21.88233 E,13.894
,53 13 54.63804 N,30 14 20.66899 E,13.895
,53 13 57.08966 N,30 14 19.45206 E,13.895
,53 13 58.68450 N,30 14 20.88480 E,13.895
,53 14 0.27575 N,30 14 22.31393 E,13.894
,53 14 2.61946 N,30 14 26.48266 E,13.892
,53 14 4.95957 N,30 14 30.65140 E,13.891
,53 14 5.71923 N,30 14 33.38379 E,13.890
,53 14 6.48249 N,30 14 36.11618 E,13.888
,53 14 7.15582 N,30 14 42.89142 E,13.886
,53 14 7.82915 N,30 14 49.67027 E,13.883
,53 14 9.42400 N,30 14 51.09940 E,13.883
,53 14 11.01525 N,30 14 52.53214 E,13.882
,53 14 15.89330 N,30 14 51.44469 E,13.882
,53 14 20.76775 N,30 14 50.35724 E,13.883
,53 14 28.66644 N,30 15 0.21376 E,13.878
,53 14 36.56153 N,30 15 10.07028 E,13.874
,53 14 42.10932 N,30 15 15.75807 E,13.872
,53 14 47.65710 N,30 15 21.44586 E,13.870
,53 14 50.05476 N,30 15 22.92175 E,13.869
,53 14 52.44882 N,30 15 24.39765 E,13.868
,53 14 56.38378 N,30 15 29.99912 E,13.866
,53 15 0.31874 N,30 15 35.60419 E,13.864
,53 15 5.71546 N,30 15 49.37407 E,13.858
,53 15 11.11218 N,30 16 3.14396 E,13.853
,53 15 10.95753 N,30 16 11.22606 E,13.850
,53 15 10.79927 N,30 16 19.30816 E,13.847
,53 15 9.94250 N,30 16 21.96143 E,13.846
,53 15 9.08213 N,30 16 24.61110 E,13.845
,53 15 7.44053 N,30 16 25.87120 E,13.844
,53 15 5.79893 N,30 16 27.13129 E,13.844
,53 15 3.37609 N,30 16 26.99821 E,13.844
,53 15 0.95326 N,30 16 26.86873 E,13.844
,53 14 53.89335 N,30 16 15.70535 E,13.848
,53 14 46.83345 N,30 16 4.54198 E,13.853
,53 14 44.41061 N,30 16 4.40889 E,13.853
,53 14 41.98418 N,30 16 4.27941 E,13.853
,53 14 41.12021 N,30 16 6.92908 E,13.852
,53 14 40.25624 N,30 16 9.58236 E,13.851
,53 14 47.11113 N,30 16 31.52066 E,13.842
,53 14 53.96243 N,30 16 53.45897 E,13.834
,53 14 53.81137 N,30 17 1.54107 E,13.831
,53 14 53.66031 N,30 17 9.62317 E,13.828
,53 14 51.07921 N,30 17 17.57218 E,13.824
,53 14 48.49811 N,30 17 25.51760 E,13.821
,53 14 48.44056 N,30 17 28.21403 E,13.820
,53 14 48.38661 N,30 17 30.90686 E,13.819
,53 14 46.66228 N,30 17 36.20261 E,13.817
,53 14 44.94154 N,30 17 41.50195 E,13.815
,53 14 46.00767 N,30 18 9.87022 E,13.804
,53 14 47.07018 N,30 18 38.24208 E,13.793
,53 14 48.58230 N,30 18 43.71767 E,13.791
,53 14 50.09082 N,30 18 49.19326 E,13.789
,53 14 53.97183 N,30 18 57.49476 E,13.786
,53 14 57.84923 N,30 19 5.79626 E,13.782
,53 15 3.40061 N,30 19 11.49485 E,13.780
,53 15 8.94840 N,30 19 17.19344 E,13.778
,53 15 11.28851 N,30 19 21.36577 E,13.776
,53 15 13.63221 N,30 19 25.53810 E,13.774
,53 15 15.14433 N,30 19 31.01729 E,13.772
,53 15 16.65285 N,30 19 36.49647 E,13.770
,53 15 22.14668 N,30 19 44.88430 E,13.766
,53 15 27.63691 N,30 19 53.27572 E,13.763
,53 15 29.33679 N,30 20 29.78004 E,13.749
,53 15 31.03306 N,30 21 6.28797 E,13.735
,53 15 32.56315 N,30 21 10.41714 E,13.733
,53 15 34.09325 N,30 21 14.54991 E,13.731
,53 15 34.04650 N,30 21 17.24634 E,13.730
,53 15 33.99974 N,30 21 19.93918 E,13.729
,53 15 32.32577 N,30 21 22.54209 E,13.728
,53 15 30.64819 N,30 21 25.14500 E,13.727
,53 15 25.78093 N,30 21 26.22165 E,13.727
,53 15 20.91008 N,30 21 27.30191 E,13.727
,53 15 17.59450 N,30 21 31.16131 E,13.725
,53 15 14.27892 N,30 21 35.01712 E,13.724
,53 15 14.22137 N,30 21 37.71355 E,13.723
,53 15 14.16742 N,30 21 40.40998 E,13.722
,53 15 16.32409 N,30 21 54.01083 E,13.716
,53 15 18.48076 N,30 22 7.61528 E,13.711
,53 15 18.23617 N,30 22 19.74022 E,13.706
,53 15 17.98798 N,30 22 31.86157 E,13.702
,53 15 18.63254 N,30 22 39.98683 E,13.698
,53 15 19.27709 N,30 22 48.11209 E,13.695
,53 15 20.03315 N,30 22 50.85169 E,13.694
,53 15 20.78921 N,30 22 53.59128 E,13.693
,53 15 22.34808 N,30 22 56.37763 E,13.692
,53 15 23.90696 N,30 22 59.16039 E,13.691
,53 15 31.04239 N,30 23 6.30612 E,13.688
,53 15 38.17422 N,30 23 13.44825 E,13.685
,53 15 43.01630 N,30 23 13.72521 E,13.685
,53 15 47.85837 N,30 23 13.99857 E,13.685
,53 15 51.12000 N,30 23 12.83560 E,13.685
,53 15 54.38163 N,30 23 11.66902 E,13.685
,53 15 56.10596 N,30 23 6.37328 E,13.687
,53 15 57.82669 N,30 23 1.07394 E,13.689
,53 16 2.00264 N,30 22 54.56486 E,13.692
,53 16 6.17858 N,30 22 48.05578 E,13.694
,53 16 7.79141 N,30 22 48.14570 E,13.694
,53 16 9.40423 N,30 22 48.23922 E,13.694
,53 16 23.53841 N,30 23 9.26996 E,13.686
,53 16 37.66900 N,30 23 30.30430 E,13.677
,53 16 47.59125 N,30 23 59.20133 E,13.666
,53 16 57.51351 N,30 24 28.09837 E,13.654
,53 16 59.85722 N,30 24 32.28150 E,13.652
,53 17 2.19733 N,30 24 36.46103 E,13.651
,53 17 6.92790 N,30 24 42.12726 E,13.648
,53 17 11.65847 N,30 24 47.79709 E,13.646
,53 17 11.60452 N,30 24 50.49712 E,13.645
,53 17 11.54697 N,30 24 53.19716 E,13.644
,53 17 9.85141 N,30 24 57.14288 E,13.643
,53 17 8.15586 N,30 25 1.09221 E,13.641
,53 17 4.84028 N,30 25 4.95162 E,13.640
,53 17 1.52470 N,30 25 8.81103 E,13.638
,53 16 59.80036 N,30 25 14.11037 E,13.636
,53 16 58.07603 N,30 25 19.40612 E,13.634
,53 16 53.06490 N,30 25 27.21485 E,13.631
,53 16 48.05376 N,30 25 35.01999 E,13.628
,53 16 46.32223 N,30 25 40.31933 E,13.626
,53 16 44.59070 N,30 25 45.61508 E,13.624
,53 16 46.15677 N,30 25 48.40143 E,13.623
,53 16 48.32782 N,30 26 0.67386 E,13.618
,53 16 50.49887 N,30 26 12.94269 E,13.614
,53 16 50.44492 N,30 26 15.63913 E,13.613
,53 16 50.38737 N,30 26 18.33556 E,13.611
,53 16 47.82424 N,30 26 24.93096 E,13.609
,53 16 45.26472 N,30 26 31.52636 E,13.606
,53 16 41.78368 N,30 26 43.46787 E,13.602
,53 16 38.30264 N,30 26 55.40577 E,13.597
,53 16 36.49198 N,30 27 4.74437 E,13.594
,53 16 34.67772 N,30 27 14.08296 E,13.590
,53 16 35.37263 N,30 27 19.52259 E,13.588
,53 16 36.06394 N,30 27 24.96222 E,13.586
,53 16 37.62281 N,30 27 27.74857 E,13.585
,53 16 39.18168 N,30 27 30.53493 E,13.584
,53 16 48.67880 N,30 27 40.53537 E,13.580
,53 16 58.17592 N,30 27 50.53581 E,13.576
,53 17 4.54809 N,30 27 54.95635 E,13.574
,53 17 10.92026 N,30 27 59.37329 E,13.572
,53 17 14.87679 N,30 28 3.65354 E,13.570
,53 17 18.82973 N,30 28 7.93739 E,13.568
,53 17 21.22739 N,30 28 9.42769 E,13.568
,53 17 23.62505 N,30 28 10.91439 E,13.567
,53 17 28.46713 N,30 28 11.19855 E,13.567
,53 17 33.30561 N,30 28 11.47912 E,13.567
,53 17 39.01885 N,30 28 9.11361 E,13.567
,53 17 44.73209 N,30 28 6.74810 E,13.568
,53 17 46.29816 N,30 28 9.54165 E,13.567
,53 17 41.37763 N,30 28 51.09356 E,13.551
,53 17 36.45349 N,30 29 32.64188 E,13.535
,53 17 37.20235 N,30 29 35.38507 E,13.534
,53 17 37.94761 N,30 29 38.12826 E,13.533
,53 17 39.51368 N,30 29 40.92182 E,13.532
,53 17 41.94012 N,30 29 41.06570 E,13.532
,53 17 44.36296 N,30 29 41.20958 E,13.532
,53 17 49.12231 N,30 29 45.53660 E,13.530
,53 17 53.87806 N,30 29 49.86721 E,13.528
,53 17 56.30449 N,30 29 50.01109 E,13.528
,53 17 58.72733 N,30 29 50.15497 E,13.528
,53 18 19.49265 N,30 30 2.18528 E,13.523
,53 18 40.25797 N,30 30 14.21559 E,13.517
,53 18 45.01372 N,30 30 18.54981 E,13.516
,53 18 49.77307 N,30 30 22.88762 E,13.514
,53 18 50.49675 N,30 30 26.98083 E,13.512
,53 18 51.21683 N,30 30 31.07044 E,13.511
,53 18 50.96504 N,30 30 43.20979 E,13.506
,53 18 50.70965 N,30 30 55.34554 E,13.501
,53 18 47.93430 N,30 31 11.38746 E,13.495
,53 18 45.15894 N,30 31 27.42578 E,13.489
,53 18 42.27568 N,30 31 48.85697 E,13.481
,53 18 39.39242 N,30 32 10.28455 E,13.472
,53 18 39.24854 N,30 32 17.02383 E,13.470
,53 18 39.10465 N,30 32 23.76312 E,13.467
,53 18 40.63115 N,30 32 27.91029 E,13.466
,53 18 42.15405 N,30 32 32.05386 E,13.464
,53 18 43.74169 N,30 32 33.49740 E,13.463
,53 18 45.32574 N,30 32 34.94454 E,13.463
,53 18 48.55499 N,30 32 35.13878 E,13.463
,53 18 51.78065 N,30 32 35.33662 E,13.462
,53 18 56.57597 N,30 32 38.32442 E,13.461
,53 19 1.36769 N,30 32 41.31582 E,13.460
,53 19 6.90468 N,30 32 47.05041 E,13.458
,53 19 12.43806 N,30 32 52.78860 E,13.455
,53 19 16.44855 N,30 32 54.37962 E,13.455
,53 19 20.45544 N,30 32 55.97424 E,13.454
,53 19 34.72628 N,30 33 8.99128 E,13.448
,53 19 48.99352 N,30 33 22.01192 E,13.443
,53 19 50.55241 N,30 33 26.07629 E,13.441
,53 19 52.11131 N,30 33 30.14066 E,13.440
,53 19 51.21137 N,30 33 34.26995 E,13.438
,53 19 50.31143 N,30 33 38.40284 E,13.437
,53 19 48.69145 N,30 33 40.85095 E,13.436
,53 19 48.59790 N,30 33 44.08019 E,13.435
,53 19 52.36006 N,30 33 49.48727 E,13.432
,53 19 56.12221 N,30 33 54.89434 E,13.430
,53 20 5.96834 N,30 33 54.13064 E,13.430
,53 20 15.81447 N,30 33 53.36335 E,13.430
,53 20 18.20493 N,30 33 54.86085 E,13.430
,53 20 20.59539 N,30 33 56.35475 E,13.429
,53 20 22.15427 N,30 33 59.15190 E,13.428
,53 20 23.71314 N,30 34 1.95265 E,13.427
,53 20 27.72363 N,30 34 3.54367 E,13.426
,53 20 31.73411 N,30 34 5.13829 E,13.425
,53 20 33.32176 N,30 34 6.58903 E,13.425
,53 20 34.90581 N,30 34 8.03617 E,13.424
,53 20 43.00952 N,30 34 7.17896 E,13.424
,53 20 51.10962 N,30 34 6.31815 E,13.425
,53 20 52.78360 N,30 34 3.72243 E,13.426
,53 20 55.17406 N,30 34 5.21993 E,13.425
,53 20 57.56452 N,30 34 6.71743 E,13.424
,53 20 57.51057 N,30 34 9.41746 E,13.423
,53 20 57.45302 N,30 34 12.11390 E,13.422
,53 20 54.96903 N,30 34 14.66645 E,13.421
,53 20 52.48504 N,30 34 17.21540 E,13.420
,53 20 51.59229 N,30 34 21.21509 E,13.419
,53 20 50.69955 N,30 34 25.21478 E,13.417
,53 20 49.02197 N,30 34 27.81769 E,13.416
,53 20 46.30417 N,30 34 41.16318 E,13.411
,53 20 43.58637 N,30 34 54.50867 E,13.406
,53 20 41.85484 N,30 34 59.80801 E,13.404
,53 20 40.12330 N,30 35 5.10736 E,13.402
,53 20 38.44933 N,30 35 7.70667 E,13.401
,53 20 36.77535 N,30 35 10.30598 E,13.400
,53 20 35.15172 N,30 35 10.20526 E,13.400
,53 20 33.53169 N,30 35 10.10814 E,13.400
,53 20 29.55718 N,30 35 7.16351 E,13.401
,53 20 25.58267 N,30 35 4.21887 E,13.403
,53 20 24.02740 N,30 35 1.41451 E,13.404
,53 20 20.83053 N,30 34 59.87026 E,13.404
,53 20 17.63005 N,30 34 58.32600 E,13.405
,53 20 8.89619 N,30 34 51.03635 E,13.408
,53 20 0.16233 N,30 34 43.74310 E,13.411
,53 19 58.59626 N,30 34 40.94954 E,13.412
,53 19 56.98344 N,30 34 40.84882 E,13.412
,53 19 55.36701 N,30 34 40.74810 E,13.412
,53 19 46.68710 N,30 34 30.76202 E,13.417
,53 19 38.00720 N,30 34 20.77593 E,13.421
,53 19 30.20206 N,30 34 8.14377 E,13.426
,53 19 22.39332 N,30 33 55.51522 E,13.431
,53 19 18.32888 N,30 33 56.61703 E,13.430
,53 19 14.26444 N,30 33 57.71885 E,13.430
,53 19 8.25623 N,30 34 13.55932 E,13.424
,53 19 2.24802 N,30 34 29.39980 E,13.418
,53 18 59.70648 N,30 34 34.64878 E,13.416
,53 18 57.16853 N,30 34 39.89417 E,13.414
,53 18 56.92752 N,30 34 50.68350 E,13.410
,53 18 56.68651 N,30 35 1.46924 E,13.406
,53 18 55.01253 N,30 35 4.07215 E,13.405
,53 18 53.39971 N,30 35 3.97143 E,13.405
,53 18 51.78328 N,30 35 3.87071 E,13.405
,53 18 50.10930 N,30 35 6.46642 E,13.404
,53 18 47.68646 N,30 35 6.31894 E,13.404
,53 18 45.26003 N,30 35 6.17146 E,13.404
,53 18 44.51117 N,30 35 3.42466 E,13.405
,53 18 43.76231 N,30 35 0.67787 E,13.406
,53 18 40.62658 N,30 34 56.43358 E,13.408
,53 18 37.48726 N,30 34 52.19288 E,13.410
,53 18 35.90321 N,30 34 50.74574 E,13.410
,53 18 34.31556 N,30 34 49.30221 E,13.411
,53 18 32.70274 N,30 34 49.20509 E,13.411
,53 18 31.08631 N,30 34 49.10437 E,13.411
,53 18 25.64286 N,30 34 39.31972 E,13.415
,53 18 20.19581 N,30 34 29.53508 E,13.419
,53 18 18.57578 N,30 34 29.43436 E,13.419
,53 18 16.95575 N,30 34 29.33724 E,13.419
,53 18 15.25300 N,30 34 33.28297 E,13.418
,53 18 13.55024 N,30 34 37.23230 E,13.416
,53 18 13.49629 N,30 34 39.92873 E,13.415
,53 18 13.44234 N,30 34 42.62156 E,13.414
,53 18 11.76476 N,30 34 45.21728 E,13.413
,53 18 11.64965 N,30 34 50.61374 E,13.411
,53 18 11.53095 N,30 34 56.00661 E,13.409
,53 18 9.73466 N,30 35 3.99519 E,13.406
,53 18 7.93478 N,30 35 11.98377 E,13.403
,53 18 7.79089 N,30 35 18.72665 E,13.400
,53 18 7.64701 N,30 35 25.46954 E,13.398
,53 18 5.96943 N,30 35 28.06525 E,13.397
,53 18 5.01554 N,30 35 34.75417 E,13.394
,53 18 4.06164 N,30 35 41.44670 E,13.391
,53 18 2.38766 N,30 35 44.04241 E,13.390
,53 18 2.29773 N,30 35 48.08886 E,13.389
,53 18 2.20781 N,30 35 52.13171 E,13.387
,53 18 0.53383 N,30 35 54.72742 E,13.386
,53 18 0.47267 N,30 35 57.42025 E,13.385
,53 18 0.40792 N,30 36 0.11669 E,13.384
,53 17 58.61883 N,30 36 8.10887 E,13.381
,53 17 56.82615 N,30 36 16.09745 E,13.378
,53 17 56.70384 N,30 36 21.49032 E,13.376
,53 17 56.57794 N,30 36 26.88318 E,13.374
,53 17 54.90396 N,30 36 29.47890 E,13.373
,53 17 54.78885 N,30 36 34.86816 E,13.371
,53 17 54.67015 N,30 36 40.26103 E,13.369
,53 17 53.80618 N,30 36 42.90710 E,13.368
,53 17 52.93861 N,30 36 45.55318 E,13.367
,53 17 52.75516 N,30 36 53.64248 E,13.364
,53 17 52.56810 N,30 37 1.73178 E,13.361
,53 17 51.70413 N,30 37 4.37425 E,13.360
,53 17 50.84016 N,30 37 7.02032 E,13.359
,53 17 50.68908 N,30 37 13.75961 E,13.356
,53 17 50.53800 N,30 37 20.49889 E,13.353
,53 17 49.67403 N,30 37 23.14496 E,13.352
,53 17 48.80647 N,30 37 25.79104 E,13.351
,53 17 48.63021 N,30 37 33.87674 E,13.348
,53 17 48.45035 N,30 37 41.96244 E,13.345
,53 17 46.77277 N,30 37 44.55815 E,13.344
,53 17 46.62169 N,30 37 51.29744 E,13.341
,53 17 46.47060 N,30 37 58.03672 E,13.339
,53 17 44.79663 N,30 38 0.63243 E,13.338
,53 17 44.69950 N,30 38 4.67888 E,13.336
,53 17 44.60597 N,30 38 8.72174 E,13.335
,53 17 42.90321 N,30 38 12.66386 E,13.333
,53 17 41.20046 N,30 38 16.60599 E,13.332
,53 17 41.04937 N,30 38 23.34528 E,13.329
,53 17 40.89829 N,30 38 30.08456 E,13.327
,53 17 39.22071 N,30 38 32.68027 E,13.326
,53 17 39.09841 N,30 38 38.06954 E,13.324
,53 17 38.97610 N,30 38 43.45881 E,13.321
,53 17 38.11213 N,30 38 46.10488 E,13.320
,53 17 37.24457 N,30 38 48.75456 E,13.319
,53 17 36.99996 N,30 38 59.53309 E,13.315
,53 17 36.75174 N,30 39 10.31523 E,13.311
,53 17 35.88778 N,30 39 12.96130 E,13.310
,53 17 35.02021 N,30 39 15.60737 E,13.309
,53 17 34.55976 N,30 39 35.82523 E,13.301
,53 17 34.09931 N,30 39 56.03948 E,13.293
,53 17 34.84817 N,30 39 58.78627 E,13.292
,53 17 35.59703 N,30 40 1.53307 E,13.291
,53 17 35.47473 N,30 40 6.92593 E,13.289
,53 17 35.35242 N,30 40 12.31520 E,13.287
,53 17 33.67484 N,30 40 14.91091 E,13.286
,53 17 31.28798 N,30 40 13.40982 E,13.287
,53 17 28.89752 N,30 40 11.90872 E,13.287
,53 17 28.14866 N,30 40 9.16192 E,13.288
,53 17 27.39980 N,30 40 6.41513 E,13.290
,53 17 24.29645 N,30 40 0.81722 E,13.292
,53 17 21.19311 N,30 39 55.22291 E,13.294
,53 17 15.65973 N,30 39 49.47391 E,13.296
,53 17 10.12274 N,30 39 43.72852 E,13.299
,53 17 8.50632 N,30 39 43.63140 E,13.299
,53 17 6.89349 N,30 39 43.53068 E,13.299
,53 17 5.34182 N,30 39 40.72992 E,13.300
,53 17 2.91898 N,30 39 40.57884 E,13.300
,53 17 0.49614 N,30 39 40.42776 E,13.300
,53 16 58.90849 N,30 39 38.98062 E,13.301
,53 16 57.32444 N,30 39 37.52988 E,13.301
,53 16 54.89800 N,30 39 37.37520 E,13.301
,53 16 52.47517 N,30 39 37.22052 E,13.302
,53 16 49.33944 N,30 39 32.97622 E,13.303
,53 16 46.20012 N,30 39 28.73193 E,13.305
,53 16 44.58730 N,30 39 28.63121 E,13.305
,53 16 42.97087 N,30 39 28.52689 E,13.305
,53 16 41.41920 N,30 39 25.73333 E,13.306
,53 16 39.86753 N,30 39 22.93978 E,13.307
,53 16 35.85704 N,30 39 21.33436 E,13.308
,53 16 31.84655 N,30 39 19.73254 E,13.309
,53 16 30.17257 N,30 39 22.32825 E,13.308
,53 16 27.72096 N,30 39 23.52358 E,13.307
,53 16 25.26934 N,30 39 24.71892 E,13.307
,53 16 23.53421 N,30 39 30.00746 E,13.305
,53 16 21.79548 N,30 39 35.29241 E,13.303
,53 16 21.64439 N,30 39 42.02810 E,13.300
,53 16 21.49331 N,30 39 48.76378 E,13.298
,53 16 24.62903 N,30 39 53.00807 E,13.296
,53 16 27.76835 N,30 39 57.25237 E,13.294
,53 16 26.89719 N,30 39 59.89484 E,13.293
,53 16 26.02602 N,30 40 2.53731 E,13.292
,53 16 24.34844 N,30 40 5.12943 E,13.291
,53 16 22.67447 N,30 40 7.72154 E,13.290
,53 16 20.25163 N,30 40 7.57045 E,13.291
,53 16 17.82879 N,30 40 7.41937 E,13.291
,53 16 16.18719 N,30 40 8.66507 E,13.290
,53 16 14.54558 N,30 40 9.90716 E,13.290
,53 16 9.69991 N,30 40 9.60140 E,13.290
,53 16 4.85063 N,30 40 9.29563 E,13.290
,53 16 1.56383 N,30 40 11.78702 E,13.289
,53 15 58.27342 N,30 40 14.27482 E,13.288
,53 15 54.86071 N,30 40 22.15547 E,13.285
,53 15 51.44800 N,30 40 30.03253 E,13.282
,53 15 48.96041 N,30 40 32.57068 E,13.282
,53 15 46.47642 N,30 40 35.10883 E,13.281
,53 15 45.60165 N,30 40 37.75491 E,13.280
,53 15 44.73048 N,30 40 40.39738 E,13.279
,53 15 41.38253 N,30 40 45.58161 E,13.277
,53 15 38.03097 N,30 40 50.76583 E,13.275
,53 15 38.00221 N,30 40 53.24266 E,13.274
,53 15 37.97346 N,30 40 55.71589 E,13.273
,53 15 37.29715 N,30 41 24.21385 E,13.262
,53 15 36.61724 N,30 41 52.70821 E,13.251
,53 15 38.16892 N,30 41 55.50176 E,13.250
,53 15 38.01783 N,30 42 2.23745 E,13.247
,53 15 37.86675 N,30 42 8.97673 E,13.244
,53 15 39.41842 N,30 42 11.77029 E,13.243
,53 15 39.32129 N,30 42 15.81314 E,13.242
,53 15 39.22416 N,30 42 19.85239 E,13.240
,53 15 40.75066 N,30 42 23.99236 E,13.239
,53 15 42.27356 N,30 42 28.13233 E,13.237
,53 15 42.21240 N,30 42 30.82877 E,13.236
,53 15 42.15125 N,30 42 33.52160 E,13.235
,53 15 45.84517 N,30 42 48.59479 E,13.229
,53 15 49.53909 N,30 43 3.66798 E,13.223
,53 15 50.19442 N,30 43 10.45403 E,13.220
,53 15 50.84615 N,30 43 17.24007 E,13.218
,53 15 52.01263 N,30 43 20.75366 E,13.216
,53 15 53.17911 N,30 43 24.26364 E,13.215
,53 15 59.27755 N,30 43 21.22130 E,13.216
,53 16 5.37599 N,30 43 18.17537 E,13.217
,53 16 8.60884 N,30 43 18.38401 E,13.217
,53 16 11.84169 N,30 43 18.59265 E,13.217
,53 16 13.51927 N,30 43 15.99694 E,13.218
,53 16 15.13209 N,30 43 16.10126 E,13.218
,53 16 16.74492 N,30 43 16.20919 E,13.217
,53 16 18.42250 N,30 43 13.61347 E,13.218
,53 16 21.64815 N,30 43 13.82212 E,13.218
,53 16 24.87380 N,30 43 14.03436 E,13.218
,53 16 26.56578 N,30 43 11.44585 E,13.219
,53 16 32.21787 N,30 43 11.80917 E,13.219
,53 16 37.86636 N,30 43 12.17250 E,13.219
,53 16 39.41803 N,30 43 14.96965 E,13.217
,53 16 40.96970 N,30 43 17.76681 E,13.216
,53 16 40.65674 N,30 43 31.23818 E,13.211
,53 16 40.34017 N,30 43 44.70955 E,13.206
,53 16 41.08903 N,30 43 47.45634 E,13.205
,53 16 41.83789 N,30 43 50.20314 E,13.204
,53 16 41.55730 N,30 44 2.32809 E,13.199
,53 16 41.27311 N,30 44 14.44944 E,13.194
,53 16 42.01477 N,30 44 17.19624 E,13.193
,53 16 42.75643 N,30 44 19.94303 E,13.192
,53 16 42.63413 N,30 44 25.33230 E,13.190
,53 16 42.51182 N,30 44 30.72517 E,13.188
,53 16 44.02752 N,30 44 34.87234 E,13.186
,53 16 45.54681 N,30 44 39.01951 E,13.185
,53 16 45.45688 N,30 44 43.05876 E,13.183
,53 16 45.36695 N,30 44 47.10162 E,13.182
,53 16 46.10861 N,30 44 49.84841 E,13.181
,53 16 46.85027 N,30 44 52.59520 E,13.180
,53 16 46.66681 N,30 45 0.67731 E,13.176
,53 16 46.47975 N,30 45 8.75581 E,13.173
,53 16 48.03142 N,30 45 11.56016 E,13.172
,53 16 47.84077 N,30 45 19.64227 E,13.169
,53 16 47.64651 N,30 45 27.72437 E,13.166
,53 16 49.16580 N,30 45 31.87154 E,13.164
,53 16 50.68150 N,30 45 36.01871 E,13.163
,53 16 54.75314 N,30 45 34.93490 E,13.163
,53 16 58.82478 N,30 45 33.85469 E,13.163
,53 17 0.50236 N,30 45 31.26618 E,13.164
,53 17 3.73881 N,30 45 31.47482 E,13.164
,53 17 6.97166 N,30 45 31.68346 E,13.164
,53 17 10.10378 N,30 45 35.93495 E,13.162
,53 17 13.23231 N,30 45 40.19005 E,13.161
,53 17 12.76106 N,30 46 0.40070 E,13.153
,53 17 12.28621 N,30 46 20.61496 E,13.145
,53 17 13.02787 N,30 46 23.36175 E,13.144
,53 17 13.76953 N,30 46 26.10855 E,13.143
,53 17 13.64722 N,30 46 31.50142 E,13.141
,53 17 13.52131 N,30 46 36.89069 E,13.139
,53 17 18.01445 N,30 46 52.02864 E,13.133
,53 17 22.50398 N,30 47 7.17019 E,13.127
,53 17 22.37808 N,30 47 12.55946 E,13.125
,53 17 22.25577 N,30 47 17.94873 E,13.123
,53 17 20.56739 N,30 47 20.53724 E,13.122
,53 17 19.57392 N,30 47 28.56898 E,13.118
,53 17 18.57685 N,30 47 36.60072 E,13.115
,53 17 16.90287 N,30 47 39.18923 E,13.114
,53 17 16.80574 N,30 47 43.23209 E,13.113
,53 17 16.70861 N,30 47 47.27134 E,13.111
,53 17 15.02023 N,30 47 49.85985 E,13.110
,53 17 14.95908 N,30 47 52.55268 E,13.109
,53 17 14.89792 N,30 47 55.24912 E,13.108
,53 17 13.22034 N,30 47 57.83763 E,13.107
,53 17 13.09084 N,30 48 3.23050 E,13.105
,53 17 12.96133 N,30 48 8.61977 E,13.103
,53 17 11.28375 N,30 48 11.20828 E,13.102
,53 17 11.12187 N,30 48 17.94397 E,13.100
,53 17 10.95639 N,30 48 24.67965 E,13.097
,53 17 10.05644 N,30 48 28.66854 E,13.095
,53 17 9.15650 N,30 48 32.65743 E,13.094
,53 17 8.96584 N,30 48 40.73953 E,13.091
,53 17 8.77158 N,30 48 48.82164 E,13.088
,53 17 7.08320 N,30 48 51.41015 E,13.087
,53 17 6.92492 N,30 48 58.14944 E,13.084
,53 17 6.76664 N,30 49 4.88512 E,13.081
,53 17 5.05668 N,30 49 8.81645 E,13.080
,53 17 3.34673 N,30 49 12.75138 E,13.078
,53 17 2.38203 N,30 49 19.43311 E,13.076
,53 17 1.41373 N,30 49 26.11483 E,13.073
,53 16 59.72175 N,30 49 28.70334 E,13.072
,53 16 56.17234 N,30 49 41.95887 E,13.067
,53 16 52.62292 N,30 49 55.21440 E,13.062
,53 16 52.52939 N,30 49 59.25365 E,13.061
,53 16 52.43226 N,30 50 3.29650 E,13.059
,53 16 53.17392 N,30 50 6.04690 E,13.058
,53 16 53.91558 N,30 50 8.79729 E,13.057
,53 16 55.49603 N,30 50 10.25523 E,13.056
,53 16 57.07288 N,30 50 11.70957 E,13.056
,53 17 0.94666 N,30 50 18.71506 E,13.053
,53 17 4.82044 N,30 50 25.72415 E,13.050
,53 17 6.33614 N,30 50 29.87132 E,13.049
,53 17 7.85543 N,30 50 34.01850 E,13.047
,53 17 9.44308 N,30 50 35.47283 E,13.046
,53 17 11.02713 N,30 50 36.93077 E,13.046
,53 17 14.12327 N,30 50 42.53948 E,13.043
,53 17 17.21942 N,30 50 48.14820 E,13.041
,53 17 17.96108 N,30 50 50.89499 E,13.040
,53 17 18.70274 N,30 50 53.64179 E,13.039
,53 17 21.80969 N,30 50 59.24690 E,13.037
,53 17 24.91303 N,30 51 4.85201 E,13.035
,53 17 26.87150 N,30 51 7.02994 E,13.034
,53 17 28.82637 N,30 51 9.20787 E,13.033
,53 17 30.09715 N,30 51 7.24938 E,13.034
,53 17 31.36793 N,30 51 5.29450 E,13.034
,53 17 31.42909 N,30 51 2.59806 E,13.035
,53 17 31.49024 N,30 50 59.90163 E,13.036
,53 17 33.98143 N,30 50 57.37067 E,13.037
,53 17 36.47622 N,30 50 54.84332 E,13.038
,53 17 41.31830 N,30 50 55.16709 E,13.038
,53 17 46.15678 N,30 50 55.49445 E,13.038
,53 17 47.80558 N,30 50 54.25236 E,13.038
,53 17 49.45079 N,30 50 53.01386 E,13.039
,53 17 52.68004 N,30 50 53.22970 E,13.039
,53 17 55.90569 N,30 50 53.44555 E,13.038
,53 18 0.75497 N,30 50 53.77651 E,13.038
,53 18 5.60424 N,30 50 54.10748 E,13.038
,53 18 7.18469 N,30 50 55.56182 E,13.037
,53 18 8.76154 N,30 50 57.01615 E,13.037
,53 18 11.70300 N,30 51 9.36775 E,13.032
,53 18 14.64087 N,30 51 21.71575 E,13.027
,53 18 14.57251 N,30 51 24.41218 E,13.026
,53 18 14.50056 N,30 51 27.10502 E,13.025
,53 18 16.01986 N,30 51 31.25579 E,13.023
,53 18 17.53915 N,30 51 35.40656 E,13.022
,53 18 17.47080 N,30 51 38.10660 E,13.021
,53 18 17.39885 N,30 51 40.80663 E,13.020
,53 18 19.63103 N,30 51 49.05782 E,13.016
,53 18 21.86320 N,30 51 57.30540 E,13.013
,53 18 22.46816 N,30 52 5.44507 E,13.010
,53 18 23.07311 N,30 52 13.58473 E,13.007
,53 18 24.55643 N,30 52 19.08912 E,13.005
,53 18 26.03975 N,30 52 24.59351 E,13.003
,53 18 25.97860 N,30 52 27.28995 E,13.002
,53 18 25.91384 N,30 52 29.98278 E,13.000
,53 18 27.46912 N,30 52 32.79074 E,12.999
,53 18 27.40076 N,30 52 35.48717 E,12.998
,53 18 27.32881 N,30 52 38.18361 E,12.997
,53 18 28.88048 N,30 52 40.98796 E,12.996
,53 18 29.46026 N,30 52 50.47764 E,12.992
,53 18 30.03644 N,30 52 59.96732 E,12.989
,53 18 31.58811 N,30 53 2.77888 E,12.988
,53 18 32.19306 N,30 53 10.91854 E,12.985
,53 18 32.79801 N,30 53 19.05821 E,12.981
,53 18 34.34969 N,30 53 21.86616 E,12.980
,53 18 34.08347 N,30 53 32.65190 E,12.976
,53 18 33.81366 N,30 53 43.43404 E,12.972
,53 18 34.55532 N,30 53 46.18444 E,12.971
,53 18 35.29698 N,30 53 48.93483 E,12.970
,53 18 35.13150 N,30 53 55.67412 E,12.967
,53 18 34.96601 N,30 54 2.41340 E,12.965
,53 18 36.51769 N,30 54 5.22136 E,12.963
,53 18 36.35580 N,30 54 11.96064 E,12.961
,53 18 36.19032 N,30 54 18.69993 E,12.958
,53 18 37.72759 N,30 54 21.50789 E,12.957
,53 18 37.49376 N,30 54 30.94361 E,12.953
,53 18 37.25992 N,30 54 40.37573 E,12.950
,53 18 36.38876 N,30 54 43.01820 E,12.949
,53 18 35.51759 N,30 54 45.65708 E,12.948
,53 18 33.90116 N,30 54 45.54915 E,12.948
,53 18 32.28834 N,30 54 45.43763 E,12.948
,53 18 30.64314 N,30 54 46.67613 E,12.948
,53 18 28.99433 N,30 54 47.91102 E,12.947
,53 18 22.53223 N,30 54 47.46494 E,12.947
,53 18 16.07012 N,30 54 47.01885 E,12.948
,53 18 14.39615 N,30 54 49.60377 E,12.947
,53 18 12.72217 N,30 54 52.18868 E,12.946
,53 18 12.48113 N,30 55 1.62440 E,12.942
,53 18 12.24009 N,30 55 11.05652 E,12.938
,53 18 13.79177 N,30 55 13.86807 E,12.937
,53 18 13.66226 N,30 55 19.25734 E,12.935
,53 18 13.53275 N,30 55 24.64661 E,12.933
,53 18 14.27441 N,30 55 27.39701 E,12.932
,53 18 15.01607 N,30 55 30.14740 E,12.931
,53 18 14.81101 N,30 55 38.23671 E,12.928
,53 18 14.60235 N,30 55 46.32601 E,12.925
,53 18 16.15403 N,30 55 49.13397 E,12.924
,53 18 15.98494 N,30 55 55.86965 E,12.921
,53 18 15.81226 N,30 56 2.60534 E,12.918
,53 18 17.36393 N,30 56 5.41330 E,12.917
,53 18 17.26320 N,30 56 9.45975 E,12.916
,53 18 17.15887 N,30 56 13.50260 E,12.914
,53 18 17.90053 N,30 56 16.25300 E,12.913
,53 18 18.64219 N,30 56 19.00339 E,12.912
,53 18 19.11764 N,30 56 32.53592 E,12.907
,53 18 19.58948 N,30 56 46.06846 E,12.902
,53 18 20.33114 N,30 56 48.82245 E,12.901
,53 18 21.07280 N,30 56 51.57645 E,12.899
,53 18 21.64178 N,30 57 1.06613 E,12.896
,53 18 22.21076 N,30 57 10.55581 E,12.892
,53 18 23.75163 N,30 57 13.36377 E,12.891
,53 18 23.65450 N,30 57 17.41022 E,12.889
,53 18 23.55737 N,30 57 21.45307 E,12.888
,53 18 25.09824 N,30 57 24.26103 E,12.887
,53 18 25.02989 N,30 57 26.95386 E,12.886
,53 18 24.95794 N,30 57 29.65030 E,12.885
,53 18 26.51321 N,30 57 32.46185 E,12.884
,53 18 27.11816 N,30 57 40.60512 E,12.880
,53 18 27.71952 N,30 57 48.74838 E,12.877
,53 18 29.25679 N,30 57 51.55634 E,12.876
,53 18 28.99057 N,30 58 2.34208 E,12.872
,53 18 28.72436 N,30 58 13.12422 E,12.868
,53 18 30.27604 N,30 58 15.93217 E,12.867
,53 18 29.86592 N,30 58 32.10718 E,12.860
,53 18 29.45219 N,30 58 48.28219 E,12.854
,53 18 27.76382 N,30 58 50.86350 E,12.853
,53 18 27.59833 N,30 58 57.59919 E,12.851
,53 18 27.43285 N,30 59 4.33488 E,12.848
,53 18 25.74447 N,30 59 6.91619 E,12.847
,53 18 25.36673 N,30 59 21.74478 E,12.841
,53 18 24.98898 N,30 59 36.57337 E,12.836
,53 18 23.31500 N,30 59 39.14749 E,12.835
,53 18 24.85228 N,30 59 41.96264 E,12.834
,53 18 24.71557 N,30 59 47.35551 E,12.831
,53 18 24.57886 N,30 59 52.74478 E,12.829
,53 18 27.67501 N,30 59 58.36429 E,12.827
,53 18 30.77116 N,31 0 3.98381 E,12.825
,53 18 30.24950 N,31 0 24.19807 E,12.817
,53 18 29.72786 N,31 0 44.41593 E,12.809
,53 18 26.43025 N,31 0 46.87852 E,12.808
,53 18 23.13624 N,31 0 49.34471 E,12.807
,53 18 19.80626 N,31 0 53.16092 E,12.806
,53 18 16.47628 N,31 0 56.97353 E,12.805
,53 18 14.85985 N,31 0 56.85841 E,12.805
,53 18 13.24703 N,31 0 56.73968 E,12.805
,53 18 10.75584 N,31 0 59.26344 E,12.804
,53 18 8.26464 N,31 1 1.78719 E,12.803
,53 18 3.39019 N,31 1 2.78824 E,12.803
,53 17 58.51213 N,31 1 3.79289 E,12.802
,53 17 55.34764 N,31 1 0.86621 E,12.804
,53 17 52.18314 N,31 0 57.94314 E,12.805
,53 17 49.19492 N,31 0 48.27717 E,12.809
,53 17 46.20671 N,31 0 38.61481 E,12.812
,53 17 43.08178 N,31 0 34.34531 E,12.814
,53 17 39.96046 N,31 0 30.07222 E,12.816
,53 17 39.22600 N,31 0 27.31822 E,12.817
,53 17 38.48794 N,31 0 24.56422 E,12.818
,53 17 36.90389 N,31 0 23.10628 E,12.818
,53 17 35.31624 N,31 0 21.64835 E,12.819
,53 17 33.77897 N,31 0 18.83319 E,12.820
,53 17 30.55332 N,31 0 18.60655 E,12.820
,53 17 27.32407 N,31 0 18.37990 E,12.820
,53 17 25.77239 N,31 0 15.56475 E,12.822
,53 17 24.15957 N,31 0 15.44962 E,12.822
,53 17 22.54674 N,31 0 15.33810 E,12.822
,53 17 19.38944 N,31 0 12.41502 E,12.823
,53 17 16.22855 N,31 0 9.48835 E,12.824
,53 17 14.61572 N,31 0 9.37682 E,12.824
,53 17 12.99929 N,31 0 9.26170 E,12.824
,53 17 11.41524 N,31 0 7.80016 E,12.825
,53 17 9.82759 N,31 0 6.33502 E,12.825
,53 17 5.96821 N,30 59 59.31513 E,12.828
,53 17 2.10883 N,30 59 52.29524 E,12.831
,53 16 54.54835 N,30 59 31.51977 E,12.839
,53 16 46.98787 N,30 59 10.74430 E,12.847
,53 16 45.44340 N,30 59 7.93635 E,12.849
,53 16 43.89893 N,30 59 5.12839 E,12.850
,53 16 35.21904 N,30 58 56.42032 E,12.853
,53 16 26.53916 N,30 58 47.71584 E,12.857
,53 16 25.03066 N,30 58 43.56147 E,12.858
,53 16 23.51857 N,30 58 39.40710 E,12.860
,53 16 20.39365 N,30 58 35.13760 E,12.862
,53 16 17.26872 N,30 58 30.87170 E,12.863
,53 16 13.23306 N,30 58 30.59110 E,12.864
,53 16 9.19379 N,30 58 30.31050 E,12.864
,53 16 3.26829 N,30 58 40.68251 E,12.860
,53 15 57.34278 N,30 58 51.05452 E,12.856
,53 15 54.98830 N,30 58 48.18900 E,12.857
,53 15 52.63381 N,30 58 45.32709 E,12.858
,53 15 50.14982 N,30 58 47.85084 E,12.857
,53 15 47.66223 N,30 58 50.37459 E,12.856
,53 15 47.42119 N,30 58 59.79951 E,12.853
,53 15 47.18015 N,30 59 9.22443 E,12.849
,53 15 44.58463 N,30 59 15.78744 E,12.847
,53 15 41.98911 N,30 59 22.34684 E,12.844
,53 15 40.37629 N,30 59 22.23532 E,12.844
,53 15 38.76346 N,30 59 22.12020 E,12.844
,53 15 34.79615 N,30 59 19.14316 E,12.846
,53 15 30.82523 N,30 59 16.16612 E,12.847
,53 15 27.39430 N,30 59 11.58343 E,12.849
,53 15 23.95977 N,30 59 7.00075 E,12.850
,53 15 21.63788 N,30 59 15.22336 E,12.847
,53 15 19.31599 N,30 59 23.44597 E,12.844
,53 15 19.04978 N,30 59 34.21371 E,12.840
,53 15 18.78357 N,30 59 44.98144 E,12.836
,53 15 20.29206 N,30 59 49.13582 E,12.834
,53 15 21.80416 N,30 59 53.28659 E,12.833
,53 15 24.11907 N,30 59 57.49493 E,12.831
,53 15 26.43038 N,31 0 1.70686 E,12.829
,53 15 30.43366 N,31 0 3.33749 E,12.828
,53 15 34.43695 N,31 0 4.96811 E,12.828
,53 15 35.98862 N,31 0 7.77606 E,12.827
,53 15 37.60145 N,31 0 7.89478 E,12.827
,53 15 39.21788 N,31 0 8.00991 E,12.827
,53 15 40.76235 N,31 0 10.81426 E,12.825
,53 15 42.30682 N,31 0 13.61862 E,12.824
,53 15 44.69729 N,31 0 15.13772 E,12.824
,53 15 47.08775 N,31 0 16.65322 E,12.823
,53 15 47.82221 N,31 0 19.40362 E,12.822
,53 15 48.55667 N,31 0 22.15401 E,12.821
,53 15 48.48831 N,31 0 24.84685 E,12.820
,53 15 48.41996 N,31 0 27.54328 E,12.819
,53 15 49.97163 N,31 0 30.35124 E,12.818
,53 15 48.28325 N,31 0 32.92895 E,12.817
,53 15 48.21490 N,31 0 35.62179 E,12.816
,53 15 48.14295 N,31 0 38.31102 E,12.815
,53 15 47.27178 N,31 0 40.94989 E,12.814
,53 15 46.40061 N,31 0 43.58517 E,12.813
,53 15 44.71223 N,31 0 46.16288 E,12.812
,53 15 43.02385 N,31 0 48.74059 E,12.811
,53 15 42.11671 N,31 0 52.72228 E,12.809
,53 15 41.20957 N,31 0 56.70038 E,12.808
,53 15 34.57838 N,31 1 2.97557 E,12.805
,53 15 27.94359 N,31 1 9.24717 E,12.803
,53 15 26.33077 N,31 1 9.13205 E,12.803
,53 15 24.71794 N,31 1 9.01333 E,12.803
,53 15 20.50959 N,31 1 15.45761 E,12.801
,53 15 16.29764 N,31 1 21.90189 E,12.798
,53 15 16.16094 N,31 1 27.28756 E,12.796
,53 15 16.02423 N,31 1 32.66963 E,12.794
,53 15 23.78257 N,31 1 45.35940 E,12.789
,53 15 31.54091 N,31 1 58.05277 E,12.784
,53 15 31.40420 N,31 2 3.43483 E,12.782
,53 15 31.26750 N,31 2 8.82050 E,12.780
,53 15 29.58272 N,31 2 11.39822 E,12.779
,53 15 27.90154 N,31 2 13.97593 E,12.778
,53 15 23.01988 N,31 2 14.97698 E,12.778
,53 15 18.13823 N,31 2 15.97443 E,12.777
,53 15 18.06987 N,31 2 18.66727 E,12.776
,53 15 18.00152 N,31 2 21.36010 E,12.775
,53 15 16.32754 N,31 2 23.93421 E,12.774
,53 15 16.15126 N,31 2 30.66270 E,12.772
,53 15 15.97137 N,31 2 37.39119 E,12.769
,53 15 13.51976 N,31 2 38.56852 E,12.769
,53 15 11.06814 N,31 2 39.74226 E,12.768
,53 15 9.48769 N,31 2 38.28072 E,12.769
,53 15 7.90724 N,31 2 36.81558 E,12.770
,53 15 4.67439 N,31 2 36.58174 E,12.770
,53 15 1.44154 N,31 2 36.34789 E,12.770
,53 14 59.90067 N,31 2 33.53993 E,12.771
,53 14 58.28784 N,31 2 33.42481 E,12.771
,53 14 56.67502 N,31 2 33.30609 E,12.771
,53 14 55.12334 N,31 2 30.50533 E,12.772
,53 14 53.51052 N,31 2 30.38661 E,12.772
,53 14 51.89409 N,31 2 30.27149 E,12.772
,53 14 50.31364 N,31 2 28.80995 E,12.773
,53 14 48.73679 N,31 2 27.34841 E,12.774
,53 14 46.31395 N,31 2 27.17213 E,12.774
,53 14 43.88751 N,31 2 26.99584 E,12.774
,53 14 41.57621 N,31 2 22.78751 E,12.775
,53 14 39.26130 N,31 2 18.57917 E,12.777
,53 14 37.64847 N,31 2 18.46405 E,12.777
,53 14 36.03204 N,31 2 18.34533 E,12.777
,53 14 34.48757 N,31 2 15.54097 E,12.778
,53 14 32.94310 N,31 2 12.73662 E,12.780
,53 14 28.12980 N,31 2 11.04123 E,12.780
,53 14 23.31649 N,31 2 9.34585 E,12.781
,53 14 21.73965 N,31 2 7.88791 E,12.782
,53 14 20.15920 N,31 2 6.42637 E,12.782
,53 14 16.93354 N,31 2 6.19253 E,12.782
,53 14 13.70429 N,31 2 5.95868 E,12.782
,53 14 11.32103 N,31 2 4.44318 E,12.783
,53 14 8.93777 N,31 2 2.92408 E,12.784
,53 14 7.28177 N,31 2 4.15178 E,12.783
,53 14 5.62936 N,31 2 5.38307 E,12.783
,53 14 4.01294 N,31 2 5.27155 E,12.783
,53 14 2.40011 N,31 2 5.15643 E,12.783
,53 14 0.72613 N,31 2 7.73414 E,12.782
,53 13 59.10610 N,31 2 7.61542 E,12.782
,53 13 57.48608 N,31 2 7.49670 E,12.782
,53 13 54.82220 N,31 2 16.74174 E,12.779
,53 13 52.15833 N,31 2 25.98317 E,12.775
,53 13 51.14325 N,31 2 33.99692 E,12.772
,53 13 50.12458 N,31 2 42.01066 E,12.769
,53 13 48.44340 N,31 2 44.58477 E,12.768
,53 13 46.75862 N,31 2 47.16249 E,12.767
,53 13 45.84788 N,31 2 51.14058 E,12.766
,53 13 44.93353 N,31 2 55.11867 E,12.764
,53 13 43.21638 N,31 2 59.03560 E,12.763
,53 13 41.49922 N,31 3 2.95253 E,12.761
,53 13 39.81804 N,31 3 5.53024 E,12.760
,53 13 38.13686 N,31 3 8.10435 E,12.759
,53 13 33.99687 N,31 3 11.85220 E,12.758
,53 13 29.85327 N,31 3 15.59645 E,12.756
,53 13 27.18940 N,31 3 24.83429 E,12.753
,53 13 24.52552 N,31 3 34.07212 E,12.749
,53 13 26.06639 N,31 3 36.88368 E,12.748
,53 13 24.34924 N,31 3 40.80421 E,12.747
,53 13 22.63208 N,31 3 44.72474 E,12.745
,53 13 20.97608 N,31 3 45.95244 E,12.745
,53 13 19.32367 N,31 3 47.17653 E,12.744
,53 13 9.63952 N,31 3 46.47860 E,12.745
,53 12 59.95896 N,31 3 45.78067 E,12.745
,53 12 58.27058 N,31 3 48.35118 E,12.744
,53 12 42.93073 N,31 3 47.24672 E,12.745
,53 12 27.59089 N,31 3 46.14226 E,12.746
,53 12 26.01044 N,31 3 44.68072 E,12.746
,53 12 24.42999 N,31 3 43.21558 E,12.747
,53 12 17.16507 N,31 3 42.69033 E,12.747
,53 12 9.90015 N,31 3 42.16508 E,12.748
,53 12 4.99332 N,31 3 44.50535 E,12.747
,53 12 0.08289 N,31 3 46.84922 E,12.746
,53 12 0.81735 N,31 3 49.59601 E,12.745
,53 12 1.55181 N,31 3 52.34281 E,12.744
,53 12 4.78826 N,31 3 52.57665 E,12.744
,53 12 8.02111 N,31 3 52.81050 E,12.743
,53 12 9.59796 N,31 3 54.26844 E,12.743
,53 12 11.17841 N,31 3 55.72637 E,12.742
,53 12 11.10286 N,31 3 58.41561 E,12.741
,53 12 11.02730 N,31 4 1.10485 E,12.740
,53 12 9.35332 N,31 4 3.67896 E,12.739
,53 12 7.73690 N,31 4 3.56384 E,12.739
,53 12 6.12407 N,31 4 3.44511 E,12.739
,53 12 3.63288 N,31 4 5.95807 E,12.738
,53 12 1.13809 N,31 4 8.47102 E,12.738
,53 12 0.92583 N,31 4 16.53872 E,12.734
,53 12 0.71357 N,31 4 24.60282 E,12.731
,53 12 2.25084 N,31 4 27.41078 E,12.730
,53 12 2.18248 N,31 4 30.10002 E,12.729
,53 12 2.11413 N,31 4 32.78565 E,12.728
,53 12 3.66580 N,31 4 35.59721 E,12.727
,53 12 3.55427 N,31 4 39.62926 E,12.725
,53 12 3.44634 N,31 4 43.65771 E,12.724
,53 12 4.99802 N,31 4 46.46567 E,12.723
,53 12 6.43456 N,31 4 53.30208 E,12.720
,53 12 7.87110 N,31 5 0.14209 E,12.717
,53 12 10.11766 N,31 5 7.03966 E,12.715
,53 12 12.36061 N,31 5 13.93723 E,12.712
,53 12 12.29226 N,31 5 16.62646 E,12.711
,53 12 12.22390 N,31 5 19.31210 E,12.710
,53 12 13.76838 N,31 5 22.11646 E,12.709
,53 12 15.31285 N,31 5 24.92441 E,12.708
,53 12 16.04731 N,31 5 27.67481 E,12.707
,53 12 16.78177 N,31 5 30.42520 E,12.706
,53 12 16.67744 N,31 5 34.45726 E,12.704
,53 12 16.57671 N,31 5 38.48571 E,12.702
,53 12 18.11398 N,31 5 41.29367 E,12.701
,53 12 18.04563 N,31 5 43.98290 E,12.700
,53 12 17.97727 N,31 5 46.66854 E,12.699
,53 12 16.25652 N,31 5 50.58547 E,12.698
,53 12 14.53216 N,31 5 54.50600 E,12.696
,53 12 11.33888 N,31 5 52.92213 E,12.697
,53 12 8.14561 N,31 5 51.33827 E,12.698
,53 12 5.83070 N,31 5 47.12994 E,12.699
,53 12 3.51579 N,31 5 42.92160 E,12.701
,53 12 0.35849 N,31 5 39.99852 E,12.702
,53 11 57.20119 N,31 5 37.07904 E,12.703
,53 11 53.97194 N,31 5 36.84160 E,12.703
,53 11 50.74629 N,31 5 36.60415 E,12.704
,53 11 47.23282 N,31 5 47.12365 E,12.700
,53 11 43.71576 N,31 5 57.64314 E,12.696
,53 11 39.50741 N,31 6 4.06942 E,12.693
,53 11 35.29546 N,31 6 10.49211 E,12.691
,53 11 33.65026 N,31 6 11.71980 E,12.690
,53 11 32.00145 N,31 6 12.94389 E,12.690
,53 11 28.76860 N,31 6 12.70645 E,12.690
,53 11 25.53215 N,31 6 12.46901 E,12.690
,53 11 23.85817 N,31 6 15.04312 E,12.689
,53 11 21.43533 N,31 6 14.86684 E,12.689
,53 11 19.00889 N,31 6 14.68695 E,12.689
,53 11 17.28453 N,31 6 18.60388 E,12.688
,53 11 15.56018 N,31 6 22.51721 E,12.686
,53 11 15.34792 N,31 6 30.58132 E,12.683
,53 11 15.13566 N,31 6 38.64542 E,12.680
,53 11 13.46168 N,31 6 41.21593 E,12.679
,53 11 13.38612 N,31 6 43.90157 E,12.678
,53 11 13.31057 N,31 6 46.59080 E,12.677
,53 11 11.63299 N,31 6 49.15772 E,12.676
,53 11 11.56104 N,31 6 51.84695 E,12.675
,53 11 11.48548 N,31 6 54.53619 E,12.674
,53 11 9.80790 N,31 6 57.10310 E,12.673
,53 11 9.55607 N,31 7 6.50642 E,12.670
,53 11 9.30063 N,31 7 15.90974 E,12.666
,53 11 10.03509 N,31 7 18.66014 E,12.665
,53 11 10.76955 N,31 7 21.41053 E,12.664
,53 11 9.02001 N,31 7 26.66668 E,12.662
,53 11 7.26688 N,31 7 31.92283 E,12.660
,53 11 2.49676 N,31 7 28.87743 E,12.661
,53 10 57.72303 N,31 7 25.83203 E,12.662
,53 10 55.30019 N,31 7 25.65214 E,12.662
,53 10 52.87735 N,31 7 25.47586 E,12.663
,53 10 51.29690 N,31 7 24.01432 E,12.663
,53 10 49.71645 N,31 7 22.55278 E,12.664
,53 10 48.10363 N,31 7 22.43766 E,12.664
,53 10 46.49080 N,31 7 22.31893 E,12.664
,53 10 44.91035 N,31 7 20.85739 E,12.664
,53 10 43.32990 N,31 7 19.39225 E,12.665
,53 10 40.10065 N,31 7 19.15841 E,12.665
,53 10 36.87500 N,31 7 18.92096 E,12.665
,53 10 35.29815 N,31 7 17.45942 E,12.666
,53 10 33.71770 N,31 7 15.99428 E,12.667
,53 10 32.10487 N,31 7 15.87556 E,12.667
,53 10 30.49205 N,31 7 15.75684 E,12.667
,53 10 28.87562 N,31 7 15.63812 E,12.667
,53 10 27.26280 N,31 7 15.51940 E,12.667
,53 10 25.60679 N,31 7 16.74349 E,12.666
,53 10 23.95439 N,31 7 17.96759 E,12.666
,53 10 22.30559 N,31 7 19.19168 E,12.666
,53 10 20.65678 N,31 7 20.41578 E,12.665
,53 10 18.12961 N,31 7 24.27154 E,12.664
,53 10 15.60244 N,31 7 28.12371 E,12.662
,53 10 13.98962 N,31 7 28.00499 E,12.662
,53 10 12.37679 N,31 7 27.88987 E,12.662
,53 10 10.68841 N,31 7 30.44958 E,12.661
,53 10 6.69232 N,31 7 28.81176 E,12.662
,53 10 2.69624 N,31 7 27.17393 E,12.663
,53 9 57.29238 N,31 7 17.35688 E,12.667
,53 9 51.88493 N,31 7 7.53623 E,12.671
,53 9 51.95688 N,31 7 4.85420 E,12.672
,53 9 52.02524 N,31 7 2.16856 E,12.673
,53 9 47.39542 N,31 6 53.75909 E,12.676
,53 9 42.76920 N,31 6 45.34602 E,12.679
,53 9 41.18875 N,31 6 43.88448 E,12.680
,53 9 39.60830 N,31 6 42.41934 E,12.681
,53 9 37.36535 N,31 6 35.52897 E,12.683
,53 9 35.11879 N,31 6 28.63860 E,12.686
,53 9 30.52495 N,31 6 18.88271 E,12.690
,53 9 25.93111 N,31 6 9.12682 E,12.694
,53 9 24.31828 N,31 6 9.01170 E,12.694
,53 9 22.70186 N,31 6 8.89297 E,12.694
,53 9 21.05305 N,31 6 10.11707 E,12.693
,53 9 19.40785 N,31 6 11.34117 E,12.693
,53 9 16.88068 N,31 6 15.19693 E,12.692
,53 9 14.35351 N,31 6 19.04910 E,12.690
,53 9 13.47515 N,31 6 21.67718 E,12.689
,53 9 12.59678 N,31 6 24.30165 E,12.688
,53 9 10.13796 N,31 6 25.46458 E,12.688
,53 9 7.67915 N,31 6 26.62752 E,12.687
,53 9 4.30959 N,31 6 31.76494 E,12.685
,53 9 0.93643 N,31 6 36.90237 E,12.683
,53 8 55.95404 N,31 6 41.91747 E,12.682
,53 8 50.96806 N,31 6 46.93257 E,12.680
,53 8 49.31925 N,31 6 48.16027 E,12.679
,53 8 47.67045 N,31 6 49.38436 E,12.679
,53 8 46.05763 N,31 6 49.26564 E,12.679
,53 8 44.44480 N,31 6 49.14691 E,12.679
,53 8 40.30120 N,31 6 52.88036 E,12.678
,53 8 36.16121 N,31 6 56.61021 E,12.676
,53 8 34.54118 N,31 6 56.49508 E,12.676
,53 8 32.92115 N,31 6 56.37636 E,12.676
,53 8 28.78116 N,31 7 0.10981 E,12.675
,53 8 24.64116 N,31 7 3.83965 E,12.674
,53 8 23.02834 N,31 7 3.71733 E,12.674
,53 8 21.41191 N,31 7 3.59861 E,12.674
,53 8 21.54556 N,31 7 29.16610 E,12.664
,53 8 21.67562 N,31 7 54.72999 E,12.654
,53 8 23.21289 N,31 7 57.53075 E,12.653
,53 8 22.96825 N,31 8 6.92687 E,12.649
,53 8 22.72002 N,31 8 16.32299 E,12.646
,53 8 23.45447 N,31 8 19.06619 E,12.644
,53 8 24.18893 N,31 8 21.80939 E,12.643
,53 8 24.04503 N,31 8 27.17705 E,12.641
,53 8 23.90112 N,31 8 32.54832 E,12.639
,53 8 24.63558 N,31 8 35.29152 E,12.638
,53 8 25.37004 N,31 8 38.03472 E,12.637
,53 8 26.96541 N,31 9 9.08860 E,12.625
,53 8 28.55718 N,31 9 40.14249 E,12.613
,53 8 29.84982 N,31 9 52.34657 E,12.608
,53 8 31.13885 N,31 10 4.54705 E,12.603
,53 8 30.92659 N,31 10 12.60395 E,12.600
,53 8 30.71433 N,31 10 20.65726 E,12.597
,53 8 32.55434 N,31 10 42.31502 E,12.589
,53 8 34.39435 N,31 11 3.96918 E,12.580
,53 8 35.93162 N,31 11 6.76994 E,12.579
,53 8 35.74814 N,31 11 13.48403 E,12.577
,53 8 35.56105 N,31 11 20.19452 E,12.574
,53 8 36.29551 N,31 11 22.94131 E,12.573
,53 8 37.03357 N,31 11 25.68811 E,12.572
,53 8 36.88966 N,31 11 31.05938 E,12.570
,53 8 36.74576 N,31 11 36.42705 E,12.568
,53 8 38.24705 N,31 11 40.57422 E,12.566
,53 8 39.75195 N,31 11 44.72140 E,12.565
,53 8 39.68359 N,31 11 47.40703 E,12.563
,53 8 39.61524 N,31 11 50.09267 E,12.562
,53 8 41.12014 N,31 11 54.23984 E,12.561
,53 8 42.62143 N,31 11 58.38702 E,12.559
,53 8 44.78523 N,31 12 7.96303 E,12.555
,53 8 46.94903 N,31 12 17.54263 E,12.552
,53 8 46.83750 N,31 12 21.57109 E,12.550
,53 8 46.72957 N,31 12 25.59954 E,12.549
,53 8 44.93686 N,31 12 32.19130 E,12.546
,53 8 43.14415 N,31 12 38.78307 E,12.544
,53 8 39.79977 N,31 12 42.56688 E,12.542
,53 8 36.45539 N,31 12 46.35068 E,12.541
,53 8 34.84256 N,31 12 46.22836 E,12.541
,53 8 33.22973 N,31 12 46.10244 E,12.541
,53 8 31.54135 N,31 12 48.66935 E,12.540
,53 8 15.40589 N,31 12 47.45332 E,12.541
,53 7 59.26683 N,31 12 46.23370 E,12.541
,53 7 51.85800 N,31 12 51.05092 E,12.540
,53 7 44.44918 N,31 12 55.86813 E,12.538
,53 7 42.76080 N,31 12 58.42784 E,12.537
,53 7 41.07242 N,31 13 0.99116 E,12.536
,53 7 39.45599 N,31 13 0.87243 E,12.536
,53 7 37.84317 N,31 13 0.75011 E,12.536
,53 7 36.15479 N,31 13 3.31342 E,12.535
,53 7 31.31271 N,31 13 2.94646 E,12.535
,53 7 26.47423 N,31 13 2.57949 E,12.536
,53 7 24.78585 N,31 13 5.13920 E,12.535
,53 7 15.83255 N,31 13 7.15566 E,12.534
,53 7 6.87565 N,31 13 9.17212 E,12.533
,53 7 1.08325 N,31 13 14.11166 E,12.532
,53 6 55.28725 N,31 13 19.04760 E,12.530
,53 6 57.55899 N,31 13 24.59516 E,12.528
,53 6 59.83072 N,31 13 30.14271 E,12.525
,53 7 1.41117 N,31 13 31.60785 E,12.525
,53 7 2.99162 N,31 13 33.07299 E,12.524
,53 7 6.21727 N,31 13 33.31764 E,12.524
,53 7 9.44292 N,31 13 33.56228 E,12.524
,53 7 11.82618 N,31 13 35.08498 E,12.523
,53 7 14.20945 N,31 13 36.60768 E,12.523
,53 7 15.78990 N,31 13 38.07283 E,12.522
,53 7 17.37035 N,31 13 39.53437 E,12.522
,53 7 18.10480 N,31 13 42.28116 E,12.520
,53 7 18.83926 N,31 13 45.02796 E,12.519
,53 7 18.76371 N,31 13 47.70999 E,12.518
,53 7 18.68816 N,31 13 50.39203 E,12.517
,53 7 20.22543 N,31 13 53.19999 E,12.516
,53 7 19.89804 N,31 14 5.27454 E,12.511
,53 7 19.56705 N,31 14 17.34910 E,12.507
,53 7 15.38387 N,31 14 22.40736 E,12.505
,53 7 11.20430 N,31 14 27.46203 E,12.503
,53 7 7.08948 N,31 14 29.83826 E,12.502
,53 7 2.97826 N,31 14 32.21449 E,12.501
,53 7 1.28988 N,31 14 34.77780 E,12.500
,53 7 3.60479 N,31 14 38.98613 E,12.499
,53 7 5.91610 N,31 14 43.19447 E,12.497
,53 7 7.48935 N,31 14 44.65961 E,12.496
,53 7 9.06260 N,31 14 46.12475 E,12.496
,53 7 11.48544 N,31 14 46.30824 E,12.496
,53 7 13.90827 N,31 14 46.49172 E,12.496
,53 7 17.79643 N,31 14 52.16520 E,12.493
,53 7 21.68099 N,31 14 57.84227 E,12.491
,53 7 19.15022 N,31 15 1.68004 E,12.490
,53 7 16.61585 N,31 15 5.51781 E,12.488
,53 7 11.77377 N,31 15 5.15084 E,12.488
,53 7 6.93169 N,31 15 4.78388 E,12.489
,53 7 5.39442 N,31 15 1.97592 E,12.490
,53 7 1.35875 N,31 15 1.66651 E,12.490
,53 6 57.31949 N,31 15 1.35710 E,12.490
,53 6 54.75274 N,31 15 6.53769 E,12.488
,53 6 52.18240 N,31 15 11.71828 E,12.486
,53 6 51.88738 N,31 15 22.45361 E,12.482
,53 6 51.59237 N,31 15 33.18536 E,12.478
,53 6 52.28725 N,31 15 37.27137 E,12.476
,53 6 52.98213 N,31 15 41.35738 E,12.475
,53 6 51.29015 N,31 15 43.91710 E,12.474
,53 6 50.25040 N,31 16 21.47279 E,12.459
,53 6 49.20704 N,31 16 59.02848 E,12.445
,53 6 47.40713 N,31 17 5.61305 E,12.442
,53 6 45.60722 N,31 17 12.19401 E,12.440
,53 6 45.38056 N,31 17 20.24012 E,12.437
,53 6 45.15390 N,31 17 28.28622 E,12.433
,53 6 43.46552 N,31 17 30.84234 E,12.432
,53 6 43.28204 N,31 17 37.54562 E,12.430
,53 6 43.09495 N,31 17 44.25251 E,12.427
,53 6 41.40657 N,31 17 46.81582 E,12.426
,53 6 40.87769 N,31 18 5.59367 E,12.419
,53 6 40.34882 N,31 18 24.36792 E,12.412
,53 6 45.81022 N,31 18 31.51014 E,12.409
,53 6 51.26803 N,31 18 38.65595 E,12.406
,53 6 50.73915 N,31 18 57.43380 E,12.399
,53 6 50.21028 N,31 19 16.20805 E,12.392
,53 6 51.74755 N,31 19 19.01601 E,12.390
,53 6 51.37338 N,31 19 32.42978 E,12.385
,53 6 50.99561 N,31 19 45.84356 E,12.380
,53 6 50.11725 N,31 19 48.46083 E,12.379
,53 6 49.23528 N,31 19 51.07811 E,12.378
,53 6 45.23199 N,31 19 49.42588 E,12.379
,53 6 41.22870 N,31 19 47.77006 E,12.379
,53 6 39.54032 N,31 19 50.32977 E,12.379
,53 6 37.85194 N,31 19 52.88588 E,12.378
,53 6 37.77639 N,31 19 55.56432 E,12.377
,53 6 37.70083 N,31 19 58.24635 E,12.375
,53 6 36.82247 N,31 20 0.86723 E,12.374
,53 6 35.94410 N,31 20 3.48450 E,12.373
,53 6 36.67136 N,31 20 6.22770 E,12.372
,53 6 37.39862 N,31 20 8.97089 E,12.371
,53 6 36.52025 N,31 20 11.59177 E,12.370
,53 6 35.64188 N,31 20 14.21264 E,12.369
,53 6 27.45902 N,31 20 17.60428 E,12.368
,53 6 19.27256 N,31 20 20.99592 E,12.367
,53 6 10.31566 N,31 20 22.98358 E,12.366
,53 6 1.36236 N,31 20 24.96764 E,12.366
,53 5 55.71387 N,31 20 24.52511 E,12.366
,53 5 50.06178 N,31 20 24.07898 E,12.366
,53 5 46.72459 N,31 20 27.85198 E,12.365
,53 5 43.38741 N,31 20 31.62139 E,12.363
,53 5 43.22910 N,31 20 36.98186 E,12.361
,53 5 43.07079 N,31 20 42.34593 E,12.359
,53 5 44.60807 N,31 20 45.15389 E,12.358
,53 5 44.26627 N,31 20 57.22125 E,12.354
,53 5 43.92448 N,31 21 9.28501 E,12.349
,53 5 45.46175 N,31 21 12.09297 E,12.348
,53 5 44.46826 N,31 21 18.73509 E,12.345
,53 5 43.47116 N,31 21 25.37362 E,12.343
,53 5 43.20492 N,31 21 34.75534 E,12.339
,53 5 42.93508 N,31 21 44.13707 E,12.335
,53 5 41.83705 N,31 21 43.12191 E,12.336
,53 5 40.73901 N,31 21 42.10315 E,12.336
,53 5 37.73657 N,31 21 42.12490 E,12.336
,53 5 34.73772 N,31 21 42.14664 E,12.336
,53 5 32.96285 N,31 21 39.72390 E,12.337
,53 5 31.52256 N,31 21 24.40939 E,12.343
,53 5 30.07867 N,31 21 9.09128 E,12.349
,53 5 29.17453 N,31 20 39.34057 E,12.361
,53 5 28.26680 N,31 20 9.58627 E,12.372
,53 5 26.80874 N,31 20 7.42991 E,12.373
,53 5 23.33469 N,31 20 7.49488 E,12.373
,53 5 19.86063 N,31 20 7.55625 E,12.373
,53 5 9.43133 N,31 20 10.62399 E,12.372
,53 4 59.00203 N,31 20 13.69534 E,12.371
,53 4 57.05800 N,31 20 13.49023 E,12.371
,53 4 55.11397 N,31 20 13.28152 E,12.371
,53 4 51.71555 N,31 20 15.08891 E,12.371
,53 4 48.31713 N,31 20 16.89629 E,12.370
,53 4 46.86270 N,31 20 16.62276 E,12.370
,53 4 45.40467 N,31 20 16.35283 E,12.370
,53 4 32.35792 N,31 20 7.19496 E,12.374
,53 4 19.31116 N,31 19 58.04068 E,12.378
,53 4 10.94812 N,31 19 51.38101 E,12.381
,53 4 2.58508 N,31 19 44.72134 E,12.383
,53 3 27.40898 N,31 19 46.46907 E,12.383
,53 2 52.22929 N,31 19 48.22039 E,12.383
,53 2 43.85920 N,31 19 50.41683 E,12.383
,53 2 35.48912 N,31 19 52.61326 E,12.382
,53 2 33.55228 N,31 19 51.94014 E,12.382
,53 2 31.61544 N,31 19 51.26703 E,12.382
,53 2 30.31938 N,31 19 49.25467 E,12.383
,53 2 29.01973 N,31 19 47.23871 E,12.384
,53 2 19.46450 N,31 19 8.65392 E,12.399
,53 2 9.90208 N,31 18 30.07273 E,12.414
,53 2 10.51389 N,31 18 18.80457 E,12.419
,53 2 11.12570 N,31 18 7.53640 E,12.423
,53 2 14.44823 N,31 17 49.02842 E,12.430
,53 2 17.77075 N,31 17 30.52044 E,12.437
,53 2 18.21703 N,31 17 23.27354 E,12.440
,53 2 18.66331 N,31 17 16.03023 E,12.443
,53 2 20.16799 N,31 17 7.98406 E,12.446
,53 2 21.66907 N,31 16 59.93790 E,12.449
,53 2 23.97638 N,31 16 41.42277 E,12.456
,53 2 26.28368 N,31 16 22.91124 E,12.463
,53 2 29.23906 N,31 16 7.62172 E,12.469
,53 2 32.19083 N,31 15 52.32859 E,12.475
,53 2 29.68153 N,31 15 48.50187 E,12.477
,53 2 27.17582 N,31 15 44.67875 E,12.478
,53 2 26.29010 N,31 15 38.23831 E,12.481
,53 2 25.40437 N,31 15 31.79788 E,12.483
,53 2 22.97430 N,31 15 29.98718 E,12.484
,53 2 20.54423 N,31 15 28.18007 E,12.485
,53 2 18.32650 N,31 15 22.34091 E,12.487
,53 2 16.10876 N,31 15 16.50535 E,12.489
,53 2 13.67513 N,31 15 16.50547 E,12.489
,53 2 11.24509 N,31 15 16.50559 E,12.489
,53 2 10.68338 N,31 15 10.87155 E,12.492
,53 2 10.11807 N,31 15 5.23751 E,12.494
,53 2 8.38282 N,31 15 3.55998 E,12.495
,53 2 6.64396 N,31 15 1.87884 E,12.495
,53 2 6.60432 N,31 14 59.46681 E,12.496
,53 2 6.56108 N,31 14 57.05119 E,12.497
,53 2 4.29656 N,31 14 52.55844 E,12.499
,53 2 2.02845 N,31 14 48.06570 E,12.501
,53 2 2.23718 N,31 14 44.04084 E,12.502
,53 2 2.44231 N,31 14 40.01599 E,12.504
,53 2 1.54947 N,31 14 38.41041 E,12.504
,53 1 59.60547 N,31 14 40.15653 E,12.504
,53 1 57.66148 N,31 14 41.89904 E,12.503
,53 1 56.70024 N,31 14 40.68947 E,12.504
,53 1 57.58220 N,31 14 37.47099 E,12.505
,53 1 56.28973 N,31 14 34.52622 E,12.506
,53 1 54.35289 N,31 14 34.18791 E,12.506
,53 1 52.41606 N,31 14 33.85320 E,12.506
,53 1 50.96168 N,31 14 36.20050 E,12.505
,53 1 49.50370 N,31 14 38.54780 E,12.505
,53 1 48.09243 N,31 14 35.86223 E,12.506
,53 1 46.67756 N,31 14 33.17667 E,12.507
,53 1 43.76515 N,31 14 35.26124 E,12.506
,53 1 40.85275 N,31 14 37.33860 E,12.505
,53 1 38.54505 N,31 14 34.05548 E,12.507
,53 1 36.23736 N,31 14 30.76875 E,12.508
,53 1 34.45898 N,31 14 33.11606 E,12.507
,53 1 32.68059 N,31 14 35.46698 E,12.506
,53 1 31.39190 N,31 14 42.70672 E,12.503
,53 1 30.09961 N,31 14 49.94647 E,12.500
,53 1 28.11606 N,31 14 54.37462 E,12.499
,53 1 26.13250 N,31 14 58.79917 E,12.497
,53 1 27.50427 N,31 15 6.91000 E,12.494
,53 1 28.87963 N,31 15 15.02443 E,12.491
,53 1 27.71336 N,31 15 23.07058 E,12.488
,53 1 26.54348 N,31 15 31.12033 E,12.485
,53 1 24.07391 N,31 15 34.94009 E,12.483
,53 1 21.60074 N,31 15 38.76346 E,12.482
,53 1 19.34354 N,31 15 40.84079 E,12.481
,53 1 17.08275 N,31 15 42.91812 E,12.480
,53 1 16.67598 N,31 15 45.33017 E,12.479
,53 1 16.27282 N,31 15 47.74222 E,12.478
,53 1 12.70894 N,31 15 57.39771 E,12.475
,53 1 9.14505 N,31 16 7.05319 E,12.471
,53 1 5.86911 N,31 16 13.22022 E,12.469
,53 1 2.59317 N,31 16 19.38365 E,12.466
,53 0 57.25797 N,31 16 23.94157 E,12.465
,53 0 51.92277 N,31 16 28.49588 E,12.463
,53 0 51.55921 N,31 16 30.91152 E,12.462
,53 0 51.19565 N,31 16 33.32717 E,12.461
,53 0 49.78086 N,31 16 35.19926 E,12.460
,53 0 48.36607 N,31 16 37.07495 E,12.460
,53 0 48.40219 N,31 16 43.51183 E,12.457
,53 0 48.43830 N,31 16 49.94870 E,12.455
,53 0 43.78712 N,31 16 55.17618 E,12.453
,53 0 39.13954 N,31 17 0.40007 E,12.451
,53 0 36.83204 N,31 17 7.63987 E,12.448
,53 0 34.52453 N,31 17 14.87607 E,12.445
,53 0 32.78935 N,31 17 17.21618 E,12.444
,53 0 31.05056 N,31 17 19.55629 E,12.443
,53 0 31.16941 N,31 17 21.97191 E,12.443
,53 0 31.28465 N,31 17 24.38393 E,12.442
,53 0 29.83383 N,31 17 24.58561 E,12.442
,53 0 28.38661 N,31 17 24.78368 E,12.441
,53 0 27.41096 N,31 17 22.37170 E,12.442
,53 0 26.43530 N,31 17 19.95612 E,12.443
,53 0 24.49847 N,31 17 19.68981 E,12.444
,53 0 23.12688 N,31 17 21.42869 E,12.443
,53 0 21.75529 N,31 17 23.17118 E,12.442
,53 0 18.95820 N,31 17 31.81502 E,12.439
,53 0 16.16471 N,31 17 40.46245 E,12.436
,53 0 17.37442 N,31 17 46.09286 E,12.433
,53 0 18.58054 N,31 17 51.72327 E,12.431
,53 0 18.86502 N,31 17 55.74090 E,12.430
,53 0 19.14589 N,31 17 59.76214 E,12.428
,53 0 18.49792 N,31 18 2.17780 E,12.427
,53 0 17.85356 N,31 18 4.58986 E,12.426
,53 0 16.39916 N,31 18 5.86074 E,12.426
,53 0 14.94476 N,31 18 7.13163 E,12.425
,53 0 15.74762 N,31 18 9.95042 E,12.424
,53 0 16.71246 N,31 18 11.15279 E,12.424
,53 0 14.25006 N,31 18 13.56494 E,12.423
,53 0 11.78407 N,31 18 15.97348 E,12.422
,53 0 13.15933 N,31 18 18.45745 E,12.421
,53 0 14.53100 N,31 18 20.93781 E,12.420
,53 0 12.91101 N,31 18 22.94671 E,12.419
,53 0 11.45659 N,31 18 23.34999 E,12.419
,53 0 10.08142 N,31 18 26.02848 E,12.418
,53 0 8.99068 N,31 18 30.58259 E,12.416
,53 0 7.89995 N,31 18 35.14030 E,12.415
,53 0 8.33921 N,31 18 38.35511 E,12.413
,53 0 8.77847 N,31 18 41.57353 E,12.412
,53 0 6.35206 N,31 18 43.11086 E,12.411
,53 0 3.92926 N,31 18 44.65180 E,12.411
,53 0 1.82682 N,31 18 44.11190 E,12.411
,52 59 59.72797 N,31 18 43.57199 E,12.411
,52 59 55.37924 N,31 18 50.87309 E,12.409
,52 59 51.03410 N,31 18 58.17058 E,12.406
,52 59 43.26890 N,31 19 4.86344 E,12.403
,52 59 35.50370 N,31 19 11.55629 E,12.401
,52 59 32.87214 N,31 19 15.50206 E,12.399
,52 59 30.24417 N,31 19 19.45144 E,12.398
,52 59 28.90503 N,31 19 24.27196 E,12.396
,52 59 27.56590 N,31 19 29.09248 E,12.394
,52 59 27.07636 N,31 19 33.11375 E,12.393
,52 59 26.59042 N,31 19 37.13502 E,12.391
,52 59 25.09286 N,31 19 40.34633 E,12.390
,52 59 23.59529 N,31 19 43.56124 E,12.389
,52 59 21.80981 N,31 19 51.59663 E,12.386
,52 59 20.02792 N,31 19 59.63561 E,12.383
,52 59 21.39258 N,31 20 13.30490 E,12.377
,52 59 22.76084 N,31 20 26.97780 E,12.372
,52 59 19.40208 N,31 20 32.06122 E,12.370
,52 59 16.04332 N,31 20 37.14824 E,12.368
,52 59 15.22626 N,31 20 45.98638 E,12.365
,52 59 14.40921 N,31 20 54.82813 E,12.361
,52 59 13.68204 N,31 20 57.24019 E,12.360
,52 59 12.95487 N,31 20 59.64865 E,12.359
,52 59 9.27570 N,31 21 4.13089 E,12.358
,52 59 5.59292 N,31 21 8.60952 E,12.356
,52 59 6.19060 N,31 21 12.63073 E,12.354
,52 59 6.78828 N,31 21 16.64835 E,12.353
,52 59 6.22673 N,31 21 19.86322 E,12.352
,52 59 3.31433 N,31 21 22.33659 E,12.351
,52 59 0.40193 N,31 21 24.80996 E,12.350
,52 58 56.51749 N,31 21 25.73896 E,12.350
,52 58 52.62944 N,31 21 26.66795 E,12.349
,52 58 49.72064 N,31 21 28.73452 E,12.349
,52 58 46.80823 N,31 21 30.80468 E,12.348
,52 58 43.04259 N,31 21 31.60048 E,12.348
,52 58 39.28054 N,31 21 32.39627 E,12.347
,52 58 33.62489 N,31 21 34.32976 E,12.347
,52 58 27.96564 N,31 21 36.26326 E,12.346
,52 58 24.08477 N,31 21 35.18343 E,12.346
,52 58 20.20749 N,31 21 34.10001 E,12.347
,52 58 17.29509 N,31 21 36.43658 E,12.346
,52 58 14.38269 N,31 21 38.76955 E,12.345
,52 58 11.95265 N,31 21 38.63286 E,12.345
,52 58 9.52261 N,31 21 38.49618 E,12.345
,52 58 7.09979 N,31 21 39.69511 E,12.345
,52 58 4.67338 N,31 21 40.89044 E,12.345
,52 58 2.97061 N,31 21 44.44016 E,12.343
,52 58 1.26785 N,31 21 47.98629 E,12.342
,52 57 58.31581 N,31 21 47.91083 E,12.342
,52 57 55.36376 N,31 21 47.83537 E,12.342
,52 57 51.48292 N,31 21 49.03077 E,12.342
,52 57 47.60569 N,31 21 50.22617 E,12.341
,52 57 44.61054 N,31 21 55.57238 E,12.339
,52 57 41.61539 N,31 22 0.92219 E,12.337
,52 57 40.43469 N,31 22 8.15113 E,12.334
,52 57 39.25400 N,31 22 15.37647 E,12.332
,52 57 38.32163 N,31 22 17.72014 E,12.331
,52 57 37.38566 N,31 22 20.06022 E,12.330
,52 57 34.95566 N,31 22 22.40036 E,12.329
,52 57 32.52567 N,31 22 24.73691 E,12.328
,52 57 29.61325 N,31 22 26.19866 E,12.328
,52 57 26.70443 N,31 22 27.66042 E,12.327
,52 57 19.01127 N,31 22 36.27569 E,12.324
,52 57 11.32171 N,31 22 44.89097 E,12.321
,52 57 5.50041 N,31 22 44.60684 E,12.321
,52 56 59.67552 N,31 22 44.32272 E,12.321
,52 56 50.70773 N,31 22 41.15152 E,12.323
,52 56 41.73994 N,31 22 37.98391 E,12.324
,52 56 34.42101 N,31 22 36.49025 E,12.325
,52 56 27.10207 N,31 22 34.99658 E,12.325
,52 56 14.29657 N,31 22 28.93833 E,12.328
,52 56 1.48748 N,31 22 22.88007 E,12.330
,52 55 59.70184 N,31 22 22.47696 E,12.331
,52 55 56.06582 N,31 22 24.47515 E,12.330
,52 55 52.42620 N,31 22 26.47335 E,12.329
,52 55 49.67934 N,31 22 25.32507 E,12.330
,52 55 46.93248 N,31 22 24.17679 E,12.330
,52 55 42.59811 N,31 22 29.58786 E,12.328
,52 55 38.26734 N,31 22 34.99534 E,12.326
,52 55 33.64508 N,31 22 47.01970 E,12.322
,52 55 29.02283 N,31 22 59.04766 E,12.317
,52 55 25.13844 N,31 23 3.11950 E,12.316
,52 55 21.25045 N,31 23 7.19133 E,12.314
,52 55 16.39760 N,31 23 8.44438 E,12.314
,52 55 11.54115 N,31 23 9.69743 E,12.313
,52 55 10.57996 N,31 23 10.89989 E,12.313
,52 55 10.65560 N,31 23 13.31192 E,12.312
,52 55 10.73125 N,31 23 15.72034 E,12.311
,52 55 9.83846 N,31 23 17.31880 E,12.310
,52 55 3.52762 N,31 23 20.31074 E,12.309
,52 54 57.22038 N,31 23 23.30268 E,12.308
,52 54 56.52569 N,31 23 30.52440 E,12.305
,52 54 55.83101 N,31 23 37.74972 E,12.303
,52 54 41.75489 N,31 23 42.98486 E,12.301
,52 54 27.67877 N,31 23 48.22360 E,12.299
,52 54 27.01999 N,31 23 49.82205 E,12.298
,52 54 29.48613 N,31 23 55.44879 E,12.296
,52 54 31.95226 N,31 24 1.07554 E,12.294
,52 54 33.30961 N,31 24 8.30436 E,12.291
,52 54 34.67056 N,31 24 15.52958 E,12.288
,52 54 34.86866 N,31 24 21.14564 E,12.286
,52 54 35.07036 N,31 24 26.76529 E,12.284
,52 54 33.11924 N,31 24 33.17706 E,12.281
,52 54 31.16813 N,31 24 39.59243 E,12.279
,52 54 25.73580 N,31 24 48.13200 E,12.276
,52 54 20.30707 N,31 24 56.67516 E,12.273
,52 54 9.13629 N,31 25 7.19502 E,12.269
,52 53 57.96190 N,31 25 17.71488 E,12.265
,52 53 57.15192 N,31 25 19.31694 E,12.264
,52 53 56.34193 N,31 25 20.92260 E,12.264
,52 53 54.87324 N,31 25 28.13715 E,12.261
,52 53 53.40454 N,31 25 35.34811 E,12.258
,52 53 52.02936 N,31 25 37.41460 E,12.257
,52 53 50.65778 N,31 25 39.48109 E,12.256
,52 53 39.97291 N,31 25 45.05447 E,12.254
,52 53 29.28805 N,31 25 50.62785 E,12.252
,52 53 24.43525 N,31 25 54.68533 E,12.251
,52 53 19.57885 N,31 25 58.74281 E,12.249
,52 53 12.32849 N,31 26 7.00166 E,12.246
,52 53 5.07812 N,31 26 15.26050 E,12.243
,52 53 1.19011 N,31 26 17.71592 E,12.242
,52 52 57.30569 N,31 26 20.17493 E,12.242
,52 52 55.67860 N,31 26 27.38590 E,12.239
,52 52 54.05150 N,31 26 34.59686 E,12.236
,52 52 50.35438 N,31 26 42.53513 E,12.233
,52 52 46.66087 N,31 26 50.46980 E,12.230
,52 52 47.30179 N,31 26 56.88864 E,12.227
,52 52 47.93911 N,31 27 3.30389 E,12.225
,52 52 46.75839 N,31 27 8.91641 E,12.223
,52 52 45.57767 N,31 27 14.52534 E,12.221
,52 52 40.79331 N,31 27 20.58444 E,12.218
,52 52 36.00534 N,31 27 26.64354 E,12.216
,52 52 33.32701 N,31 27 33.04454 E,12.214
,52 52 30.64869 N,31 27 39.44555 E,12.211
,52 52 24.12201 N,31 27 51.84801 E,12.206
,52 52 17.59173 N,31 28 4.24687 E,12.202
,52 52 14.06735 N,31 28 8.50949 E,12.200
,52 52 10.54657 N,31 28 12.76851 E,12.199
,52 52 5.68294 N,31 28 15.08357 E,12.198
,52 52 0.82291 N,31 28 17.39863 E,12.197
,52 51 58.87892 N,31 28 19.78915 E,12.196
,52 51 56.93493 N,31 28 22.18327 E,12.195
,52 51 54.53384 N,31 28 30.18988 E,12.192
,52 51 52.12914 N,31 28 38.19649 E,12.189
,52 51 46.77959 N,31 28 45.24923 E,12.186
,52 51 41.43363 N,31 28 52.30197 E,12.184
,52 51 39.40687 N,31 28 56.36651 E,12.182
,52 51 37.38011 N,31 29 0.43106 E,12.181
,52 51 33.83071 N,31 29 14.84220 E,12.175
,52 51 30.28131 N,31 29 29.24974 E,12.169
,52 51 30.32113 N,31 29 41.51508 E,12.165
,52 51 30.36454 N,31 29 53.77683 E,12.160
,52 51 28.51075 N,31 30 6.93147 E,12.155
,52 51 26.65695 N,31 30 20.08252 E,12.150
,52 51 25.82572 N,31 30 41.65041 E,12.141
,52 51 24.99448 N,31 31 3.21831 E,12.133
,52 51 25.41578 N,31 31 8.24395 E,12.131
,52 51 25.83347 N,31 31 13.27319 E,12.129
,52 51 31.53278 N,31 31 37.54440 E,12.120
,52 51 37.23210 N,31 32 1.81922 E,12.110
,52 51 33.27936 N,31 32 8.60549 E,12.107
,52 51 29.32302 N,31 32 15.39176 E,12.105
,52 51 26.64462 N,31 32 18.01272 E,12.104
,52 51 23.96623 N,31 32 20.63368 E,12.103
,52 51 20.78019 N,31 32 21.30704 E,12.103
,52 51 17.59416 N,31 32 21.97680 E,12.102
,52 51 7.22593 N,31 32 17.74724 E,12.104
,52 50 56.85770 N,31 32 13.51409 E,12.106
,52 50 46.25559 N,31 32 16.39463 E,12.105
,52 50 35.65348 N,31 32 19.27517 E,12.104
,52 50 30.24257 N,31 32 17.61581 E,12.105
,52 50 24.83166 N,31 32 15.95285 E,12.106
,52 50 22.05956 N,31 32 12.62294 E,12.107
,52 50 19.28386 N,31 32 9.29304 E,12.108
,52 50 16.47570 N,31 32 2.63309 E,12.111
,52 50 13.66754 N,31 31 55.96955 E,12.114
,52 50 9.63524 N,31 31 42.31478 E,12.119
,52 50 5.60654 N,31 31 28.65641 E,12.124
,52 50 0.72118 N,31 31 23.95499 E,12.126
,52 49 55.83943 N,31 31 19.24997 E,12.128
,52 49 54.64415 N,31 31 16.05679 E,12.130
,52 49 53.44888 N,31 31 12.86361 E,12.131
,52 49 40.89927 N,31 31 22.94073 E,12.127
,52 49 28.34606 N,31 31 33.01785 E,12.123
,52 49 19.88607 N,31 31 41.07515 E,12.120
,52 49 11.42969 N,31 31 49.12885 E,12.117
,52 49 6.86855 N,31 31 56.57395 E,12.115
,52 49 2.31101 N,31 32 4.01546 E,12.112
,52 48 56.73475 N,31 32 16.36027 E,12.107
,52 48 51.15848 N,31 32 28.70148 E,12.102
,52 48 43.51581 N,31 32 42.76002 E,12.097
,52 48 35.87314 N,31 32 56.81855 E,12.092
,52 48 33.97241 N,31 33 2.11790 E,12.090
,52 48 32.07167 N,31 33 7.41366 E,12.088
,52 48 27.61512 N,31 33 25.30968 E,12.081
,52 48 23.15857 N,31 33 43.20211 E,12.074
,52 48 6.26722 N,31 33 49.32299 E,12.072
,52 47 49.37588 N,31 33 55.44387 E,12.070
,52 47 48.84671 N,31 33 58.14032 E,12.069
,52 47 48.31755 N,31 34 0.84038 E,12.068
,52 47 48.53013 N,31 34 10.80529 E,12.064
,52 47 48.74271 N,31 34 20.77380 E,12.060
,52 47 46.84200 N,31 34 27.48437 E,12.057
,52 47 44.94129 N,31 34 34.19854 E,12.055
,52 47 42.00732 N,31 34 38.47553 E,12.053
,52 47 39.07695 N,31 34 42.75252 E,12.051
,52 47 38.08699 N,31 34 45.74060 E,12.050
,52 47 37.09703 N,31 34 48.72868 E,12.049
,52 47 36.76948 N,31 34 52.06594 E,12.048
,52 47 36.43833 N,31 34 55.40319 E,12.047
,52 47 37.54010 N,31 35 4.05764 E,12.043
,52 47 38.63827 N,31 35 12.71209 E,12.040
,52 47 21.75777 N,31 35 21.61581 E,12.037
,52 47 4.88088 N,31 35 30.51592 E,12.033
,52 46 40.67063 N,31 35 37.33555 E,12.031
,52 46 16.46039 N,31 35 44.15159 E,12.029
,52 46 14.50916 N,31 35 44.22008 E,12.029
,52 46 12.55793 N,31 35 44.28858 E,12.029
,52 46 8.69143 N,31 35 41.71833 E,12.030
,52 46 4.82493 N,31 35 39.14448 E,12.031
,52 45 55.56903 N,31 35 30.42562 E,12.035
,52 45 46.31314 N,31 35 21.70676 E,12.038
,52 45 42.91467 N,31 35 20.32090 E,12.039
,52 45 39.51619 N,31 35 18.93865 E,12.039
,52 45 35.14934 N,31 35 19.48966 E,12.039
,52 45 30.78248 N,31 35 20.04428 E,12.039
,52 45 29.33168 N,31 35 21.06676 E,12.039
,52 45 27.88447 N,31 35 22.08924 E,12.038
,52 45 27.34098 N,31 35 28.44694 E,12.036
,52 45 26.80108 N,31 35 34.80104 E,12.033
,52 45 25.33591 N,31 35 38.02675 E,12.032
,52 45 23.87435 N,31 35 41.25606 E,12.031
,52 45 19.78836 N,31 35 45.65551 E,12.029
,52 45 15.70238 N,31 35 50.05135 E,12.028
,52 45 12.53078 N,31 35 52.65073 E,12.027
,52 45 9.35918 N,31 35 55.25012 E,12.026
,52 44 54.91949 N,31 36 2.86130 E,12.023
,52 44 40.47981 N,31 36 10.47607 E,12.020
,52 44 38.90656 N,31 36 9.00013 E,12.021
,52 44 37.33331 N,31 36 7.52779 E,12.022
,52 44 32.40467 N,31 35 57.98791 E,12.025
,52 44 27.47243 N,31 35 48.44803 E,12.029
,52 44 24.00552 N,31 35 45.23696 E,12.031
,52 44 20.53861 N,31 35 42.02948 E,12.032
,52 44 12.41320 N,31 35 36.83861 E,12.034
,52 44 4.29139 N,31 35 31.65133 E,12.036
,52 44 2.08089 N,31 35 27.92539 E,12.038
,52 43 59.86679 N,31 35 24.19586 E,12.039
,52 43 54.72563 N,31 35 8.04991 E,12.046
,52 43 49.58087 N,31 34 51.90396 E,12.052
,52 43 44.34256 N,31 34 38.57685 E,12.057
,52 43 39.10425 N,31 34 25.24974 E,12.063
,52 43 37.99181 N,31 34 24.20938 E,12.063
,52 43 36.87938 N,31 34 23.16542 E,12.063
,52 43 34.07133 N,31 34 23.23756 E,12.063
,52 43 31.25969 N,31 34 23.30609 E,12.063
,52 43 25.93158 N,31 34 21.58193 E,12.064
,52 43 20.60347 N,31 34 19.85776 E,12.065
,52 43 14.24582 N,31 34 22.05049 E,12.064
,52 43 7.88816 N,31 34 24.23962 E,12.063
,52 43 5.67051 N,31 34 23.57371 E,12.064
,52 43 3.45287 N,31 34 22.90781 E,12.064
,52 42 57.38303 N,31 34 14.53440 E,12.067
,52 42 51.31320 N,31 34 6.16099 E,12.071
,52 42 48.03704 N,31 34 0.06627 E,12.073
,52 42 44.76088 N,31 33 53.97156 E,12.076
,52 42 42.70163 N,31 33 52.85564 E,12.076
,52 42 40.37962 N,31 33 53.90696 E,12.076
,52 42 38.05760 N,31 33 54.95469 E,12.075
,52 42 35.96597 N,31 33 54.85399 E,12.076
,52 42 33.87073 N,31 33 54.74968 E,12.076
,52 42 30.14820 N,31 33 50.42261 E,12.077
,52 42 26.42567 N,31 33 46.09913 E,12.079
,52 42 25.10080 N,31 33 42.92756 E,12.080
,52 42 23.77592 N,31 33 39.75599 E,12.082
,52 42 23.29704 N,31 33 35.55476 E,12.083
,52 42 22.81456 N,31 33 31.35713 E,12.085
,52 42 24.62160 N,31 33 21.00332 E,12.089
,52 42 26.42505 N,31 33 10.64592 E,12.093
,52 42 24.89493 N,31 33 4.86792 E,12.095
,52 42 23.36480 N,31 32 59.08992 E,12.098
,52 42 21.09670 N,31 32 55.51879 E,12.099
,52 42 18.83221 N,31 32 51.95125 E,12.100
,52 42 16.25085 N,31 32 44.90249 E,12.103
,52 42 13.66948 N,31 32 37.85373 E,12.106
,52 42 10.22752 N,31 32 20.37929 E,12.113
,52 42 6.78557 N,31 32 2.90845 E,12.120
,52 42 3.08762 N,31 31 23.61416 E,12.135
,52 41 59.38248 N,31 30 44.31987 E,12.151
,52 41 57.45268 N,31 30 34.71505 E,12.154
,52 41 55.52289 N,31 30 25.11023 E,12.158
,52 41 53.23674 N,31 30 18.75986 E,12.161
,52 41 50.95059 N,31 30 12.41309 E,12.163
,52 41 45.87435 N,31 30 2.93802 E,12.167
,52 41 40.80171 N,31 29 53.46295 E,12.171
,52 41 39.27166 N,31 29 51.90781 E,12.171
,52 41 37.73801 N,31 29 50.35266 E,12.172
,52 41 34.33966 N,31 29 56.19569 E,12.170
,52 41 30.94131 N,31 30 2.03872 E,12.168
,52 41 27.39892 N,31 30 5.77933 E,12.166
,52 41 23.85654 N,31 30 9.51634 E,12.165
,52 41 16.34358 N,31 30 29.95774 E,12.157
,52 41 8.83063 N,31 30 50.39554 E,12.149
,52 41 2.46579 N,31 30 53.86268 E,12.148
,52 40 56.10096 N,31 30 57.32983 E,12.147
,52 40 46.84519 N,31 30 55.78225 E,12.147
,52 40 37.58943 N,31 30 54.23467 E,12.148
,52 40 18.61766 N,31 31 23.53631 E,12.137
,52 39 59.64589 N,31 31 52.82716 E,12.126
,52 39 54.68879 N,31 32 2.89311 E,12.122
,52 39 49.73169 N,31 32 12.95907 E,12.118
,52 39 46.22173 N,31 32 18.16490 E,12.116
,52 39 42.71177 N,31 32 23.37072 E,12.114
,52 39 33.18248 N,31 32 26.67961 E,12.113
,52 39 23.65320 N,31 32 29.98490 E,12.112
,52 39 22.64161 N,31 32 31.32057 E,12.112
,52 39 21.63361 N,31 32 32.65623 E,12.111
,52 39 16.68383 N,31 32 49.03666 E,12.105
,52 39 11.73044 N,31 33 5.41709 E,12.099
,52 39 10.24731 N,31 33 10.87482 E,12.096
,52 39 8.76419 N,31 33 16.33256 E,12.094
,52 39 6.91021 N,31 33 19.53308 E,12.093
,52 39 5.05624 N,31 33 22.73361 E,12.092
,52 38 57.55388 N,31 33 31.14366 E,12.089
,52 38 50.04791 N,31 33 39.55012 E,12.086
,52 38 46.15984 N,31 33 39.03549 E,12.086
,52 38 42.27538 N,31 33 38.52087 E,12.086
,52 38 38.87690 N,31 33 36.80741 E,12.087
,52 38 35.47841 N,31 33 35.09395 E,12.088
,52 38 31.11519 N,31 33 37.50979 E,12.087
,52 38 26.75557 N,31 33 39.92202 E,12.086
,52 38 24.90160 N,31 33 42.98935 E,12.085
,52 38 23.04762 N,31 33 46.05667 E,12.084
,52 38 22.77413 N,31 33 52.70236 E,12.081
,52 38 22.50065 N,31 33 59.34805 E,12.078
,52 38 21.08588 N,31 34 2.28216 E,12.077
,52 38 19.67111 N,31 34 5.21266 E,12.076
,52 38 13.86070 N,31 34 10.15219 E,12.074
,52 38 8.05391 N,31 34 15.09532 E,12.073
,52 38 5.14147 N,31 34 15.63907 E,12.072
,52 38 2.22904 N,31 34 16.18641 E,12.072
,52 38 0.44340 N,31 34 15.66089 E,12.072
,52 37 58.65776 N,31 34 15.13537 E,12.073
,52 37 46.67664 N,31 34 6.61463 E,12.076
,52 37 34.69551 N,31 33 58.09390 E,12.080
,52 37 24.82769 N,31 33 54.01552 E,12.082
,52 37 14.95987 N,31 33 49.93714 E,12.083
,52 37 2.66932 N,31 33 51.98254 E,12.083
,52 36 50.37877 N,31 33 54.03155 E,12.082
,52 36 46.81469 N,31 33 52.58450 E,12.083
,52 36 43.25061 N,31 33 51.14105 E,12.083
,52 36 38.40860 N,31 33 54.74852 E,12.082
,52 36 33.56659 N,31 33 58.35959 E,12.081
,52 36 27.73808 N,31 33 56.79025 E,12.082
,52 36 21.90957 N,31 33 55.22091 E,12.082
,52 36 16.57430 N,31 33 56.30477 E,12.082
,52 36 11.23904 N,31 33 57.39223 E,12.082
,52 36 6.70654 N,31 33 55.28642 E,12.083
,52 36 2.17403 N,31 33 53.18061 E,12.083
,52 35 57.32840 N,31 33 55.33007 E,12.083
,52 35 52.47916 N,31 33 57.47592 E,12.082
,52 35 48.27791 N,31 33 58.15653 E,12.082
,52 35 44.07306 N,31 33 58.83353 E,12.082
,52 35 43.92928 N,31 34 11.58489 E,12.077
,52 35 43.78550 N,31 34 24.33625 E,12.072
,52 35 42.39250 N,31 34 36.55846 E,12.067
,52 35 40.99949 N,31 34 48.78067 E,12.062
,52 35 28.80276 N,31 35 3.37222 E,12.057
,52 35 16.60963 N,31 35 17.96016 E,12.051
,52 35 12.24999 N,31 35 19.03678 E,12.051
,52 35 7.89034 N,31 35 20.11340 E,12.050
,52 35 3.28959 N,31 35 26.77010 E,12.048
,52 34 58.68884 N,31 35 33.42319 E,12.045
,52 34 55.34456 N,31 35 43.52867 E,12.042
,52 34 52.00029 N,31 35 53.63055 E,12.038
,52 34 50.23649 N,31 36 6.91119 E,12.033
,52 34 48.47270 N,31 36 20.19183 E,12.027
,52 34 45.53167 N,31 36 32.15131 E,12.023
,52 34 42.59423 N,31 36 44.10719 E,12.018
,52 34 38.92596 N,31 36 54.87149 E,12.014
,52 34 35.26130 N,31 37 5.63579 E,12.010
,52 34 10.69851 N,31 37 27.54321 E,12.002
,52 33 46.13933 N,31 37 49.44702 E,11.994
,52 33 47.60106 N,31 37 55.54543 E,11.991
,52 33 49.06278 N,31 38 1.64743 E,11.989
,52 33 46.48899 N,31 38 15.72012 E,11.983
,52 33 43.91520 N,31 38 29.79280 E,11.978
,52 33 44.03764 N,31 38 32.18323 E,11.977
,52 33 44.16009 N,31 38 34.57365 E,11.976
,52 33 45.13573 N,31 38 36.29802 E,11.975
,52 33 46.11138 N,31 38 38.01880 E,11.975
,52 33 49.62865 N,31 38 39.46945 E,11.974
,52 33 53.14233 N,31 38 40.91650 E,11.973
,52 33 54.03521 N,31 38 44.63170 E,11.972
,52 33 54.92809 N,31 38 48.34691 E,11.970
,52 33 53.96693 N,31 38 51.79939 E,11.969
,52 33 53.00578 N,31 38 55.25548 E,11.968
,52 33 51.26700 N,31 38 57.64959 E,11.967
,52 33 49.53181 N,31 39 0.04010 E,11.966
,52 33 46.94347 N,31 39 5.88309 E,11.964
,52 33 44.35514 N,31 39 11.72608 E,11.961
,52 33 43.99884 N,31 39 17.83177 E,11.959
,52 33 43.63894 N,31 39 23.93386 E,11.957
,52 33 44.13591 N,31 39 33.49195 E,11.953
,52 33 44.62929 N,31 39 43.04644 E,11.949
,52 33 42.82603 N,31 40 4.27958 E,11.941
,52 33 41.01918 N,31 40 25.51631 E,11.933
,52 33 39.72679 N,31 40 27.10759 E,11.932
,52 33 38.90944 N,31 40 19.15154 E,11.935
,52 33 38.09208 N,31 40 11.19188 E,11.938
,52 33 36.91842 N,31 40 8.80511 E,11.939
,52 33 35.74477 N,31 40 6.41833 E,11.940
,52 33 28.01891 N,31 39 58.73981 E,11.943
,52 33 20.29306 N,31 39 51.06128 E,11.946
,52 33 10.90026 N,31 39 36.21875 E,11.952
,52 33 1.50746 N,31 39 21.37621 E,11.958
,52 32 53.29563 N,31 39 14.76332 E,11.961
,52 32 45.08379 N,31 39 8.15403 E,11.964
,52 32 43.01370 N,31 39 5.10489 E,11.965
,52 32 40.94722 N,31 39 2.05575 E,11.966
,52 32 37.45860 N,31 38 52.64900 E,11.970
,52 32 33.96998 N,31 38 43.24226 E,11.974
,52 32 30.16086 N,31 38 28.12946 E,11.980
,52 32 26.34814 N,31 38 13.01666 E,11.986
,52 32 25.93765 N,31 38 8.24302 E,11.988
,52 32 25.52356 N,31 38 3.46938 E,11.990
,52 32 27.82393 N,31 37 59.48403 E,11.991
,52 32 30.12429 N,31 37 55.49867 E,11.993
,52 32 38.53031 N,31 37 49.10820 E,11.995
,52 32 46.93632 N,31 37 42.72133 E,11.997
,52 32 51.78191 N,31 37 37.66304 E,11.999
,52 32 56.63109 N,31 37 32.60475 E,12.001
,52 33 3.17953 N,31 37 29.13760 E,12.002
,52 33 9.73156 N,31 37 25.66685 E,12.004
,52 33 9.88993 N,31 37 23.54642 E,12.004
,52 33 10.04829 N,31 37 21.42599 E,12.005
,52 33 1.69218 N,31 36 59.16012 E,12.014
,52 32 53.33246 N,31 36 36.89425 E,12.023
,52 32 51.06803 N,31 36 36.64235 E,12.023
,52 32 48.80729 N,31 36 42.35213 E,12.021
,52 32 46.55016 N,31 36 48.06190 E,12.019
,52 32 45.09215 N,31 36 48.73158 E,12.019
,52 32 43.63774 N,31 36 49.40125 E,12.018
,52 32 42.18330 N,31 36 48.74251 E,12.019
,52 32 40.72527 N,31 36 48.08377 E,12.019
,52 32 38.57596 N,31 36 43.71342 E,12.021
,52 32 36.42665 N,31 36 39.33947 E,12.022
,52 32 34.48982 N,31 36 38.81756 E,12.023
,52 32 32.55298 N,31 36 38.29204 E,12.023
,52 32 28.03136 N,31 36 40.83029 E,12.022
,52 32 23.50613 N,31 36 43.36493 E,12.021
,52 32 20.10768 N,31 36 43.50549 E,12.021
,52 32 16.70563 N,31 36 43.64605 E,12.021
,52 32 15.44918 N,31 36 41.92889 E,12.022
,52 32 14.19274 N,31 36 40.20813 E,12.022
,52 32 12.97221 N,31 36 34.10971 E,12.025
,52 32 11.74809 N,31 36 28.01130 E,12.027
,52 32 13.32116 N,31 36 19.25592 E,12.031
,52 32 14.89423 N,31 36 10.49694 E,12.034
,52 32 14.56298 N,31 36 8.11013 E,12.035
,52 32 14.23533 N,31 36 5.72332 E,12.036
,52 32 3.78416 N,31 35 53.42966 E,12.041
,52 31 53.33299 N,31 35 41.13601 E,12.046
,52 31 51.72016 N,31 35 40.74368 E,12.046
,52 31 50.10373 N,31 35 40.35495 E,12.046
,52 31 47.43976 N,31 35 44.34032 E,12.045
,52 31 44.77579 N,31 35 48.32570 E,12.043
,52 31 42.99736 N,31 35 48.33298 E,12.043
,52 31 41.21894 N,31 35 48.34027 E,12.043
,52 31 39.35047 N,31 35 46.48633 E,12.044
,52 31 35.58105 N,31 35 37.08680 E,12.048
,52 31 31.81163 N,31 35 27.68726 E,12.052
,52 31 30.67761 N,31 35 27.29491 E,12.052
,52 31 29.54718 N,31 35 26.90256 E,12.052
,52 31 27.12078 N,31 35 28.63430 E,12.051
,52 31 24.69797 N,31 35 30.36243 E,12.051
,52 31 23.24354 N,31 35 29.97369 E,12.051
,52 31 21.78552 N,31 35 29.58136 E,12.051
,52 31 16.43935 N,31 35 24.95915 E,12.053
,52 31 11.08959 N,31 35 20.33695 E,12.055
,52 31 9.47678 N,31 35 20.74383 E,12.055
,52 31 7.86036 N,31 35 21.15071 E,12.055
,52 31 6.36277 N,31 35 22.87520 E,12.054
,52 31 4.86877 N,31 35 24.60329 E,12.053
,52 31 3.87169 N,31 35 32.03383 E,12.051
,52 31 2.87820 N,31 35 39.46436 E,12.048
,52 30 59.96578 N,31 35 40.26731 E,12.047
,52 30 57.05335 N,31 35 41.07025 E,12.047
,52 30 56.32609 N,31 35 38.68706 E,12.048
,52 30 57.96754 N,31 35 28.60686 E,12.052
,52 30 59.60899 N,31 35 18.52667 E,12.056
,52 31 1.46297 N,31 35 15.86975 E,12.057
,52 31 3.31695 N,31 35 13.21283 E,12.058
,52 31 3.55452 N,31 35 11.09239 E,12.059
,52 31 3.79569 N,31 35 8.96836 E,12.060
,52 31 0.38991 N,31 35 1.68923 E,12.062
,52 30 56.98413 N,31 34 54.41371 E,12.065
,52 30 56.00845 N,31 34 50.56891 E,12.067
,52 30 55.03276 N,31 34 46.72771 E,12.068
,52 30 55.10833 N,31 34 44.60728 E,12.069
,52 30 55.18389 N,31 34 42.48685 E,12.070
,52 30 56.68147 N,31 34 39.69675 E,12.071
,52 30 58.17904 N,31 34 36.91024 E,12.072
,52 31 1.57029 N,31 34 36.62928 E,12.072
,52 31 4.96153 N,31 34 36.35192 E,12.072
,52 31 6.57794 N,31 34 35.14943 E,12.073
,52 31 8.19074 N,31 34 33.95054 E,12.073
,52 31 7.21500 N,31 34 26.79370 E,12.076
,52 31 6.23926 N,31 34 19.63686 E,12.079
,52 31 8.57558 N,31 34 13.13148 E,12.081
,52 31 10.90830 N,31 34 6.62609 E,12.084
,52 31 9.07577 N,31 34 0.67170 E,12.086
,52 31 7.24324 N,31 33 54.71372 E,12.089
,52 31 7.48799 N,31 33 51.53487 E,12.090
,52 31 10.19519 N,31 33 49.13352 E,12.091
,52 31 12.89878 N,31 33 46.73576 E,12.092
,52 31 13.57916 N,31 33 44.60810 E,12.092
,52 31 14.25953 N,31 33 42.48405 E,12.093
,52 31 10.93661 N,31 33 38.52416 E,12.095
,52 31 7.61369 N,31 33 34.56067 E,12.096
,52 31 6.76043 N,31 33 31.77787 E,12.098
,52 31 5.91077 N,31 33 28.99868 E,12.099
,52 31 3.64273 N,31 33 28.48038 E,12.099
,52 31 1.37828 N,31 33 27.96208 E,12.099
,52 30 55.07460 N,31 33 28.78679 E,12.099
,52 30 48.77092 N,31 33 29.61149 E,12.099
,52 30 37.29040 N,31 33 32.57847 E,12.098
,52 30 25.80988 N,31 33 35.54544 E,12.097
,52 30 24.60028 N,31 33 36.60751 E,12.097
,52 30 23.39068 N,31 33 37.67318 E,12.096
,52 30 22.86874 N,31 33 41.11844 E,12.095
,52 30 22.34679 N,31 33 44.56731 E,12.093
,52 30 23.17138 N,31 33 54.89939 E,12.089
,52 30 23.99597 N,31 34 5.23508 E,12.085
,52 30 22.30763 N,31 34 9.61641 E,12.084
,52 30 20.61928 N,31 34 13.99774 E,12.082
,52 30 7.51874 N,31 34 17.16639 E,12.081
,52 29 54.41459 N,31 34 20.33864 E,12.080
,52 29 52.89185 N,31 34 25.11237 E,12.078
,52 29 51.36552 N,31 34 29.88610 E,12.076
,52 29 50.06951 N,31 34 30.55217 E,12.076
,52 29 48.76990 N,31 34 31.21823 E,12.076
,52 29 47.12472 N,31 34 33.74554 E,12.075
,52 29 45.47594 N,31 34 36.27285 E,12.074
,52 29 44.14402 N,31 34 42.10858 E,12.072
,52 29 42.81210 N,31 34 47.94071 E,12.069
,52 29 45.11975 N,31 34 48.46261 E,12.069
,52 29 47.42739 N,31 34 48.98451 E,12.069
,52 29 48.80623 N,31 34 50.30206 E,12.068
,52 29 50.18508 N,31 34 51.61961 E,12.068
,52 29 53.06525 N,31 34 59.16156 E,12.065
,52 29 55.94183 N,31 35 6.70712 E,12.062
,52 30 2.30693 N,31 35 18.34216 E,12.057
,52 30 8.67203 N,31 35 29.98439 E,12.052
,52 30 10.66295 N,31 35 35.14316 E,12.050
,52 30 12.65387 N,31 35 40.30193 E,12.048
,52 30 15.66373 N,31 35 52.75073 E,12.043
,52 30 18.66999 N,31 36 5.19954 E,12.038
,52 30 18.10846 N,31 36 9.44042 E,12.037
,52 30 17.54332 N,31 36 13.68129 E,12.035
,52 30 15.68935 N,31 36 16.87102 E,12.034
,52 30 13.83538 N,31 36 20.06074 E,12.033
,52 30 6.64619 N,31 36 27.10636 E,12.030
,52 29 59.45701 N,31 36 34.15199 E,12.027
,52 29 55.46105 N,31 36 39.99504 E,12.025
,52 29 51.46509 N,31 36 45.83810 E,12.023
,52 29 48.63550 N,31 36 48.62826 E,12.022
,52 29 45.80591 N,31 36 51.42203 E,12.021
,52 29 41.60465 N,31 36 51.83263 E,12.021
,52 29 37.40339 N,31 36 52.24323 E,12.021
,52 29 35.30099 N,31 36 53.84175 E,12.020
,52 29 33.20219 N,31 36 55.44027 E,12.020
,52 29 32.03221 N,31 36 57.96035 E,12.019
,52 29 30.86584 N,31 37 0.48044 E,12.018
,52 29 30.38714 N,31 37 6.84173 E,12.015
,52 29 29.90485 N,31 37 13.20303 E,12.013
,52 29 30.31899 N,31 37 21.15191 E,12.010
,52 29 30.72954 N,31 37 29.09718 E,12.006
,52 29 29.43715 N,31 37 30.95126 E,12.006
,52 29 28.14833 N,31 37 30.95492 E,12.006
,52 29 26.85591 N,31 37 30.95859 E,12.006
,52 29 13.41303 N,31 37 14.97143 E,12.012
,52 28 59.96655 N,31 36 58.98427 E,12.019
,52 28 42.00571 N,31 36 49.43420 E,12.023
,52 28 24.04128 N,31 36 39.88773 E,12.027
,52 28 16.95992 N,31 36 37.13403 E,12.028
,52 28 9.88217 N,31 36 34.37672 E,12.029
,52 28 3.56397 N,31 36 28.17055 E,12.032
,52 27 57.24576 N,31 36 21.96797 E,12.035
,52 27 53.11281 N,31 36 16.68690 E,12.037
,52 27 48.97985 N,31 36 11.40943 E,12.039
,52 27 46.14287 N,31 36 3.20507 E,12.042
,52 27 43.30588 N,31 35 55.00430 E,12.045
,52 27 40.40379 N,31 35 29.32894 E,12.056
,52 27 37.49810 N,31 35 3.65717 E,12.066
,52 27 36.40005 N,31 35 2.07320 E,12.066
,52 27 35.29841 N,31 35 0.49284 E,12.067
,52 27 29.95947 N,31 34 57.20265 E,12.068
,52 27 24.61694 N,31 34 53.91246 E,12.070
,52 27 23.24175 N,31 34 56.16975 E,12.069
,52 27 21.87017 N,31 34 58.42344 E,12.068
,52 27 17.29857 N,31 35 24.91637 E,12.058
,52 27 12.72336 N,31 35 51.40569 E,12.047
,52 27 12.18005 N,31 36 8.61752 E,12.041
,52 27 11.64034 N,31 36 25.82935 E,12.034
,52 27 10.09956 N,31 36 28.21265 E,12.033
,52 26 58.29864 N,31 36 31.43164 E,12.032
,52 26 46.49412 N,31 36 34.64703 E,12.031
,52 26 41.32449 N,31 36 37.17810 E,12.030
,52 26 36.15125 N,31 36 39.70917 E,12.029
,52 26 32.27400 N,31 36 40.05136 E,12.029
,52 26 28.39315 N,31 36 40.39354 E,12.029
,52 26 27.02150 N,31 36 38.80959 E,12.030
,52 26 25.99898 N,31 36 32.46276 E,12.032
,52 26 24.97285 N,31 36 26.11234 E,12.035
,52 26 23.33450 N,31 36 7.52539 E,12.042
,52 26 21.69255 N,31 35 48.93845 E,12.049
,52 26 20.47570 N,31 35 47.09168 E,12.050
,52 26 19.25885 N,31 35 45.24492 E,12.051
,52 26 17.80442 N,31 35 44.71938 E,12.051
,52 26 16.34999 N,31 35 44.19384 E,12.051
,52 26 6.97552 N,31 35 48.12913 E,12.050
,52 25 57.60464 N,31 35 52.06441 E,12.049
,52 25 55.26110 N,31 35 57.36379 E,12.047
,52 25 52.92116 N,31 36 2.66676 E,12.045
,52 25 50.33995 N,31 36 4.39490 E,12.044
,52 25 47.75874 N,31 36 6.12664 E,12.043
,52 25 36.11261 N,31 36 8.67961 E,12.043
,52 25 24.46648 N,31 36 11.22899 E,12.042
,52 25 23.41524 N,31 36 9.51182 E,12.043
,52 25 22.36399 N,31 36 7.79824 E,12.043
,52 25 21.67270 N,31 36 3.30183 E,12.045
,52 25 20.97781 N,31 35 58.80900 E,12.047
,52 25 20.79763 N,31 35 48.49129 E,12.051
,52 25 20.62105 N,31 35 38.17358 E,12.055
,52 25 19.49419 N,31 35 35.53120 E,12.056
,52 25 18.03255 N,31 35 34.87606 E,12.056
,52 25 16.56732 N,31 35 34.22092 E,12.057
,52 25 9.29522 N,31 35 35.04207 E,12.056
,52 25 2.02673 N,31 35 35.85962 E,12.056
,52 24 57.98026 N,31 35 35.47820 E,12.056
,52 24 53.93739 N,31 35 35.09319 E,12.057
,52 24 52.64502 N,31 35 37.48008 E,12.056
,52 24 51.35624 N,31 35 39.86696 E,12.055
,52 24 51.43548 N,31 35 42.50939 E,12.054
,52 24 51.51833 N,31 35 45.15182 E,12.053
,52 24 55.46797 N,31 36 6.82749 E,12.044
,52 24 59.41761 N,31 36 28.50676 E,12.036
,52 24 59.54729 N,31 36 33.26961 E,12.034
,52 24 59.67698 N,31 36 38.03246 E,12.032
,52 25 0.12342 N,31 36 40.27887 E,12.031
,52 25 0.56987 N,31 36 42.52887 E,12.030
,52 25 3.48232 N,31 36 42.91754 E,12.030
,52 25 6.39477 N,31 36 43.30621 E,12.030
,52 25 6.97823 N,31 36 57.58755 E,12.024
,52 25 7.56169 N,31 37 11.86889 E,12.018
,52 25 6.83451 N,31 37 13.85255 E,12.018
,52 25 6.10374 N,31 37 15.83621 E,12.017
,52 25 4.53413 N,31 37 17.16470 E,12.016
,52 25 2.96093 N,31 37 18.49679 E,12.016
,52 24 44.84551 N,31 37 20.99606 E,12.015
,52 24 26.73368 N,31 37 23.49534 E,12.015
,52 24 17.71562 N,31 37 28.14701 E,12.013
,52 24 8.70117 N,31 37 32.80229 E,12.011
,52 24 4.82033 N,31 37 33.86808 E,12.011
,52 24 0.94309 N,31 37 34.93747 E,12.011
,52 23 59.17189 N,31 37 36.52878 E,12.010
,52 23 57.63841 N,31 37 44.46694 E,12.007
,52 23 56.10852 N,31 37 52.40511 E,12.004
,52 23 54.65411 N,31 37 53.07118 E,12.004
,52 23 53.19610 N,31 37 53.73726 E,12.003
,52 23 31.52003 N,31 37 45.46537 E,12.007
,52 23 9.84036 N,31 37 37.19708 E,12.011
,52 22 58.51096 N,31 37 35.51279 E,12.012
,52 22 47.18156 N,31 37 33.82850 E,12.013
,52 22 30.24330 N,31 37 33.14888 E,12.013
,52 22 13.30143 N,31 37 32.46926 E,12.014
,52 22 7.15611 N,31 37 30.89993 E,12.015
,52 22 1.01079 N,31 37 29.33060 E,12.015
,52 21 43.05369 N,31 37 27.53501 E,12.016
,52 21 25.10019 N,31 37 25.73582 E,12.017
,52 20 58.72608 N,31 37 18.94377 E,12.021
,52 20 32.34836 N,31 37 12.15532 E,12.024
,52 20 29.11551 N,31 37 12.09787 E,12.024
,52 20 25.88266 N,31 37 12.04042 E,12.024
,52 20 12.82900 N,31 37 19.86752 E,12.021
,52 19 59.77534 N,31 37 27.69822 E,12.018
,52 19 58.12648 N,31 37 25.65347 E,12.019
,52 19 56.47762 N,31 37 23.61232 E,12.020
,52 19 54.72787 N,31 37 16.48792 E,12.023
,52 19 52.97812 N,31 37 9.36351 E,12.026
,52 19 46.22069 N,31 37 1.92614 E,12.029
,52 19 39.46326 N,31 36 54.49237 E,12.032
,52 19 38.40479 N,31 36 51.32438 E,12.033
,52 19 37.34632 N,31 36 48.15999 E,12.034
,52 19 37.30668 N,31 36 45.78397 E,12.035
,52 19 37.26703 N,31 36 43.40794 E,12.036
,52 19 40.44566 N,31 36 30.72484 E,12.041
,52 19 43.62429 N,31 36 18.04174 E,12.046
,52 19 41.91415 N,31 36 11.71295 E,12.049
,52 19 40.20401 N,31 36 5.38056 E,12.051
,52 19 39.50911 N,31 35 59.84012 E,12.053
,52 19 38.81780 N,31 35 54.29969 E,12.056
,52 19 35.41201 N,31 35 46.52736 E,12.059
,52 19 32.00623 N,31 35 38.75502 E,12.062
,52 19 31.59217 N,31 35 35.57980 E,12.063
,52 19 35.57359 N,31 35 22.23786 E,12.068
,52 19 39.55862 N,31 35 8.89232 E,12.073
,52 19 39.22729 N,31 35 1.76425 E,12.076
,52 19 38.89956 N,31 34 54.63618 E,12.079
,52 19 37.27590 N,31 34 52.53383 E,12.080
,52 19 25.15101 N,31 34 57.66446 E,12.078
,52 19 13.02612 N,31 35 2.79508 E,12.076
,52 19 4.78572 N,31 35 10.01715 E,12.074
,52 18 56.54532 N,31 35 17.24282 E,12.071
,52 18 52.11018 N,31 35 24.71311 E,12.068
,52 18 47.67505 N,31 35 32.18340 E,12.065
,52 18 42.71797 N,31 35 43.28256 E,12.061
,52 18 37.76089 N,31 35 54.38533 E,12.057
,52 18 25.16096 N,31 36 9.33689 E,12.051
,52 18 12.56103 N,31 36 24.28845 E,12.046
,52 18 4.04353 N,31 36 37.18419 E,12.041
,52 17 55.52962 N,31 36 50.07274 E,12.036
,52 17 38.65295 N,31 37 11.62697 E,12.028
,52 17 21.77627 N,31 37 33.17761 E,12.020
,52 17 23.15514 N,31 37 35.93878 E,12.018
,52 17 24.61678 N,31 37 37.12673 E,12.018
,52 17 37.23142 N,31 37 40.12138 E,12.016
,52 17 49.84606 N,31 37 43.11603 E,12.015
,52 17 50.42210 N,31 37 44.69642 E,12.014
,52 17 49.44654 N,31 37 47.87170 E,12.013
,52 17 46.62776 N,31 37 51.50427 E,12.012
,52 17 43.80538 N,31 37 55.13325 E,12.010
,52 17 30.24444 N,31 38 21.68419 E,12.000
,52 17 16.68350 N,31 38 48.22793 E,11.990
,52 17 15.22550 N,31 38 49.54921 E,11.990
,52 17 13.77110 N,31 38 50.87410 E,11.989
,52 17 11.34828 N,31 38 51.47182 E,11.989
,52 17 8.92185 N,31 38 52.07314 E,11.989
,52 16 58.24411 N,31 38 53.15724 E,11.989
,52 16 47.56637 N,31 38 54.23775 E,11.988
,52 16 43.00889 N,31 39 5.32609 E,11.984
,52 16 38.44782 N,31 39 16.41083 E,11.980
,52 16 35.99277 N,31 39 27.48828 E,11.975
,52 16 33.53413 N,31 39 38.56932 E,11.971
,52 16 33.17787 N,31 39 47.20224 E,11.968
,52 16 32.81802 N,31 39 55.83876 E,11.964
,52 16 33.43745 N,31 40 8.49648 E,11.959
,52 16 34.05688 N,31 40 21.15420 E,11.954
,52 16 35.76719 N,31 40 37.76472 E,11.948
,52 16 37.47751 N,31 40 54.37524 E,11.941
,52 16 37.03117 N,31 40 58.33170 E,11.940
,52 16 36.58483 N,31 41 2.28457 E,11.938
,52 16 24.91035 N,31 41 30.77945 E,11.927
,52 16 13.23947 N,31 41 59.27072 E,11.916
,52 16 6.05041 N,31 42 13.45162 E,11.911
,52 15 58.86135 N,31 42 27.63253 E,11.905
,52 15 56.31267 N,31 42 36.33395 E,11.902
,52 15 53.76398 N,31 42 45.03897 E,11.899
,52 15 51.83077 N,31 42 45.95707 E,11.898
,52 15 44.55135 N,31 42 39.70773 E,11.901
,52 15 37.27193 N,31 42 33.45479 E,11.903
,52 15 36.54466 N,31 42 30.29039 E,11.905
,52 15 36.82538 N,31 42 25.54552 E,11.907
,52 15 37.10611 N,31 42 20.80065 E,11.908
,52 15 36.21324 N,31 42 17.64345 E,11.910
,52 15 30.38469 N,31 42 13.89248 E,11.911
,52 15 24.55613 N,31 42 10.14510 E,11.913
,52 15 24.59561 N,31 42 3.02782 E,11.916
,52 15 24.63509 N,31 41 55.91053 E,11.918
,52 15 23.50459 N,31 41 51.16573 E,11.920
,52 15 22.37049 N,31 41 46.42093 E,11.922
,52 15 20.41924 N,31 41 45.62901 E,11.923
,52 14 53.28941 N,31 41 55.74638 E,11.919
,52 14 26.15958 N,31 42 5.86375 E,11.916
,52 14 23.73678 N,31 42 8.10309 E,11.915
,52 14 21.31398 N,31 42 10.34603 E,11.914
,52 14 20.10442 N,31 42 13.51052 E,11.913
,52 14 18.89486 N,31 42 16.67862 E,11.912
,52 14 18.12820 N,31 42 25.36915 E,11.908
,52 14 17.35794 N,31 42 34.06329 E,11.905
,52 14 15.90353 N,31 42 34.98857 E,11.904
,52 14 14.44913 N,31 42 35.91025 E,11.904
,52 14 11.57625 N,31 42 34.20036 E,11.905
,52 14 8.70698 N,31 42 32.49047 E,11.906
,52 14 7.89691 N,31 42 29.33327 E,11.907
,52 14 7.08685 N,31 42 26.17247 E,11.908
,52 14 6.96434 N,31 42 19.85081 E,11.911
,52 14 6.83822 N,31 42 13.52554 E,11.913
,52 14 5.46656 N,31 42 11.02717 E,11.914
,52 14 4.00853 N,31 42 10.82924 E,11.914
,52 14 2.55411 N,31 42 10.63490 E,11.914
,52 13 57.70127 N,31 42 12.74835 E,11.914
,52 13 52.84484 N,31 42 14.85820 E,11.913
,52 13 40.23030 N,31 42 18.09882 E,11.912
,52 13 27.61577 N,31 42 21.34304 E,11.911
,52 13 11.64604 N,31 42 27.67985 E,11.909
,52 12 55.67271 N,31 42 34.02026 E,11.907
,52 12 54.21827 N,31 42 32.83592 E,11.907
,52 12 52.76382 N,31 42 31.65157 E,11.908
,52 12 51.38851 N,31 42 26.12197 E,11.910
,52 12 50.01679 N,31 42 20.59596 E,11.912
,52 12 48.31392 N,31 42 17.83121 E,11.913
,52 12 46.61104 N,31 42 15.06646 E,11.914
,52 12 42.73014 N,31 42 12.24060 E,11.915
,52 12 38.84923 N,31 42 9.41835 E,11.917
,52 12 34.03594 N,31 42 8.16935 E,11.917
,52 12 29.22264 N,31 42 6.92396 E,11.918
,52 12 21.93961 N,31 41 59.82502 E,11.921
,52 12 14.65297 N,31 41 52.72607 E,11.924
,52 12 12.79170 N,31 41 50.02972 E,11.925
,52 12 10.93042 N,31 41 47.33698 E,11.926
,52 12 9.22734 N,31 41 32.33208 E,11.932
,52 12 7.52425 N,31 41 17.32718 E,11.938
,52 12 6.50898 N,31 41 14.17359 E,11.939
,52 12 5.49011 N,31 41 11.02000 E,11.940
,52 12 4.03568 N,31 41 10.42966 E,11.941
,52 12 2.58125 N,31 41 9.83932 E,11.941
,52 11 58.21440 N,31 41 10.82953 E,11.941
,52 11 53.84755 N,31 41 11.82334 E,11.940
,52 11 47.05425 N,31 41 11.83446 E,11.940
,52 11 40.26455 N,31 41 11.84557 E,11.941
,52 11 38.81014 N,31 41 12.89685 E,11.940
,52 11 37.35214 N,31 41 13.95173 E,11.940
,52 11 31.01637 N,31 41 32.90984 E,11.932
,52 11 24.67701 N,31 41 51.87156 E,11.925
,52 11 19.46792 N,31 42 2.66833 E,11.921
,52 11 14.25523 N,31 42 13.46509 E,11.917
,52 11 12.35452 N,31 42 20.57167 E,11.914
,52 11 10.45022 N,31 42 27.67824 E,11.911
,52 11 10.78148 N,31 42 30.83906 E,11.910
,52 11 11.10914 N,31 42 33.99628 E,11.909
,52 11 13.57531 N,31 42 41.88746 E,11.906
,52 11 16.04149 N,31 42 49.78224 E,11.902
,52 11 18.59400 N,31 42 54.25338 E,11.901
,52 11 21.15012 N,31 42 58.72091 E,11.899
,52 11 25.31920 N,31 43 11.35327 E,11.894
,52 11 29.48468 N,31 43 23.98203 E,11.889
,52 11 30.70164 N,31 43 31.87686 E,11.885
,52 11 31.91859 N,31 43 39.77170 E,11.882
,52 11 30.42123 N,31 43 54.77315 E,11.876
,52 11 28.92387 N,31 44 9.77819 E,11.871
,52 11 22.86162 N,31 44 23.40103 E,11.865
,52 11 16.79936 N,31 44 37.02387 E,11.860
,52 11 16.43581 N,31 44 40.18113 E,11.859
,52 11 16.06866 N,31 44 43.34198 E,11.858
,52 11 16.92207 N,31 44 54.39407 E,11.853
,52 11 17.77547 N,31 45 5.44256 E,11.849
,52 11 20.92571 N,31 45 16.49455 E,11.844
,52 11 24.07595 N,31 45 27.54654 E,11.840
,52 11 22.53888 N,31 45 36.23351 E,11.837
,52 11 21.00181 N,31 45 44.92048 E,11.833
,52 11 17.16421 N,31 45 48.14270 E,11.832
,52 11 13.32300 N,31 45 51.36851 E,11.831
,52 11 11.78583 N,31 45 54.32782 E,11.830
,52 11 10.24866 N,31 45 57.28712 E,11.829
,52 11 9.88510 N,31 45 59.72077 E,11.828
,52 11 9.52154 N,31 46 2.15442 E,11.827
,52 11 9.84564 N,31 46 7.68407 E,11.824
,52 11 10.16614 N,31 46 13.21012 E,11.822
,52 11 11.25702 N,31 46 17.15931 E,11.821
,52 11 12.35151 N,31 46 21.10851 E,11.819
,52 11 14.65199 N,31 46 23.93804 E,11.818
,52 11 16.95247 N,31 46 26.76396 E,11.817
,52 11 17.19733 N,31 46 29.92479 E,11.816
,52 11 15.13097 N,31 46 33.67253 E,11.814
,52 11 13.06460 N,31 46 37.42027 E,11.813
,52 11 12.17908 N,31 46 42.94638 E,11.811
,52 11 11.29357 N,31 46 48.46888 E,11.808
,52 11 9.34237 N,31 46 50.17899 E,11.808
,52 11 1.61667 N,31 46 51.36016 E,11.807
,52 10 53.89458 N,31 46 52.54133 E,11.807
,52 10 15.11120 N,31 46 53.24152 E,11.808
,52 9 36.32783 N,31 46 53.94172 E,11.808
,52 9 4.82387 N,31 47 0.49884 E,11.806
,52 8 33.31991 N,31 47 7.05236 E,11.804
,52 8 26.04421 N,31 47 7.24350 E,11.804
,52 8 18.76490 N,31 47 7.43824 E,11.804
,52 8 15.37363 N,31 47 6.11718 E,11.805
,52 8 11.97875 N,31 47 4.79972 E,11.806
,52 8 10.07789 N,31 47 3.02498 E,11.806
,52 8 8.17703 N,31 47 1.25025 E,11.807
,52 8 6.71902 N,31 47 1.51312 E,11.807
,52 8 5.26460 N,31 47 1.77239 E,11.807
,52 7 52.64305 N,31 47 15.82754 E,11.802
,52 7 40.02511 N,31 47 29.87908 E,11.796
,52 7 32.74588 N,31 47 34.53787 E,11.795
,52 7 25.46665 N,31 47 39.19666 E,11.793
,52 7 21.58226 N,31 47 43.26489 E,11.791
,52 7 17.69428 N,31 47 47.33311 E,11.790
,52 7 14.78185 N,31 47 48.25126 E,11.790
,52 7 11.86942 N,31 47 49.16940 E,11.789
,52 7 2.41520 N,31 47 21.57191 E,11.800
,52 6 52.96097 N,31 46 53.97441 E,11.812
,52 6 51.05651 N,31 46 51.80728 E,11.812
,52 6 49.15564 N,31 46 49.63654 E,11.813
,52 6 46.24318 N,31 46 48.25426 E,11.814
,52 6 43.33431 N,31 46 46.87557 E,11.815
,52 6 42.44504 N,31 46 43.98478 E,11.816
,52 6 41.55938 N,31 46 41.09399 E,11.817
,52 6 40.30993 N,31 46 27.69468 E,11.822
,52 6 39.06048 N,31 46 14.29538 E,11.828
,52 6 35.22265 N,31 46 4.76985 E,11.831
,52 6 31.38483 N,31 45 55.24791 E,11.835
,52 6 24.90816 N,31 45 45.45969 E,11.839
,52 6 18.43510 N,31 45 35.67147 E,11.843
,52 6 17.22539 N,31 45 30.94467 E,11.845
,52 6 16.01570 N,31 45 26.21787 E,11.847
,52 6 14.75900 N,31 45 10.38854 E,11.853
,52 6 13.50231 N,31 44 54.56281 E,11.860
,52 6 12.04775 N,31 44 46.68238 E,11.863
,52 6 10.58959 N,31 44 38.80196 E,11.866
,52 6 6.82733 N,31 44 26.98679 E,11.871
,52 6 3.06507 N,31 44 15.16802 E,11.875
,52 5 57.16070 N,31 43 59.41091 E,11.882
,52 5 51.25274 N,31 43 43.65019 E,11.888
,52 5 48.62451 N,31 43 32.62338 E,11.892
,52 5 45.99268 N,31 43 21.59657 E,11.897
,52 5 46.24103 N,31 43 18.44293 E,11.898
,52 5 48.17782 N,31 43 16.47361 E,11.899
,52 5 54.44548 N,31 43 14.30250 E,11.900
,52 6 0.71674 N,31 43 12.13499 E,11.900
,52 6 12.84152 N,31 43 0.82670 E,11.905
,52 6 24.96631 N,31 42 49.52201 E,11.909
,52 6 26.06063 N,31 42 44.00310 E,11.911
,52 6 27.15135 N,31 42 38.48778 E,11.913
,52 6 25.93441 N,31 42 31.39215 E,11.916
,52 6 24.72106 N,31 42 24.30013 E,11.919
,52 6 24.38974 N,31 42 17.21166 E,11.922
,52 6 24.05841 N,31 42 10.11959 E,11.924
,52 6 23.89631 N,31 42 4.60433 E,11.927
,52 6 23.73061 N,31 41 59.08547 E,11.929
,52 6 24.58014 N,31 41 54.35498 E,11.931
,52 6 25.43327 N,31 41 49.62448 E,11.932
,52 6 30.72881 N,31 41 41.14614 E,11.936
,52 6 36.02074 N,31 41 32.67140 E,11.939
,52 6 37.26980 N,31 41 23.99884 E,11.942
,52 6 38.51887 N,31 41 15.32628 E,11.946
,52 6 43.84301 N,31 40 55.61220 E,11.953
,52 6 49.16355 N,31 40 35.89813 E,11.961
,52 6 50.29012 N,31 40 21.70671 E,11.967
,52 6 51.41309 N,31 40 7.51889 E,11.972
,52 6 52.38142 N,31 40 2.78479 E,11.974
,52 6 53.34975 N,31 39 58.05429 E,11.976
,52 6 57.06487 N,31 39 50.29963 E,11.979
,52 7 0.77999 N,31 39 42.54497 E,11.982
,52 7 1.25876 N,31 39 40.17972 E,11.983
,52 7 1.74113 N,31 39 37.81447 E,11.984
,52 7 1.57544 N,31 39 33.08042 E,11.986
,52 7 1.40976 N,31 39 28.34997 E,11.987
,52 6 57.72317 N,31 39 20.54165 E,11.991
,52 6 54.03657 N,31 39 12.73693 E,11.994
,52 6 53.22651 N,31 39 9.58333 E,11.995
,52 6 52.41644 N,31 39 6.43333 E,11.996
,52 6 51.92307 N,31 38 56.97604 E,12.000
,52 6 51.42610 N,31 38 47.51515 E,12.004
,52 6 52.10639 N,31 38 40.42303 E,12.007
,52 6 52.78667 N,31 38 33.32732 E,12.009
,52 6 52.73234 N,31 38 14.41270 E,12.017
,52 6 52.67441 N,31 37 55.49448 E,12.024
,52 6 53.55621 N,31 37 42.87989 E,12.029
,52 6 54.43440 N,31 37 30.26890 E,12.034
,52 6 53.80777 N,31 37 17.65799 E,12.039
,52 6 53.18114 N,31 37 5.04707 E,12.044
,52 6 51.87777 N,31 36 56.38182 E,12.048
,52 6 50.57440 N,31 36 47.71658 E,12.051
,52 6 47.77702 N,31 36 39.84342 E,12.054
,52 6 44.98324 N,31 36 31.97025 E,12.058
,52 6 44.45398 N,31 36 28.81664 E,12.059
,52 6 43.92472 N,31 36 25.66663 E,12.060
,52 6 45.01185 N,31 36 20.93612 E,12.062
,52 6 46.09539 N,31 36 16.20562 E,12.064
,52 6 50.81128 N,31 36 6.00648 E,12.068
,52 6 55.53077 N,31 35 55.81095 E,12.072
,52 6 55.72874 N,31 35 53.44571 E,12.073
,52 6 55.92670 N,31 35 51.08047 E,12.073
,52 6 53.37420 N,31 35 47.60655 E,12.075
,52 6 50.81810 N,31 35 44.13262 E,12.076
,52 6 51.13485 N,31 35 40.97897 E,12.078
,52 6 55.19905 N,31 35 25.99181 E,12.083
,52 6 59.26325 N,31 35 11.00105 E,12.089
,52 7 2.87737 N,31 34 52.06466 E,12.097
,52 7 6.48790 N,31 34 33.12827 E,12.104
,52 7 10.40415 N,31 33 58.43089 E,12.118
,52 7 14.31321 N,31 33 23.72990 E,12.131
,52 7 14.89980 N,31 33 11.11533 E,12.136
,52 7 15.48279 N,31 32 58.50075 E,12.141
,52 7 18.41301 N,31 32 45.94007 E,12.146
,52 7 21.34324 N,31 32 33.37579 E,12.151
,52 7 24.92149 N,31 32 21.53509 E,12.156
,52 7 28.49974 N,31 32 9.69439 E,12.160
,52 7 28.74054 N,31 31 46.83051 E,12.169
,52 7 28.97775 N,31 31 23.96303 E,12.178
,52 7 30.24839 N,31 31 13.70645 E,12.182
,52 7 31.51903 N,31 31 3.45347 E,12.186
,52 7 30.78455 N,31 30 59.51506 E,12.188
,52 7 30.05007 N,31 30 55.57665 E,12.190
,52 7 26.30945 N,31 30 46.13751 E,12.193
,52 7 22.56523 N,31 30 36.70197 E,12.197
,52 7 17.90301 N,31 30 28.18809 E,12.201
,52 7 13.24079 N,31 30 19.67420 E,12.204
,52 7 11.28227 N,31 30 14.16623 E,12.206
,52 7 9.32734 N,31 30 8.65825 E,12.209
,52 7 5.47515 N,31 30 1.11634 E,12.212
,52 7 1.62296 N,31 29 53.57443 E,12.215
,52 7 0.94248 N,31 29 49.56402 E,12.216
,52 7 0.26200 N,31 29 45.55360 E,12.218
,52 7 0.75510 N,31 29 39.24990 E,12.220
,52 7 1.25180 N,31 29 32.94621 E,12.223
,52 7 0.85215 N,31 29 30.58100 E,12.224
,52 7 0.45250 N,31 29 28.21579 E,12.225
,52 6 59.03765 N,31 29 26.43383 E,12.226
,52 6 57.62280 N,31 29 24.65188 E,12.226
,52 6 57.14395 N,31 29 22.28307 E,12.227
,52 6 56.66150 N,31 29 19.91427 E,12.228
,52 6 57.12937 N,31 29 12.03375 E,12.231
,52 6 57.59724 N,31 29 4.15324 E,12.234
,52 7 1.16838 N,31 28 57.66940 E,12.237
,52 7 4.73953 N,31 28 51.18556 E,12.239
,52 7 6.65462 N,31 28 43.31218 E,12.242
,52 7 8.56971 N,31 28 35.43880 E,12.246
,52 7 11.47851 N,31 28 32.76024 E,12.247
,52 7 14.39090 N,31 28 30.08167 E,12.248
,52 7 14.84447 N,31 28 27.72002 E,12.248
,52 7 15.29803 N,31 28 25.35838 E,12.249
,52 7 14.29352 N,31 28 19.83596 E,12.252
,52 7 13.29261 N,31 28 14.30994 E,12.254
,52 7 15.28336 N,31 28 9.59019 E,12.256
,52 7 17.27411 N,31 28 4.87045 E,12.257
,52 7 18.30000 N,31 27 57.77832 E,12.260
,52 7 19.32229 N,31 27 50.68979 E,12.263
,52 7 21.91785 N,31 27 46.16802 E,12.265
,52 7 24.51341 N,31 27 41.64624 E,12.266
,52 7 26.94341 N,31 27 39.42491 E,12.267
,52 7 29.37341 N,31 27 37.20357 E,12.268
,52 7 33.74025 N,31 27 35.90735 E,12.269
,52 7 38.10709 N,31 27 34.61474 E,12.269
,52 7 41.02669 N,31 27 31.93617 E,12.270
,52 7 43.94269 N,31 27 29.25761 E,12.271
,52 7 46.85513 N,31 27 29.26827 E,12.271
,52 7 49.76757 N,31 27 29.27894 E,12.271
,52 7 53.16597 N,31 27 26.00994 E,12.272
,52 7 56.56436 N,31 27 22.74095 E,12.273
,52 8 3.85086 N,31 27 22.25101 E,12.273
,52 8 11.13736 N,31 27 21.75747 E,12.273
,52 8 13.51697 N,31 27 20.12294 E,12.274
,52 8 15.90018 N,31 27 18.48841 E,12.274
,52 8 20.96893 N,31 27 11.15129 E,12.277
,52 8 26.03407 N,31 27 3.81418 E,12.280
,52 8 26.12399 N,31 26 59.08372 E,12.282
,52 8 26.21391 N,31 26 54.35326 E,12.284
,52 8 25.45065 N,31 26 51.19246 E,12.285
,52 8 24.69098 N,31 26 48.03525 E,12.286
,52 8 26.33236 N,31 26 33.84741 E,12.292
,52 8 27.97013 N,31 26 19.65597 E,12.297
,52 8 29.91415 N,31 26 18.74147 E,12.298
,52 8 31.85816 N,31 26 17.83057 E,12.298
,52 8 32.83372 N,31 26 14.68409 E,12.299
,52 8 32.26847 N,31 26 12.31529 E,12.300
,52 8 31.70682 N,31 26 9.94649 E,12.301
,52 8 29.96795 N,31 26 7.63894 E,12.302
,52 8 28.23269 N,31 26 5.33139 E,12.303
,52 8 28.80864 N,31 26 2.18133 E,12.304
,52 8 32.65343 N,31 25 58.05191 E,12.306
,52 8 36.49821 N,31 25 53.92608 E,12.307
,52 8 37.07417 N,31 25 50.77602 E,12.309
,52 8 34.04645 N,31 25 46.69011 E,12.310
,52 8 31.01873 N,31 25 42.60420 E,12.312
,52 8 29.08182 N,31 25 37.86304 E,12.314
,52 8 27.14491 N,31 25 33.12187 E,12.316
,52 8 27.32486 N,31 25 29.96823 E,12.317
,52 8 25.58957 N,31 25 26.54466 E,12.318
,52 8 23.85069 N,31 25 23.11751 E,12.320
,52 8 22.56532 N,31 25 14.43786 E,12.323
,52 8 21.28355 N,31 25 5.75822 E,12.327
,52 8 22.38151 N,31 25 2.61173 E,12.328
,52 8 23.47947 N,31 24 59.46165 E,12.329
,52 8 25.90948 N,31 24 57.75872 E,12.330
,52 8 28.33948 N,31 24 56.05579 E,12.330
,52 8 28.62385 N,31 24 53.69414 E,12.331
,52 8 28.90461 N,31 24 51.33250 E,12.332
,52 8 30.36620 N,31 24 49.42801 E,12.333
,52 8 31.82779 N,31 24 47.52712 E,12.334
,52 8 31.71965 N,31 24 39.64304 E,12.337
,52 8 31.60791 N,31 24 31.75535 E,12.340
,52 8 32.41784 N,31 24 27.02486 E,12.342
,52 8 33.22777 N,31 24 22.29437 E,12.344
,52 8 32.91451 N,31 24 19.13715 E,12.345
,52 8 32.59765 N,31 24 15.98352 E,12.346
,52 8 33.89362 N,31 24 13.03143 E,12.347
,52 8 35.19319 N,31 24 10.07934 E,12.348
,52 8 34.58834 N,31 24 7.71054 E,12.349
,52 8 33.98349 N,31 24 5.33814 E,12.350
,52 8 32.04666 N,31 24 5.46423 E,12.350
,52 8 30.10626 N,31 24 7.29674 E,12.350
,52 8 28.16226 N,31 24 9.12925 E,12.349
,52 8 26.21101 N,31 24 7.81172 E,12.350
,52 8 24.93281 N,31 23 57.55526 E,12.354
,52 8 23.65462 N,31 23 47.30240 E,12.358
,52 8 21.71416 N,31 23 45.71487 E,12.358
,52 8 19.77010 N,31 23 44.13094 E,12.359
,52 8 20.22367 N,31 23 41.89890 E,12.360
,52 8 20.67724 N,31 23 39.66685 E,12.361
,52 8 18.25438 N,31 23 38.21254 E,12.362
,52 8 15.82792 N,31 23 36.76184 E,12.362
,52 8 13.20699 N,31 23 31.68950 E,12.364
,52 8 10.58246 N,31 23 26.62076 E,12.366
,52 8 8.15959 N,31 23 24.44645 E,12.367
,52 8 5.73311 N,31 23 22.27574 E,12.368
,52 8 3.72413 N,31 23 13.59253 E,12.372
,52 8 1.71155 N,31 23 4.90932 E,12.375
,52 8 1.91671 N,31 23 2.54768 E,12.376
,52 8 2.12187 N,31 23 0.18245 E,12.377
,52 8 3.86065 N,31 22 57.62634 E,12.378
,52 8 5.59584 N,31 22 55.07023 E,12.379
,52 8 5.57047 N,31 22 45.60212 E,12.383
,52 8 5.54151 N,31 22 36.13761 E,12.386
,52 8 3.43906 N,31 22 35.34570 E,12.387
,52 8 1.34022 N,31 22 34.55018 E,12.387
,52 7 45.34908 N,31 22 52.05072 E,12.381
,52 7 29.35435 N,31 23 9.54406 E,12.374
,52 7 24.50151 N,31 23 11.43791 E,12.373
,52 7 19.64507 N,31 23 13.32815 E,12.373
,52 7 18.19062 N,31 23 11.94580 E,12.373
,52 7 16.73618 N,31 23 10.56345 E,12.374
,52 7 15.16290 N,31 23 7.46749 E,12.375
,52 7 13.58962 N,31 23 4.37512 E,12.376
,52 7 10.32771 N,31 22 49.38830 E,12.383
,52 7 7.06580 N,31 22 34.40508 E,12.389
,52 7 2.42522 N,31 22 27.88562 E,12.391
,52 6 57.78104 N,31 22 21.36975 E,12.394
,52 6 51.00546 N,31 22 5.59108 E,12.400
,52 6 44.22628 N,31 21 49.81241 E,12.407
,52 6 40.56830 N,31 21 30.88716 E,12.414
,52 6 36.90671 N,31 21 11.96551 E,12.422
,52 6 32.40251 N,31 20 41.21776 E,12.434
,52 6 27.89831 N,31 20 10.47361 E,12.447
,52 6 24.66880 N,31 19 55.49759 E,12.453
,52 6 21.44289 N,31 19 40.51796 E,12.459
,52 6 20.11079 N,31 19 35.79117 E,12.460
,52 6 18.77509 N,31 19 31.06077 E,12.462
,52 6 17.52583 N,31 19 29.02321 E,12.463
,52 6 16.27658 N,31 19 26.98204 E,12.464
,52 6 8.99720 N,31 19 23.16273 E,12.466
,52 6 1.72143 N,31 19 19.34342 E,12.467
,52 5 53.02728 N,31 19 18.28181 E,12.468
,52 5 44.33313 N,31 19 17.22020 E,12.469
,52 5 36.08893 N,31 19 12.54412 E,12.471
,52 5 27.84112 N,31 19 7.86805 E,12.473
,52 5 24.44982 N,31 19 5.04217 E,12.474
,52 5 21.05492 N,31 19 2.21989 E,12.475
,52 5 18.67161 N,31 18 57.68395 E,12.477
,52 5 16.29189 N,31 18 53.14800 E,12.479
,52 5 14.79417 N,31 18 47.63281 E,12.481
,52 5 13.29646 N,31 18 42.12122 E,12.483
,52 5 11.35961 N,31 18 41.32930 E,12.484
,52 5 9.57403 N,31 18 43.55420 E,12.483
,52 5 5.84820 N,31 18 56.94293 E,12.478
,52 5 2.11878 N,31 19 10.32805 E,12.473
,52 5 0.17478 N,31 19 12.22897 E,12.472
,52 4 58.23079 N,31 19 14.12628 E,12.471
,52 4 56.78356 N,31 19 13.92834 E,12.471
,52 4 55.33274 N,31 19 13.72680 E,12.471
,52 4 38.07025 N,31 19 0.44704 E,12.477
,52 4 20.80776 N,31 18 47.17088 E,12.483
,52 4 2.90090 N,31 18 36.18438 E,12.488
,52 3 44.99404 N,31 18 25.20507 E,12.492
,52 3 28.01953 N,31 18 10.09647 E,12.499
,52 3 11.04501 N,31 17 54.99507 E,12.505
,52 3 8.66168 N,31 17 49.48352 E,12.507
,52 3 6.27835 N,31 17 43.97557 E,12.510
,52 2 58.76813 N,31 17 14.84437 E,12.521
,52 2 51.25431 N,31 16 45.72038 E,12.533
,52 2 47.29019 N,31 16 19.68147 E,12.544
,52 2 43.32968 N,31 15 53.64255 E,12.554
,52 2 40.21900 N,31 15 40.26494 E,12.560
,52 2 37.10472 N,31 15 26.89092 E,12.565
,52 2 36.70133 N,31 15 15.87482 E,12.569
,52 2 36.29433 N,31 15 4.85511 E,12.574
,52 2 37.14747 N,31 15 0.92382 E,12.575
,52 2 37.99702 N,31 14 56.98894 E,12.577
,52 2 37.75216 N,31 14 53.83532 E,12.578
,52 2 42.03603 N,31 14 42.81899 E,12.582
,52 2 46.31990 N,31 14 31.79907 E,12.587
,52 2 47.73460 N,31 14 24.71772 E,12.589
,52 2 49.14930 N,31 14 17.63638 E,12.592
,52 2 53.19201 N,31 14 8.97449 E,12.595
,52 2 57.23832 N,31 14 0.31621 E,12.599
,52 2 58.77533 N,31 13 48.44680 E,12.603
,52 3 0.31235 N,31 13 36.57740 E,12.608
,52 3 1.96831 N,31 13 32.64247 E,12.610
,52 3 3.62426 N,31 13 28.70395 E,12.611
,52 3 7.74261 N,31 13 22.40729 E,12.614
,52 3 11.86097 N,31 13 16.11063 E,12.616
,52 3 14.29458 N,31 13 14.99091 E,12.616
,52 3 16.72460 N,31 13 13.87118 E,12.617
,52 3 18.29777 N,31 13 10.98388 E,12.618
,52 3 19.86735 N,31 13 8.09657 E,12.619
,52 3 28.07531 N,31 12 58.64249 E,12.622
,52 3 36.27966 N,31 12 49.19200 E,12.626
,52 3 40.16047 N,31 12 46.49900 E,12.627
,52 3 44.03768 N,31 12 43.80959 E,12.628
,52 3 47.88252 N,31 12 42.75460 E,12.628
,52 3 51.73096 N,31 12 41.69961 E,12.629
,52 3 54.15381 N,31 12 42.09190 E,12.628
,52 3 56.57665 N,31 12 42.48060 E,12.628
,52 4 4.34205 N,31 12 47.39790 E,12.626
,52 4 12.11105 N,31 12 52.31520 E,12.624
,52 4 14.04428 N,31 12 52.17831 E,12.624
,52 4 15.38346 N,31 12 50.20902 E,12.625
,52 4 16.72265 N,31 12 48.24334 E,12.625
,52 4 17.37060 N,31 12 45.02487 E,12.627
,52 4 18.01496 N,31 12 41.81001 E,12.628
,52 4 21.60410 N,31 12 35.17856 E,12.630
,52 4 25.19683 N,31 12 28.54712 E,12.633
,52 4 27.45743 N,31 12 15.15847 E,12.638
,52 4 29.71443 N,31 12 1.76981 E,12.643
,52 4 30.20033 N,31 11 55.46972 E,12.646
,52 4 30.68983 N,31 11 49.16962 E,12.648
,52 4 30.20014 N,31 11 44.44639 E,12.650
,52 4 29.71405 N,31 11 39.71956 E,12.652
,52 4 30.72202 N,31 11 37.35428 E,12.653
,52 4 31.73360 N,31 11 34.98901 E,12.654
,52 4 31.64344 N,31 11 26.32731 E,12.657
,52 4 31.55329 N,31 11 17.66562 E,12.661
,52 4 31.99965 N,31 11 14.51556 E,12.662
,52 4 32.44600 N,31 11 11.36911 E,12.663
,52 4 31.87713 N,31 11 8.21910 E,12.665
,52 4 31.30827 N,31 11 5.07269 E,12.666
,52 4 31.99218 N,31 10 59.55739 E,12.668
,52 4 32.67970 N,31 10 54.04570 E,12.670
,52 4 31.95245 N,31 10 51.68050 E,12.671
,52 4 31.22519 N,31 10 49.31891 E,12.672
,52 4 32.43113 N,31 10 44.72520 E,12.674
,52 4 33.64067 N,31 10 40.13149 E,12.676
,52 4 32.98903 N,31 10 38.55831 E,12.676
,52 4 32.33740 N,31 10 36.98152 E,12.677
,52 4 33.79171 N,31 10 30.68138 E,12.679
,52 4 35.24602 N,31 10 24.38124 E,12.682
,52 4 34.67714 N,31 10 20.44282 E,12.683
,52 4 34.10827 N,31 10 16.50440 E,12.685
,52 4 36.77218 N,31 10 9.41220 E,12.688
,52 4 39.43610 N,31 10 2.32000 E,12.691
,52 4 39.35326 N,31 9 59.95477 E,12.691
,52 4 39.27041 N,31 9 57.59315 E,12.692
,52 4 40.43679 N,31 9 55.55907 E,12.693
,52 4 41.60318 N,31 9 53.52139 E,12.694
,52 4 40.56271 N,31 9 50.37861 E,12.695
,52 4 42.89540 N,31 9 42.49441 E,12.698
,52 4 45.23170 N,31 9 34.61381 E,12.701
,52 4 46.36208 N,31 9 32.38173 E,12.702
,52 4 47.49606 N,31 9 30.14966 E,12.703
,52 4 51.37687 N,31 9 27.44945 E,12.704
,52 4 55.25408 N,31 9 24.74924 E,12.705
,52 4 57.68051 N,31 9 24.67713 E,12.705
,52 5 0.10335 N,31 9 24.60502 E,12.705
,52 4 59.85489 N,31 9 21.45499 E,12.706
,52 5 1.31291 N,31 9 21.32172 E,12.706
,52 5 2.76733 N,31 9 21.18845 E,12.706
,52 5 1.55766 N,31 9 18.04207 E,12.708
,52 5 5.11456 N,31 9 20.65914 E,12.706
,52 5 8.10987 N,31 9 24.85305 E,12.705
,52 5 10.41743 N,31 9 20.38529 E,12.706
,52 5 11.74939 N,31 9 16.70959 E,12.708
,52 5 9.63970 N,31 9 13.76125 E,12.709
,52 5 7.53362 N,31 9 10.81292 E,12.710
,52 5 9.79800 N,31 9 7.58718 E,12.711
,52 5 11.73480 N,31 9 5.94187 E,12.712
,52 5 12.98396 N,31 9 2.78817 E,12.713
,52 5 14.23312 N,31 8 59.63088 E,12.714
,52 5 16.18433 N,31 8 58.44998 E,12.715
,52 5 17.63878 N,31 9 0.02313 E,12.714
,52 5 19.09683 N,31 9 1.59628 E,12.714
,52 5 21.03005 N,31 9 1.19659 E,12.714
,52 5 23.49599 N,31 8 55.67761 E,12.716
,52 5 25.96194 N,31 8 50.15503 E,12.718
,52 5 28.86714 N,31 8 47.85087 E,12.719
,52 5 31.77234 N,31 8 45.54671 E,12.720
,52 5 35.17077 N,31 8 44.35494 E,12.720
,52 5 38.56920 N,31 8 43.16318 E,12.720
,52 5 40.82643 N,31 8 42.76707 E,12.720
,52 5 42.12602 N,31 8 41.44939 E,12.721
,52 5 43.09446 N,31 8 42.56536 E,12.720
,52 5 44.06289 N,31 8 43.68133 E,12.720
,52 5 44.75047 N,31 8 41.77327 E,12.721
,52 5 45.43445 N,31 8 39.86882 E,12.722
,52 5 46.84925 N,31 8 39.01195 E,12.722
,52 5 48.26406 N,31 8 38.15147 E,12.722
,52 5 50.69412 N,31 8 39.65618 E,12.721
,52 5 53.12418 N,31 8 41.15728 E,12.721
,52 5 55.06098 N,31 8 39.45078 E,12.721
,52 5 56.02934 N,31 8 36.49150 E,12.723
,52 5 56.99771 N,31 8 33.53582 E,12.724
,52 5 59.30538 N,31 8 35.82534 E,12.723
,52 6 1.61306 N,31 8 38.11486 E,12.722
,52 6 3.21864 N,31 8 36.01596 E,12.723
,52 6 3.66501 N,31 8 33.65071 E,12.723
,52 6 4.11137 N,31 8 31.28546 E,12.724
,52 6 6.90137 N,31 8 28.78331 E,12.725
,52 6 9.68777 N,31 8 26.27755 E,12.726
,52 6 9.47522 N,31 8 17.61226 E,12.730
,52 6 9.26266 N,31 8 8.94697 E,12.733
,52 6 5.52553 N,31 7 53.20056 E,12.739
,52 6 1.78840 N,31 7 37.45056 E,12.746
,52 5 59.84794 N,31 7 35.55342 E,12.747
,52 5 57.90388 N,31 7 33.65269 E,12.747
,52 5 54.54501 N,31 7 32.35323 E,12.748
,52 5 51.18973 N,31 7 31.05377 E,12.749
,52 5 50.37969 N,31 7 29.54179 E,12.749
,52 5 49.56605 N,31 7 28.02981 E,12.750
,52 5 49.11590 N,31 7 19.36813 E,12.753
,52 5 48.66214 N,31 7 10.70645 E,12.757
,52 5 45.98352 N,31 7 0.47166 E,12.761
,52 5 43.30490 N,31 6 50.23687 E,12.765
,52 5 39.12143 N,31 6 38.43252 E,12.770
,52 5 34.94157 N,31 6 26.63178 E,12.775
,52 5 30.23610 N,31 6 15.61587 E,12.779
,52 5 25.53424 N,31 6 4.60356 E,12.784
,52 5 23.37767 N,31 5 56.73397 E,12.787
,52 5 21.22111 N,31 5 48.86438 E,12.790
,52 5 21.25342 N,31 5 44.14113 E,12.792
,52 5 21.28934 N,31 5 39.41787 E,12.794
,52 5 24.13300 N,31 5 17.35309 E,12.802
,52 5 26.97306 N,31 4 55.28471 E,12.811
,52 5 26.73501 N,31 4 30.01243 E,12.821
,52 5 26.49337 N,31 4 4.74015 E,12.831
,52 5 25.06401 N,31 3 56.86693 E,12.834
,52 5 23.63465 N,31 3 48.99730 E,12.838
,52 5 17.53940 N,31 3 28.54575 E,12.846
,52 5 11.44056 N,31 3 8.09420 E,12.854
,52 5 9.88875 N,31 2 57.86295 E,12.858
,52 5 8.33695 N,31 2 47.63171 E,12.862
,52 5 8.13862 N,31 2 28.59830 E,12.870
,52 5 7.93668 N,31 2 9.56489 E,12.878
,52 5 6.11138 N,31 2 4.91372 E,12.879
,52 5 4.28247 N,31 2 0.26616 E,12.881
,52 5 2.35985 N,31 1 49.18172 E,12.886
,52 5 0.43722 N,31 1 38.10088 E,12.890
,52 4 58.85310 N,31 1 32.59289 E,12.892
,52 4 57.26539 N,31 1 27.08850 E,12.895
,52 4 57.01330 N,31 1 22.36526 E,12.897
,52 4 56.75761 N,31 1 17.64562 E,12.898
,52 4 57.35511 N,31 1 11.34192 E,12.901
,52 4 57.95261 N,31 1 5.03822 E,12.903
,52 4 53.83747 N,31 0 49.30623 E,12.910
,52 4 49.72594 N,31 0 33.57784 E,12.916
,52 4 48.81136 N,31 0 24.13137 E,12.920
,52 4 47.89678 N,31 0 14.68851 E,12.924
,52 4 47.48611 N,30 59 59.10035 E,12.930
,52 4 47.07543 N,30 59 43.51219 E,12.936
,52 4 46.26897 N,30 59 41.08220 E,12.937
,52 4 45.46612 N,30 59 38.65221 E,12.938
,52 4 43.57244 N,30 59 35.75427 E,12.939
,52 4 41.67516 N,30 59 32.85632 E,12.941
,52 4 41.19630 N,30 59 29.69911 E,12.942
,52 4 40.71384 N,30 59 26.54549 E,12.943
,52 4 40.33205 N,30 59 16.30699 E,12.947
,52 4 39.94667 N,30 59 6.06850 E,12.951
,52 4 40.78523 N,30 58 51.90230 E,12.957
,52 4 41.62020 N,30 58 37.73250 E,12.962
,52 4 46.14514 N,30 58 18.85368 E,12.970
,52 4 50.67007 N,30 57 59.97125 E,12.977
,52 4 54.24836 N,30 57 50.47778 E,12.981
,52 4 57.82665 N,30 57 40.98071 E,12.985
,52 5 2.80897 N,30 57 31.81118 E,12.988
,52 5 7.79488 N,30 57 22.64524 E,12.992
,52 5 4.64836 N,30 57 18.56294 E,12.993
,52 5 1.50544 N,30 57 14.48064 E,12.995
,52 4 59.08613 N,30 57 9.74310 E,12.997
,52 4 56.67041 N,30 57 5.00556 E,12.999
,52 4 46.48228 N,30 57 6.66924 E,12.999
,52 4 36.29056 N,30 57 8.32933 E,12.998
,52 4 33.86771 N,30 57 7.33223 E,12.999
,52 4 31.44125 N,30 57 6.33873 E,12.999
,52 4 29.50079 N,30 57 4.36240 E,13.000
,52 4 27.55673 N,30 57 2.38246 E,13.001
,52 4 26.42987 N,30 57 0.01729 E,13.002
,52 4 25.30301 N,30 56 57.65211 E,13.003
,52 4 24.50013 N,30 56 53.71011 E,13.004
,52 4 23.69725 N,30 56 49.76810 E,13.006
,52 4 23.90960 N,30 56 46.62165 E,13.007
,52 4 24.12195 N,30 56 43.47521 E,13.008
,52 4 27.36904 N,30 56 34.82416 E,13.012
,52 4 30.61974 N,30 56 26.17671 E,13.015
,52 4 31.92284 N,30 56 19.09537 E,13.018
,52 4 33.22593 N,30 56 12.01763 E,13.021
,52 4 32.70388 N,30 56 9.65243 E,13.022
,52 4 32.18184 N,30 56 7.28723 E,13.023
,52 4 30.24854 N,30 56 3.34167 E,13.024
,52 4 28.31164 N,30 55 59.39612 E,13.026
,52 4 26.85359 N,30 55 57.61776 E,13.027
,52 4 25.39914 N,30 55 55.83941 E,13.027
,52 4 23.95191 N,30 55 55.57307 E,13.027
,52 4 22.50108 N,30 55 55.30674 E,13.028
,52 4 12.79180 N,30 55 58.74162 E,13.026
,52 4 3.08251 N,30 56 2.18011 E,13.025
,52 3 57.73290 N,30 56 6.09720 E,13.024
,52 3 52.38329 N,30 56 10.01429 E,13.023
,52 3 49.02093 N,30 56 14.85290 E,13.021
,52 3 45.65496 N,30 56 19.69150 E,13.019
,52 3 41.56186 N,30 56 29.12020 E,13.015
,52 3 37.47237 N,30 56 38.55249 E,13.012
,52 3 33.13079 N,30 56 43.51715 E,13.010
,52 3 28.79281 N,30 56 48.48181 E,13.008
,52 3 20.58832 N,30 56 50.14900 E,13.008
,52 3 12.38023 N,30 56 51.81979 E,13.007
,52 3 6.07648 N,30 56 48.58005 E,13.009
,52 2 59.77273 N,30 56 45.33670 E,13.010
,52 2 58.64945 N,30 56 42.18672 E,13.011
,52 2 59.30095 N,30 56 35.89381 E,13.014
,52 2 59.95245 N,30 56 29.60091 E,13.016
,52 3 1.66952 N,30 56 20.16513 E,13.020
,52 3 3.38658 N,30 56 10.72934 E,13.024
,52 3 4.15336 N,30 56 9.28929 E,13.024
,52 3 4.92375 N,30 56 7.84564 E,13.025
,52 3 6.37815 N,30 56 6.86996 E,13.025
,52 3 7.83616 N,30 56 5.89788 E,13.026
,52 3 12.68901 N,30 56 5.06245 E,13.026
,52 3 17.54547 N,30 56 4.22702 E,13.026
,52 3 23.85277 N,30 56 4.51473 E,13.026
,52 3 30.16367 N,30 56 4.80245 E,13.025
,52 3 34.49804 N,30 55 59.30859 E,13.027
,52 3 38.82881 N,30 55 53.81473 E,13.029
,52 3 39.84757 N,30 55 50.67184 E,13.031
,52 3 40.86273 N,30 55 47.52536 E,13.032
,52 3 40.71142 N,30 55 41.22890 E,13.034
,52 3 40.56010 N,30 55 34.93243 E,13.037
,52 3 38.45761 N,30 55 31.12369 E,13.038
,52 3 36.35871 N,30 55 27.31134 E,13.040
,52 3 31.99897 N,30 55 22.83669 E,13.042
,52 3 27.63562 N,30 55 18.35844 E,13.044
,52 3 25.21279 N,30 55 18.28295 E,13.044
,52 3 22.78995 N,30 55 18.20746 E,13.044
,52 3 19.39152 N,30 55 19.50363 E,13.044
,52 3 15.99309 N,30 55 20.80340 E,13.043
,52 3 11.13669 N,30 55 24.91847 E,13.042
,52 3 6.28389 N,30 55 29.02994 E,13.040
,52 3 2.26640 N,30 55 38.45863 E,13.037
,52 2 58.24890 N,30 55 47.88372 E,13.033
,52 2 56.09261 N,30 55 55.74631 E,13.030
,52 2 53.93631 N,30 56 3.60890 E,13.027
,52 2 51.25794 N,30 56 7.27026 E,13.025
,52 2 48.57956 N,30 56 10.93163 E,13.024
,52 2 46.64274 N,30 56 11.44652 E,13.024
,52 2 44.70952 N,30 56 11.96141 E,13.024
,52 2 42.27587 N,30 56 11.36392 E,13.024
,52 2 39.84583 N,30 56 10.76642 E,13.024
,52 2 35.04688 N,30 56 6.15499 E,13.026
,52 2 30.24792 N,30 56 1.54356 E,13.028
,52 2 29.18945 N,30 55 58.39357 E,13.030
,52 2 29.81573 N,30 55 50.52746 E,13.033
,52 2 30.43840 N,30 55 42.66134 E,13.036
,52 2 29.95951 N,30 55 37.93811 E,13.038
,52 2 29.47702 N,30 55 33.21487 E,13.040
,52 2 28.50855 N,30 55 30.06488 E,13.041
,52 2 27.54008 N,30 55 26.91849 E,13.042
,52 2 26.13243 N,30 55 25.00693 E,13.043
,52 2 24.72477 N,30 55 23.09898 E,13.044
,52 2 23.27034 N,30 55 22.50504 E,13.044
,52 2 21.81591 N,30 55 21.91110 E,13.044
,52 2 19.87189 N,30 55 22.36119 E,13.044
,52 2 17.92787 N,30 55 22.81129 E,13.044
,52 2 15.45470 N,30 55 26.80025 E,13.043
,52 2 12.98513 N,30 55 30.78920 E,13.041
,52 2 12.00960 N,30 55 35.50890 E,13.039
,52 2 11.03407 N,30 55 40.22500 E,13.037
,52 2 6.64582 N,30 55 52.79294 E,13.033
,52 2 2.25757 N,30 56 5.36449 E,13.028
,52 2 0.91839 N,30 56 7.32297 E,13.027
,52 1 59.58280 N,30 56 9.28505 E,13.026
,52 1 57.63879 N,30 56 10.19595 E,13.026
,52 1 55.69478 N,30 56 11.10685 E,13.026
,52 1 54.89192 N,30 56 8.80646 E,13.026
,52 1 54.08907 N,30 56 6.50967 E,13.027
,52 1 55.15808 N,30 55 54.71229 E,13.032
,52 1 56.23069 N,30 55 42.91491 E,13.037
,52 1 57.28905 N,30 55 39.77922 E,13.038
,52 2 0.15825 N,30 55 37.10066 E,13.039
,52 2 3.02745 N,30 55 34.42210 E,13.040
,52 2 3.83740 N,30 55 31.27923 E,13.041
,52 2 3.76175 N,30 55 28.13280 E,13.042
,52 2 3.68609 N,30 55 24.98996 E,13.044
,52 2 2.92284 N,30 55 22.62477 E,13.045
,52 2 2.16319 N,30 55 20.26318 E,13.046
,52 2 0.70514 N,30 55 19.01043 E,13.046
,52 1 59.25070 N,30 55 17.75769 E,13.047
,52 1 55.85945 N,30 55 17.67864 E,13.047
,52 1 52.46460 N,30 55 17.59960 E,13.047
,52 1 49.54858 N,30 55 19.36015 E,13.046
,52 1 46.62897 N,30 55 21.11710 E,13.046
,52 1 43.10107 N,30 55 29.69256 E,13.042
,52 1 39.56956 N,30 55 38.26802 E,13.039
,52 1 38.15837 N,30 55 40.09690 E,13.038
,52 1 36.74359 N,30 55 41.92219 E,13.038
,52 1 33.34517 N,30 55 43.74757 E,13.037
,52 1 29.94315 N,30 55 45.56934 E,13.036
,52 1 26.54468 N,30 55 44.57229 E,13.037
,52 1 23.14621 N,30 55 43.57883 E,13.037
,52 1 21.20935 N,30 55 41.59890 E,13.038
,52 1 20.04288 N,30 55 38.45251 E,13.040
,52 1 18.87640 N,30 55 35.30253 E,13.041
,52 1 18.59911 N,30 55 29.79808 E,13.043
,52 1 18.32540 N,30 55 24.29003 E,13.045
,52 1 18.82214 N,30 55 20.35877 E,13.047
,52 1 19.31528 N,30 55 16.42750 E,13.048
,52 1 22.23835 N,30 55 6.21405 E,13.052
,52 1 25.16501 N,30 54 56.00060 E,13.056
,52 1 25.08216 N,30 54 52.85417 E,13.058
,52 1 23.95529 N,30 54 49.70419 E,13.059
,52 1 22.82841 N,30 54 46.55060 E,13.060
,52 1 21.90318 N,30 54 45.30503 E,13.061
,52 1 20.97434 N,30 54 44.05946 E,13.061
,52 1 19.51992 N,30 54 43.65992 E,13.061
,52 1 18.06549 N,30 54 43.26398 E,13.062
,52 1 15.14588 N,30 54 45.54654 E,13.061
,52 1 12.22628 N,30 54 47.82910 E,13.060
,52 1 9.10516 N,30 54 54.89612 E,13.057
,52 1 5.98043 N,30 55 1.95955 E,13.055
,52 1 3.95373 N,30 55 9.03012 E,13.052
,52 1 1.92702 N,30 55 16.10069 E,13.049
,52 1 0.63104 N,30 55 18.25718 E,13.048
,52 0 59.33145 N,30 55 20.41726 E,13.047
,52 0 57.86986 N,30 55 21.65934 E,13.047
,52 0 56.40825 N,30 55 22.89782 E,13.046
,52 0 54.47143 N,30 55 22.82231 E,13.047
,52 0 52.53460 N,30 55 22.74680 E,13.047
,52 0 50.11173 N,30 55 21.03329 E,13.047
,52 0 47.68886 N,30 55 19.31978 E,13.048
,52 0 44.78355 N,30 55 15.57587 E,13.050
,52 0 41.87825 N,30 55 11.82836 E,13.051
,52 0 39.61733 N,30 55 7.10521 E,13.053
,52 0 37.36001 N,30 55 2.38206 E,13.055
,52 0 36.31589 N,30 54 56.08564 E,13.058
,52 0 35.27176 N,30 54 49.78922 E,13.060
,52 0 36.49573 N,30 54 46.64992 E,13.062
,52 0 38.91854 N,30 54 45.15220 E,13.062
,52 0 41.34135 N,30 54 43.65447 E,13.063
,52 0 40.86248 N,30 54 40.50446 E,13.064
,52 0 38.43606 N,30 54 41.41538 E,13.064
,52 0 36.01324 N,30 54 42.32270 E,13.063
,52 0 35.85479 N,30 54 39.17987 E,13.065
,52 0 35.69633 N,30 54 36.03344 E,13.066
,52 0 34.24190 N,30 54 35.63390 E,13.066
,52 0 32.78747 N,30 54 35.23797 E,13.066
,52 0 28.48918 N,30 54 44.98347 E,13.062
,52 0 24.19089 N,30 54 54.73258 E,13.059
,52 0 24.57983 N,30 55 2.59505 E,13.056
,52 0 24.97237 N,30 55 10.45752 E,13.052
,52 0 21.99898 N,30 55 24.66342 E,13.047
,52 0 19.02558 N,30 55 38.87291 E,13.041
,52 0 16.31481 N,30 55 43.24709 E,13.040
,52 0 13.60045 N,30 55 47.62486 E,13.038
,52 0 6.62722 N,30 55 51.66082 E,13.036
,51 59 59.65038 N,30 55 55.69319 E,13.035
,51 59 55.68673 N,30 55 56.20098 E,13.035
,51 59 51.72668 N,30 55 56.71236 E,13.035
,51 59 49.26062 N,30 55 55.06726 E,13.036
,51 59 46.79455 N,30 55 53.42215 E,13.036
,51 59 43.12960 N,30 55 47.77385 E,13.039
,51 59 39.46105 N,30 55 42.12556 E,13.041
,51 59 37.16052 N,30 55 36.61760 E,13.043
,51 59 34.85999 N,30 55 31.10605 E,13.046
,51 59 34.22268 N,30 55 25.60161 E,13.048
,51 59 33.58538 N,30 55 20.10078 E,13.050
,51 59 34.36644 N,30 55 11.51825 E,13.053
,51 59 35.14750 N,30 55 2.93931 E,13.057
,51 59 37.37940 N,30 54 55.08752 E,13.060
,51 59 39.61129 N,30 54 47.23573 E,13.063
,51 59 41.67766 N,30 54 43.50960 E,13.064
,51 59 43.74402 N,30 54 39.78706 E,13.066
,51 59 48.11802 N,30 54 35.80161 E,13.067
,51 59 52.49202 N,30 54 31.81977 E,13.069
,52 0 3.91133 N,30 54 28.58641 E,13.070
,52 0 15.33064 N,30 54 25.34945 E,13.071
,52 0 16.30624 N,30 54 24.30180 E,13.071
,52 0 17.28184 N,30 54 23.25774 E,13.071
,52 0 17.76775 N,30 54 17.75686 E,13.074
,52 0 18.25726 N,30 54 12.25597 E,13.076
,52 0 17.49395 N,30 54 6.74794 E,13.078
,52 0 16.73064 N,30 54 1.24352 E,13.080
,52 0 14.92692 N,30 53 55.73194 E,13.082
,52 0 13.11960 N,30 53 50.22036 E,13.085
,52 0 7.98939 N,30 53 42.80091 E,13.088
,52 0 2.85919 N,30 53 35.38506 E,13.091
,51 59 57.30427 N,30 53 33.60329 E,13.092
,51 59 51.74936 N,30 53 31.82153 E,13.093
,51 59 49.32653 N,30 53 32.20324 E,13.093
,51 59 46.90370 N,30 53 32.58856 E,13.092
,51 59 44.95971 N,30 53 34.68027 E,13.092
,51 59 43.01572 N,30 53 36.77198 E,13.091
,51 59 41.31297 N,30 53 41.48091 E,13.089
,51 59 39.61023 N,30 53 46.19344 E,13.087
,51 59 36.31650 N,30 54 4.25860 E,13.080
,51 59 33.01916 N,30 54 22.32375 E,13.073
,51 59 30.70444 N,30 54 28.60233 E,13.071
,51 59 28.39331 N,30 54 34.88451 E,13.068
,51 59 26.44932 N,30 54 36.84302 E,13.067
,51 59 24.50532 N,30 54 38.80513 E,13.067
,51 59 21.59288 N,30 54 38.85926 E,13.067
,51 59 18.68404 N,30 54 38.91340 E,13.067
,51 59 13.83470 N,30 54 34.97157 E,13.069
,51 59 8.98536 N,30 54 31.02615 E,13.070
,51 59 7.28966 N,30 54 27.09138 E,13.072
,51 59 5.59397 N,30 54 23.15662 E,13.074
,51 59 4.71546 N,30 54 17.65219 E,13.076
,51 59 3.83695 N,30 54 12.14777 E,13.078
,51 59 3.96640 N,30 54 3.50407 E,13.081
,51 59 4.09585 N,30 53 54.86037 E,13.085
,51 59 5.80567 N,30 53 43.07736 E,13.090
,51 59 7.51549 N,30 53 31.29434 E,13.094
,51 59 7.56577 N,30 53 24.22026 E,13.097
,51 59 7.61245 N,30 53 17.14978 E,13.100
,51 59 6.20476 N,30 53 13.28340 E,13.101
,51 59 4.79707 N,30 53 9.41702 E,13.103
,51 59 3.38222 N,30 53 7.44787 E,13.104
,51 59 1.96736 N,30 53 5.48231 E,13.105
,51 58 59.54450 N,30 53 4.22960 E,13.105
,51 58 57.11805 N,30 53 2.97690 E,13.106
,51 58 53.71961 N,30 53 3.75107 E,13.106
,51 58 50.32117 N,30 53 4.52883 E,13.105
,51 58 40.57239 N,30 53 13.92898 E,13.102
,51 58 30.82001 N,30 53 23.32913 E,13.098
,51 58 25.47758 N,30 53 25.93220 E,13.098
,51 58 20.13514 N,30 53 28.53528 E,13.097
,51 58 18.19471 N,30 53 28.46697 E,13.097
,51 58 16.25068 N,30 53 28.39865 E,13.097
,51 58 14.79984 N,30 53 27.27911 E,13.097
,51 58 13.35260 N,30 53 26.15956 E,13.098
,51 58 12.17893 N,30 53 23.01318 E,13.099
,51 58 11.00525 N,30 53 19.87040 E,13.100
,51 58 7.06291 N,30 53 3.42919 E,13.107
,51 58 3.12057 N,30 52 46.98799 E,13.114
,51 58 1.63715 N,30 52 35.98633 E,13.118
,51 58 0.15374 N,30 52 24.98828 E,13.123
,51 58 0.72248 N,30 52 21.05701 E,13.124
,51 58 1.29482 N,30 52 17.12934 E,13.126
,51 58 2.99037 N,30 52 13.27721 E,13.127
,51 58 4.68593 N,30 52 9.42149 E,13.129
,51 58 9.95268 N,30 52 2.09877 E,13.131
,51 58 15.21944 N,30 51 54.77965 E,13.134
,51 58 16.11219 N,30 51 51.64037 E,13.135
,51 58 17.00495 N,30 51 48.49750 E,13.137
,51 58 17.33246 N,30 51 43.00022 E,13.139
,51 58 17.66357 N,30 51 37.50294 E,13.141
,51 58 16.73467 N,30 51 32.78693 E,13.143
,51 58 15.80938 N,30 51 28.07092 E,13.145
,51 58 14.43411 N,30 51 25.05415 E,13.146
,51 58 13.06243 N,30 51 22.04098 E,13.147
,51 58 9.14190 N,30 51 17.97671 E,13.149
,51 58 5.22137 N,30 51 13.91245 E,13.151
,51 57 55.52631 N,30 51 7.08361 E,13.154
,51 57 45.82765 N,30 51 0.25478 E,13.157
,51 57 44.37317 N,30 50 57.24161 E,13.158
,51 57 42.91870 N,30 50 54.22484 E,13.159
,51 57 42.43624 N,30 50 51.08563 E,13.161
,51 57 41.95738 N,30 50 47.94282 E,13.162
,51 57 43.69964 N,30 50 38.52143 E,13.166
,51 57 45.44550 N,30 50 29.10005 E,13.169
,51 57 45.04584 N,30 50 25.96083 E,13.171
,51 57 44.64618 N,30 50 22.81801 E,13.172
,51 57 42.78488 N,30 50 18.95165 E,13.173
,51 57 40.92719 N,30 50 15.08530 E,13.175
,51 57 39.02992 N,30 50 12.72735 E,13.176
,51 57 37.13625 N,30 50 10.36942 E,13.177
,51 57 34.22378 N,30 50 8.99073 E,13.178
,51 57 31.31132 N,30 50 7.60845 E,13.178
,51 57 27.91287 N,30 50 7.86421 E,13.178
,51 57 24.51442 N,30 50 8.11637 E,13.178
,51 57 22.37244 N,30 50 10.99650 E,13.177
,51 57 20.23046 N,30 50 13.87303 E,13.176
,51 57 19.77698 N,30 50 20.87152 E,13.173
,51 57 19.32349 N,30 50 27.87362 E,13.171
,51 57 20.64864 N,30 50 46.72338 E,13.163
,51 57 21.97379 N,30 51 5.56953 E,13.155
,51 57 21.56342 N,30 51 7.92397 E,13.155
,51 57 21.14946 N,30 51 10.27842 E,13.154
,51 57 18.72666 N,30 51 12.43495 E,13.153
,51 57 16.30386 N,30 51 14.59149 E,13.152
,51 57 14.84584 N,30 51 14.91556 E,13.152
,51 57 13.39143 N,30 51 15.23963 E,13.152
,51 57 10.96857 N,30 51 13.72772 E,13.153
,51 57 8.54210 N,30 51 12.21581 E,13.153
,51 57 6.20202 N,30 51 9.20269 E,13.155
,51 57 3.86193 N,30 51 6.18956 E,13.156
,51 57 2.72780 N,30 50 59.90394 E,13.158
,51 57 1.59368 N,30 50 53.62192 E,13.161
,51 56 58.28515 N,30 50 49.16522 E,13.163
,51 56 54.97662 N,30 50 44.71212 E,13.165
,51 56 54.45457 N,30 50 42.35412 E,13.166
,51 56 53.93252 N,30 50 39.99972 E,13.167
,51 56 55.06287 N,30 50 36.07562 E,13.168
,51 56 56.19682 N,30 50 32.15153 E,13.170
,51 57 1.86315 N,30 50 23.26277 E,13.173
,51 57 7.52588 N,30 50 14.37401 E,13.176
,51 57 8.62383 N,30 50 10.44992 E,13.178
,51 57 9.72538 N,30 50 6.52582 E,13.179
,51 57 10.78001 N,30 49 56.31966 E,13.183
,51 57 11.83825 N,30 49 46.10990 E,13.188
,51 57 13.21339 N,30 49 41.40098 E,13.189
,51 57 14.58493 N,30 49 36.68847 E,13.191
,51 57 17.58366 N,30 49 30.41346 E,13.194
,51 57 20.58600 N,30 49 24.13845 E,13.196
,51 57 20.90275 N,30 49 20.99920 E,13.197
,51 57 20.70110 N,30 49 18.64119 E,13.198
,51 57 20.50306 N,30 49 16.28317 E,13.199
,51 57 18.88300 N,30 49 14.18802 E,13.200
,51 57 14.51615 N,30 49 15.03423 E,13.200
,51 57 10.14930 N,30 49 15.87684 E,13.200
,51 57 8.21246 N,30 49 15.08851 E,13.200
,51 57 6.27562 N,30 49 14.29659 E,13.200
,51 57 4.33155 N,30 49 12.20506 E,13.201
,51 57 2.38748 N,30 49 10.10993 E,13.202
,51 57 0.94020 N,30 49 6.18235 E,13.204
,51 56 59.49291 N,30 49 2.25477 E,13.205
,51 56 59.36684 N,30 48 58.32713 E,13.207
,51 56 59.24436 N,30 48 54.39949 E,13.209
,51 57 0.05425 N,30 48 47.33258 E,13.211
,51 57 0.86414 N,30 48 40.26926 E,13.214
,51 57 0.42488 N,30 48 37.12644 E,13.215
,51 56 59.98562 N,30 48 33.98723 E,13.217
,51 56 58.65355 N,30 48 30.84446 E,13.218
,51 56 57.32147 N,30 48 27.70168 E,13.219
,51 56 54.89860 N,30 48 25.67137 E,13.220
,51 56 52.47213 N,30 48 23.63746 E,13.221
,51 56 50.04208 N,30 48 22.98236 E,13.221
,51 56 47.61203 N,30 48 22.32726 E,13.222
,51 56 44.69960 N,30 48 23.17341 E,13.221
,51 56 41.78718 N,30 48 24.02315 E,13.221
,51 56 33.49997 N,30 48 30.55760 E,13.219
,51 56 25.21276 N,30 48 37.09205 E,13.216
,51 56 4.34707 N,30 48 49.68954 E,13.212
,51 55 43.47778 N,30 49 2.28704 E,13.208
,51 55 35.67300 N,30 49 10.12108 E,13.205
,51 55 27.86462 N,30 49 17.95512 E,13.202
,51 55 23.00820 N,30 49 21.15578 E,13.201
,51 55 18.15539 N,30 49 24.35644 E,13.200
,51 55 14.27453 N,30 49 24.21981 E,13.200
,51 55 10.39727 N,30 49 24.08319 E,13.200
,51 55 5.06193 N,30 49 20.86859 E,13.202
,51 54 59.72660 N,30 49 17.65400 E,13.203
,51 54 51.47871 N,30 49 8.09987 E,13.207
,51 54 43.23082 N,30 48 58.54574 E,13.211
,51 54 33.48898 N,30 48 52.97692 E,13.214
,51 54 23.74354 N,30 48 47.40810 E,13.216
,51 54 17.92936 N,30 48 42.17031 E,13.218
,51 54 12.11158 N,30 48 36.93251 E,13.221
,51 54 7.78423 N,30 48 31.69825 E,13.223
,51 54 3.46047 N,30 48 26.46759 E,13.225
,51 53 59.05744 N,30 48 17.05008 E,13.229
,51 53 54.65801 N,30 48 7.63258 E,13.233
,51 53 53.12424 N,30 47 59.00695 E,13.236
,51 53 51.59407 N,30 47 50.37773 E,13.240
,51 53 51.11147 N,30 47 39.46243 E,13.244
,51 53 50.63247 N,30 47 28.55073 E,13.249
,51 53 56.85998 N,30 46 54.82887 E,13.262
,51 54 3.08748 N,30 46 21.10701 E,13.275
,51 54 5.35160 N,30 46 3.06710 E,13.282
,51 54 7.61932 N,30 45 45.02720 E,13.290
,51 54 10.32993 N,30 45 31.69252 E,13.295
,51 54 13.04054 N,30 45 18.35785 E,13.300
,51 54 13.48687 N,30 45 14.43739 E,13.302
,51 54 13.93321 N,30 45 10.51692 E,13.303
,51 54 13.61271 N,30 45 5.02688 E,13.305
,51 54 13.28861 N,30 44 59.53683 E,13.308
,51 54 12.11494 N,30 44 56.46605 E,13.309
,51 54 10.94127 N,30 44 53.39167 E,13.310
,51 54 8.51118 N,30 44 50.38575 E,13.311
,51 54 6.07749 N,30 44 47.37622 E,13.313
,51 53 57.83328 N,30 44 42.28254 E,13.315
,51 53 49.58547 N,30 44 37.18886 E,13.317
,51 53 42.75256 N,30 44 36.33956 E,13.318
,51 53 35.91964 N,30 44 35.49026 E,13.318
,51 53 27.67547 N,30 44 32.55301 E,13.320
,51 53 19.42769 N,30 44 29.61575 E,13.321
,51 53 10.20424 N,30 44 22.82289 E,13.324
,51 53 0.98438 N,30 44 16.03364 E,13.327
,51 52 57.10345 N,30 44 11.40056 E,13.329
,51 52 53.22251 N,30 44 6.76389 E,13.331
,51 52 49.09671 N,30 43 59.05639 E,13.334
,51 52 44.97092 N,30 43 51.34889 E,13.338
,51 52 40.11425 N,30 43 40.37619 E,13.342
,51 52 35.26119 N,30 43 29.40349 E,13.347
,51 52 27.49566 N,30 43 17.00170 E,13.352
,51 52 19.72653 N,30 43 4.59632 E,13.357
,51 52 12.24532 N,30 42 47.29486 E,13.364
,51 52 4.75690 N,30 42 29.99701 E,13.371
,51 52 2.89563 N,30 42 27.38347 E,13.373
,51 52 1.03796 N,30 42 24.76992 E,13.374
,51 51 52.78293 N,30 42 18.70783 E,13.376
,51 51 44.52790 N,30 42 12.64574 E,13.379
,51 51 30.45882 N,30 42 8.67913 E,13.381
,51 51 16.38975 N,30 42 4.70893 E,13.383
,51 50 51.08122 N,30 41 55.73518 E,13.388
,51 50 25.76909 N,30 41 46.76503 E,13.392
,51 50 21.40218 N,30 41 44.54760 E,13.393
,51 50 17.03528 N,30 41 42.33377 E,13.394
,51 50 13.63677 N,30 41 38.75189 E,13.396
,51 50 10.23825 N,30 41 35.16640 E,13.397
,51 50 7.97014 N,30 41 30.53325 E,13.399
,51 50 5.70562 N,30 41 25.90370 E,13.401
,51 50 4.00268 N,30 41 18.85850 E,13.404
,51 50 2.29973 N,30 41 11.81330 E,13.407
,51 50 0.99260 N,30 40 53.73756 E,13.414
,51 49 59.68906 N,30 40 35.66182 E,13.421
,51 49 57.65476 N,30 40 19.93694 E,13.428
,51 49 55.62405 N,30 40 4.21205 E,13.434
,51 49 53.11111 N,30 39 58.02010 E,13.437
,51 49 50.59816 N,30 39 51.82455 E,13.439
,51 49 49.98610 N,30 39 48.69614 E,13.440
,51 49 49.37404 N,30 39 45.56413 E,13.442
,51 49 43.62819 N,30 39 36.11429 E,13.446
,51 49 37.87874 N,30 39 26.66804 E,13.450
,51 49 35.53139 N,30 39 20.40768 E,13.452
,51 49 33.18405 N,30 39 14.15092 E,13.455
,51 49 31.27958 N,30 39 11.67418 E,13.456
,51 49 29.37871 N,30 39 9.19744 E,13.457
,51 49 27.43467 N,30 39 8.61432 E,13.457
,51 49 25.49063 N,30 39 8.03120 E,13.458
,51 49 22.58179 N,30 39 8.56054 E,13.457
,51 49 19.66936 N,30 39 9.08987 E,13.457
,51 49 16.23494 N,30 39 10.66325 E,13.457
,51 49 12.80411 N,30 39 12.23662 E,13.456
,51 49 5.04976 N,30 39 21.64748 E,13.453
,51 48 57.29901 N,30 39 31.05473 E,13.449
,51 48 48.52942 N,30 39 39.16242 E,13.446
,51 48 39.75984 N,30 39 47.27011 E,13.443
,51 48 34.42462 N,30 39 51.06479 E,13.442
,51 48 29.08941 N,30 39 54.85947 E,13.441
,51 48 15.95652 N,30 40 0.68853 E,13.439
,51 48 2.82002 N,30 40 6.51759 E,13.437
,51 47 56.51636 N,30 40 8.09469 E,13.437
,51 47 50.21269 N,30 40 9.67180 E,13.436
,51 47 37.06887 N,30 40 8.06677 E,13.437
,51 47 23.92865 N,30 40 6.46535 E,13.438
,51 47 20.53016 N,30 40 4.19028 E,13.439
,51 47 17.12807 N,30 40 1.91161 E,13.440
,51 47 14.74115 N,30 39 57.35406 E,13.442
,51 47 12.35064 N,30 39 52.79292 E,13.444
,51 47 10.73046 N,30 39 44.19250 E,13.448
,51 47 9.11029 N,30 39 35.59208 E,13.451
,51 47 7.56219 N,30 39 30.90130 E,13.453
,51 47 6.01768 N,30 39 26.20691 E,13.455
,51 47 2.78475 N,30 39 21.39021 E,13.457
,51 46 59.55182 N,30 39 16.57350 E,13.459
,51 46 57.11815 N,30 39 14.55759 E,13.460
,51 46 54.68807 N,30 39 12.54168 E,13.461
,51 46 52.26524 N,30 39 12.35458 E,13.461
,51 46 49.84240 N,30 39 12.16749 E,13.461
,51 46 47.41598 N,30 39 13.53922 E,13.461
,51 46 44.99317 N,30 39 14.91454 E,13.460
,51 46 41.92242 N,30 39 20.13474 E,13.458
,51 46 38.85526 N,30 39 25.35493 E,13.456
,51 46 36.42887 N,30 39 27.44667 E,13.455
,51 46 34.00606 N,30 39 29.53840 E,13.455
,51 46 32.06204 N,30 39 29.60689 E,13.455
,51 46 30.12161 N,30 39 29.67538 E,13.455
,51 46 26.72305 N,30 39 23.16666 E,13.458
,51 46 23.32088 N,30 39 16.65794 E,13.460
,51 46 21.85915 N,30 39 10.40114 E,13.463
,51 46 20.39742 N,30 39 4.14793 E,13.465
,51 46 20.34317 N,30 38 50.00338 E,13.471
,51 46 20.28533 N,30 38 35.86243 E,13.477
,51 46 21.53445 N,30 38 30.38671 E,13.479
,51 46 22.78718 N,30 38 24.91099 E,13.481
,51 46 26.29349 N,30 38 17.08075 E,13.484
,51 46 29.80341 N,30 38 9.24690 E,13.487
,51 46 31.21813 N,30 38 3.77118 E,13.489
,51 46 32.63286 N,30 37 58.29545 E,13.491
,51 46 32.42761 N,30 37 55.94824 E,13.492
,51 46 32.21877 N,30 37 53.60102 E,13.493
,51 46 27.96330 N,30 37 41.88308 E,13.498
,51 46 23.70424 N,30 37 30.16514 E,13.503
,51 46 22.19926 N,30 37 21.49992 E,13.506
,51 46 20.69789 N,30 37 12.83469 E,13.510
,51 46 18.30016 N,30 37 7.36634 E,13.512
,51 46 15.90243 N,30 37 1.90159 E,13.515
,51 46 12.14028 N,30 36 56.37570 E,13.517
,51 46 8.37813 N,30 36 50.84980 E,13.519
,51 46 4.49003 N,30 36 48.57835 E,13.520
,51 46 0.60553 N,30 36 46.31050 E,13.521
,51 45 58.18270 N,30 36 46.64182 E,13.521
,51 45 55.75627 N,30 36 46.97673 E,13.521
,51 45 52.36506 N,30 36 49.13691 E,13.520
,51 45 48.97385 N,30 36 51.30069 E,13.520
,51 45 46.54745 N,30 36 53.84962 E,13.519
,51 45 44.12466 N,30 36 56.39856 E,13.518
,51 45 42.10870 N,30 37 0.18229 E,13.516
,51 45 40.08913 N,30 37 3.96243 E,13.515
,51 45 39.08480 N,30 37 8.72172 E,13.513
,51 45 38.08407 N,30 37 13.48102 E,13.511
,51 45 38.20654 N,30 37 17.39066 E,13.510
,51 45 38.32901 N,30 37 21.30390 E,13.508
,51 45 45.18388 N,30 37 42.39262 E,13.499
,51 45 52.03515 N,30 38 3.48135 E,13.491
,51 45 52.77329 N,30 38 11.36540 E,13.487
,51 45 53.50784 N,30 38 19.24585 E,13.484
,51 45 51.82324 N,30 38 31.76327 E,13.479
,51 45 50.14223 N,30 38 44.27708 E,13.474
,51 45 47.84189 N,30 38 49.75645 E,13.472
,51 45 45.54155 N,30 38 55.23581 E,13.470
,51 45 43.59756 N,30 38 57.19792 E,13.469
,51 45 41.65716 N,30 38 59.15643 E,13.469
,51 45 38.75194 N,30 39 0.13937 E,13.468
,51 45 35.84671 N,30 39 1.12231 E,13.468
,51 45 27.59178 N,30 39 0.55388 E,13.469
,51 45 19.34045 N,30 38 59.98905 E,13.469
,51 45 16.91399 N,30 38 58.95234 E,13.470
,51 45 14.49114 N,30 38 57.91564 E,13.470
,51 44 45.35177 N,30 38 26.78381 E,13.484
,51 44 16.20879 N,30 37 55.65919 E,13.497
,51 44 11.83825 N,30 37 51.37533 E,13.499
,51 44 7.47131 N,30 37 47.09148 E,13.501
,51 44 0.14513 N,30 37 42.42256 E,13.503
,51 43 52.81894 N,30 37 37.75364 E,13.505
,51 43 45.06078 N,30 37 35.30237 E,13.506
,51 43 37.30262 N,30 37 32.85109 E,13.508
,51 43 25.12726 N,30 37 33.92445 E,13.508
,51 43 12.95190 N,30 37 35.00141 E,13.508
,51 43 6.64820 N,30 37 34.75689 E,13.508
,51 43 0.34450 N,30 37 34.51237 E,13.508
,51 42 55.97760 N,30 37 32.31294 E,13.509
,51 42 51.61070 N,30 37 30.11352 E,13.510
,51 42 48.77380 N,30 37 26.93121 E,13.512
,51 42 45.94050 N,30 37 23.74890 E,13.513
,51 42 40.59065 N,30 37 13.67623 E,13.517
,51 42 35.24079 N,30 37 3.60716 E,13.521
,51 42 33.90149 N,30 36 58.92717 E,13.523
,51 42 32.56219 N,30 36 54.24358 E,13.525
,51 42 32.02563 N,30 36 45.65391 E,13.529
,51 42 31.48908 N,30 36 37.06424 E,13.532
,51 42 31.67603 N,30 36 22.94127 E,13.538
,51 42 31.85939 N,30 36 8.82191 E,13.544
,51 42 35.39065 N,30 35 46.09470 E,13.553
,51 42 38.91831 N,30 35 23.37109 E,13.562
,51 42 40.87646 N,30 35 7.67843 E,13.568
,51 42 42.83102 N,30 34 51.98217 E,13.574
,51 42 42.98933 N,30 34 46.51730 E,13.576
,51 42 43.14763 N,30 34 41.05244 E,13.578
,51 42 40.49052 N,30 34 25.37438 E,13.585
,51 42 37.83341 N,30 34 9.69993 E,13.591
,51 42 36.98017 N,30 34 8.33555 E,13.592
,51 42 36.13054 N,30 34 6.97478 E,13.592
,51 42 29.08507 N,30 33 57.76259 E,13.596
,51 42 22.03961 N,30 33 48.55401 E,13.600
,51 42 18.15149 N,30 33 45.31415 E,13.602
,51 42 14.26698 N,30 33 42.07429 E,13.603
,51 42 11.35452 N,30 33 41.04481 E,13.604
,51 42 8.44206 N,30 33 40.01533 E,13.604
,51 42 4.52160 N,30 33 40.09831 E,13.604
,51 42 0.60115 N,30 33 40.18128 E,13.604
,51 41 56.23431 N,30 33 41.82670 E,13.604
,51 41 51.86747 N,30 33 43.47211 E,13.603
,51 41 47.01826 N,30 33 47.13357 E,13.602
,51 41 42.17266 N,30 33 50.79863 E,13.601
,51 41 28.56829 N,30 34 4.38579 E,13.596
,51 41 14.96753 N,30 34 17.96935 E,13.591
,51 41 12.06231 N,30 34 19.47790 E,13.590
,51 41 9.15709 N,30 34 20.98645 E,13.590
,51 41 3.29622 N,30 34 21.98392 E,13.590
,51 40 57.43176 N,30 34 22.98500 E,13.589
,51 40 47.72236 N,30 34 19.83540 E,13.591
,51 40 38.01296 N,30 34 16.68940 E,13.593
,51 40 31.18004 N,30 34 15.86890 E,13.593
,51 40 24.34713 N,30 34 15.04840 E,13.594
,51 40 16.09217 N,30 34 12.80594 E,13.595
,51 40 7.84081 N,30 34 10.56349 E,13.596
,51 40 5.41799 N,30 34 11.61481 E,13.596
,51 40 2.99157 N,30 34 12.66613 E,13.596
,51 40 1.33554 N,30 34 12.41420 E,13.596
,51 39 59.68311 N,30 34 12.15867 E,13.596
,51 39 54.50611 N,30 34 5.03803 E,13.599
,51 39 49.32911 N,30 33 57.91738 E,13.602
,51 39 47.09697 N,30 33 51.68581 E,13.605
,51 39 44.86483 N,30 33 45.45425 E,13.607
,51 39 44.21315 N,30 33 41.55903 E,13.609
,51 39 43.55788 N,30 33 37.66022 E,13.610
,51 39 44.51173 N,30 33 28.29287 E,13.614
,51 39 45.46918 N,30 33 18.92193 E,13.618
,51 39 46.71111 N,30 33 14.23822 E,13.620
,51 39 47.95305 N,30 33 9.55091 E,13.621
,51 39 52.78775 N,30 32 59.38418 E,13.625
,51 39 57.62244 N,30 32 49.21746 E,13.629
,51 40 0.47722 N,30 32 45.68929 E,13.631
,51 40 3.33200 N,30 32 42.15752 E,13.632
,51 40 16.31704 N,30 32 21.74471 E,13.640
,51 40 29.30208 N,30 32 1.32831 E,13.647
,51 40 31.06602 N,30 31 56.57257 E,13.649
,51 40 32.82996 N,30 31 51.81684 E,13.651
,51 40 33.99989 N,30 31 46.35193 E,13.653
,51 40 35.16621 N,30 31 40.88702 E,13.655
,51 40 34.21923 N,30 31 31.52336 E,13.659
,51 40 33.27226 N,30 31 22.16330 E,13.663
,51 40 31.96538 N,30 31 19.04932 E,13.664
,51 40 30.66211 N,30 31 15.93535 E,13.666
,51 40 27.74241 N,30 31 12.69544 E,13.667
,51 40 24.82631 N,30 31 9.45914 E,13.668
,51 40 17.50373 N,30 31 5.27262 E,13.670
,51 40 10.18475 N,30 31 1.08250 E,13.672
,51 40 5.33186 N,30 31 0.39152 E,13.673
,51 40 0.47538 N,30 30 59.70413 E,13.673
,51 39 56.95814 N,30 31 0.57189 E,13.673
,51 39 53.44451 N,30 31 1.43966 E,13.673
,51 39 51.50771 N,30 31 3.00936 E,13.672
,51 39 49.57090 N,30 31 4.57907 E,13.672
,51 39 46.92140 N,30 31 12.39847 E,13.669
,51 39 44.27190 N,30 31 20.21428 E,13.666
,51 39 37.83166 N,30 31 35.07193 E,13.660
,51 39 31.39142 N,30 31 49.92598 E,13.654
,51 39 30.59230 N,30 31 55.32248 E,13.652
,51 39 29.79679 N,30 32 0.72257 E,13.650
,51 39 28.46480 N,30 32 2.55145 E,13.649
,51 39 27.13281 N,30 32 4.38033 E,13.648
,51 39 25.19599 N,30 32 4.64682 E,13.648
,51 39 19.84625 N,30 32 1.29543 E,13.650
,51 39 14.49651 N,30 31 57.94043 E,13.651
,51 39 6.23787 N,30 31 50.83432 E,13.655
,51 38 57.97562 N,30 31 43.72822 E,13.658
,51 38 49.71700 N,30 31 37.78852 E,13.660
,51 38 41.45477 N,30 31 31.84883 E,13.663
,51 38 40.39990 N,30 31 28.73484 E,13.664
,51 38 39.34143 N,30 31 25.62085 E,13.666
,51 38 37.90485 N,30 31 16.26802 E,13.670
,51 38 36.47186 N,30 31 6.91518 E,13.673
,51 38 35.37018 N,30 31 3.02359 E,13.675
,51 38 34.27210 N,30 30 59.13199 E,13.677
,51 38 31.47838 N,30 30 54.85887 E,13.678
,51 38 28.68467 N,30 30 50.58935 E,13.680
,51 38 25.76498 N,30 30 48.00465 E,13.681
,51 38 22.84529 N,30 30 45.41636 E,13.683
,51 38 14.58670 N,30 30 41.43508 E,13.684
,51 38 6.32451 N,30 30 37.45381 E,13.686
,51 38 0.50319 N,30 30 35.92765 E,13.687
,51 37 54.67828 N,30 30 34.39790 E,13.688
,51 37 51.27983 N,30 30 34.15685 E,13.688
,51 37 47.88137 N,30 30 33.91220 E,13.688
,51 37 40.13053 N,30 30 38.04899 E,13.687
,51 37 32.37609 N,30 30 42.18578 E,13.686
,51 37 28.44870 N,30 30 57.79933 E,13.679
,51 37 24.52131 N,30 31 13.40928 E,13.673
,51 37 23.03493 N,30 31 38.36122 E,13.663
,51 37 21.54134 N,30 32 3.31316 E,13.653
,51 37 20.50098 N,30 32 6.43804 E,13.652
,51 37 18.56417 N,30 32 7.74494 E,13.652
,51 37 13.22164 N,30 32 5.04155 E,13.653
,51 37 7.87912 N,30 32 2.34176 E,13.654
,51 37 5.44908 N,30 32 2.15827 E,13.654
,51 37 3.01544 N,30 32 1.97837 E,13.655
,51 36 59.62420 N,30 32 2.77413 E,13.654
,51 36 56.23297 N,30 32 3.56990 E,13.654
,51 36 54.94058 N,30 32 5.13597 E,13.654
,51 36 53.65178 N,30 32 6.70205 E,13.653
,51 36 52.92463 N,30 32 9.81971 E,13.652
,51 36 53.46112 N,30 32 14.49614 E,13.650
,51 36 53.99401 N,30 32 19.16897 E,13.648
,51 36 52.91772 N,30 32 26.96670 E,13.645
,51 36 51.83785 N,30 32 34.76443 E,13.642
,51 36 46.73688 N,30 32 52.71446 E,13.635
,51 36 41.63592 N,30 33 10.66449 E,13.628
,51 36 37.32316 N,30 33 16.59394 E,13.625
,51 36 33.01040 N,30 33 22.52340 E,13.623
,51 36 30.58759 N,30 33 24.22273 E,13.623
,51 36 28.16478 N,30 33 25.92206 E,13.622
,51 36 25.73475 N,30 33 25.93297 E,13.622
,51 36 23.30111 N,30 33 25.94387 E,13.622
,51 36 17.47255 N,30 33 21.68169 E,13.624
,51 36 11.64399 N,30 33 17.42310 E,13.626
,51 36 9.00506 N,30 33 12.10956 E,13.628
,51 36 6.36973 N,30 33 6.79962 E,13.630
,51 36 4.65960 N,30 33 0.57163 E,13.633
,51 36 2.94946 N,30 32 54.34364 E,13.636
,51 36 3.46413 N,30 32 46.54953 E,13.639
,51 36 3.97881 N,30 32 38.75542 E,13.642
,51 36 7.24035 N,30 32 32.70361 E,13.644
,51 36 10.50189 N,30 32 26.65180 E,13.647
,51 36 15.54184 N,30 32 19.48389 E,13.649
,51 36 20.58179 N,30 32 12.31959 E,13.652
,51 36 21.22616 N,30 32 9.97954 E,13.653
,51 36 21.87413 N,30 32 7.63588 E,13.654
,51 36 21.74809 N,30 32 5.29946 E,13.655
,51 36 21.62565 N,30 32 2.95944 E,13.656
,51 36 18.77428 N,30 31 55.96469 E,13.659
,51 36 15.92652 N,30 31 48.96634 E,13.661
,51 36 15.19203 N,30 31 44.29352 E,13.663
,51 36 14.45753 N,30 31 39.62071 E,13.665
,51 36 15.07291 N,30 31 26.37253 E,13.671
,51 36 15.69189 N,30 31 13.12436 E,13.676
,51 36 15.40381 N,30 31 8.45152 E,13.678
,51 36 15.11572 N,30 31 3.77868 E,13.680
,51 36 13.92761 N,30 30 58.32828 E,13.682
,51 36 12.73950 N,30 30 52.88147 E,13.684
,51 36 10.91421 N,30 30 49.12671 E,13.686
,51 36 9.08531 N,30 30 45.36835 E,13.687
,51 36 5.68681 N,30 30 42.26887 E,13.689
,51 36 2.28830 N,30 30 39.16939 E,13.690
,51 36 0.34427 N,30 30 38.79147 E,13.690
,51 35 58.40023 N,30 30 38.41356 E,13.691
,51 35 55.00901 N,30 30 39.86092 E,13.690
,51 35 51.61778 N,30 30 41.30469 E,13.690
,51 35 48.26620 N,30 30 45.08848 E,13.688
,51 35 44.91462 N,30 30 48.87227 E,13.687
,51 35 29.51395 N,30 31 9.40759 E,13.679
,51 35 14.11327 N,30 31 29.93570 E,13.671
,51 35 8.22735 N,30 31 39.44007 E,13.668
,51 35 2.34503 N,30 31 48.94444 E,13.664
,51 35 2.45331 N,30 32 5.03661 E,13.658
,51 35 2.56519 N,30 32 21.13238 E,13.651
,51 35 2.05775 N,30 32 30.48170 E,13.647
,51 35 1.54670 N,30 32 39.83103 E,13.644
,51 35 0.90955 N,30 32 42.95229 E,13.642
,51 35 0.27239 N,30 32 46.06995 E,13.641
,51 34 57.53287 N,30 32 53.02895 E,13.639
,51 34 54.79335 N,30 32 59.98435 E,13.636
,51 34 51.16820 N,30 33 5.71218 E,13.634
,51 34 47.54304 N,30 33 11.43640 E,13.631
,51 34 45.11665 N,30 33 13.65414 E,13.631
,51 34 42.69385 N,30 33 15.87547 E,13.630
,51 34 41.23944 N,30 33 16.26794 E,13.630
,51 34 39.78142 N,30 33 16.66401 E,13.630
,51 34 37.83738 N,30 33 15.89368 E,13.630
,51 34 35.89694 N,30 33 15.12696 E,13.630
,51 34 34.07527 N,30 33 12.79782 E,13.631
,51 34 32.25720 N,30 33 10.46867 E,13.632
,51 34 30.42468 N,30 33 5.02910 E,13.635
,51 34 28.58856 N,30 32 59.58592 E,13.637
,51 34 28.01240 N,30 32 51.02505 E,13.640
,51 34 27.43624 N,30 32 42.46058 E,13.644
,51 34 27.86816 N,30 32 37.00650 E,13.646
,51 34 28.30007 N,30 32 31.55242 E,13.648
,51 34 27.92194 N,30 32 24.54677 E,13.651
,51 34 27.54381 N,30 32 17.54471 E,13.654
,51 34 26.07486 N,30 32 9.76509 E,13.657
,51 34 24.60590 N,30 32 1.98547 E,13.660
,51 34 22.57177 N,30 31 56.54230 E,13.663
,51 34 20.54125 N,30 31 51.09913 E,13.665
,51 34 17.13554 N,30 31 47.48484 E,13.666
,51 34 13.72982 N,30 31 43.87056 E,13.668
,51 34 9.84894 N,30 31 42.33351 E,13.669
,51 34 5.96806 N,30 31 40.79647 E,13.670
,51 33 57.24161 N,30 31 45.50931 E,13.668
,51 33 48.51516 N,30 31 50.22215 E,13.666
,51 33 31.57004 N,30 32 9.31392 E,13.659
,51 33 14.62132 N,30 32 28.40208 E,13.652
,51 33 5.41606 N,30 32 32.72614 E,13.651
,51 32 56.20720 N,30 32 37.04660 E,13.649
,51 32 54.26318 N,30 32 37.31669 E,13.649
,51 32 52.31915 N,30 32 37.58318 E,13.649
,51 32 48.39867 N,30 32 36.17574 E,13.650
,51 32 44.47819 N,30 32 34.76830 E,13.651
,51 32 43.02378 N,30 32 35.29397 E,13.651
,51 32 41.56576 N,30 32 35.81964 E,13.650
,51 32 39.71178 N,30 32 38.29295 E,13.649
,51 32 37.85780 N,30 32 40.76266 E,13.649
,51 32 33.58828 N,30 32 49.27694 E,13.645
,51 32 29.31876 N,30 32 57.79123 E,13.642
,51 32 28.98761 N,30 33 0.91248 E,13.641
,51 32 30.12890 N,30 33 4.79327 E,13.639
,51 32 31.26658 N,30 33 8.67766 E,13.638
,51 32 34.02793 N,30 33 14.89120 E,13.635
,51 32 36.78928 N,30 33 21.10475 E,13.632
,51 32 48.46818 N,30 33 39.86043 E,13.624
,51 33 0.15068 N,30 33 58.61612 E,13.616
,51 33 3.43046 N,30 34 6.38486 E,13.613
,51 33 6.71384 N,30 34 14.15359 E,13.610
,51 33 7.53112 N,30 34 18.04520 E,13.608
,51 33 8.34840 N,30 34 21.93321 E,13.607
,51 33 7.79409 N,30 34 27.38369 E,13.604
,51 33 7.23618 N,30 34 32.83058 E,13.602
,51 33 5.66303 N,30 34 37.50710 E,13.600
,51 33 4.08989 N,30 34 42.18362 E,13.599
,51 33 0.30273 N,30 34 47.64505 E,13.597
,51 32 56.51197 N,30 34 53.11008 E,13.594
,51 32 50.20837 N,30 34 58.31962 E,13.593
,51 32 43.90476 N,30 35 3.53275 E,13.591
,51 32 40.02393 N,30 35 4.97654 E,13.590
,51 32 36.14670 N,30 35 6.41673 E,13.590
,51 32 32.75185 N,30 35 6.36648 E,13.590
,51 32 29.36060 N,30 35 6.31264 E,13.590
,51 32 24.99372 N,30 35 5.55322 E,13.591
,51 32 20.62684 N,30 35 4.79021 E,13.591
,51 32 14.79830 N,30 35 1.83123 E,13.592
,51 32 8.96617 N,30 34 58.87226 E,13.594
,51 31 59.20986 N,30 34 49.57020 E,13.598
,51 31 49.45355 N,30 34 40.27173 E,13.602
,51 31 29.05179 N,30 34 25.44408 E,13.609
,51 31 8.65004 N,30 34 10.62362 E,13.616
,51 31 0.87744 N,30 34 5.85752 E,13.618
,51 30 53.10484 N,30 34 1.09141 E,13.620
,51 30 51.16801 N,30 34 0.71349 E,13.620
,51 30 49.23117 N,30 34 0.33198 E,13.620
,51 30 45.35037 N,30 34 3.39578 E,13.619
,51 30 41.47316 N,30 34 6.45599 E,13.618
,51 30 38.20439 N,30 34 10.87698 E,13.617
,51 30 34.93562 N,30 34 15.29438 E,13.615
,51 30 27.76095 N,30 34 29.19085 E,13.610
,51 30 20.58629 N,30 34 43.08372 E,13.604
,51 30 14.81553 N,30 34 50.62246 E,13.601
,51 30 9.04838 N,30 34 58.16120 E,13.599
,51 30 5.12799 N,30 35 1.86942 E,13.597
,51 30 1.20759 N,30 35 5.57403 E,13.596
,51 29 56.84797 N,30 35 7.79545 E,13.595
,51 29 52.48834 N,30 35 10.01687 E,13.594
,51 29 26.77322 N,30 35 13.21845 E,13.594
,51 29 1.05809 N,30 35 16.42363 E,13.594
,51 28 55.24047 N,30 35 20.26153 E,13.592
,51 28 49.42645 N,30 35 24.09943 E,13.591
,51 28 43.21290 N,30 35 32.41219 E,13.588
,51 28 36.99576 N,30 35 40.72496 E,13.585
,51 28 28.04276 N,30 36 0.05397 E,13.577
,51 28 19.08976 N,30 36 19.37938 E,13.570
,51 28 18.21879 N,30 36 33.36557 E,13.564
,51 28 17.34782 N,30 36 47.35177 E,13.559
,51 28 17.44156 N,30 36 55.12425 E,13.555
,51 28 17.53889 N,30 37 2.89313 E,13.552
,51 28 16.37256 N,30 37 7.55523 E,13.550
,51 28 15.20262 N,30 37 12.21733 E,13.549
,51 28 13.79143 N,30 37 13.90582 E,13.548
,51 28 12.37664 N,30 37 15.59430 E,13.547
,51 28 6.55180 N,30 37 18.20098 E,13.546
,51 28 0.73055 N,30 37 20.80767 E,13.546
,51 27 58.79373 N,30 37 20.94096 E,13.546
,51 27 56.85690 N,30 37 21.07425 E,13.546
,51 27 53.45843 N,30 37 20.04839 E,13.546
,51 27 50.05996 N,30 37 19.02253 E,13.547
,51 27 45.20343 N,30 37 15.41550 E,13.548
,51 27 40.35050 N,30 37 11.80488 E,13.550
,51 27 39.16964 N,30 37 9.73491 E,13.551
,51 27 37.98879 N,30 37 7.66494 E,13.552
,51 27 34.90333 N,30 36 55.18374 E,13.557
,51 27 31.82147 N,30 36 42.69894 E,13.562
,51 27 33.93435 N,30 36 22.49902 E,13.570
,51 27 36.05083 N,30 36 2.29551 E,13.578
,51 27 35.68716 N,30 35 58.41828 E,13.580
,51 27 35.32348 N,30 35 54.53745 E,13.581
,51 27 32.10845 N,30 35 43.67628 E,13.586
,51 27 28.89341 N,30 35 32.81150 E,13.590
,51 27 24.67760 N,30 35 24.28319 E,13.594
,51 27 20.46179 N,30 35 15.75489 E,13.598
,51 27 14.21913 N,30 35 5.93786 E,13.602
,51 27 7.98007 N,30 34 56.12443 E,13.606
,51 27 3.12353 N,30 34 52.64701 E,13.608
,51 26 58.27060 N,30 34 49.16958 E,13.609
,51 26 52.40610 N,30 34 48.28783 E,13.610
,51 26 46.54160 N,30 34 47.40608 E,13.610
,51 26 13.60129 N,30 34 57.75406 E,13.607
,51 25 40.66458 N,30 35 8.09843 E,13.604
,51 25 35.81540 N,30 35 13.15670 E,13.603
,51 25 30.96982 N,30 35 18.21857 E,13.601
,51 25 28.30948 N,30 35 24.43956 E,13.598
,51 25 25.65275 N,30 35 30.66054 E,13.596
,51 25 25.25685 N,30 35 36.86703 E,13.593
,51 25 24.85735 N,30 35 43.07712 E,13.591
,51 25 25.31104 N,30 35 47.73195 E,13.589
,51 25 25.76473 N,30 35 52.38678 E,13.587
,51 25 28.56573 N,30 36 1.68915 E,13.583
,51 25 31.36673 N,30 36 10.99513 E,13.579
,51 25 33.39363 N,30 36 14.74268 E,13.578
,51 25 35.41692 N,30 36 18.48664 E,13.576
,51 25 38.26110 N,30 36 26.23739 E,13.573
,51 25 41.10528 N,30 36 33.99175 E,13.570
,51 25 42.08101 N,30 36 40.97219 E,13.567
,51 25 43.05315 N,30 36 47.95622 E,13.564
,51 25 41.85444 N,30 36 54.16994 E,13.561
,51 25 40.65213 N,30 37 0.38366 E,13.559
,51 25 35.48257 N,30 37 7.12677 E,13.556
,51 25 30.30941 N,30 37 13.86627 E,13.554
,51 25 24.48810 N,30 37 12.84772 E,13.555
,51 25 18.66320 N,30 37 11.83276 E,13.555
,51 25 15.26472 N,30 37 10.15889 E,13.556
,51 25 11.86624 N,30 37 8.48863 E,13.557
,51 25 7.49939 N,30 37 9.01803 E,13.557
,51 25 3.13253 N,30 37 9.54743 E,13.557
,51 25 0.22732 N,30 37 11.62478 E,13.556
,51 24 57.32212 N,30 37 13.70213 E,13.555
,51 24 54.09659 N,30 37 20.56395 E,13.553
,51 24 50.87106 N,30 37 27.42937 E,13.550
,51 24 45.53588 N,30 37 33.13566 E,13.548
,51 24 40.20070 N,30 37 38.84196 E,13.546
,51 24 31.96030 N,30 37 45.71840 E,13.543
,51 24 23.71989 N,30 37 52.59484 E,13.541
,51 24 11.11264 N,30 38 0.19148 E,13.538
,51 23 58.50538 N,30 38 7.78453 E,13.536
,51 23 50.74737 N,30 38 13.49093 E,13.534
,51 23 42.98575 N,30 38 19.19734 E,13.531
,51 23 25.10106 N,30 38 40.83077 E,13.523
,51 23 7.21277 N,30 39 2.45700 E,13.515
,51 23 1.87756 N,30 39 6.47487 E,13.514
,51 22 56.54235 N,30 39 10.49276 E,13.512
,51 22 50.23147 N,30 39 11.41104 E,13.512
,51 22 43.92420 N,30 39 12.32573 E,13.512
,51 22 41.01175 N,30 39 11.94426 E,13.512
,51 22 38.09930 N,30 39 11.56638 E,13.513
,51 22 34.21840 N,30 39 9.24813 E,13.514
,51 22 30.34110 N,30 39 6.92987 E,13.515
,51 22 27.42140 N,30 39 3.31916 E,13.516
,51 22 24.50529 N,30 38 59.70845 E,13.518
,51 22 14.54003 N,30 38 41.76990 E,13.526
,51 22 4.57477 N,30 38 23.83854 E,13.533
,51 21 58.26736 N,30 38 17.00594 E,13.536
,51 21 51.95635 N,30 38 10.17335 E,13.539
,51 21 49.52630 N,30 38 9.01784 E,13.540
,51 21 47.09264 N,30 38 7.85874 E,13.540
,51 21 41.75736 N,30 38 7.87337 E,13.541
,51 21 36.42208 N,30 38 7.88801 E,13.541
,51 21 30.60805 N,30 38 11.13190 E,13.540
,51 21 24.79042 N,30 38 14.37579 E,13.539
,51 21 22.36763 N,30 38 16.76993 E,13.538
,51 21 19.94483 N,30 38 19.16406 E,13.537
,51 21 11.42379 N,30 38 35.20261 E,13.531
,51 21 2.90274 N,30 38 51.23756 E,13.524
,51 20 57.57473 N,30 38 55.64065 E,13.523
,51 20 52.24313 N,30 39 0.04013 E,13.521
,51 20 44.96744 N,30 39 1.21766 E,13.521
,51 20 37.68816 N,30 39 2.39520 E,13.521
,51 20 34.28969 N,30 39 1.36934 E,13.521
,51 20 30.88762 N,30 39 0.34347 E,13.522
,51 20 27.48913 N,30 38 58.15480 E,13.523
,51 20 24.09064 N,30 38 55.96973 E,13.524
,51 20 22.47057 N,30 38 53.00337 E,13.525
,51 20 20.85049 N,30 38 50.03700 E,13.527
,51 20 19.10796 N,30 38 43.84501 E,13.529
,51 20 17.36183 N,30 38 37.64942 E,13.532
,51 20 13.99188 N,30 38 20.61778 E,13.539
,51 20 10.61834 N,30 38 3.58615 E,13.546
,51 20 6.48524 N,30 37 49.65418 E,13.552
,51 20 2.35213 N,30 37 35.72221 E,13.557
,51 19 52.44816 N,30 37 22.70850 E,13.563
,51 19 42.54779 N,30 37 9.69839 E,13.569
,51 19 22.52371 N,30 36 36.01011 E,13.583
,51 19 2.49963 N,30 36 2.33262 E,13.597
,51 18 53.34808 N,30 35 49.97769 E,13.603
,51 18 44.19293 N,30 35 37.61916 E,13.608
,51 18 41.33094 N,30 35 40.47051 E,13.607
,51 18 38.46535 N,30 35 43.32187 E,13.606
,51 18 36.36660 N,30 35 47.97322 E,13.604
,51 18 34.26425 N,30 35 52.62456 E,13.602
,51 18 33.30313 N,30 35 58.04626 E,13.600
,51 18 32.34201 N,30 36 3.46796 E,13.598
,51 18 32.93270 N,30 36 19.72211 E,13.591
,51 18 33.52339 N,30 36 35.97986 E,13.585
,51 18 33.20305 N,30 36 39.85352 E,13.583
,51 18 32.87911 N,30 36 43.72358 E,13.582
,51 18 31.34914 N,30 36 46.82688 E,13.581
,51 18 29.81557 N,30 36 49.92658 E,13.579
,51 18 27.87877 N,30 36 51.60788 E,13.579
,51 18 25.94197 N,30 36 53.28919 E,13.578
,51 18 20.60304 N,30 36 50.34099 E,13.580
,51 18 15.26051 N,30 36 47.39279 E,13.581
,51 18 13.63684 N,30 36 44.55963 E,13.582
,51 18 12.01677 N,30 36 41.72648 E,13.583
,51 18 11.12029 N,30 36 37.86007 E,13.585
,51 18 10.22021 N,30 36 33.99007 E,13.587
,51 18 10.50096 N,30 36 30.89402 E,13.588
,51 18 10.78171 N,30 36 27.79438 E,13.589
,51 18 12.75083 N,30 36 21.59862 E,13.591
,51 18 14.72355 N,30 36 15.40287 E,13.594
,51 18 14.23385 N,30 36 9.98483 E,13.596
,51 18 13.74775 N,30 36 4.56679 E,13.598
,51 18 11.31769 N,30 36 3.41129 E,13.599
,51 18 8.88764 N,30 36 2.25938 E,13.599
,51 18 7.42964 N,30 36 3.81466 E,13.599
,51 18 5.97525 N,30 36 5.36994 E,13.598
,51 18 4.65050 N,30 36 9.24364 E,13.597
,51 18 3.32574 N,30 36 13.11734 E,13.595
,51 18 2.36470 N,30 36 23.18310 E,13.591
,51 18 1.40366 N,30 36 33.24885 E,13.587
,51 18 2.46577 N,30 36 38.66326 E,13.585
,51 18 3.53148 N,30 36 44.07767 E,13.583
,51 18 5.71319 N,30 36 48.71443 E,13.581
,51 18 7.89851 N,30 36 53.35478 E,13.579
,51 18 12.75868 N,30 36 59.01383 E,13.576
,51 18 17.62245 N,30 37 4.67648 E,13.574
,51 18 18.96175 N,30 37 9.31327 E,13.572
,51 18 20.30105 N,30 37 13.95366 E,13.570
,51 18 20.14269 N,30 37 16.27569 E,13.569
,51 18 19.98432 N,30 37 18.60133 E,13.568
,51 18 18.89354 N,30 37 20.66780 E,13.567
,51 18 17.79916 N,30 37 22.73427 E,13.567
,51 18 15.86235 N,30 37 23.51916 E,13.566
,51 18 14.40791 N,30 37 22.74522 E,13.567
,51 18 12.95348 N,30 37 21.97127 E,13.567
,51 18 6.18883 N,30 37 13.73828 E,13.571
,51 17 59.42419 N,30 37 5.50169 E,13.574
,51 17 56.51532 N,30 37 4.09420 E,13.575
,51 17 53.60286 N,30 37 2.68671 E,13.576
,51 17 50.20440 N,30 37 2.30886 E,13.576
,51 17 46.80594 N,30 37 1.93101 E,13.576
,51 17 38.55825 N,30 37 3.76379 E,13.576
,51 17 30.31056 N,30 37 5.59657 E,13.575
,51 17 27.39811 N,30 37 4.95949 E,13.576
,51 17 24.48925 N,30 37 4.32241 E,13.576
,51 17 16.76346 N,30 36 59.57430 E,13.578
,51 17 9.03766 N,30 36 54.82619 E,13.580
,51 17 4.17751 N,30 36 50.52435 E,13.582
,51 16 59.31377 N,30 36 46.22252 E,13.584
,51 16 56.39764 N,30 36 40.94139 E,13.587
,51 16 53.47790 N,30 36 35.66386 E,13.589
,51 16 52.13859 N,30 36 30.25306 E,13.591
,51 16 50.79927 N,30 36 24.83866 E,13.593
,51 16 50.38875 N,30 36 17.87980 E,13.596
,51 16 49.97462 N,30 36 10.92095 E,13.599
,51 16 50.57214 N,30 36 5.50286 E,13.601
,51 16 51.16965 N,30 36 0.08838 E,13.603
,51 16 51.12273 N,30 35 53.12230 E,13.606
,51 16 51.07581 N,30 35 46.15263 E,13.609
,51 16 50.38092 N,30 35 41.51581 E,13.611
,51 16 49.68603 N,30 35 36.87899 E,13.613
,51 16 44.68889 N,30 35 21.35944 E,13.619
,51 16 39.68814 N,30 35 5.83989 E,13.626
,51 16 35.78911 N,30 34 55.79955 E,13.630
,51 16 31.88648 N,30 34 45.75561 E,13.634
,51 16 28.63902 N,30 34 33.39322 E,13.639
,51 16 25.39156 N,30 34 21.03083 E,13.644
,51 16 21.99308 N,30 34 19.49736 E,13.645
,51 16 18.59460 N,30 34 17.96029 E,13.646
,51 16 12.32330 N,30 34 17.21536 E,13.647
,51 16 6.05559 N,30 34 16.46683 E,13.647
,51 16 4.10433 N,30 34 14.67409 E,13.648
,51 16 3.84495 N,30 34 4.55439 E,13.652
,51 16 3.58197 N,30 33 54.43829 E,13.656
,51 16 1.74937 N,30 33 44.38707 E,13.660
,51 15 59.91677 N,30 33 34.33944 E,13.664
,51 15 51.69008 N,30 33 1.05744 E,13.678
,51 15 43.46338 N,30 32 27.77544 E,13.692
,51 15 43.53895 N,30 32 25.84221 E,13.693
,51 15 43.61451 N,30 32 23.90899 E,13.694
,51 15 47.40525 N,30 32 16.80234 E,13.696
,51 15 51.19238 N,30 32 9.69570 E,13.699
,51 16 0.49096 N,30 31 48.76826 E,13.707
,51 16 9.78953 N,30 31 27.83723 E,13.715
,51 16 27.43643 N,30 30 55.64130 E,13.728
,51 16 45.07974 N,30 30 23.44177 E,13.740
,51 16 45.76011 N,30 30 21.11612 E,13.741
,51 16 46.44048 N,30 30 18.79406 E,13.742
,51 16 44.25123 N,30 29 54.78190 E,13.752
,51 16 42.05838 N,30 29 30.77333 E,13.762
,51 16 38.12653 N,30 28 56.65234 E,13.776
,51 16 34.18749 N,30 28 22.53134 E,13.790
,51 16 32.34051 N,30 28 14.01013 E,13.793
,51 16 30.49354 N,30 28 5.49252 E,13.797
,51 16 26.95811 N,30 27 55.41976 E,13.801
,51 16 23.42268 N,30 27 45.34701 E,13.805
,51 16 24.98123 N,30 27 29.11077 E,13.812
,51 16 26.53617 N,30 27 12.87452 E,13.818
,51 16 27.59453 N,30 27 9.78564 E,13.819
,51 16 30.50696 N,30 27 8.95750 E,13.820
,51 16 33.41939 N,30 27 8.12937 E,13.820
,51 16 36.28869 N,30 27 11.49528 E,13.818
,51 16 39.15799 N,30 27 14.85759 E,13.817
,51 16 41.09481 N,30 27 14.61270 E,13.817
,51 16 42.88040 N,30 27 12.29780 E,13.818
,51 16 43.89555 N,30 27 8.43131 E,13.819
,51 16 44.91430 N,30 27 4.56482 E,13.821
,51 16 45.88629 N,30 27 3.53877 E,13.821
,51 16 46.86189 N,30 27 2.51272 E,13.822
,51 16 51.22874 N,30 27 1.88252 E,13.822
,51 16 55.59560 N,30 27 1.25592 E,13.822
,51 16 57.53244 N,30 27 1.91104 E,13.821
,51 16 59.46928 N,30 27 2.56616 E,13.821
,51 17 5.28703 N,30 27 6.71675 E,13.819
,51 17 11.10119 N,30 27 10.86734 E,13.817
,51 17 11.38205 N,30 27 13.95976 E,13.816
,51 17 11.66651 N,30 27 17.05578 E,13.815
,51 17 10.27695 N,30 27 20.92228 E,13.813
,51 17 8.89100 N,30 27 24.78519 E,13.812
,51 17 12.40116 N,30 27 30.86190 E,13.809
,51 17 15.90771 N,30 27 36.94221 E,13.807
,51 17 19.30261 N,30 27 39.66369 E,13.805
,51 17 22.69391 N,30 27 42.38517 E,13.804
,51 17 28.02920 N,30 27 43.31015 E,13.803
,51 17 33.36450 N,30 27 44.23152 E,13.803
,51 17 35.31210 N,30 27 42.95342 E,13.803
,51 17 38.39724 N,30 27 36.90522 E,13.806
,51 17 41.47879 N,30 27 30.85702 E,13.808
,51 17 44.87720 N,30 27 29.06405 E,13.809
,51 17 48.27922 N,30 27 27.27108 E,13.809
,51 17 50.21246 N,30 27 27.79660 E,13.809
,51 17 52.14930 N,30 27 28.32212 E,13.809
,51 17 56.99863 N,30 27 31.88955 E,13.807
,51 18 1.84437 N,30 27 35.45337 E,13.805
,51 18 12.96499 N,30 27 39.11772 E,13.803
,51 18 24.07842 N,30 27 42.78207 E,13.801
,51 18 27.88314 N,30 27 11.82877 E,13.814
,51 18 31.68786 N,30 26 40.87907 E,13.826
,51 18 23.61944 N,30 26 0.46178 E,13.843
,51 18 15.55102 N,30 25 20.05170 E,13.860
,51 18 22.86233 N,30 24 56.72673 E,13.869
,51 18 30.17363 N,30 24 33.40175 E,13.878
,51 18 34.79589 N,30 24 21.28742 E,13.883
,51 18 39.41455 N,30 24 9.16948 E,13.888
,51 18 40.03366 N,30 24 3.36619 E,13.890
,51 18 40.65277 N,30 23 57.56290 E,13.892
,51 18 43.71999 N,30 23 56.28475 E,13.893
,51 18 46.79081 N,30 23 55.00300 E,13.893
,51 18 59.86597 N,30 23 41.55628 E,13.898
,51 19 12.93753 N,30 23 28.10596 E,13.903
,51 19 16.38626 N,30 23 21.14693 E,13.906
,51 19 19.83139 N,30 23 14.18791 E,13.908
,51 19 24.69496 N,30 23 7.87682 E,13.911
,51 19 29.55492 N,30 23 1.56574 E,13.913
,51 19 30.72848 N,30 22 58.46966 E,13.914
,51 19 31.90205 N,30 22 55.37357 E,13.915
,51 19 45.34785 N,30 22 32.43353 E,13.924
,51 19 58.79005 N,30 22 9.48989 E,13.933
,51 20 27.68699 N,30 21 30.13299 E,13.948
,51 20 56.58033 N,30 20 50.76169 E,13.963
,51 21 1.56965 N,30 20 29.85244 E,13.971
,51 21 6.56256 N,30 20 8.94319 E,13.979
,51 21 7.73614 N,30 20 6.75072 E,13.980
,51 21 8.90972 N,30 20 4.55464 E,13.981
,51 21 24.92965 N,30 19 46.82734 E,13.987
,51 21 40.94957 N,30 19 29.09644 E,13.994
,51 21 42.90082 N,30 19 30.39237 E,13.993
,51 21 45.96099 N,30 19 37.37271 E,13.990
,51 21 49.02476 N,30 19 44.35305 E,13.987
,51 21 52.62491 N,30 19 50.16696 E,13.985
,51 21 56.22147 N,30 19 55.98446 E,13.982
,51 22 17.33297 N,30 20 41.75802 E,13.963
,51 22 38.43727 N,30 21 27.54238 E,13.944
,51 22 39.89531 N,30 21 28.57913 E,13.943
,51 22 41.34975 N,30 21 29.61587 E,13.943
,51 22 45.71663 N,30 21 30.27089 E,13.942
,51 22 50.08350 N,30 21 30.92590 E,13.942
,51 23 14.83011 N,30 21 21.93551 E,13.944
,51 23 39.57672 N,30 21 12.94152 E,13.947
,51 23 49.32923 N,30 21 10.95746 E,13.948
,51 23 59.07814 N,30 21 8.97701 E,13.948
,51 24 14.12267 N,30 21 3.57988 E,13.950
,51 24 29.16720 N,30 20 58.18276 E,13.951
,51 24 53.43505 N,30 20 52.02562 E,13.953
,51 25 17.69930 N,30 20 45.86847 E,13.954
,51 25 18.90888 N,30 20 43.86320 E,13.955
,51 25 20.11846 N,30 20 41.85792 E,13.956
,51 25 21.09756 N,30 20 34.81260 E,13.959
,51 25 22.08025 N,30 20 27.76728 E,13.961
,51 25 23.33659 N,30 20 23.11238 E,13.963
,51 25 24.59292 N,30 20 18.45747 E,13.965
,51 25 27.54488 N,30 20 13.55049 E,13.967
,51 25 30.50044 N,30 20 8.64350 E,13.969
,51 25 31.31041 N,30 20 6.24944 E,13.970
,51 25 32.12038 N,30 20 3.85898 E,13.971
,51 25 37.94157 N,30 19 58.04826 E,13.973
,51 25 43.76635 N,30 19 52.23754 E,13.975
,51 25 47.53548 N,30 19 44.80689 E,13.978
,51 25 51.30461 N,30 19 37.37264 E,13.981
,51 25 54.62019 N,30 19 33.62485 E,13.982
,51 25 57.93577 N,30 19 29.88067 E,13.983
,51 26 0.12092 N,30 19 25.22572 E,13.985
,51 26 2.30608 N,30 19 20.57077 E,13.987
,51 26 12.05491 N,30 19 14.24507 E,13.989
,51 26 21.80374 N,30 19 7.91937 E,13.991
,51 26 23.86651 N,30 19 4.17164 E,13.993
,51 26 25.92567 N,30 19 0.42030 E,13.994
,51 26 27.54562 N,30 18 55.76538 E,13.996
,51 26 29.16556 N,30 18 51.11046 E,13.998
,51 26 30.54435 N,30 18 49.43278 E,13.999
,51 26 31.92674 N,30 18 47.75150 E,13.999
,51 26 38.23042 N,30 18 46.91961 E,13.999
,51 26 44.53410 N,30 18 46.08412 E,13.999
,51 26 46.47450 N,30 18 44.47122 E,14.000
,51 26 48.41850 N,30 18 42.85472 E,14.000
,51 26 55.21525 N,30 18 34.32232 E,14.004
,51 27 2.01560 N,30 18 25.78633 E,14.007
,51 27 12.89827 N,30 18 8.71806 E,14.013
,51 27 23.78093 N,30 17 51.64619 E,14.020
,51 27 27.98926 N,30 17 43.94912 E,14.023
,51 27 32.19759 N,30 17 36.24845 E,14.026
,51 27 39.47678 N,30 17 29.45846 E,14.028
,51 27 46.75597 N,30 17 22.66846 E,14.031
,51 27 49.14617 N,30 17 9.46701 E,14.036
,51 27 51.53638 N,30 16 56.26556 E,14.041
,51 28 1.16256 N,30 16 35.29851 E,14.049
,51 28 10.78874 N,30 16 14.33145 E,14.057
,51 28 17.81941 N,30 16 1.45020 E,14.062
,51 28 24.85009 N,30 15 48.56535 E,14.067
,51 28 28.37080 N,30 15 40.02230 E,14.071
,51 28 31.89510 N,30 15 31.47565 E,14.074
,51 28 41.19380 N,30 15 17.62229 E,14.079
,51 28 50.48889 N,30 15 3.76893 E,14.084
,51 28 56.31011 N,30 14 59.68622 E,14.086
,51 29 2.13492 N,30 14 55.60352 E,14.087
,51 29 5.56927 N,30 14 49.71010 E,14.089
,51 29 9.00002 N,30 14 43.82029 E,14.092
,51 29 11.10233 N,30 14 36.82532 E,14.094
,51 29 13.20464 N,30 14 29.83395 E,14.097
,51 29 20.15216 N,30 13 56.34968 E,14.110
,51 29 27.09968 N,30 13 22.86181 E,14.124
,51 29 29.60518 N,30 13 15.08921 E,14.127
,51 29 32.11068 N,30 13 7.31662 E,14.130
,51 29 32.95659 N,30 13 1.03451 E,14.132
,51 29 33.80249 N,30 12 54.75241 E,14.135
,51 29 34.77087 N,30 12 52.41954 E,14.136
,51 29 35.73564 N,30 12 50.08667 E,14.137
,51 30 7.16676 N,30 11 56.16389 E,14.157
,51 30 38.59069 N,30 11 2.21951 E,14.178
,51 30 41.09985 N,30 10 57.67615 E,14.180
,51 30 43.60540 N,30 10 53.13279 E,14.181
,51 30 43.92578 N,30 10 51.32196 E,14.182
,51 30 44.24975 N,30 10 49.50752 E,14.183
,51 30 41.93468 N,30 10 35.84188 E,14.188
,51 30 39.61961 N,30 10 22.17264 E,14.194
,51 30 36.01579 N,30 10 12.78750 E,14.198
,51 30 32.41197 N,30 10 3.40236 E,14.202
,51 30 31.11952 N,30 10 1.46199 E,14.203
,51 30 29.83067 N,30 9 59.52163 E,14.204
,51 29 55.33847 N,30 9 54.01871 E,14.207
,51 29 20.84626 N,30 9 48.51579 E,14.211
,51 29 18.89861 N,30 9 46.83466 E,14.212
,51 29 28.42029 N,30 9 20.39195 E,14.222
,51 29 37.94557 N,30 8 53.94924 E,14.232
,51 29 51.74775 N,30 8 29.95077 E,14.241
,51 30 5.54634 N,30 8 5.94870 E,14.251
,51 30 14.27275 N,30 7 59.06144 E,14.253
,51 30 23.00276 N,30 7 52.16697 E,14.255
,51 30 24.32751 N,30 7 48.27887 E,14.257
,51 30 25.65226 N,30 7 44.38717 E,14.258
,51 30 25.43971 N,30 7 35.77589 E,14.262
,51 30 25.22715 N,30 7 27.16101 E,14.265
,51 30 22.83660 N,30 7 20.16984 E,14.268
,51 30 20.44604 N,30 7 13.18227 E,14.271
,51 30 18.49478 N,30 7 11.37514 E,14.272
,51 30 13.60594 N,30 7 13.00617 E,14.272
,51 30 8.71709 N,30 7 14.63721 E,14.271
,51 30 2.41346 N,30 7 18.08993 E,14.270
,51 29 56.10983 N,30 7 21.54624 E,14.269
,51 29 51.26414 N,30 7 20.71845 E,14.269
,51 29 46.41486 N,30 7 19.89066 E,14.270
,51 29 42.53763 N,30 7 21.71245 E,14.269
,51 29 38.65681 N,30 7 23.53785 E,14.269
,51 29 35.43124 N,30 7 27.82203 E,14.267
,51 29 32.20206 N,30 7 32.10622 E,14.266
,51 29 27.79563 N,30 7 34.19084 E,14.265
,51 29 23.38561 N,30 7 36.27546 E,14.264
,51 29 21.44875 N,30 7 34.98313 E,14.265
,51 29 22.33430 N,30 7 31.09865 E,14.266
,51 29 23.21984 N,30 7 27.21057 E,14.268
,51 29 22.39538 N,30 7 24.10018 E,14.269
,51 29 19.48648 N,30 7 20.87467 E,14.271
,51 29 16.57398 N,30 7 17.64557 E,14.272
,51 29 15.59831 N,30 7 14.53878 E,14.273
,51 29 14.62265 N,30 7 11.43199 E,14.275
,51 29 14.41736 N,30 7 6.76995 E,14.277
,51 29 14.21208 N,30 7 2.10791 E,14.278
,51 29 14.72673 N,30 6 53.55779 E,14.282
,51 29 15.24139 N,30 6 45.00768 E,14.285
,51 29 18.02777 N,30 6 41.50472 E,14.287
,51 29 20.81775 N,30 6 37.99815 E,14.288
,51 29 25.04761 N,30 6 26.26544 E,14.293
,51 29 29.27747 N,30 6 14.52913 E,14.297
,51 29 30.59494 N,30 6 5.91058 E,14.301
,51 29 31.91241 N,30 5 57.29203 E,14.304
,51 29 33.93194 N,30 5 51.84868 E,14.306
,51 29 35.95148 N,30 5 46.40173 E,14.308
,51 29 42.12864 N,30 5 15.94153 E,14.320
,51 29 48.30940 N,30 4 45.47413 E,14.332
,51 29 48.14375 N,30 4 42.36730 E,14.334
,51 29 47.97809 N,30 4 39.26048 E,14.335
,51 29 46.68202 N,30 4 36.21850 E,14.336
,51 29 45.38235 N,30 4 33.17653 E,14.338
,51 29 45.54071 N,30 4 30.84730 E,14.338
,51 29 45.69907 N,30 4 28.51446 E,14.339
,51 29 47.90938 N,30 4 21.44749 E,14.342
,51 29 50.11969 N,30 4 14.37692 E,14.345
,51 29 52.40912 N,30 4 2.64429 E,14.350
,51 29 54.69495 N,30 3 50.91526 E,14.354
,51 29 54.89291 N,30 3 48.58243 E,14.355
,51 29 55.09087 N,30 3 46.24959 E,14.356
,51 29 53.87033 N,30 3 39.26197 E,14.359
,51 29 52.64619 N,30 3 32.27076 E,14.362
,51 29 53.07085 N,30 3 23.65584 E,14.365
,51 29 53.49911 N,30 3 15.03733 E,14.369
,51 29 59.03193 N,30 2 48.52280 E,14.379
,51 30 4.56475 N,30 2 22.00467 E,14.390
,51 30 8.78740 N,30 2 10.26116 E,14.394
,51 30 13.01006 N,30 1 58.51405 E,14.399
,51 30 11.66712 N,30 1 51.45803 E,14.402
,51 30 10.32058 N,30 1 44.40562 E,14.405
,51 30 10.10811 N,30 1 40.51759 E,14.406
,51 30 9.89204 N,30 1 36.62956 E,14.408
,51 30 10.78121 N,30 1 34.29669 E,14.409
,51 30 11.66678 N,30 1 31.96383 E,14.410
,51 30 11.89712 N,30 1 28.07578 E,14.411
,51 30 12.13105 N,30 1 24.18772 E,14.413
,51 30 13.30100 N,30 1 20.23123 E,14.415
,51 30 14.46735 N,30 1 16.27114 E,14.416
,51 30 16.10160 N,30 1 6.15855 E,14.420
,51 30 17.73585 N,30 0 56.04237 E,14.424
,51 30 17.44780 N,30 0 53.71316 E,14.425
,51 30 17.15616 N,30 0 51.38035 E,14.426
,51 30 15.94290 N,30 0 49.05478 E,14.427
,51 30 14.72604 N,30 0 46.73281 E,14.428
,51 30 13.27161 N,30 0 46.35127 E,14.428
,51 30 11.81718 N,30 0 45.96973 E,14.428
,51 30 10.35918 N,30 0 46.68980 E,14.428
,51 30 8.90477 N,30 0 47.41348 E,14.428
,51 30 6.03920 N,30 0 51.63645 E,14.426
,51 30 3.17723 N,30 0 55.85942 E,14.425
,51 30 1.73002 N,30 0 56.77390 E,14.425
,51 30 0.27922 N,30 0 57.69197 E,14.424
,51 29 57.36677 N,30 0 57.25290 E,14.425
,51 29 54.45792 N,30 0 56.81382 E,14.425
,51 29 52.99991 N,30 0 57.59869 E,14.425
,51 29 51.54550 N,30 0 58.38357 E,14.424
,51 29 47.83752 N,30 1 2.67858 E,14.423
,51 29 44.12954 N,30 1 6.96999 E,14.421
,51 29 42.90908 N,30 1 4.19081 E,14.422
,51 29 41.68501 N,30 1 1.41524 E,14.423
,51 29 41.95853 N,30 0 56.68478 E,14.425
,51 29 42.23565 N,30 0 51.95791 E,14.427
,51 29 41.54080 N,30 0 49.63232 E,14.428
,51 29 40.84595 N,30 0 47.30313 E,14.429
,51 29 38.91270 N,30 0 45.75880 E,14.430
,51 29 32.60181 N,30 0 46.05068 E,14.430
,51 29 26.29092 N,30 0 46.34257 E,14.430
,51 29 24.34686 N,30 0 44.27983 E,14.431
,51 29 22.40279 N,30 0 42.21710 E,14.432
,51 29 21.90953 N,30 0 39.11389 E,14.433
,51 29 22.58986 N,30 0 34.37980 E,14.435
,51 29 23.27019 N,30 0 29.64933 E,14.437
,51 29 21.64286 N,30 0 23.44293 E,14.440
,51 29 20.01553 N,30 0 17.23654 E,14.442
,51 29 18.62585 N,30 0 14.20177 E,14.444
,51 29 17.23978 N,30 0 11.16700 E,14.445
,51 29 12.37961 N,30 0 5.42875 E,14.447
,51 29 7.51584 N,29 59 59.69051 E,14.450
,51 29 6.10091 N,29 59 53.84051 E,14.452
,51 29 4.68599 N,29 59 47.99051 E,14.455
,51 29 2.15148 N,29 59 43.44738 E,14.457
,51 28 59.62056 N,29 59 38.90064 E,14.459
,51 28 57.41002 N,29 59 32.67267 E,14.461
,51 28 55.19588 N,29 59 26.44471 E,14.464
,51 28 55.36143 N,29 59 23.34147 E,14.465
,51 28 57.55380 N,29 59 19.92133 E,14.466
,51 28 59.74257 N,29 59 16.50120 E,14.468
,51 29 3.27049 N,29 59 8.81496 E,14.471
,51 29 6.80201 N,29 59 1.12872 E,14.474
,51 29 7.46075 N,29 58 57.24425 E,14.475
,51 29 8.11949 N,29 58 53.36338 E,14.477
,51 29 6.96731 N,29 58 44.03213 E,14.481
,51 29 5.81153 N,29 58 34.70448 E,14.484
,51 29 4.80348 N,29 58 32.36810 E,14.485
,51 29 3.79182 N,29 58 30.03173 E,14.486
,51 28 57.01642 N,29 58 24.10277 E,14.489
,51 28 50.23742 N,29 58 18.17740 E,14.492
,51 28 40.05642 N,29 58 15.47423 E,14.493
,51 28 29.87183 N,29 58 12.76745 E,14.495
,51 28 27.44895 N,29 58 10.23314 E,14.496
,51 28 25.02247 N,29 58 7.69522 E,14.497
,51 28 22.97037 N,29 58 3.86487 E,14.499
,51 28 20.91827 N,29 58 0.03812 E,14.500
,51 28 19.23690 N,29 57 51.41970 E,14.504
,51 28 17.55192 N,29 57 42.80489 E,14.508
,51 28 18.98818 N,29 57 33.48792 E,14.511
,51 28 20.42444 N,29 57 24.17456 E,14.515
,51 28 21.96877 N,29 57 18.74204 E,14.517
,51 28 23.51310 N,29 57 13.31311 E,14.519
,51 28 26.31385 N,29 57 7.88773 E,14.521
,51 28 29.11459 N,29 57 2.46235 E,14.523
,51 28 30.57258 N,29 57 0.52546 E,14.524
,51 28 32.02697 N,29 56 58.58857 E,14.525
,51 28 35.42539 N,29 56 56.98641 E,14.525
,51 28 38.82381 N,29 56 55.38064 E,14.526
,51 28 48.53312 N,29 56 53.61259 E,14.526
,51 28 58.24243 N,29 56 51.84453 E,14.526
,51 28 59.13523 N,29 56 50.59168 E,14.527
,51 29 0.02802 N,29 56 49.33883 E,14.527
,51 29 8.88722 N,29 56 19.10171 E,14.539
,51 29 17.74282 N,29 55 48.85740 E,14.551
,51 29 20.17997 N,29 55 43.42843 E,14.553
,51 29 22.61711 N,29 55 38.00307 E,14.555
,51 29 24.16142 N,29 55 31.78933 E,14.558
,51 29 25.70934 N,29 55 25.57920 E,14.560
,51 29 24.33407 N,29 55 22.85403 E,14.561
,51 29 22.96240 N,29 55 20.12886 E,14.563
,51 29 19.08871 N,29 55 17.91501 E,14.564
,51 29 15.21501 N,29 55 15.70116 E,14.565
,51 29 13.27815 N,29 55 13.74283 E,14.566
,51 29 12.46808 N,29 55 10.63243 E,14.567
,51 29 14.33643 N,29 55 6.04230 E,14.569
,51 29 16.20478 N,29 55 1.45217 E,14.570
,51 29 13.46505 N,29 54 56.39064 E,14.573
,51 29 10.72532 N,29 54 51.32910 E,14.575
,51 29 9.19160 N,29 54 45.88591 E,14.577
,51 29 7.66149 N,29 54 40.43913 E,14.579
,51 29 7.50303 N,29 54 37.33230 E,14.581
,51 29 7.34457 N,29 54 34.22547 E,14.582
,51 29 9.04734 N,29 54 30.54256 E,14.583
,51 29 10.75010 N,29 54 26.85965 E,14.585
,51 29 10.99845 N,29 54 23.74560 E,14.586
,51 29 10.02999 N,29 54 21.41282 E,14.587
,51 29 9.06154 N,29 54 19.08004 E,14.588
,51 29 7.12468 N,29 54 17.38811 E,14.589
,51 29 5.18782 N,29 54 15.69978 E,14.590
,51 29 4.09696 N,29 54 13.36700 E,14.591
,51 29 3.00611 N,29 54 11.03062 E,14.592
,51 29 2.40844 N,29 54 7.92022 E,14.593
,51 29 1.81078 N,29 54 4.80981 E,14.594
,51 29 2.75025 N,29 53 56.26328 E,14.598
,51 29 3.69331 N,29 53 47.72035 E,14.601
,51 29 3.94517 N,29 53 39.17385 E,14.604
,51 29 4.20062 N,29 53 30.62734 E,14.608
,51 29 3.11330 N,29 53 24.40653 E,14.610
,51 29 2.02957 N,29 53 18.18571 E,14.613
,51 29 0.57515 N,29 53 17.92657 E,14.613
,51 28 59.11712 N,29 53 17.66383 E,14.613
,51 28 52.80627 N,29 53 20.10134 E,14.613
,51 28 46.49902 N,29 53 22.53885 E,14.612
,51 28 45.04099 N,29 53 21.88731 E,14.612
,51 28 43.58656 N,29 53 21.23577 E,14.613
,51 28 41.16367 N,29 53 18.57544 E,14.614
,51 28 38.73719 N,29 53 15.91512 E,14.615
,51 28 37.53112 N,29 53 12.80475 E,14.616
,51 28 38.91702 N,29 53 5.81701 E,14.619
,51 28 40.30292 N,29 52 58.82928 E,14.622
,51 28 39.65846 N,29 52 55.71887 E,14.623
,51 28 38.20042 N,29 52 54.80813 E,14.624
,51 28 36.74598 N,29 52 53.89378 E,14.624
,51 28 34.80916 N,29 52 54.34387 E,14.624
,51 28 32.87234 N,29 52 54.79396 E,14.624
,51 28 30.93195 N,29 52 56.98647 E,14.623
,51 28 28.98796 N,29 52 59.18258 E,14.622
,51 28 27.44359 N,29 53 2.22108 E,14.621
,51 28 25.89922 N,29 53 5.25959 E,14.620
,51 28 25.16846 N,29 53 8.36285 E,14.619
,51 28 24.44131 N,29 53 11.46612 E,14.617
,51 28 24.19658 N,29 53 16.12817 E,14.615
,51 28 23.94826 N,29 53 20.79024 E,14.614
,51 28 22.56586 N,29 53 21.81991 E,14.613
,51 28 21.18706 N,29 53 22.84958 E,14.613
,51 28 18.80379 N,29 53 20.70766 E,14.614
,51 28 16.42051 N,29 53 18.56575 E,14.615
,51 28 16.38803 N,29 53 13.90370 E,14.617
,51 28 16.35195 N,29 53 9.24165 E,14.619
,51 28 11.99231 N,29 53 10.91226 E,14.618
,51 28 8.59391 N,29 53 13.49004 E,14.617
,51 28 6.64987 N,29 53 12.96813 E,14.617
,51 28 4.70944 N,29 53 12.44261 E,14.618
,51 28 0.83571 N,29 53 8.60874 E,14.620
,51 27 56.96199 N,29 53 4.77847 E,14.621
,51 27 52.55195 N,29 53 6.25468 E,14.621
,51 27 48.14551 N,29 53 7.73089 E,14.620
,51 27 45.71546 N,29 53 7.07580 E,14.621
,51 27 43.28542 N,29 53 6.42070 E,14.621
,51 27 40.90933 N,29 53 3.24197 E,14.623
,51 27 38.53324 N,29 53 0.06324 E,14.624
,51 27 34.01496 N,29 52 47.62531 E,14.629
,51 27 29.49667 N,29 52 35.18738 E,14.634
,51 27 28.16462 N,29 52 33.24342 E,14.635
,51 27 26.83257 N,29 52 31.29946 E,14.636
,51 27 25.37453 N,29 52 30.51472 E,14.636
,51 27 23.92010 N,29 52 29.73357 E,14.637
,51 27 20.03923 N,29 52 29.20454 E,14.637
,51 27 16.16196 N,29 52 28.67551 E,14.638
,51 27 4.50871 N,29 52 35.63130 E,14.635
,51 26 52.85547 N,29 52 42.59069 E,14.633
,51 26 50.43262 N,29 52 42.19120 E,14.633
,51 26 48.00618 N,29 52 41.79170 E,14.634
,51 26 46.07292 N,29 52 40.10697 E,14.634
,51 26 44.13607 N,29 52 38.42224 E,14.635
,51 26 43.20721 N,29 52 36.08945 E,14.636
,51 26 42.28196 N,29 52 33.76027 E,14.637
,51 26 41.96510 N,29 52 30.64985 E,14.638
,51 26 44.44530 N,29 52 17.45920 E,14.644
,51 26 46.92191 N,29 52 4.26855 E,14.649
,51 26 48.70746 N,29 51 59.74323 E,14.651
,51 26 50.49301 N,29 51 55.21790 E,14.652
,51 26 53.37639 N,29 51 40.41081 E,14.658
,51 26 56.25978 N,29 51 25.60013 E,14.664
,51 26 56.98689 N,29 51 20.17124 E,14.666
,51 26 57.71401 N,29 51 14.73875 E,14.668
,51 26 56.79589 N,29 51 8.52513 E,14.671
,51 26 55.87417 N,29 51 2.31150 E,14.674
,51 26 56.40332 N,29 50 59.20465 E,14.675
,51 26 56.93247 N,29 50 56.10139 E,14.676
,51 26 58.87646 N,29 50 53.71448 E,14.677
,51 27 0.81685 N,29 50 51.32397 E,14.678
,51 27 10.52970 N,29 50 45.90908 E,14.680
,51 27 20.23534 N,29 50 40.49419 E,14.681
,51 27 22.94253 N,29 50 37.65004 E,14.682
,51 27 25.64612 N,29 50 34.80949 E,14.683
,51 27 21.21062 N,29 50 21.20874 E,14.689
,51 27 16.77512 N,29 50 7.61160 E,14.695
,51 27 5.64664 N,29 49 26.56806 E,14.712
,51 26 54.51457 N,29 48 45.52813 E,14.729
,51 26 57.42338 N,29 48 43.78558 E,14.730
,51 27 0.33579 N,29 48 42.03943 E,14.730
,51 27 15.38038 N,29 48 39.92914 E,14.731
,51 27 30.42496 N,29 48 37.81525 E,14.731
,51 27 31.55891 N,29 48 34.06396 E,14.732
,51 27 31.71726 N,29 48 30.95712 E,14.734
,51 27 31.27789 N,29 48 21.64024 E,14.737
,51 27 30.83492 N,29 48 12.31976 E,14.741
,51 27 28.82587 N,29 47 59.89252 E,14.746
,51 27 26.81323 N,29 47 47.46528 E,14.751
,51 27 26.48903 N,29 47 36.52478 E,14.756
,51 27 26.16484 N,29 47 25.58788 E,14.760
,51 27 24.23160 N,29 47 25.13436 E,14.761
,51 27 22.29477 N,29 47 24.68084 E,14.761
,51 27 15.98391 N,29 47 26.48834 E,14.760
,51 27 9.67305 N,29 47 28.29224 E,14.760
,51 26 56.09009 N,29 47 30.47807 E,14.760
,51 26 42.50712 N,29 47 32.66030 E,14.759
,51 26 35.71024 N,29 47 33.49581 E,14.759
,51 26 28.91335 N,29 47 34.33132 E,14.759
,51 26 36.76834 N,29 47 15.19317 E,14.767
,51 26 45.10215 N,29 46 57.60302 E,14.773
,51 26 47.32685 N,29 46 49.83764 E,14.777
,51 26 49.55155 N,29 46 42.07586 E,14.780
,51 26 50.69251 N,29 46 27.26165 E,14.786
,51 26 51.83346 N,29 46 12.44745 E,14.792
,51 26 54.74208 N,29 45 59.24958 E,14.797
,51 26 57.65429 N,29 45 46.05171 E,14.802
,51 27 1.12815 N,29 45 35.18304 E,14.806
,51 27 4.60201 N,29 45 24.31077 E,14.811
,51 27 11.56063 N,29 45 7.94109 E,14.817
,51 27 18.51565 N,29 44 51.57141 E,14.823
,51 27 20.58192 N,29 44 42.25442 E,14.827
,51 27 22.64818 N,29 44 32.93383 E,14.831
,51 27 24.66772 N,29 44 27.69209 E,14.833
,51 27 26.68366 N,29 44 22.45034 E,14.835
,51 27 28.62049 N,29 44 22.70946 E,14.834
,51 27 32.01900 N,29 44 26.01054 E,14.833
,51 27 35.42111 N,29 44 29.31162 E,14.832
,51 27 39.29838 N,29 44 30.08546 E,14.831
,51 27 43.17925 N,29 44 30.85929 E,14.831
,51 27 46.09167 N,29 44 29.76115 E,14.831
,51 27 49.00049 N,29 44 28.66301 E,14.831
,51 28 3.55890 N,29 44 16.49424 E,14.835
,51 28 18.11370 N,29 44 4.32186 E,14.840
,51 28 23.93851 N,29 44 0.30396 E,14.841
,51 28 29.75973 N,29 43 56.28606 E,14.843
,51 28 40.91981 N,29 43 51.88271 E,14.844
,51 28 52.07630 N,29 43 47.47577 E,14.845
,51 28 59.34843 N,29 43 48.83266 E,14.844
,51 29 6.62056 N,29 43 50.19315 E,14.843
,51 29 12.93141 N,29 43 47.86004 E,14.844
,51 29 19.24226 N,29 43 45.52333 E,14.845
,51 29 22.63344 N,29 43 41.57394 E,14.846
,51 29 26.02462 N,29 43 37.62095 E,14.848
,51 29 27.97585 N,29 43 37.36526 E,14.848
,51 29 28.98390 N,29 43 39.30563 E,14.847
,51 29 29.99554 N,29 43 41.24601 E,14.846
,51 29 30.72285 N,29 43 46.68563 E,14.844
,51 29 31.45015 N,29 43 52.12886 E,14.841
,51 29 32.82205 N,29 44 7.67016 E,14.835
,51 29 34.19754 N,29 44 23.21506 E,14.829
,51 29 34.12204 N,29 44 29.43233 E,14.826
,51 29 34.04655 N,29 44 35.64960 E,14.824
,51 29 34.97182 N,29 44 38.75999 E,14.822
,51 29 35.90069 N,29 44 41.87038 E,14.821
,51 29 39.78153 N,29 44 41.15380 E,14.821
,51 29 43.65877 N,29 44 40.44082 E,14.821
,51 29 46.08157 N,29 44 37.97828 E,14.822
,51 29 48.50796 N,29 44 35.51935 E,14.823
,51 29 57.72765 N,29 44 33.25091 E,14.824
,51 30 6.95095 N,29 44 30.98608 E,14.824
,51 30 14.23016 N,29 44 25.35169 E,14.826
,51 30 21.50577 N,29 44 19.71731 E,14.828
,51 30 25.87615 N,29 44 15.11627 E,14.830
,51 30 30.24293 N,29 44 10.51522 E,14.831
,51 30 32.17614 N,29 44 9.60433 E,14.832
,51 30 34.11296 N,29 44 8.69703 E,14.832
,51 30 37.02541 N,29 44 9.14691 E,14.832
,51 30 39.93786 N,29 44 9.60038 E,14.831
,51 30 40.50672 N,29 44 12.71079 E,14.830
,51 30 41.07558 N,29 44 15.82119 E,14.829
,51 30 39.81920 N,29 44 17.95967 E,14.828
,51 30 38.56282 N,29 44 20.10175 E,14.827
,51 30 38.40087 N,29 44 23.20859 E,14.826
,51 30 39.81214 N,29 44 26.12456 E,14.825
,51 30 41.22702 N,29 44 29.04052 E,14.823
,51 30 43.17106 N,29 44 30.14205 E,14.823
,51 30 45.11511 N,29 44 31.24357 E,14.822
,51 30 51.42598 N,29 44 29.95088 E,14.823
,51 30 57.73685 N,29 44 28.65458 E,14.823
,51 31 3.55086 N,29 44 24.24788 E,14.824
,51 31 9.36847 N,29 44 19.83757 E,14.826
,51 31 14.71091 N,29 44 17.76371 E,14.827
,51 31 20.05335 N,29 44 15.68985 E,14.827
,51 31 28.29744 N,29 44 14.00466 E,14.827
,51 31 36.54513 N,29 44 12.31588 E,14.828
,51 31 39.45758 N,29 44 12.70455 E,14.827
,51 31 42.36643 N,29 44 13.09322 E,14.827
,51 31 44.66683 N,29 44 10.95470 E,14.828
,51 31 46.96722 N,29 44 8.81617 E,14.829
,51 31 47.45674 N,29 44 3.37289 E,14.831
,51 31 47.94265 N,29 43 57.93321 E,14.833
,51 31 44.99045 N,29 43 49.37606 E,14.837
,51 31 42.03826 N,29 43 40.82250 E,14.840
,51 31 41.75742 N,29 43 38.48609 E,14.841
,51 31 41.47297 N,29 43 36.15328 E,14.842
,51 31 41.84014 N,29 43 33.81684 E,14.843
,51 31 42.20370 N,29 43 31.48400 E,14.844
,51 31 44.05766 N,29 43 27.59587 E,14.846
,51 31 45.91162 N,29 43 23.70775 E,14.847
,51 31 44.57932 N,29 43 7.37444 E,14.854
,51 31 43.24701 N,29 42 51.03753 E,14.860
,51 31 41.54399 N,29 42 39.37348 E,14.865
,51 31 39.83736 N,29 42 27.70584 E,14.870
,51 31 39.02732 N,29 42 26.34506 E,14.871
,51 31 38.21729 N,29 42 24.98788 E,14.871
,51 31 32.39600 N,29 42 24.66774 E,14.872
,51 31 26.57471 N,29 42 24.35119 E,14.872
,51 31 20.74980 N,29 42 22.99424 E,14.873
,51 31 14.92849 N,29 42 21.63729 E,14.874
,51 31 13.99965 N,29 42 20.40611 E,14.874
,51 31 13.07442 N,29 42 19.17134 E,14.875
,51 31 10.88182 N,29 42 9.84375 E,14.879
,51 31 8.69283 N,29 42 0.51614 E,14.882
,51 31 4.24298 N,29 41 49.63343 E,14.887
,51 30 59.79312 N,29 41 38.75072 E,14.892
,51 30 59.22425 N,29 41 34.86270 E,14.893
,51 30 58.65177 N,29 41 30.97829 E,14.895
,51 30 59.33926 N,29 41 23.97618 E,14.898
,51 31 0.02675 N,29 41 16.97768 E,14.901
,51 30 59.45430 N,29 41 14.83928 E,14.901
,51 30 58.88545 N,29 41 12.70449 E,14.902
,51 30 54.03244 N,29 41 4.54342 E,14.906
,51 30 49.17583 N,29 40 56.38595 E,14.909
,51 30 43.58819 N,29 40 36.17919 E,14.918
,51 30 37.99696 N,29 40 15.97603 E,14.926
,51 30 37.18692 N,29 40 14.55045 E,14.927
,51 30 36.37689 N,29 40 13.12487 E,14.928
,51 30 34.44004 N,29 40 11.82894 E,14.928
,51 30 24.24828 N,29 40 11.32540 E,14.929
,51 30 14.06012 N,29 40 10.82545 E,14.929
,51 30 10.74441 N,29 40 7.39836 E,14.931
,51 30 7.42511 N,29 40 3.97127 E,14.933
,51 30 7.06146 N,29 40 1.64206 E,14.933
,51 30 6.69781 N,29 39 59.31285 E,14.934
,51 30 7.09732 N,29 39 53.86598 E,14.937
,51 30 7.49324 N,29 39 48.41911 E,14.939
,51 30 11.85632 N,29 39 38.31001 E,14.943
,51 30 16.21581 N,29 39 28.19731 E,14.947
,51 30 18.18486 N,29 39 18.08831 E,14.951
,51 30 20.15752 N,29 39 7.97572 E,14.955
,51 30 19.90906 N,29 39 4.86530 E,14.956
,51 30 18.85779 N,29 39 1.75851 E,14.957
,51 30 17.80652 N,29 38 58.65173 E,14.959
,51 30 10.52350 N,29 38 52.18999 E,14.962
,51 30 3.23688 N,29 38 45.73184 E,14.964
,51 29 58.62150 N,29 38 39.26278 E,14.967
,51 29 54.00612 N,29 38 32.79372 E,14.970
,51 29 53.36166 N,29 38 29.68332 E,14.971
,51 29 54.16440 N,29 38 25.79524 E,14.973
,51 29 54.96715 N,29 38 21.91077 E,14.975
,51 29 56.91114 N,29 38 19.83346 E,14.975
,51 29 58.85513 N,29 38 17.75615 E,14.976
,51 30 5.63756 N,29 38 13.72020 E,14.977
,51 30 12.42359 N,29 38 9.68786 E,14.979
,51 30 14.84637 N,29 38 6.76812 E,14.980
,51 30 17.27276 N,29 38 3.84838 E,14.981
,51 30 18.08272 N,29 38 0.73431 E,14.982
,51 30 18.89267 N,29 37 57.62024 E,14.983
,51 30 18.84223 N,29 37 55.29102 E,14.984
,51 30 18.79539 N,29 37 52.95820 E,14.985
,51 30 16.28966 N,29 37 47.65546 E,14.987
,51 30 13.78393 N,29 37 42.34911 E,14.990
,51 30 11.39345 N,29 37 39.69959 E,14.991
,51 30 9.00297 N,29 37 37.05007 E,14.992
,51 30 0.26195 N,29 37 31.75841 E,14.995
,51 29 51.52093 N,29 37 26.47034 E,14.997
,51 29 45.20994 N,29 37 20.85097 E,15.000
,51 29 38.89895 N,29 37 15.22799 E,15.002
,51 29 37.55969 N,29 37 13.03203 E,15.003
,51 29 36.22044 N,29 37 10.83607 E,15.004
,51 29 35.21237 N,29 37 7.72928 E,15.006
,51 29 34.20430 N,29 37 4.62249 E,15.007
,51 29 33.46254 N,29 36 56.07604 E,15.010
,51 29 32.72078 N,29 36 47.52958 E,15.014
,51 29 34.77266 N,29 36 38.97580 E,15.017
,51 29 36.82454 N,29 36 30.41842 E,15.021
,51 29 36.78487 N,29 36 26.53398 E,15.022
,51 29 36.74160 N,29 36 22.64594 E,15.024
,51 29 34.79395 N,29 36 21.35722 E,15.024
,51 29 26.06022 N,29 36 20.99400 E,15.025
,51 29 17.32289 N,29 36 20.63439 E,15.026
,51 29 10.53315 N,29 36 18.44947 E,15.027
,51 29 3.74341 N,29 36 16.26815 E,15.028
,51 28 57.91853 N,29 36 16.28641 E,15.028
,51 28 52.09724 N,29 36 16.30467 E,15.028
,51 28 46.27239 N,29 36 17.94295 E,15.028
,51 28 40.45113 N,29 36 19.58123 E,15.028
,51 28 34.62985 N,29 36 19.91989 E,15.028
,51 28 28.80497 N,29 36 20.25856 E,15.028
,51 28 24.43809 N,29 36 19.23634 E,15.028
,51 28 20.07121 N,29 36 18.21412 E,15.029
,51 28 18.12709 N,29 36 12.97616 E,15.031
,51 28 16.18297 N,29 36 7.74179 E,15.034
,51 28 10.62790 N,29 35 56.94913 E,15.038
,51 28 5.07283 N,29 35 46.15286 E,15.043
,51 27 58.26124 N,29 35 29.08899 E,15.050
,51 27 51.44964 N,29 35 12.02152 E,15.057
,51 27 46.13576 N,29 35 0.39003 E,15.062
,51 27 40.82188 N,29 34 48.75855 E,15.067
,51 27 40.29263 N,29 34 46.42935 E,15.068
,51 27 39.76338 N,29 34 44.10375 E,15.069
,51 27 39.87853 N,29 34 40.99691 E,15.070
,51 27 39.99728 N,29 34 37.88647 E,15.072
,51 27 45.40076 N,29 34 26.34811 E,15.076
,51 27 50.80423 N,29 34 14.80975 E,15.081
,51 28 6.48560 N,29 33 48.01398 E,15.091
,51 28 22.17056 N,29 33 21.21460 E,15.101
,51 28 26.23484 N,29 33 11.09831 E,15.105
,51 28 30.29912 N,29 33 0.97843 E,15.109
,51 28 43.04293 N,29 32 39.49643 E,15.117
,51 28 55.78675 N,29 32 18.00724 E,15.125
,51 28 56.26551 N,29 32 15.67440 E,15.126
,51 28 56.74788 N,29 32 13.33795 E,15.127
,51 28 51.88775 N,29 32 9.73453 E,15.129
,51 28 47.02401 N,29 32 6.13471 E,15.130
,51 28 28.13443 N,29 31 59.68069 E,15.134
,51 28 9.24484 N,29 31 53.22667 E,15.137
,51 28 6.81480 N,29 31 53.11157 E,15.138
,51 28 4.38476 N,29 31 52.99648 E,15.138
,51 28 0.02154 N,29 31 55.15310 E,15.137
,51 27 55.66191 N,29 31 57.30611 E,15.136
,51 27 50.32661 N,29 31 56.22994 E,15.137
,51 27 44.99132 N,29 31 55.15017 E,15.138
,51 27 39.64156 N,29 31 50.51716 E,15.140
,51 27 34.29540 N,29 31 45.88415 E,15.142
,51 27 30.55842 N,29 31 38.39264 E,15.145
,51 27 26.82143 N,29 31 30.90833 E,15.148
,51 27 22.00085 N,29 31 24.65168 E,15.151
,51 27 17.18027 N,29 31 18.39503 E,15.154
,51 27 15.23258 N,29 31 14.65108 E,15.156
,51 27 13.28129 N,29 31 10.90713 E,15.157
,51 27 8.90716 N,29 31 7.04808 E,15.159
,51 27 4.53303 N,29 31 3.18904 E,15.161
,51 27 2.11017 N,29 31 2.03354 E,15.161
,51 26 59.68731 N,29 31 0.88163 E,15.162
,51 26 49.97794 N,29 30 58.92364 E,15.163
,51 26 40.26856 N,29 30 56.96566 E,15.164
,51 26 37.35613 N,29 30 57.23939 E,15.164
,51 26 34.44369 N,29 30 57.50952 E,15.164
,51 26 32.02088 N,29 30 58.81644 E,15.164
,51 26 29.59806 N,29 31 0.11976 E,15.164
,51 26 26.69287 N,29 31 2.98192 E,15.163
,51 26 23.78768 N,29 31 5.84768 E,15.162
,51 26 15.06120 N,29 31 8.80010 E,15.161
,51 26 6.33113 N,29 31 11.75252 E,15.160
,51 26 1.96425 N,29 31 10.93191 E,15.160
,51 25 57.59737 N,29 31 10.11130 E,15.161
,51 25 54.19168 N,29 31 7.73542 E,15.162
,51 25 50.78599 N,29 31 5.35955 E,15.163
,51 25 48.36316 N,29 31 5.76286 E,15.163
,51 25 45.94033 N,29 31 6.16617 E,15.163
,51 25 42.53824 N,29 31 3.78670 E,15.164
,51 25 39.13975 N,29 31 1.40723 E,15.165
,51 25 36.70971 N,29 31 0.83493 E,15.166
,51 25 34.27966 N,29 31 0.26623 E,15.166
,51 25 26.03922 N,29 31 4.89985 E,15.165
,51 25 17.79878 N,29 31 9.53706 E,15.163
,51 25 17.47112 N,29 31 6.43384 E,15.164
,51 25 19.68141 N,29 30 57.88366 E,15.168
,51 25 21.89169 N,29 30 49.33707 E,15.171
,51 25 21.88444 N,29 30 46.23024 E,15.172
,51 25 21.87718 N,29 30 43.12701 E,15.174
,51 25 4.91718 N,29 30 34.03407 E,15.178
,51 24 47.95717 N,29 30 24.94113 E,15.183
,51 24 37.76540 N,29 30 23.63477 E,15.184
,51 24 27.57723 N,29 30 22.33201 E,15.185
,51 24 25.14717 N,29 30 20.66170 E,15.185
,51 24 22.71350 N,29 30 18.99499 E,15.186
,51 24 21.01061 N,29 30 15.31943 E,15.188
,51 24 19.31132 N,29 30 11.64027 E,15.189
,51 24 11.04190 N,29 30 5.47737 E,15.192
,51 24 2.77607 N,29 29 59.31448 E,15.195
,51 24 0.66636 N,29 29 55.00893 E,15.197
,51 23 58.55666 N,29 29 50.69978 E,15.199
,51 23 56.12662 N,29 29 50.75029 E,15.199
,51 23 53.69659 N,29 29 50.80439 E,15.199
,51 23 49.30800 N,29 29 43.53972 E,15.202
,51 23 44.91941 N,29 29 36.27504 E,15.205
,51 23 45.73654 N,29 29 31.62375 E,15.207
,51 23 46.55367 N,29 29 26.97607 E,15.209
,51 23 47.42828 N,29 29 15.34791 E,15.214
,51 23 48.29929 N,29 29 3.71975 E,15.219
,51 23 49.72839 N,29 28 56.80762 E,15.221
,51 23 51.15389 N,29 28 49.89548 E,15.224
,51 23 57.70564 N,29 28 30.27859 E,15.232
,51 24 4.25740 N,29 28 10.66170 E,15.239
,51 24 7.92914 N,29 27 52.83775 E,15.247
,51 24 11.60088 N,29 27 35.01740 E,15.254
,51 24 17.12312 N,29 27 21.14261 E,15.259
,51 24 22.64536 N,29 27 7.26783 E,15.264
,51 24 28.82988 N,29 26 45.57013 E,15.273
,51 24 35.01799 N,29 26 23.86883 E,15.281
,51 24 40.71645 N,29 25 59.90673 E,15.291
,51 24 46.41492 N,29 25 35.94103 E,15.300
,51 24 47.97343 N,29 25 18.10278 E,15.308
,51 24 49.53194 N,29 25 0.26453 E,15.315
,51 24 49.49586 N,29 24 55.60968 E,15.317
,51 24 49.46338 N,29 24 50.95124 E,15.319
,51 24 48.26800 N,29 24 41.63799 E,15.323
,51 24 47.07262 N,29 24 32.32475 E,15.326
,51 24 42.32031 N,29 24 18.40362 E,15.332
,51 24 37.56800 N,29 24 4.48609 E,15.338
,51 24 34.66266 N,29 23 59.30217 E,15.340
,51 24 31.75733 N,29 23 54.11824 E,15.343
,51 24 29.70510 N,29 23 42.54062 E,15.348
,51 24 27.65287 N,29 23 30.96659 E,15.352
,51 24 26.07959 N,29 23 27.98583 E,15.354
,51 24 24.50632 N,29 23 25.00507 E,15.355
,51 24 21.60103 N,29 23 22.27997 E,15.356
,51 24 18.69934 N,29 23 19.55487 E,15.357
,51 24 16.67962 N,29 23 14.11891 E,15.360
,51 24 14.65989 N,29 23 8.68294 E,15.362
,51 24 13.50056 N,29 23 1.76372 E,15.365
,51 24 12.33762 N,29 22 54.84090 E,15.368
,51 24 7.85543 N,29 22 47.97583 E,15.371
,51 24 3.36965 N,29 22 41.11076 E,15.374
,51 24 0.91437 N,29 22 38.51524 E,15.375
,51 23 58.45549 N,29 22 35.92333 E,15.376
,51 23 56.68415 N,29 22 29.77814 E,15.379
,51 23 54.91282 N,29 22 23.63296 E,15.381
,51 23 53.53757 N,29 22 21.82220 E,15.382
,51 23 52.16592 N,29 22 20.00784 E,15.383
,51 23 47.79903 N,29 22 18.70483 E,15.384
,51 23 43.43215 N,29 22 17.39821 E,15.384
,51 23 38.37761 N,29 22 13.63639 E,15.386
,51 23 33.32307 N,29 22 9.87458 E,15.388
,51 23 28.52408 N,29 22 3.33353 E,15.391
,51 23 23.72150 N,29 21 56.79247 E,15.394
,51 23 21.25905 N,29 21 55.62257 E,15.394
,51 23 18.79299 N,29 21 54.45267 E,15.395
,51 23 18.14853 N,29 21 51.34947 E,15.396
,51 23 18.95847 N,29 21 47.47219 E,15.398
,51 23 19.76841 N,29 21 43.59492 E,15.399
,51 23 19.77556 N,29 21 40.49528 E,15.401
,51 23 19.78271 N,29 21 37.39565 E,15.402
,51 23 18.20223 N,29 21 34.54809 E,15.403
,51 23 16.62176 N,29 21 31.69693 E,15.404
,51 23 15.29686 N,29 21 27.04215 E,15.406
,51 23 13.97196 N,29 21 22.38736 E,15.408
,51 23 9.12263 N,29 21 19.07914 E,15.410
,51 23 4.27691 N,29 21 15.77452 E,15.411
,51 23 2.74316 N,29 21 8.79052 E,15.414
,51 23 1.21302 N,29 21 1.80651 E,15.417
,51 23 0.45674 N,29 20 46.29759 E,15.424
,51 22 59.70045 N,29 20 30.78506 E,15.430
,51 23 0.96035 N,29 20 23.87294 E,15.433
,51 23 2.21665 N,29 20 16.96441 E,15.436
,51 23 3.75382 N,29 20 13.86471 E,15.437
,51 23 5.29099 N,29 20 10.76861 E,15.438
,51 23 5.20813 N,29 20 7.66538 E,15.439
,51 23 3.80043 N,29 20 3.01060 E,15.441
,51 23 2.39273 N,29 19 58.35581 E,15.443
,51 22 59.11660 N,29 19 53.69391 E,15.445
,51 22 55.84407 N,29 19 49.03561 E,15.447
,51 22 55.48403 N,29 19 46.71000 E,15.448
,51 22 55.12758 N,29 19 44.38080 E,15.449
,51 22 49.83541 N,29 19 38.88018 E,15.452
,51 22 44.53964 N,29 19 33.37956 E,15.454
,51 22 43.65396 N,29 19 29.50236 E,15.456
,51 22 42.76828 N,29 19 25.62156 E,15.457
,51 22 40.54340 N,29 19 23.16283 E,15.459
,51 22 38.31853 N,29 19 20.70770 E,15.460
,51 22 37.59125 N,29 19 16.83050 E,15.461
,51 22 36.86397 N,29 19 12.95329 E,15.463
,51 22 40.54320 N,29 19 11.53471 E,15.463
,51 22 44.22243 N,29 19 10.11613 E,15.464
,51 22 46.65249 N,29 19 11.80444 E,15.463
,51 22 49.08615 N,29 19 13.48915 E,15.462
,51 22 51.02297 N,29 19 12.71506 E,15.462
,51 22 52.95618 N,29 19 11.94456 E,15.463
,51 22 59.71336 N,29 19 5.10419 E,15.465
,51 23 6.47054 N,29 18 58.26382 E,15.467
,51 23 10.35142 N,29 18 59.56326 E,15.467
,51 23 14.22870 N,29 19 0.85910 E,15.466
,51 23 20.06075 N,29 18 58.99762 E,15.467
,51 23 25.88920 N,29 18 57.13255 E,15.467
,51 23 28.31208 N,29 18 59.20246 E,15.466
,51 23 30.73855 N,29 19 1.27237 E,15.465
,51 23 32.67538 N,29 19 1.66469 E,15.465
,51 23 34.60862 N,29 19 2.05341 E,15.465
,51 23 37.39876 N,29 19 8.13375 E,15.462
,51 23 40.18531 N,29 19 14.21409 E,15.459
,51 23 42.00698 N,29 19 16.80243 E,15.458
,51 23 43.82505 N,29 19 19.39078 E,15.457
,51 23 46.73752 N,29 19 21.07906 E,15.456
,51 23 49.64999 N,29 19 22.76375 E,15.455
,51 23 56.92568 N,29 19 21.54661 E,15.456
,51 24 4.20496 N,29 19 20.32948 E,15.456
,51 24 8.08585 N,29 19 21.75852 E,15.455
,51 24 11.96313 N,29 19 23.18756 E,15.454
,51 24 16.33356 N,29 19 21.50975 E,15.455
,51 24 20.70039 N,29 19 19.83554 E,15.455
,51 24 29.88041 N,29 19 12.86906 E,15.457
,51 24 39.06042 N,29 19 5.90258 E,15.460
,51 24 44.88169 N,29 19 5.13551 E,15.460
,51 24 50.70656 N,29 19 4.36484 E,15.460
,51 24 55.55938 N,29 19 1.33340 E,15.461
,51 25 0.41580 N,29 18 58.30195 E,15.462
,51 25 7.93973 N,29 18 48.16031 E,15.466
,51 25 15.46726 N,29 18 38.01507 E,15.469
,51 25 25.16940 N,29 18 38.15864 E,15.469
,51 25 34.87155 N,29 18 38.30221 E,15.468
,51 25 48.45811 N,29 18 36.57719 E,15.468
,51 26 2.04828 N,29 18 34.84856 E,15.468
,51 26 14.70951 N,29 18 26.19711 E,15.471
,51 26 27.37075 N,29 18 17.54566 E,15.474
,51 26 32.22714 N,29 18 13.14980 E,15.476
,51 26 37.07993 N,29 18 8.75394 E,15.477
,51 26 41.93640 N,29 18 8.43692 E,15.477
,51 26 46.78926 N,29 18 8.12350 E,15.477
,51 26 53.09297 N,29 18 9.03402 E,15.477
,51 26 59.39668 N,29 18 9.94815 E,15.476
,51 27 6.51043 N,29 18 12.67306 E,15.474
,51 27 13.62418 N,29 18 15.40157 E,15.473
,51 27 14.72211 N,29 18 10.61347 E,15.475
,51 27 15.82364 N,29 18 5.82897 E,15.477
,51 27 23.99895 N,29 17 42.01797 E,15.486
,51 27 32.17785 N,29 17 18.20696 E,15.495
,51 27 33.26850 N,29 17 8.95122 E,15.499
,51 27 34.35916 N,29 16 59.69548 E,15.503
,51 27 33.39428 N,29 16 55.81108 E,15.504
,51 27 32.42580 N,29 16 51.93028 E,15.506
,51 27 29.35483 N,29 16 45.00035 E,15.509
,51 27 26.28387 N,29 16 38.07402 E,15.512
,51 27 25.88055 N,29 16 31.66237 E,15.515
,51 27 25.47363 N,29 16 25.25432 E,15.517
,51 27 26.28360 N,29 16 22.92506 E,15.518
,51 27 27.09357 N,29 16 20.59940 E,15.519
,51 27 30.20755 N,29 16 16.90922 E,15.520
,51 27 33.31793 N,29 16 13.22265 E,15.522
,51 27 38.17074 N,29 16 9.27319 E,15.523
,51 27 43.02354 N,29 16 5.32733 E,15.525
,51 27 50.30279 N,29 16 2.09418 E,15.526
,51 27 57.58203 N,29 15 58.86462 E,15.526
,51 28 6.80534 N,29 15 57.37739 E,15.527
,51 28 16.02505 N,29 15 55.89016 E,15.527
,51 28 24.80199 N,29 15 56.54138 E,15.526
,51 28 33.57533 N,29 15 57.19259 E,15.525
,51 28 36.12409 N,29 15 52.72483 E,15.527
,51 28 38.67285 N,29 15 48.26067 E,15.529
,51 28 41.94516 N,29 15 40.55645 E,15.532
,51 28 45.22107 N,29 15 32.85222 E,15.535
,51 28 51.36620 N,29 15 23.46305 E,15.538
,51 28 57.51132 N,29 15 14.07028 E,15.542
,51 29 13.56738 N,29 15 4.10106 E,15.545
,51 29 29.61984 N,29 14 54.12824 E,15.548
,51 29 34.95508 N,29 14 51.79878 E,15.549
,51 29 40.29031 N,29 14 49.46572 E,15.550
,51 29 46.60117 N,29 14 47.65462 E,15.550
,51 29 52.91203 N,29 14 45.83992 E,15.551
,51 29 58.24731 N,29 14 45.64528 E,15.550
,51 30 3.58258 N,29 14 45.44704 E,15.550
,51 30 19.55246 N,29 14 48.17155 E,15.548
,51 30 35.52594 N,29 14 50.89246 E,15.546
,51 30 38.88484 N,29 14 53.87314 E,15.545
,51 30 42.24014 N,29 14 56.85022 E,15.544
,51 30 47.57543 N,29 14 57.89399 E,15.543
,51 30 52.91073 N,29 14 58.93416 E,15.542
,51 31 7.02295 N,29 14 59.77594 E,15.541
,51 31 21.13517 N,29 15 0.62131 E,15.540
,51 31 22.58961 N,29 15 1.91366 E,15.540
,51 31 24.04406 N,29 15 3.20961 E,15.539
,51 31 33.46566 N,29 15 18.63894 E,15.532
,51 31 42.88727 N,29 15 34.07188 E,15.526
,51 31 46.28576 N,29 15 36.53775 E,15.524
,51 31 49.68425 N,29 15 39.00362 E,15.523
,51 31 57.48553 N,29 15 37.18885 E,15.524
,51 32 5.28681 N,29 15 35.37409 E,15.524
,51 32 14.99609 N,29 15 31.55401 E,15.525
,51 32 24.70536 N,29 15 27.73394 E,15.526
,51 32 33.43905 N,29 15 25.72472 E,15.527
,51 32 42.17275 N,29 15 23.71551 E,15.527
,51 32 51.91818 N,29 15 29.23033 E,15.524
,51 33 1.66002 N,29 15 34.74875 E,15.522
,51 33 3.96760 N,29 15 31.96222 E,15.523
,51 33 6.27519 N,29 15 29.17208 E,15.524
,51 33 9.18761 N,29 15 27.87594 E,15.524
,51 33 12.09643 N,29 15 26.57620 E,15.524
,51 33 15.00168 N,29 15 26.83887 E,15.524
,51 33 17.90692 N,29 15 27.09794 E,15.524
,51 33 26.60812 N,29 15 19.51227 E,15.527
,51 33 35.30571 N,29 15 11.92301 E,15.529
,51 33 46.01945 N,29 15 10.95051 E,15.529
,51 33 56.72959 N,29 15 9.97802 E,15.529
,51 33 59.15960 N,29 15 8.68550 E,15.529
,51 34 1.58961 N,29 15 7.38938 E,15.530
,51 34 3.00440 N,29 15 5.70090 E,15.530
,51 34 4.41919 N,29 15 4.01242 E,15.531
,51 34 7.44666 N,29 14 53.95378 E,15.535
,51 34 10.47773 N,29 14 43.89874 E,15.539
,51 34 10.72246 N,29 14 39.93869 E,15.541
,51 34 10.97080 N,29 14 35.98224 E,15.542
,51 34 10.28301 N,29 14 25.85897 E,15.546
,51 34 9.59522 N,29 14 15.73929 E,15.550
,51 34 8.54750 N,29 14 9.44648 E,15.553
,51 34 7.49618 N,29 14 3.15366 E,15.556
,51 34 4.81708 N,29 13 25.71700 E,15.571
,51 34 2.13799 N,29 12 48.28034 E,15.586
,51 34 4.96769 N,29 12 51.78305 E,15.585
,51 34 7.79739 N,29 12 55.28576 E,15.583
,51 34 9.74501 N,29 12 54.76367 E,15.583
,51 34 11.93018 N,29 12 50.99793 E,15.585
,51 34 14.11175 N,29 12 47.23219 E,15.586
,51 34 16.53815 N,29 12 45.54366 E,15.587
,51 34 18.96096 N,29 12 43.85874 E,15.587
,51 34 20.12729 N,29 12 39.12104 E,15.589
,51 34 21.29722 N,29 12 34.38334 E,15.591
,51 34 22.55361 N,29 12 32.43206 E,15.592
,51 34 23.80999 N,29 12 30.48079 E,15.593
,51 34 29.22804 N,29 12 28.72732 E,15.593
,51 34 34.64249 N,29 12 26.97386 E,15.594
,51 34 37.15169 N,29 12 25.21693 E,15.594
,51 34 39.65730 N,29 12 23.46360 E,15.595
,51 34 44.47048 N,29 12 18.52773 E,15.596
,51 34 49.28367 N,29 12 13.58827 E,15.598
,51 34 50.49323 N,29 12 10.47058 E,15.599
,51 34 51.69919 N,29 12 7.35290 E,15.601
,51 34 53.15720 N,29 12 6.70482 E,15.601
,51 34 54.61161 N,29 12 6.05675 E,15.601
,51 34 56.54845 N,29 12 6.83067 E,15.601
,51 34 59.46456 N,29 12 10.72578 E,15.599
,51 35 2.38427 N,29 12 14.61729 E,15.597
,51 35 6.26516 N,29 12 16.56113 E,15.596
,51 35 10.14245 N,29 12 18.50498 E,15.595
,51 35 20.05342 N,29 12 19.72855 E,15.594
,51 35 29.96078 N,29 12 20.95571 E,15.593
,51 35 29.87802 N,29 12 23.16614 E,15.592
,51 35 32.26128 N,29 12 24.39364 E,15.592
,51 35 34.64453 N,29 12 25.62475 E,15.591
,51 35 38.04298 N,29 12 25.29699 E,15.591
,51 35 41.44142 N,29 12 24.97283 E,15.591
,51 35 47.10064 N,29 12 21.26814 E,15.592
,51 35 52.75625 N,29 12 17.56345 E,15.594
,51 36 10.69451 N,29 11 31.76658 E,15.611
,51 36 28.62557 N,29 10 45.95891 E,15.629
,51 36 29.51111 N,29 10 41.80442 E,15.631
,51 36 30.40025 N,29 10 37.64634 E,15.632
,51 36 32.18225 N,29 10 35.82464 E,15.633
,51 36 34.60868 N,29 10 35.56533 E,15.633
,51 36 37.03151 N,29 10 35.30242 E,15.633
,51 36 38.37071 N,29 10 34.00274 E,15.633
,51 36 39.70990 N,29 10 32.70307 E,15.634
,51 36 43.51527 N,29 10 39.44937 E,15.631
,51 36 47.31705 N,29 10 46.19926 E,15.628
,51 36 57.02654 N,29 10 55.01892 E,15.624
,51 37 6.73604 N,29 11 3.83857 E,15.620
,51 37 11.87337 N,29 11 7.21157 E,15.618
,51 37 17.01070 N,29 11 10.58097 E,15.617
,51 37 20.59967 N,29 10 54.01344 E,15.623
,51 37 24.19223 N,29 10 37.44591 E,15.630
,51 37 25.35848 N,29 10 28.02097 E,15.634
,51 37 26.52473 N,29 10 18.59602 E,15.637
,51 37 30.95974 N,29 10 3.71327 E,15.643
,51 37 35.39474 N,29 9 48.83052 E,15.649
,51 37 38.54825 N,29 9 41.02909 E,15.652
,51 37 41.69816 N,29 9 33.22767 E,15.655
,51 37 43.43693 N,29 9 30.43037 E,15.656
,51 37 45.17571 N,29 9 27.62946 E,15.657
,51 37 48.97019 N,29 9 28.73090 E,15.657
,51 37 52.76826 N,29 9 29.82874 E,15.656
,51 37 55.40359 N,29 9 35.14947 E,15.654
,51 37 58.04252 N,29 9 40.47021 E,15.651
,51 37 59.37462 N,29 9 45.21140 E,15.649
,51 38 0.70673 N,29 9 49.95258 E,15.647
,51 38 2.60760 N,29 9 52.54812 E,15.646
,51 38 4.51207 N,29 9 55.14366 E,15.645
,51 38 5.96650 N,29 9 55.66201 E,15.645
,51 38 7.42093 N,29 9 56.18034 E,15.645
,51 38 10.33335 N,29 9 54.87700 E,15.645
,51 38 13.24577 N,29 9 53.57366 E,15.645
,51 38 15.67581 N,29 9 53.95875 E,15.645
,51 38 18.10585 N,29 9 54.34744 E,15.645
,51 38 25.38523 N,29 9 58.42956 E,15.643
,51 38 32.66461 N,29 10 2.51167 E,15.641
,51 38 34.88950 N,29 10 6.01440 E,15.639
,51 38 37.11440 N,29 10 9.52074 E,15.638
,51 38 39.42214 N,29 10 15.82070 E,15.635
,51 38 41.72628 N,29 10 22.12066 E,15.632
,51 38 47.71685 N,29 10 26.85804 E,15.630
,51 38 53.70382 N,29 10 31.59541 E,15.628
,51 38 55.76302 N,29 10 29.57930 E,15.629
,51 38 57.82221 N,29 10 27.55959 E,15.629
,51 38 59.76626 N,29 10 29.11471 E,15.629
,51 39 1.71032 N,29 10 30.66984 E,15.628
,51 39 3.16470 N,29 10 28.32615 E,15.629
,51 39 1.34663 N,29 10 25.99341 E,15.630
,51 38 59.52497 N,29 10 23.65707 E,15.631
,51 38 59.31971 N,29 10 20.53585 E,15.632
,51 38 59.11445 N,29 10 17.41822 E,15.633
,51 38 59.84161 N,29 10 14.29696 E,15.635
,51 39 0.56876 N,29 10 11.17570 E,15.636
,51 39 5.29915 N,29 10 6.41983 E,15.638
,51 39 10.03313 N,29 10 1.66397 E,15.639
,51 39 11.72145 N,29 9 55.42143 E,15.642
,51 39 13.40976 N,29 9 49.18249 E,15.644
,51 39 12.84810 N,29 9 46.06489 E,15.645
,51 39 10.90407 N,29 9 45.80577 E,15.646
,51 39 8.96004 N,29 9 45.55026 E,15.646
,51 39 9.81319 N,29 9 42.42899 E,15.647
,51 39 10.66275 N,29 9 39.30772 E,15.648
,51 39 10.33149 N,29 9 36.05330 E,15.650
,51 39 7.62791 N,29 9 39.63546 E,15.648
,51 39 4.92074 N,29 9 43.21402 E,15.647
,51 39 2.97310 N,29 9 42.96210 E,15.647
,51 39 3.41946 N,29 9 39.77605 E,15.649
,51 39 3.86581 N,29 9 36.58640 E,15.650
,51 39 2.00454 N,29 9 34.64246 E,15.651
,51 39 0.14328 N,29 9 32.69492 E,15.652
,51 39 0.34123 N,29 9 29.57368 E,15.653
,51 39 0.54278 N,29 9 26.45244 E,15.654
,51 39 3.20676 N,29 9 22.93869 E,15.655
,51 39 5.87073 N,29 9 19.42133 E,15.657
,51 39 5.78786 N,29 9 15.45769 E,15.658
,51 39 5.70499 N,29 9 11.49046 E,15.660
,51 39 4.93454 N,29 9 9.15407 E,15.661
,51 39 4.16769 N,29 9 6.81408 E,15.662
,51 39 2.21644 N,29 9 5.77736 E,15.662
,51 39 0.61086 N,29 9 7.85825 E,15.662
,51 38 59.84041 N,29 9 5.65146 E,15.663
,51 38 59.06996 N,29 9 3.44468 E,15.663
,51 39 0.36233 N,29 9 0.71219 E,15.665
,51 39 1.32356 N,29 9 1.61576 E,15.664
,51 39 2.94354 N,29 8 59.53486 E,15.665
,51 39 2.37466 N,29 8 54.92324 E,15.667
,51 39 1.80217 N,29 8 50.30802 E,15.669
,51 39 4.71461 N,29 8 50.55989 E,15.668
,51 39 7.62706 N,29 8 50.81536 E,15.668
,51 39 9.16424 N,29 8 48.21247 E,15.669
