,-5012569.503,-102.084,
,-5012569.501,-102.085,
,-5012569.500,-102.086,
,-5012569.500,-102.086,
,-5012569.499,-102.086,
,-5012569.498,-102.085,
,-5012569.497,-102.083,
,-5012569.499,-102.080,
,-5012569.500,-102.078,
,-5012569.500,-102.077,
,-5012569.500,-102.077,
,-5012569.501,-102.076,
,-5012569.501,-102.076,
,-5012569.501,-102.075,
,-5012569.502,-102.074,
,-5012569.503,-102.072,
,-5012569.504,-102.072,
,-5012569.504,-102.071,
,-5012569.506,-102.068,
,-5012569.509,-102.065,
,-5012569.509,-102.064,
,-5012569.510,-102.064,
,-5012569.510,-102.063,
,-5012569.511,-102.062,
,-5012569.511,-102.060,
,-5012569.512,-102.059,
,-5012569.513,-102.057,
,-5012569.515,-102.056,
,-5012569.515,-102.055,
,-5012569.515,-102.054,
,-5012569.517,-102.050,
,-5012569.520,-102.045,
,-5012569.520,-102.045,
,-5012569.520,-102.044,
,-5012569.521,-102.042,
,-5012569.522,-102.041,
,-5012569.523,-102.040,
,-5012569.523,-102.039,
,-5012569.524,-102.039,
,-5012569.524,-102.039,
,-5012569.524,-102.039,
,-5012569.524,-102.040,
,-5012569.525,-102.041,
,-5012569.524,-102.042,
,-5012569.524,-102.042,
,-5012569.524,-102.043,
,-5012569.524,-102.044,
,-5012569.524,-102.044,
,-5012569.525,-102.045,
,-5012569.525,-102.045,
,-5012569.525,-102.045,
,-5012569.526,-102.044,
,-5012569.527,-102.044,
,-5012569.527,-102.042,
,-5012569.527,-102.040,
,-5012569.526,-102.039,
,-5012569.526,-102.037,
,-5012569.526,-102.036,
,-5012569.525,-102.035,
,-5012569.525,-102.033,
,-5012569.525,-102.032,
,-5012569.525,-102.030,
,-5012569.525,-102.029,
,-5012569.525,-102.028,
,-5012569.525,-102.027,
,-5012569.525,-102.025,
,-5012569.525,-102.025,
,-5012569.526,-102.024,
,-5012569.525,-102.023,
,-5012569.525,-102.022,
,-5012569.525,-102.022,
,-5012569.525,-102.021,
,-5012569.526,-102.020,
,-5012569.526,-102.019,
,-5012569.526,-102.018,
,-5012569.526,-102.017,
,-5012569.527,-102.016,
,-5012569.527,-102.015,
,-5012569.528,-102.014,
,-5012569.528,-102.014,
,-5012569.529,-102.014,
,-5012569.529,-102.014,
,-5012569.530,-102.014,
,-5012569.530,-102.013,
,-5012569.530,-102.012,
,-5012569.529,-102.011,
,-5012569.527,-102.011,
,-5012569.527,-102.011,
,-5012569.526,-102.011,
,-5012569.526,-102.010,
,-5012569.525,-102.009,
,-5012569.524,-102.009,
,-5012569.524,-102.008,
,-5012569.524,-102.007,
,-5012569.524,-102.006,
,-5012569.525,-102.005,
,-5012569.525,-102.004,
,-5012569.526,-102.004,
,-5012569.527,-102.003,
,-5012569.527,-102.003,
,-5012569.528,-102.002,
,-5012569.528,-102.001,
,-5012569.528,-102.000,
,-5012569.528,-102.000,
,-5012569.530,-101.999,
,-5012569.531,-101.997,
,-5012569.532,-101.996,
,-5012569.533,-101.994,
,-5012569.534,-101.994,
,-5012569.534,-101.994,
,-5012569.537,-101.994,
,-5012569.539,-101.993,
,-5012569.540,-101.993,
,-5012569.540,-101.993,
,-5012569.540,-101.993,
,-5012569.541,-101.993,
,-5012569.542,-101.992,
,-5012569.542,-101.990,
,-5012569.544,-101.986,
,-5012569.545,-101.982,
,-5012569.546,-101.981,
,-5012569.546,-101.980,
,-5012569.546,-101.979,
,-5012569.546,-101.979,
,-5012569.547,-101.978,
,-5012569.547,-101.977,
,-5012569.546,-101.976,
,-5012569.546,-101.975,
,-5012569.546,-101.974,
,-5012569.546,-101.974,
,-5012569.546,-101.973,
,-5012569.547,-101.971,
,-5012569.548,-101.970,
,-5012569.548,-101.969,
,-5012569.548,-101.968,
,-5012569.549,-101.966,
,-5012569.551,-101.963,
,-5012569.551,-101.962,
,-5012569.552,-101.961,
,-5012569.552,-101.960,
,-5012569.552,-101.959,
,-5012569.552,-101.958,
,-5012569.552,-101.957,
,-5012569.552,-101.956,
,-5012569.552,-101.956,
,-5012569.551,-101.956,
,-5012569.551,-101.956,
,-5012569.550,-101.956,
,-5012569.549,-101.958,
,-5012569.547,-101.960,
,-5012569.547,-101.961,
,-5012569.547,-101.962,
,-5012569.546,-101.962,
,-5012569.545,-101.963,
,-5012569.545,-101.963,
,-5012569.544,-101.963,
,-5012569.543,-101.962,
,-5012569.543,-101.961,
,-5012569.543,-101.960,
,-5012569.544,-101.960,
,-5012569.544,-101.959,
,-5012569.543,-101.957,
,-5012569.541,-101.955,
,-5012569.541,-101.955,
,-5012569.541,-101.954,
,-5012569.542,-101.953,
,-5012569.542,-101.952,
,-5012569.542,-101.952,
,-5012569.542,-101.951,
,-5012569.542,-101.950,
,-5012569.543,-101.949,
,-5012569.543,-101.948,
,-5012569.543,-101.947,
,-5012569.542,-101.947,
,-5012569.542,-101.946,
,-5012569.542,-101.945,
,-5012569.543,-101.944,
,-5012569.543,-101.943,
,-5012569.543,-101.941,
,-5012569.543,-101.939,
,-5012569.543,-101.938,
,-5012569.544,-101.938,
,-5012569.543,-101.936,
,-5012569.543,-101.935,
,-5012569.542,-101.934,
,-5012569.542,-101.934,
,-5012569.541,-101.934,
,-5012569.541,-101.934,
,-5012569.540,-101.935,
,-5012569.539,-101.936,
,-5012569.538,-101.936,
,-5012569.538,-101.936,
,-5012569.537,-101.935,
,-5012569.537,-101.934,
,-5012569.538,-101.933,
,-5012569.538,-101.933,
,-5012569.538,-101.933,
,-5012569.539,-101.933,
,-5012569.539,-101.932,
,-5012569.540,-101.932,
,-5012569.540,-101.931,
,-5012569.541,-101.930,
,-5012569.541,-101.929,
,-5012569.541,-101.928,
,-5012569.540,-101.926,
,-5012569.540,-101.924,
,-5012569.540,-101.923,
,-5012569.540,-101.922,
,-5012569.540,-101.922,
,-5012569.540,-101.921,
,-5012569.541,-101.920,
,-5012569.542,-101.919,
,-5012569.542,-101.920,
,-5012569.542,-101.920,
,-5012569.543,-101.921,
,-5012569.543,-101.922,
,-5012569.544,-101.924,
,-5012569.545,-101.926,
,-5012569.546,-101.926,
,-5012569.546,-101.925,
,-5012569.547,-101.925,
,-5012569.547,-101.925,
,-5012569.548,-101.924,
,-5012569.548,-101.924,
,-5012569.549,-101.924,
,-5012569.549,-101.924,
,-5012569.550,-101.924,
,-5012569.550,-101.923,
,-5012569.551,-101.923,
,-5012569.552,-101.923,
,-5012569.553,-101.923,
,-5012569.553,-101.922,
,-5012569.554,-101.922,
,-5012569.554,-101.922,
,-5012569.555,-101.922,
,-5012569.555,-101.921,
,-5012569.556,-101.922,
,-5012569.556,-101.922,
,-5012569.557,-101.922,
,-5012569.557,-101.922,
,-5012569.558,-101.921,
,-5012569.559,-101.921,
,-5012569.560,-101.921,
,-5012569.560,-101.921,
,-5012569.561,-101.922,
,-5012569.562,-101.922,
,-5012569.564,-101.922,
,-5012569.564,-101.922,
,-5012569.565,-101.922,
,-5012569.565,-101.922,
,-5012569.565,-101.922,
,-5012569.566,-101.921,
,-5012569.567,-101.919,
,-5012569.567,-101.919,
,-5012569.567,-101.918,
,-5012569.567,-101.917,
,-5012569.566,-101.915,
,-5012569.567,-101.914,
,-5012569.567,-101.914,
,-5012569.568,-101.914,
,-5012569.569,-101.914,
,-5012569.569,-101.913,
,-5012569.570,-101.913,
,-5012569.571,-101.913,
,-5012569.572,-101.912,
,-5012569.574,-101.911,
,-5012569.575,-101.911,
,-5012569.577,-101.911,
,-5012569.578,-101.910,
,-5012569.579,-101.910,
,-5012569.580,-101.910,
,-5012569.580,-101.910,
,-5012569.581,-101.910,
,-5012569.583,-101.909,
,-5012569.586,-101.909,
,-5012569.586,-101.909,
,-5012569.587,-101.909,
,-5012569.591,-101.909,
,-5012569.594,-101.908,
,-5012569.595,-101.908,
,-5012569.595,-101.908,
,-5012569.596,-101.908,
,-5012569.597,-101.908,
,-5012569.597,-101.907,
,-5012569.598,-101.907,
,-5012569.598,-101.907,
,-5012569.599,-101.907,
,-5012569.599,-101.906,
,-5012569.600,-101.906,
,-5012569.601,-101.905,
,-5012569.601,-101.904,
,-5012569.602,-101.903,
,-5012569.602,-101.901,
,-5012569.602,-101.898,
,-5012569.602,-101.897,
,-5012569.603,-101.896,
,-5012569.604,-101.895,
,-5012569.605,-101.894,
,-5012569.606,-101.894,
,-5012569.606,-101.894,
,-5012569.608,-101.893,
,-5012569.609,-101.892,
,-5012569.610,-101.891,
,-5012569.611,-101.890,
,-5012569.611,-101.889,
,-5012569.611,-101.888,
,-5012569.611,-101.888,
,-5012569.612,-101.887,
,-5012569.612,-101.887,
,-5012569.613,-101.887,
,-5012569.615,-101.883,
,-5012569.617,-101.879,
,-5012569.618,-101.878,
,-5012569.620,-101.877,
,-5012569.620,-101.877,
,-5012569.621,-101.877,
,-5012569.621,-101.876,
,-5012569.622,-101.874,
,-5012569.623,-101.874,
,-5012569.623,-101.874,
,-5012569.624,-101.873,
,-5012569.626,-101.873,
,-5012569.626,-101.871,
,-5012569.627,-101.870,
,-5012569.627,-101.869,
,-5012569.627,-101.868,
,-5012569.628,-101.867,
,-5012569.628,-101.866,
,-5012569.628,-101.861,
,-5012569.628,-101.856,
,-5012569.628,-101.855,
,-5012569.627,-101.853,
,-5012569.627,-101.851,
,-5012569.627,-101.849,
,-5012569.627,-101.848,
,-5012569.628,-101.848,
,-5012569.628,-101.846,
,-5012569.628,-101.845,
,-5012569.628,-101.844,
,-5012569.628,-101.843,
,-5012569.628,-101.842,
,-5012569.628,-101.841,
,-5012569.629,-101.841,
,-5012569.629,-101.841,
,-5012569.630,-101.840,
,-5012569.630,-101.840,
,-5012569.629,-101.838,
,-5012569.628,-101.836,
,-5012569.626,-101.832,
,-5012569.624,-101.829,
,-5012569.624,-101.827,
,-5012569.624,-101.826,
,-5012569.624,-101.825,
,-5012569.624,-101.824,
,-5012569.624,-101.824,
,-5012569.624,-101.823,
,-5012569.624,-101.822,
,-5012569.624,-101.821,
,-5012569.623,-101.820,
,-5012569.623,-101.818,
,-5012569.622,-101.816,
,-5012569.621,-101.815,
,-5012569.621,-101.813,
,-5012569.621,-101.812,
,-5012569.620,-101.810,
,-5012569.620,-101.809,
,-5012569.619,-101.808,
,-5012569.618,-101.806,
,-5012569.618,-101.805,
,-5012569.618,-101.805,
,-5012569.618,-101.804,
,-5012569.619,-101.802,
,-5012569.620,-101.800,
,-5012569.620,-101.799,
,-5012569.621,-101.799,
,-5012569.621,-101.797,
,-5012569.622,-101.796,
,-5012569.623,-101.796,
,-5012569.623,-101.796,
,-5012569.624,-101.794,
,-5012569.625,-101.793,
,-5012569.625,-101.792,
,-5012569.626,-101.791,
,-5012569.626,-101.791,
,-5012569.627,-101.790,
,-5012569.627,-101.789,
,-5012569.627,-101.788,
,-5012569.627,-101.787,
,-5012569.628,-101.786,
,-5012569.628,-101.786,
,-5012569.629,-101.785,
,-5012569.629,-101.784,
,-5012569.629,-101.783,
,-5012569.630,-101.782,
,-5012569.631,-101.782,
,-5012569.632,-101.782,
,-5012569.632,-101.781,
,-5012569.633,-101.781,
,-5012569.633,-101.780,
,-5012569.633,-101.779,
,-5012569.634,-101.779,
,-5012569.634,-101.779,
,-5012569.635,-101.779,
,-5012569.635,-101.778,
,-5012569.636,-101.778,
,-5012569.637,-101.777,
,-5012569.637,-101.775,
,-5012569.637,-101.774,
,-5012569.638,-101.773,
,-5012569.638,-101.773,
,-5012569.639,-101.773,
,-5012569.639,-101.772,
,-5012569.640,-101.771,
,-5012569.640,-101.770,
,-5012569.640,-101.769,
,-5012569.640,-101.768,
,-5012569.640,-101.767,
,-5012569.640,-101.766,
,-5012569.640,-101.765,
,-5012569.640,-101.765,
,-5012569.640,-101.762,
,-5012569.641,-101.760,
,-5012569.641,-101.760,
,-5012569.641,-101.759,
,-5012569.641,-101.757,
,-5012569.641,-101.756,
,-5012569.641,-101.754,
,-5012569.642,-101.753,
,-5012569.642,-101.751,
,-5012569.642,-101.750,
,-5012569.642,-101.749,
,-5012569.642,-101.747,
,-5012569.643,-101.746,
,-5012569.644,-101.743,
,-5012569.645,-101.741,
,-5012569.646,-101.740,
,-5012569.646,-101.740,
,-5012569.646,-101.739,
,-5012569.647,-101.739,
,-5012569.647,-101.738,
,-5012569.648,-101.737,
,-5012569.648,-101.736,
,-5012569.648,-101.734,
,-5012569.648,-101.733,
,-5012569.648,-101.732,
,-5012569.649,-101.731,
,-5012569.649,-101.730,
,-5012569.649,-101.730,
,-5012569.651,-101.728,
,-5012569.652,-101.726,
,-5012569.652,-101.724,
,-5012569.652,-101.723,
,-5012569.652,-101.722,
,-5012569.653,-101.721,
,-5012569.653,-101.721,
,-5012569.653,-101.720,
,-5012569.654,-101.720,
,-5012569.654,-101.720,
,-5012569.655,-101.718,
,-5012569.656,-101.717,
,-5012569.656,-101.716,
,-5012569.656,-101.715,
,-5012569.655,-101.712,
,-5012569.654,-101.710,
,-5012569.654,-101.709,
,-5012569.653,-101.708,
,-5012569.652,-101.708,
,-5012569.652,-101.707,
,-5012569.650,-101.707,
,-5012569.649,-101.707,
,-5012569.648,-101.706,
,-5012569.646,-101.705,
,-5012569.646,-101.704,
,-5012569.645,-101.703,
,-5012569.644,-101.702,
,-5012569.643,-101.701,
,-5012569.642,-101.699,
,-5012569.640,-101.697,
,-5012569.640,-101.697,
,-5012569.640,-101.697,
,-5012569.639,-101.697,
,-5012569.639,-101.696,
,-5012569.638,-101.695,
,-5012569.638,-101.694,
,-5012569.637,-101.692,
,-5012569.637,-101.690,
,-5012569.636,-101.689,
,-5012569.635,-101.687,
,-5012569.634,-101.687,
,-5012569.634,-101.687,
,-5012569.633,-101.686,
,-5012569.633,-101.685,
,-5012569.633,-101.685,
,-5012569.632,-101.685,
,-5012569.631,-101.684,
,-5012569.630,-101.683,
,-5012569.629,-101.683,
,-5012569.629,-101.683,
,-5012569.628,-101.682,
,-5012569.627,-101.682,
,-5012569.627,-101.681,
,-5012569.626,-101.681,
,-5012569.625,-101.679,
,-5012569.624,-101.678,
,-5012569.623,-101.677,
,-5012569.621,-101.676,
,-5012569.617,-101.669,
,-5012569.612,-101.663,
,-5012569.625,-101.655,
,-5012569.638,-101.646,
,-5012569.644,-101.643,
,-5012569.651,-101.639,
,-5012569.654,-101.642,
,-5012569.657,-101.644,
,-5012569.658,-101.641,
,-5012569.659,-101.639,
,-5012569.668,-101.644,
,-5012569.677,-101.648,
,-5012569.677,-101.647,
,-5012569.678,-101.646,
,-5012569.677,-101.645,
,-5012569.676,-101.643,
,-5012569.675,-101.642,
,-5012569.675,-101.640,
,-5012569.675,-101.640,
,-5012569.676,-101.639,
,-5012569.676,-101.638,
,-5012569.676,-101.637,
,-5012569.677,-101.636,
,-5012569.678,-101.635,
,-5012569.678,-101.635,
,-5012569.678,-101.634,
,-5012569.679,-101.634,
,-5012569.679,-101.634,
,-5012569.680,-101.632,
,-5012569.681,-101.631,
,-5012569.682,-101.629,
,-5012569.682,-101.627,
,-5012569.683,-101.625,
,-5012569.685,-101.622,
,-5012569.686,-101.623,
,-5012569.686,-101.623,
,-5012569.687,-101.624,
,-5012569.688,-101.624,
,-5012569.689,-101.623,
,-5012569.690,-101.622,
,-5012569.691,-101.621,
,-5012569.691,-101.620,
,-5012569.692,-101.619,
,-5012569.692,-101.619,
,-5012569.694,-101.619,
,-5012569.696,-101.619,
,-5012569.696,-101.619,
,-5012569.697,-101.620,
,-5012569.698,-101.619,
,-5012569.699,-101.619,
,-5012569.699,-101.620,
,-5012569.700,-101.620,
,-5012569.701,-101.620,
,-5012569.703,-101.620,
,-5012569.703,-101.619,
,-5012569.704,-101.619,
,-5012569.704,-101.619,
,-5012569.705,-101.619,
,-5012569.705,-101.619,
,-5012569.705,-101.618,
,-5012569.706,-101.617,
,-5012569.706,-101.617,
,-5012569.707,-101.617,
,-5012569.708,-101.616,
,-5012569.709,-101.616,
,-5012569.709,-101.616,
,-5012569.710,-101.616,
,-5012569.711,-101.615,
,-5012569.711,-101.614,
,-5012569.712,-101.614,
,-5012569.713,-101.614,
,-5012569.713,-101.613,
,-5012569.714,-101.613,
,-5012569.715,-101.613,
,-5012569.716,-101.613,
,-5012569.716,-101.612,
,-5012569.717,-101.612,
,-5012569.718,-101.612,
,-5012569.721,-101.632,
,-5012569.723,-101.653,
,-5012569.725,-101.652,
,-5012569.726,-101.652,
,-5012569.727,-101.653,
,-5012569.727,-101.653,
,-5012569.727,-101.653,
,-5012569.728,-101.653,
,-5012569.728,-101.654,
,-5012569.729,-101.655,
,-5012569.730,-101.656,
,-5012569.731,-101.656,
,-5012569.732,-101.657,
,-5012569.732,-101.657,
,-5012569.732,-101.657,
,-5012569.733,-101.657,
,-5012569.734,-101.658,
,-5012569.734,-101.658,
,-5012569.735,-101.658,
,-5012569.736,-101.659,
,-5012569.737,-101.659,
,-5012569.738,-101.659,
,-5012569.738,-101.658,
,-5012569.739,-101.658,
,-5012569.739,-101.657,
,-5012569.739,-101.656,
,-5012569.738,-101.655,
,-5012569.738,-101.654,
,-5012569.738,-101.652,
,-5012569.738,-101.652,
,-5012569.738,-101.650,
,-5012569.738,-101.649,
,-5012569.739,-101.647,
,-5012569.741,-101.646,
,-5012569.740,-101.645,
,-5012569.740,-101.644,
,-5012569.738,-101.644,
,-5012569.737,-101.644,
,-5012569.736,-101.644,
,-5012569.736,-101.642,
,-5012569.736,-101.641,
,-5012569.737,-101.640,
,-5012569.737,-101.639,
,-5012569.737,-101.638,
,-5012569.737,-101.638,
,-5012569.737,-101.637,
,-5012569.738,-101.635,
,-5012569.738,-101.634,
,-5012569.738,-101.633,
,-5012569.739,-101.632,
,-5012569.740,-101.631,
,-5012569.740,-101.630,
,-5012569.740,-101.630,
,-5012569.740,-101.629,
,-5012569.740,-101.628,
,-5012569.740,-101.627,
,-5012569.741,-101.626,
,-5012569.741,-101.625,
,-5012569.741,-101.624,
,-5012569.742,-101.623,
,-5012569.742,-101.622,
,-5012569.743,-101.621,
,-5012569.743,-101.619,
,-5012569.743,-101.619,
,-5012569.743,-101.618,
,-5012569.744,-101.617,
,-5012569.744,-101.616,
,-5012569.745,-101.617,
,-5012569.746,-101.619,
,-5012569.746,-101.619,
,-5012569.747,-101.619,
,-5012569.747,-101.619,
,-5012569.748,-101.619,
,-5012569.748,-101.618,
,-5012569.749,-101.618,
,-5012569.750,-101.618,
,-5012569.751,-101.619,
,-5012569.752,-101.619,
,-5012569.753,-101.619,
,-5012569.754,-101.619,
,-5012569.754,-101.620,
,-5012569.755,-101.620,
,-5012569.756,-101.620,
,-5012569.757,-101.619,
,-5012569.759,-101.618,
,-5012569.760,-101.616,
,-5012569.761,-101.615,
,-5012569.761,-101.614,
,-5012569.761,-101.614,
,-5012569.762,-101.613,
,-5012569.762,-101.612,
,-5012569.763,-101.612,
,-5012569.763,-101.611,
,-5012569.766,-101.606,
,-5012569.770,-101.601,
,-5012569.771,-101.597,
,-5012569.772,-101.594,
,-5012569.773,-101.593,
,-5012569.773,-101.592,
,-5012569.773,-101.590,
,-5012569.774,-101.588,
,-5012569.775,-101.588,
,-5012569.776,-101.588,
,-5012569.777,-101.589,
,-5012569.778,-101.591,
,-5012569.779,-101.591,
,-5012569.779,-101.591,
,-5012569.780,-101.592,
,-5012569.782,-101.592,
,-5012569.783,-101.592,
,-5012569.784,-101.592,
,-5012569.784,-101.592,
,-5012569.784,-101.593,
,-5012569.784,-101.594,
,-5012569.785,-101.595,
,-5012569.785,-101.596,
,-5012569.786,-101.596,
,-5012569.786,-101.597,
,-5012569.787,-101.597,
,-5012569.787,-101.597,
,-5012569.788,-101.596,
,-5012569.789,-101.595,
,-5012569.790,-101.595,
,-5012569.790,-101.594,
,-5012569.791,-101.594,
,-5012569.792,-101.593,
,-5012569.792,-101.591,
,-5012569.792,-101.589,
,-5012569.792,-101.588,
,-5012569.793,-101.587,
,-5012569.794,-101.587,
,-5012569.795,-101.587,
,-5012569.796,-101.586,
,-5012569.796,-101.585,
,-5012569.797,-101.585,
,-5012569.798,-101.586,
,-5012569.798,-101.600,
,-5012569.798,-101.615,
,-5012569.798,-101.615,
,-5012569.798,-101.616,
,-5012569.798,-101.622,
,-5012569.798,-101.628,
,-5012569.799,-101.628,
,-5012569.799,-101.633,
,-5012569.799,-101.638,
,-5012569.799,-101.639,
,-5012569.803,-101.639,
,-5012569.806,-101.638,
,-5012569.806,-101.638,
,-5012569.807,-101.638,
,-5012569.809,-101.638,
,-5012569.810,-101.638,
,-5012569.811,-101.637,
,-5012569.811,-101.637,
,-5012569.816,-101.637,
,-5012569.820,-101.637,
,-5012569.820,-101.636,
,-5012569.824,-101.636,
,-5012569.828,-101.636,
,-5012569.829,-101.635,
,-5012569.834,-101.635,
,-5012569.838,-101.635,
,-5012569.839,-101.634,
,-5012569.839,-101.634,
,-5012569.839,-101.626,
,-5012569.839,-101.619,
,-5012569.840,-101.618,
,-5012569.840,-101.618,
,-5012569.845,-101.618,
,-5012569.849,-101.618,
,-5012569.850,-101.617,
,-5012569.850,-101.617,
,-5012569.851,-101.617,
,-5012569.852,-101.617,
,-5012569.853,-101.617,
,-5012569.853,-101.617,
,-5012569.854,-101.618,
,-5012569.860,-101.618,
,-5012569.867,-101.618,
,-5012569.867,-101.618,
,-5012569.867,-101.619,
,-5012569.867,-101.620,
,-5012569.867,-101.622,
,-5012569.867,-101.623,
,-5012569.868,-101.624,
,-5012569.868,-101.627,
,-5012569.868,-101.630,
,-5012569.868,-101.631,
,-5012569.868,-101.631,
,-5012569.868,-101.632,
,-5012569.868,-101.633,
,-5012569.869,-101.633,
,-5012569.869,-101.633,
,-5012569.870,-101.632,
,-5012569.870,-101.631,
,-5012569.870,-101.631,
,-5012569.871,-101.631,
,-5012569.871,-101.631,
,-5012569.872,-101.631,
,-5012569.872,-101.630,
,-5012569.873,-101.629,
,-5012569.874,-101.629,
,-5012569.874,-101.624,
,-5012569.874,-101.619,
,-5012569.874,-101.618,
,-5012569.876,-101.618,
,-5012569.879,-101.618,
,-5012569.879,-101.618,
,-5012569.880,-101.619,
,-5012569.880,-101.620,
,-5012569.880,-101.622,
,-5012569.879,-101.622,
,-5012569.879,-101.624,
,-5012569.879,-101.626,
,-5012569.879,-101.627,
,-5012569.879,-101.627,
,-5012569.879,-101.628,
,-5012569.880,-101.628,
,-5012569.881,-101.627,
,-5012569.882,-101.624,
,-5012569.884,-101.622,
,-5012569.885,-101.618,
,-5012569.886,-101.614,
,-5012569.888,-101.611,
,-5012569.890,-101.608,
,-5012569.890,-101.607,
,-5012569.890,-101.606,
,-5012569.890,-101.606,
,-5012569.891,-101.605,
,-5012569.892,-101.604,
,-5012569.892,-101.603,
,-5012569.893,-101.601,
,-5012569.894,-101.599,
,-5012569.894,-101.598,
,-5012569.895,-101.597,
,-5012569.895,-101.597,
,-5012569.895,-101.596,
,-5012569.896,-101.595,
,-5012569.897,-101.594,
,-5012569.897,-101.592,
,-5012569.898,-101.591,
,-5012569.899,-101.589,
,-5012569.900,-101.588,
,-5012569.900,-101.587,
,-5012569.900,-101.586,
,-5012569.901,-101.585,
,-5012569.902,-101.583,
,-5012569.903,-101.580,
,-5012569.905,-101.578,
,-5012569.906,-101.576,
,-5012569.907,-101.574,
,-5012569.908,-101.572,
,-5012569.908,-101.571,
,-5012569.910,-101.568,
,-5012569.912,-101.564,
,-5012569.912,-101.564,
,-5012569.912,-101.563,
,-5012569.912,-101.562,
,-5012569.912,-101.561,
,-5012569.912,-101.559,
,-5012569.912,-101.557,
,-5012569.913,-101.556,
,-5012569.913,-101.554,
,-5012569.913,-101.552,
,-5012569.913,-101.550,
,-5012569.913,-101.549,
,-5012569.915,-101.547,
,-5012569.916,-101.545,
,-5012569.916,-101.544,
,-5012569.917,-101.543,
,-5012569.917,-101.543,
,-5012569.918,-101.542,
,-5012569.918,-101.541,
,-5012569.919,-101.539,
,-5012569.921,-101.537,
,-5012569.922,-101.534,
,-5012569.923,-101.532,
,-5012569.924,-101.531,
,-5012569.924,-101.530,
,-5012569.924,-101.529,
,-5012569.925,-101.527,
,-5012569.927,-101.526,
,-5012569.927,-101.524,
,-5012569.928,-101.523,
,-5012569.928,-101.522,
,-5012569.929,-101.520,
,-5012569.930,-101.519,
,-5012569.932,-101.518,
,-5012569.933,-101.517,
,-5012569.934,-101.516,
,-5012569.934,-101.516,
,-5012569.935,-101.516,
,-5012569.936,-101.514,
,-5012569.937,-101.513,
,-5012569.937,-101.513,
,-5012569.938,-101.513,
,-5012569.938,-101.512,
,-5012569.938,-101.512,
,-5012569.939,-101.511,
,-5012569.940,-101.510,
,-5012569.941,-101.509,
,-5012569.942,-101.508,
,-5012569.943,-101.508,
,-5012569.943,-101.508,
,-5012569.943,-101.507,
,-5012569.944,-101.506,
,-5012569.947,-101.504,
,-5012569.949,-101.502,
,-5012569.950,-101.501,
,-5012569.951,-101.501,
,-5012569.951,-101.500,
,-5012569.952,-101.500,
,-5012569.952,-101.499,
,-5012569.954,-101.497,
,-5012569.956,-101.495,
,-5012569.958,-101.495,
,-5012569.959,-101.495,
,-5012569.960,-101.496,
,-5012569.960,-101.497,
,-5012569.963,-101.498,
,-5012569.966,-101.500,
,-5012569.966,-101.500,
,-5012569.967,-101.500,
,-5012569.968,-101.501,
,-5012569.970,-101.502,
,-5012569.970,-101.502,
,-5012569.971,-101.502,
,-5012569.971,-101.503,
,-5012569.972,-101.504,
,-5012569.973,-101.504,
,-5012569.973,-101.504,
,-5012569.974,-101.505,
,-5012569.974,-101.506,
,-5012569.975,-101.506,
,-5012569.975,-101.507,
,-5012569.976,-101.507,
,-5012569.976,-101.507,
,-5012569.977,-101.508,
,-5012569.979,-101.509,
,-5012569.980,-101.512,
,-5012569.982,-101.514,
,-5012569.983,-101.514,
,-5012569.984,-101.514,
,-5012569.984,-101.491,
,-5012569.983,-101.468,
,-5012569.983,-101.457,
,-5012569.982,-101.447,
,-5012569.991,-101.447,
,-5012570.000,-101.447,
,-5012570.000,-101.446,
,-5012570.000,-101.446,
,-5012570.002,-101.446,
,-5012570.003,-101.446,
,-5012570.004,-101.444,
,-5012570.005,-101.442,
,-5012570.005,-101.441,
,-5012570.005,-101.441,
,-5012570.007,-101.429,
,-5012570.009,-101.417,
,-5012570.011,-101.412,
,-5012570.012,-101.406,
,-5012570.013,-101.406,
,-5012570.014,-101.407,
,-5012570.015,-101.408,
,-5012570.016,-101.409,
,-5012570.017,-101.409,
,-5012570.017,-101.409,
,-5012570.018,-101.409,
,-5012570.018,-101.409,
,-5012570.019,-101.409,
,-5012570.019,-101.410,
,-5012570.020,-101.410,
,-5012570.022,-101.410,
,-5012570.024,-101.410,
,-5012570.024,-101.409,
,-5012570.025,-101.409,
,-5012570.026,-101.408,
,-5012570.027,-101.408,
,-5012570.027,-101.409,
,-5012570.029,-101.412,
,-5012570.031,-101.415,
,-5012570.032,-101.416,
,-5012570.032,-101.416,
,-5012570.033,-101.417,
,-5012570.034,-101.419,
,-5012570.035,-101.419,
,-5012570.036,-101.418,
,-5012570.037,-101.420,
,-5012570.038,-101.421,
,-5012570.039,-101.423,
,-5012570.040,-101.424,
,-5012570.041,-101.425,
,-5012570.041,-101.425,
,-5012570.042,-101.425,
,-5012570.043,-101.424,
,-5012570.044,-101.423,
,-5012570.045,-101.422,
,-5012570.046,-101.421,
,-5012570.046,-101.419,
,-5012570.049,-101.419,
,-5012570.051,-101.420,
,-5012570.052,-101.419,
,-5012570.052,-101.419,
,-5012570.053,-101.418,
,-5012570.054,-101.417,
,-5012570.054,-101.417,
,-5012570.055,-101.417,
,-5012570.055,-101.416,
,-5012570.056,-101.415,
,-5012570.057,-101.415,
,-5012570.059,-101.415,
,-5012570.059,-101.415,
,-5012570.060,-101.414,
,-5012570.060,-101.414,
,-5012570.061,-101.414,
,-5012570.061,-101.414,
,-5012570.062,-101.414,
,-5012570.063,-101.414,
,-5012570.063,-101.414,
,-5012570.064,-101.414,
,-5012570.066,-101.414,
,-5012570.066,-101.412,
,-5012570.066,-101.410,
,-5012570.067,-101.409,
,-5012570.068,-101.407,
,-5012570.070,-101.407,
,-5012570.071,-101.407,
,-5012570.072,-101.408,
,-5012570.072,-101.408,
,-5012570.073,-101.408,
,-5012570.075,-101.409,
,-5012570.077,-101.410,
,-5012570.080,-101.410,
,-5012570.082,-101.410,
,-5012570.082,-101.357,
,-5012570.081,-101.305,
,-5012570.082,-101.304,
,-5012570.084,-101.304,
,-5012570.086,-101.304,
,-5012570.086,-101.303,
,-5012570.091,-101.303,
,-5012570.096,-101.303,
,-5012570.096,-101.303,
,-5012570.097,-101.302,
,-5012570.098,-101.302,
,-5012570.099,-101.302,
,-5012570.101,-101.299,
,-5012570.103,-101.296,
,-5012570.103,-101.295,
,-5012570.103,-101.294,
,-5012570.104,-101.293,
,-5012570.105,-101.291,
,-5012570.105,-101.290,
,-5012570.106,-101.289,
,-5012570.107,-101.288,
,-5012570.108,-101.286,
,-5012570.109,-101.284,
,-5012570.111,-101.281,
,-5012570.112,-101.279,
,-5012570.113,-101.278,
,-5012570.113,-101.277,
,-5012570.113,-101.276,
,-5012570.114,-101.274,
,-5012570.116,-101.272,
,-5012570.117,-101.270,
,-5012570.118,-101.267,
,-5012570.118,-101.266,
,-5012570.118,-101.264,
,-5012570.118,-101.263,
,-5012570.118,-101.262,
,-5012570.118,-101.262,
,-5012570.118,-101.261,
,-5012570.118,-101.260,
,-5012570.119,-101.258,
,-5012570.119,-101.256,
,-5012570.119,-101.254,
,-5012570.120,-101.252,
,-5012570.120,-101.252,
,-5012570.120,-101.251,
,-5012570.120,-101.250,
,-5012570.119,-101.249,
,-5012570.119,-101.244,
,-5012570.119,-101.239,
,-5012570.118,-101.225,
,-5012570.118,-101.210,
,-5012570.118,-101.210,
,-5012570.119,-101.210,
,-5012570.119,-101.209,
,-5012570.120,-101.207,
,-5012570.120,-101.207,
,-5012570.120,-101.206,
,-5012570.121,-101.205,
,-5012570.121,-101.205,
,-5012570.122,-101.204,
,-5012570.123,-101.203,
,-5012570.125,-101.203,
,-5012570.126,-101.202,
,-5012570.126,-101.202,
,-5012570.126,-101.201,
,-5012570.126,-101.199,
,-5012570.126,-101.197,
,-5012570.128,-101.195,
,-5012570.130,-101.193,
,-5012570.130,-101.192,
,-5012570.130,-101.191,
,-5012570.131,-101.191,
,-5012570.132,-101.191,
,-5012570.133,-101.191,
,-5012570.133,-101.191,
,-5012570.134,-101.191,
,-5012570.135,-101.191,
,-5012570.136,-101.190,
,-5012570.136,-101.190,
,-5012570.136,-101.190,
,-5012570.138,-101.187,
,-5012570.139,-101.185,
,-5012570.140,-101.184,
,-5012570.140,-101.184,
,-5012570.140,-101.183,
,-5012570.141,-101.183,
,-5012570.141,-101.182,
,-5012570.141,-101.181,
,-5012570.140,-101.180,
,-5012570.139,-101.179,
,-5012570.139,-101.179,
,-5012570.138,-101.178,
,-5012570.138,-101.177,
,-5012570.137,-101.176,
,-5012570.138,-101.175,
,-5012570.138,-101.175,
,-5012570.138,-101.173,
,-5012570.137,-101.171,
,-5012570.138,-101.170,
,-5012570.139,-101.168,
,-5012570.139,-101.167,
,-5012570.139,-101.167,
,-5012570.139,-101.166,
,-5012570.139,-101.165,
,-5012570.138,-101.164,
,-5012570.138,-101.163,
,-5012570.138,-101.162,
,-5012570.138,-101.162,
,-5012570.139,-101.161,
,-5012570.139,-101.161,
,-5012570.140,-101.160,
,-5012570.140,-101.159,
,-5012570.140,-101.159,
,-5012570.140,-101.158,
,-5012570.140,-101.157,
,-5012570.140,-101.157,
,-5012570.141,-101.156,
,-5012570.141,-101.155,
,-5012570.142,-101.157,
,-5012570.143,-101.158,
,-5012570.143,-101.157,
,-5012570.144,-101.156,
,-5012570.143,-101.155,
,-5012570.143,-101.154,
,-5012570.144,-101.153,
,-5012570.144,-101.152,
,-5012570.145,-101.151,
,-5012570.145,-101.150,
,-5012570.145,-101.149,
,-5012570.145,-101.149,
,-5012570.145,-101.148,
,-5012570.145,-101.147,
,-5012570.145,-101.146,
,-5012570.146,-101.145,
,-5012570.147,-101.144,
,-5012570.147,-101.144,
,-5012570.148,-101.144,
,-5012570.149,-101.144,
,-5012570.150,-101.144,
,-5012570.150,-101.144,
,-5012570.151,-101.144,
,-5012570.151,-101.144,
,-5012570.151,-101.145,
,-5012570.153,-101.145,
,-5012570.155,-101.145,
,-5012570.156,-101.145,
,-5012570.156,-101.146,
,-5012570.156,-101.146,
,-5012570.157,-101.146,
,-5012570.157,-101.146,
,-5012570.157,-101.147,
,-5012570.157,-101.148,
,-5012570.158,-101.148,
,-5012570.158,-101.149,
,-5012570.159,-101.148,
,-5012570.160,-101.148,
,-5012570.161,-101.148,
,-5012570.161,-101.148,
,-5012570.162,-101.146,
,-5012570.164,-101.143,
,-5012570.163,-101.143,
,-5012570.163,-101.142,
,-5012570.162,-101.142,
,-5012570.162,-101.141,
,-5012570.161,-101.140,
,-5012570.161,-101.140,
,-5012570.161,-101.139,
,-5012570.161,-101.138,
,-5012570.162,-101.138,
,-5012570.161,-101.135,
,-5012570.161,-101.133,
,-5012570.162,-101.133,
,-5012570.162,-101.133,
,-5012570.163,-101.133,
,-5012570.164,-101.133,
,-5012570.165,-101.133,
,-5012570.165,-101.132,
,-5012570.165,-101.130,
,-5012570.165,-101.130,
,-5012570.166,-101.130,
,-5012570.167,-101.130,
,-5012570.167,-101.131,
,-5012570.168,-101.132,
,-5012570.169,-101.133,
,-5012570.169,-101.133,
,-5012570.170,-101.132,
,-5012570.170,-101.130,
,-5012570.171,-101.131,
,-5012570.172,-101.131,
,-5012570.172,-101.132,
,-5012570.173,-101.133,
,-5012570.173,-101.133,
,-5012570.174,-101.132,
,-5012570.174,-101.132,
,-5012570.174,-101.131,
,-5012570.174,-101.130,
,-5012570.174,-101.129,
,-5012570.175,-101.129,
,-5012570.176,-101.129,
,-5012570.178,-101.131,
,-5012570.179,-101.132,
,-5012570.180,-101.132,
,-5012570.182,-101.132,
,-5012570.182,-101.132,
,-5012570.183,-101.132,
,-5012570.183,-101.132,
,-5012570.184,-101.132,
,-5012570.184,-101.130,
,-5012570.185,-101.129,
,-5012570.186,-101.128,
,-5012570.186,-101.127,
,-5012570.186,-101.127,
,-5012570.187,-101.127,
,-5012570.188,-101.128,
,-5012570.188,-101.129,
,-5012570.189,-101.128,
,-5012570.190,-101.128,
,-5012570.191,-101.129,
,-5012570.191,-101.129,
,-5012570.192,-101.130,
,-5012570.192,-101.130,
,-5012570.192,-101.129,
,-5012570.193,-101.129,
,-5012570.193,-101.127,
,-5012570.193,-101.126,
,-5012570.193,-101.125,
,-5012570.194,-101.124,
,-5012570.195,-101.124,
,-5012570.195,-101.124,
,-5012570.196,-101.124,
,-5012570.196,-101.123,
,-5012570.196,-101.122,
,-5012570.196,-101.121,
,-5012570.196,-101.121,
,-5012570.197,-101.121,
,-5012570.198,-101.122,
,-5012570.199,-101.123,
,-5012570.199,-101.123,
,-5012570.200,-101.123,
,-5012570.200,-101.122,
,-5012570.202,-101.122,
,-5012570.204,-101.122,
,-5012570.204,-101.123,
,-5012570.205,-101.123,
,-5012570.205,-101.124,
,-5012570.205,-101.125,
,-5012570.206,-101.129,
,-5012570.207,-101.133,
,-5012570.207,-101.135,
,-5012570.207,-101.136,
,-5012570.206,-101.137,
,-5012570.206,-101.138,
,-5012570.206,-101.139,
,-5012570.206,-101.139,
,-5012570.205,-101.140,
,-5012570.205,-101.141,
,-5012570.206,-101.141,
,-5012570.206,-101.142,
,-5012570.207,-101.142,
,-5012570.208,-101.141,
,-5012570.208,-101.142,
,-5012570.209,-101.142,
,-5012570.208,-101.144,
,-5012570.207,-101.147,
,-5012570.208,-101.147,
,-5012570.208,-101.148,
,-5012570.209,-101.148,
,-5012570.210,-101.148,
,-5012570.210,-101.147,
,-5012570.210,-101.146,
,-5012570.210,-101.145,
,-5012570.210,-101.144,
,-5012570.210,-101.144,
,-5012570.210,-101.143,
,-5012570.211,-101.143,
,-5012570.213,-101.143,
,-5012570.213,-101.144,
,-5012570.213,-101.144,
,-5012570.212,-101.145,
,-5012570.212,-101.146,
,-5012570.211,-101.147,
,-5012570.211,-101.147,
,-5012570.211,-101.148,
,-5012570.211,-101.149,
,-5012570.212,-101.149,
,-5012570.212,-101.149,
,-5012570.213,-101.149,
,-5012570.213,-101.149,
,-5012570.214,-101.149,
,-5012570.214,-101.149,
,-5012570.214,-101.150,
,-5012570.214,-101.151,
,-5012570.214,-101.151,
,-5012570.215,-101.152,
,-5012570.216,-101.151,
,-5012570.216,-101.150,
,-5012570.217,-101.151,
,-5012570.218,-101.152,
,-5012570.218,-101.153,
,-5012570.219,-101.153,
,-5012570.220,-101.154,
,-5012570.220,-101.155,
,-5012570.222,-101.155,
,-5012570.225,-101.155,
,-5012570.225,-101.154,
,-5012570.225,-101.153,
,-5012570.225,-101.152,
,-5012570.224,-101.151,
,-5012570.224,-101.150,
,-5012570.224,-101.150,
,-5012570.225,-101.149,
,-5012570.225,-101.149,
,-5012570.226,-101.148,
,-5012570.226,-101.147,
,-5012570.227,-101.147,
,-5012570.228,-101.148,
,-5012570.230,-101.149,
,-5012570.230,-101.148,
,-5012570.229,-101.147,
,-5012570.229,-101.146,
,-5012570.229,-101.145,
,-5012570.230,-101.145,
,-5012570.230,-101.144,
,-5012570.233,-101.144,
,-5012570.235,-101.144,
,-5012570.236,-101.143,
,-5012570.237,-101.142,
,-5012570.238,-101.140,
,-5012570.239,-101.139,
,-5012570.240,-101.139,
,-5012570.241,-101.138,
,-5012570.241,-101.138,
,-5012570.242,-101.138,
,-5012570.243,-101.138,
,-5012570.243,-101.138,
,-5012570.243,-101.139,
,-5012570.243,-101.140,
,-5012570.244,-101.140,
,-5012570.244,-101.143,
,-5012570.244,-101.145,
,-5012570.244,-101.145,
,-5012570.245,-101.145,
,-5012570.246,-101.144,
,-5012570.247,-101.143,
,-5012570.247,-101.143,
,-5012570.248,-101.143,
,-5012570.249,-101.144,
,-5012570.249,-101.145,
,-5012570.250,-101.148,
,-5012570.250,-101.150,
,-5012570.250,-101.150,
,-5012570.251,-101.150,
,-5012570.251,-101.150,
,-5012570.252,-101.150,
,-5012570.252,-101.150,
,-5012570.252,-101.149,
,-5012570.252,-101.148,
,-5012570.252,-101.147,
,-5012570.252,-101.145,
,-5012570.253,-101.145,
,-5012570.253,-101.144,
,-5012570.255,-101.144,
,-5012570.257,-101.144,
,-5012570.257,-101.145,
,-5012570.258,-101.145,
,-5012570.258,-101.145,
,-5012570.259,-101.145,
,-5012570.260,-101.146,
,-5012570.261,-101.148,
,-5012570.263,-101.150,
,-5012570.264,-101.150,
,-5012570.265,-101.150,
,-5012570.266,-101.151,
,-5012570.267,-101.152,
,-5012570.268,-101.153,
,-5012570.268,-101.153,
,-5012570.269,-101.153,
,-5012570.269,-101.153,
,-5012570.270,-101.154,
,-5012570.270,-101.155,
,-5012570.271,-101.155,
,-5012570.272,-101.155,
,-5012570.272,-101.155,
,-5012570.273,-101.155,
,-5012570.274,-101.155,
,-5012570.275,-101.155,
,-5012570.276,-101.156,
,-5012570.276,-101.156,
,-5012570.277,-101.156,
,-5012570.277,-101.157,
,-5012570.278,-101.157,
,-5012570.279,-101.157,
,-5012570.279,-101.157,
,-5012570.281,-101.158,
,-5012570.282,-101.158,
,-5012570.283,-101.159,
,-5012570.284,-101.159,
,-5012570.284,-101.159,
,-5012570.285,-101.159,
,-5012570.286,-101.160,
,-5012570.288,-101.160,
,-5012570.288,-101.161,
,-5012570.289,-101.161,
,-5012570.290,-101.161,
,-5012570.290,-101.162,
,-5012570.292,-101.162,
,-5012570.293,-101.162,
,-5012570.294,-101.162,
,-5012570.294,-101.162,
,-5012570.295,-101.162,
,-5012570.295,-101.161,
,-5012570.296,-101.160,
,-5012570.298,-101.160,
,-5012570.299,-101.159,
,-5012570.301,-101.157,
,-5012570.302,-101.156,
,-5012570.302,-101.156,
,-5012570.304,-101.155,
,-5012570.305,-101.154,
,-5012570.305,-101.154,
,-5012570.306,-101.154,
,-5012570.306,-101.153,
,-5012570.307,-101.153,
,-5012570.308,-101.153,
,-5012570.309,-101.153,
,-5012570.311,-101.154,
,-5012570.312,-101.155,
,-5012570.313,-101.154,
,-5012570.314,-101.153,
,-5012570.315,-101.153,
,-5012570.316,-101.153,
,-5012570.316,-101.153,
,-5012570.317,-101.153,
,-5012570.317,-101.153,
,-5012570.318,-101.152,
,-5012570.318,-101.152,
,-5012570.319,-101.152,
,-5012570.319,-101.151,
,-5012570.320,-101.151,
,-5012570.321,-101.150,
,-5012570.322,-101.150,
,-5012570.324,-101.150,
,-5012570.326,-101.150,
,-5012570.327,-101.151,
,-5012570.329,-101.152,
,-5012570.329,-101.153,
,-5012570.330,-101.153,
,-5012570.334,-101.153,
,-5012570.338,-101.153,
,-5012570.338,-101.154,
,-5012570.339,-101.155,
,-5012570.340,-101.156,
,-5012570.341,-101.157,
,-5012570.341,-101.157,
,-5012570.342,-101.157,
,-5012570.342,-101.157,
,-5012570.343,-101.157,
,-5012570.343,-101.157,
,-5012570.344,-101.156,
,-5012570.345,-101.153,
,-5012570.346,-101.150,
,-5012570.346,-101.148,
,-5012570.347,-101.147,
,-5012570.348,-101.144,
,-5012570.348,-101.141,
,-5012570.348,-101.140,
,-5012570.348,-101.139,
,-5012570.349,-101.138,
,-5012570.350,-101.137,
,-5012570.351,-101.136,
,-5012570.351,-101.135,
,-5012570.350,-101.134,
,-5012570.350,-101.134,
,-5012570.349,-101.131,
,-5012570.348,-101.129,
,-5012570.348,-101.128,
,-5012570.348,-101.125,
,-5012570.348,-101.122,
,-5012570.349,-101.121,
,-5012570.350,-101.119,
,-5012570.349,-101.116,
,-5012570.348,-101.112,
,-5012570.348,-101.111,
,-5012570.348,-101.109,
,-5012570.348,-101.109,
,-5012570.349,-101.108,
,-5012570.351,-101.111,
,-5012570.353,-101.113,
,-5012570.354,-101.113,
,-5012570.355,-101.113,
,-5012570.356,-101.113,
,-5012570.356,-101.113,
,-5012570.357,-101.114,
,-5012570.358,-101.114,
,-5012570.359,-101.114,
,-5012570.359,-101.113,
,-5012570.360,-101.113,
,-5012570.361,-101.112,
,-5012570.362,-101.111,
,-5012570.363,-101.111,
,-5012570.364,-101.109,
,-5012570.364,-101.108,
,-5012570.364,-101.106,
,-5012570.364,-101.103,
,-5012570.366,-101.103,
,-5012570.367,-101.103,
,-5012570.367,-101.103,
,-5012570.368,-101.103,
,-5012570.368,-101.103,
,-5012570.369,-101.103,
,-5012570.369,-101.103,
,-5012570.371,-101.103,
,-5012570.373,-101.103,
,-5012570.373,-101.104,
,-5012570.374,-101.104,
,-5012570.375,-101.104,
,-5012570.375,-101.104,
,-5012570.376,-101.103,
,-5012570.377,-101.102,
,-5012570.377,-101.100,
,-5012570.378,-101.098,
,-5012570.378,-101.097,
,-5012570.379,-101.097,
,-5012570.379,-101.095,
,-5012570.379,-101.093,
,-5012570.378,-101.091,
,-5012570.377,-101.089,
,-5012570.377,-101.088,
,-5012570.377,-101.087,
,-5012570.377,-101.086,
,-5012570.376,-101.085,
,-5012570.376,-101.085,
,-5012570.376,-101.084,
,-5012570.376,-101.083,
,-5012570.376,-101.082,
,-5012570.375,-101.082,
,-5012570.375,-101.081,
,-5012570.375,-101.080,
,-5012570.376,-101.079,
,-5012570.376,-101.079,
,-5012570.376,-101.075,
,-5012570.376,-101.072,
,-5012570.376,-101.071,
,-5012570.376,-101.069,
,-5012570.376,-101.068,
,-5012570.377,-101.068,
,-5012570.377,-101.067,
,-5012570.378,-101.069,
,-5012570.379,-101.072,
,-5012570.379,-101.073,
,-5012570.380,-101.074,
,-5012570.381,-101.074,
,-5012570.381,-101.074,
,-5012570.382,-101.072,
,-5012570.384,-101.071,
,-5012570.384,-101.069,
,-5012570.385,-101.066,
,-5012570.386,-101.066,
,-5012570.386,-101.066,
,-5012570.387,-101.065,
,-5012570.387,-101.065,
,-5012570.388,-101.066,
,-5012570.388,-101.066,
,-5012570.389,-101.066,
,-5012570.389,-101.066,
,-5012570.390,-101.067,
,-5012570.390,-101.069,
,-5012570.390,-101.071,
,-5012570.391,-101.071,
,-5012570.391,-101.072,
,-5012570.393,-101.071,
,-5012570.394,-101.070,
,-5012570.394,-101.070,
,-5012570.395,-101.070,
,-5012570.395,-101.070,
,-5012570.396,-101.071,
,-5012570.398,-101.071,
,-5012570.400,-101.071,
,-5012570.401,-101.068,
,-5012570.402,-101.066,
,-5012570.403,-101.065,
,-5012570.403,-101.064,
,-5012570.404,-101.066,
,-5012570.404,-101.067,
,-5012570.404,-101.069,
,-5012570.404,-101.071,
,-5012570.405,-101.072,
,-5012570.405,-101.072,
,-5012570.406,-101.072,
,-5012570.406,-101.071,
,-5012570.407,-101.071,
,-5012570.408,-101.071,
,-5012570.409,-101.071,
,-5012570.410,-101.070,
,-5012570.410,-101.070,
,-5012570.411,-101.070,
,-5012570.412,-101.070,
,-5012570.412,-101.070,
,-5012570.413,-101.071,
,-5012570.413,-101.072,
,-5012570.414,-101.073,
,-5012570.414,-101.074,
,-5012570.414,-101.075,
,-5012570.415,-101.076,
,-5012570.415,-101.076,
,-5012570.415,-101.077,
,-5012570.415,-101.078,
,-5012570.416,-101.080,
,-5012570.417,-101.083,
,-5012570.418,-101.086,
,-5012570.419,-101.089,
,-5012570.419,-101.090,
,-5012570.419,-101.091,
,-5012570.419,-101.091,
,-5012570.420,-101.092,
,-5012570.420,-101.093,
,-5012570.421,-101.095,
,-5012570.422,-101.097,
,-5012570.423,-101.098,
,-5012570.425,-101.100,
,-5012570.427,-101.101,
,-5012570.428,-101.103,
,-5012570.429,-101.104,
,-5012570.430,-101.107,
,-5012570.431,-101.111,
,-5012570.431,-101.111,
,-5012570.431,-101.112,
,-5012570.432,-101.113,
,-5012570.432,-101.115,
,-5012570.432,-101.116,
,-5012570.432,-101.117,
,-5012570.432,-101.118,
,-5012570.432,-101.119,
,-5012570.433,-101.120,
,-5012570.434,-101.121,
,-5012570.434,-101.122,
,-5012570.435,-101.124,
,-5012570.436,-101.125,
,-5012570.437,-101.126,
,-5012570.437,-101.127,
,-5012570.437,-101.128,
,-5012570.438,-101.129,
,-5012570.438,-101.130,
,-5012570.439,-101.131,
,-5012570.439,-101.133,
,-5012570.441,-101.135,
,-5012570.442,-101.138,
,-5012570.442,-101.139,
,-5012570.443,-101.139,
,-5012570.443,-101.140,
,-5012570.444,-101.141,
,-5012570.444,-101.141,
,-5012570.445,-101.141,
,-5012570.446,-101.142,
,-5012570.447,-101.144,
,-5012570.449,-101.145,
,-5012570.451,-101.146,
,-5012570.453,-101.149,
,-5012570.455,-101.152,
,-5012570.456,-101.152,
,-5012570.456,-101.153,
,-5012570.459,-101.156,
,-5012570.461,-101.159,
,-5012570.462,-101.160,
,-5012570.462,-101.160,
,-5012570.462,-101.161,
,-5012570.463,-101.161,
,-5012570.464,-101.162,
,-5012570.465,-101.163,
,-5012570.465,-101.163,
,-5012570.466,-101.163,
,-5012570.467,-101.162,
,-5012570.468,-101.161,
,-5012570.468,-101.161,
,-5012570.468,-101.161,
,-5012570.469,-101.162,
,-5012570.469,-101.163,
,-5012570.470,-101.163,
,-5012570.471,-101.163,
,-5012570.472,-101.162,
,-5012570.472,-101.161,
,-5012570.473,-101.161,
,-5012570.473,-101.161,
,-5012570.476,-101.157,
,-5012570.479,-101.153,
,-5012570.479,-101.152,
,-5012570.479,-101.152,
,-5012570.480,-101.150,
,-5012570.481,-101.149,
,-5012570.482,-101.149,
,-5012570.482,-101.148,
,-5012570.483,-101.147,
,-5012570.483,-101.147,
,-5012570.483,-101.146,
,-5012570.484,-101.145,
,-5012570.485,-101.144,
,-5012570.486,-101.143,
,-5012570.486,-101.143,
,-5012570.487,-101.143,
,-5012570.487,-101.142,
,-5012570.488,-101.142,
,-5012570.488,-101.142,
,-5012570.489,-101.142,
,-5012570.490,-101.141,
,-5012570.490,-101.141,
,-5012570.491,-101.141,
,-5012570.491,-101.141,
,-5012570.492,-101.140,
,-5012570.493,-101.140,
,-5012570.495,-101.140,
,-5012570.495,-101.139,
,-5012570.496,-101.139,
,-5012570.496,-101.139,
,-5012570.497,-101.140,
,-5012570.497,-101.140,
,-5012570.502,-101.140,
,-5012570.506,-101.140,
,-5012570.507,-101.140,
,-5012570.507,-101.139,
,-5012570.511,-101.139,
,-5012570.514,-101.139,
,-5012570.515,-101.139,
,-5012570.515,-101.139,
,-5012570.516,-101.139,
,-5012570.516,-101.139,
,-5012570.517,-101.139,
,-5012570.517,-101.139,
,-5012570.518,-101.139,
,-5012570.518,-101.139,
,-5012570.520,-101.140,
,-5012570.521,-101.141,
,-5012570.523,-101.143,
,-5012570.525,-101.145,
,-5012570.526,-101.145,
,-5012570.526,-101.145,
,-5012570.527,-101.146,
,-5012570.527,-101.146,
,-5012570.528,-101.146,
,-5012570.528,-101.146,
,-5012570.529,-101.146,
,-5012570.529,-101.146,
,-5012570.530,-101.147,
,-5012570.531,-101.148,
,-5012570.532,-101.148,
,-5012570.532,-101.148,
,-5012570.533,-101.148,
,-5012570.534,-101.148,
,-5012570.535,-101.148,
,-5012570.536,-101.149,
,-5012570.536,-101.150,
,-5012570.537,-101.150,
,-5012570.537,-101.150,
,-5012570.538,-101.151,
,-5012570.539,-101.152,
,-5012570.540,-101.152,
,-5012570.541,-101.153,
,-5012570.542,-101.155,
,-5012570.543,-101.157,
,-5012570.544,-101.158,
,-5012570.544,-101.160,
,-5012570.547,-101.165,
,-5012570.549,-101.170,
,-5012570.550,-101.172,
,-5012570.551,-101.173,
,-5012570.552,-101.175,
,-5012570.553,-101.176,
,-5012570.555,-101.177,
,-5012570.556,-101.177,
,-5012570.556,-101.176,
,-5012570.558,-101.176,
,-5012570.559,-101.176,
,-5012570.559,-101.176,
,-5012570.560,-101.175,
,-5012570.560,-101.175,
,-5012570.561,-101.175,
,-5012570.561,-101.175,
,-5012570.562,-101.174,
,-5012570.563,-101.173,
,-5012570.564,-101.172,
,-5012570.564,-101.172,
,-5012570.565,-101.171,
,-5012570.565,-101.171,
,-5012570.566,-101.170,
,-5012570.566,-101.169,
,-5012570.567,-101.168,
,-5012570.568,-101.167,
,-5012570.569,-101.165,
,-5012570.569,-101.165,
,-5012570.569,-101.164,
,-5012570.570,-101.162,
,-5012570.571,-101.161,
,-5012570.571,-101.160,
,-5012570.571,-101.160,
,-5012570.574,-101.156,
,-5012570.576,-101.152,
,-5012570.577,-101.152,
,-5012570.577,-101.152,
,-5012570.578,-101.152,
,-5012570.578,-101.152,
,-5012570.579,-101.152,
,-5012570.580,-101.152,
,-5012570.580,-101.151,
,-5012570.581,-101.151,
,-5012570.582,-101.151,
,-5012570.584,-101.151,
,-5012570.584,-101.150,
,-5012570.585,-101.149,
,-5012570.585,-101.149,
,-5012570.586,-101.149,
,-5012570.587,-101.147,
,-5012570.588,-101.145,
,-5012570.589,-101.143,
,-5012570.589,-101.140,
,-5012570.590,-101.139,
,-5012570.590,-101.139,
,-5012570.590,-101.138,
,-5012570.591,-101.136,
,-5012570.591,-101.135,
,-5012570.591,-101.134,
,-5012570.591,-101.134,
,-5012570.593,-101.132,
,-5012570.594,-101.130,
,-5012570.594,-101.129,
,-5012570.594,-101.129,
,-5012570.595,-101.128,
,-5012570.595,-101.127,
,-5012570.596,-101.126,
,-5012570.596,-101.126,
,-5012570.597,-101.125,
,-5012570.597,-101.124,
,-5012570.597,-101.123,
,-5012570.597,-101.121,
,-5012570.598,-101.120,
,-5012570.599,-101.118,
,-5012570.600,-101.117,
,-5012570.601,-101.117,
,-5012570.602,-101.117,
,-5012570.602,-101.116,
,-5012570.603,-101.116,
,-5012570.603,-101.116,
,-5012570.604,-101.116,
,-5012570.605,-101.116,
,-5012570.606,-101.116,
,-5012570.607,-101.117,
,-5012570.608,-101.118,
,-5012570.609,-101.118,
,-5012570.609,-101.118,
,-5012570.611,-101.120,
,-5012570.613,-101.122,
,-5012570.615,-101.123,
,-5012570.617,-101.125,
,-5012570.618,-101.125,
,-5012570.618,-101.125,
,-5012570.619,-101.125,
,-5012570.619,-101.125,
,-5012570.620,-101.125,
,-5012570.621,-101.126,
,-5012570.622,-101.128,
,-5012570.622,-101.128,
,-5012570.623,-101.128,
,-5012570.623,-101.128,
,-5012570.624,-101.128,
,-5012570.624,-101.128,
,-5012570.625,-101.129,
,-5012570.625,-101.129,
,-5012570.625,-101.129,
,-5012570.626,-101.130,
,-5012570.629,-101.132,
,-5012570.632,-101.134,
,-5012570.633,-101.134,
,-5012570.634,-101.135,
,-5012570.636,-101.136,
,-5012570.638,-101.138,
,-5012570.639,-101.138,
,-5012570.639,-101.138,
,-5012570.640,-101.139,
,-5012570.641,-101.140,
,-5012570.642,-101.140,
,-5012570.643,-101.140,
,-5012570.644,-101.139,
,-5012570.645,-101.139,
,-5012570.645,-101.138,
,-5012570.645,-101.137,
,-5012570.646,-101.136,
,-5012570.646,-101.136,
,-5012570.647,-101.134,
,-5012570.648,-101.133,
,-5012570.649,-101.131,
,-5012570.651,-101.128,
,-5012570.651,-101.128,
,-5012570.652,-101.127,
,-5012570.652,-101.126,
,-5012570.653,-101.125,
,-5012570.653,-101.124,
,-5012570.653,-101.124,
,-5012570.654,-101.123,
,-5012570.655,-101.123,
,-5012570.655,-101.122,
,-5012570.656,-101.123,
,-5012570.656,-101.123,
,-5012570.657,-101.122,
,-5012570.658,-101.122,
,-5012570.658,-101.122,
,-5012570.659,-101.122,
,-5012570.659,-101.121,
,-5012570.661,-101.121,
,-5012570.663,-101.121,
,-5012570.666,-101.124,
,-5012570.669,-101.127,
,-5012570.670,-101.129,
,-5012570.670,-101.130,
,-5012570.672,-101.132,
,-5012570.674,-101.133,
,-5012570.677,-101.137,
,-5012570.679,-101.141,
,-5012570.680,-101.141,
,-5012570.680,-101.141,
,-5012570.681,-101.143,
,-5012570.682,-101.144,
,-5012570.682,-101.144,
,-5012570.683,-101.145,
,-5012570.684,-101.146,
,-5012570.685,-101.148,
,-5012570.685,-101.148,
,-5012570.686,-101.149,
,-5012570.686,-101.150,
,-5012570.687,-101.151,
,-5012570.687,-101.153,
,-5012570.687,-101.155,
,-5012570.686,-101.156,
,-5012570.686,-101.158,
,-5012570.686,-101.158,
,-5012570.686,-101.159,
,-5012570.685,-101.160,
,-5012570.685,-101.161,
,-5012570.685,-101.162,
,-5012570.685,-101.163,
,-5012570.685,-101.164,
,-5012570.685,-101.165,
,-5012570.685,-101.166,
,-5012570.684,-101.166,
,-5012570.684,-101.168,
,-5012570.684,-101.169,
,-5012570.684,-101.171,
,-5012570.684,-101.172,
,-5012570.685,-101.174,
,-5012570.685,-101.176,
,-5012570.686,-101.178,
,-5012570.687,-101.179,
,-5012570.689,-101.180,
,-5012570.690,-101.181,
,-5012570.691,-101.182,
,-5012570.691,-101.183,
,-5012570.692,-101.184,
,-5012570.694,-101.185,
,-5012570.695,-101.185,
,-5012570.696,-101.185,
,-5012570.697,-101.186,
,-5012570.698,-101.186,
,-5012570.698,-101.185,
,-5012570.699,-101.185,
,-5012570.700,-101.185,
,-5012570.701,-101.185,
,-5012570.701,-101.185,
,-5012570.702,-101.184,
,-5012570.703,-101.184,
,-5012570.704,-101.184,
,-5012570.705,-101.185,
,-5012570.707,-101.185,
,-5012570.707,-101.187,
,-5012570.708,-101.188,
,-5012570.709,-101.188,
,-5012570.710,-101.189,
,-5012570.711,-101.189,
,-5012570.712,-101.190,
,-5012570.712,-101.190,
,-5012570.713,-101.190,
,-5012570.713,-101.190,
,-5012570.713,-101.190,
,-5012570.714,-101.190,
,-5012570.714,-101.190,
,-5012570.716,-101.189,
,-5012570.718,-101.187,
,-5012570.719,-101.187,
,-5012570.720,-101.187,
,-5012570.721,-101.187,
,-5012570.721,-101.187,
,-5012570.722,-101.187,
,-5012570.723,-101.186,
,-5012570.724,-101.184,
,-5012570.725,-101.184,
,-5012570.726,-101.184,
,-5012570.727,-101.182,
,-5012570.728,-101.181,
,-5012570.728,-101.181,
,-5012570.729,-101.181,
,-5012570.729,-101.180,
,-5012570.730,-101.179,
,-5012570.730,-101.180,
,-5012570.731,-101.181,
,-5012570.731,-101.183,
,-5012570.731,-101.184,
,-5012570.731,-101.185,
,-5012570.732,-101.185,
,-5012570.733,-101.185,
,-5012570.734,-101.185,
,-5012570.734,-101.186,
,-5012570.734,-101.186,
,-5012570.734,-101.187,
,-5012570.735,-101.187,
,-5012570.736,-101.187,
,-5012570.736,-101.187,
,-5012570.737,-101.186,
,-5012570.739,-101.186,
,-5012570.741,-101.186,
,-5012570.741,-101.187,
,-5012570.741,-101.187,
,-5012570.743,-101.187,
,-5012570.744,-101.188,
,-5012570.744,-101.188,
,-5012570.745,-101.189,
,-5012570.746,-101.190,
,-5012570.747,-101.190,
,-5012570.748,-101.191,
,-5012570.749,-101.190,
,-5012570.750,-101.189,
,-5012570.750,-101.188,
,-5012570.751,-101.187,
,-5012570.752,-101.185,
,-5012570.753,-101.183,
,-5012570.754,-101.183,
,-5012570.755,-101.183,
,-5012570.755,-101.182,
,-5012570.756,-101.182,
,-5012570.757,-101.182,
,-5012570.758,-101.182,
,-5012570.758,-101.181,
,-5012570.759,-101.180,
,-5012570.759,-101.180,
,-5012570.760,-101.179,
,-5012570.760,-101.178,
,-5012570.760,-101.177,
,-5012570.760,-101.176,
,-5012570.761,-101.175,
,-5012570.761,-101.175,
,-5012570.764,-101.175,
,-5012570.766,-101.174,
,-5012570.767,-101.174,
,-5012570.767,-101.173,
,-5012570.767,-101.173,
,-5012570.768,-101.172,
,-5012570.768,-101.170,
,-5012570.769,-101.169,
,-5012570.770,-101.168,
,-5012570.770,-101.168,
,-5012570.771,-101.166,
,-5012570.772,-101.165,
,-5012570.772,-101.163,
,-5012570.773,-101.162,
,-5012570.774,-101.160,
,-5012570.775,-101.159,
,-5012570.775,-101.158,
,-5012570.775,-101.158,
,-5012570.777,-101.157,
,-5012570.778,-101.156,
,-5012570.779,-101.157,
,-5012570.779,-101.157,
,-5012570.779,-101.157,
,-5012570.781,-101.158,
,-5012570.783,-101.160,
,-5012570.784,-101.162,
,-5012570.785,-101.165,
,-5012570.785,-101.166,
,-5012570.786,-101.167,
,-5012570.787,-101.167,
,-5012570.788,-101.168,
,-5012570.788,-101.168,
,-5012570.789,-101.168,
,-5012570.789,-101.169,
,-5012570.790,-101.169,
,-5012570.791,-101.169,
,-5012570.792,-101.169,
,-5012570.792,-101.169,
,-5012570.793,-101.169,
,-5012570.793,-101.169,
,-5012570.796,-101.169,
,-5012570.799,-101.169,
,-5012570.799,-101.168,
,-5012570.800,-101.168,
,-5012570.801,-101.168,
,-5012570.802,-101.168,
,-5012570.803,-101.167,
,-5012570.804,-101.167,
,-5012570.805,-101.167,
,-5012570.805,-101.166,
,-5012570.808,-101.166,
,-5012570.811,-101.166,
,-5012570.812,-101.166,
,-5012570.812,-101.166,
,-5012570.813,-101.166,
,-5012570.813,-101.164,
,-5012570.813,-101.163,
,-5012570.813,-101.162,
,-5012570.813,-101.161,
,-5012570.813,-101.160,
,-5012570.812,-101.159,
,-5012570.812,-101.159,
,-5012570.812,-101.158,
,-5012570.812,-101.157,
,-5012570.812,-101.154,
,-5012570.812,-101.151,
,-5012570.812,-101.151,
,-5012570.812,-101.151,
,-5012570.813,-101.152,
,-5012570.813,-101.152,
,-5012570.814,-101.152,
,-5012570.814,-101.152,
,-5012570.815,-101.153,
,-5012570.816,-101.154,
,-5012570.816,-101.154,
,-5012570.817,-101.154,
,-5012570.818,-101.155,
,-5012570.820,-101.157,
,-5012570.823,-101.159,
,-5012570.825,-101.161,
,-5012570.826,-101.162,
,-5012570.826,-101.163,
,-5012570.827,-101.163,
,-5012570.828,-101.163,
,-5012570.830,-101.167,
,-5012570.832,-101.170,
,-5012570.833,-101.172,
,-5012570.833,-101.174,
,-5012570.833,-101.175,
,-5012570.833,-101.177,
,-5012570.832,-101.178,
,-5012570.832,-101.179,
,-5012570.831,-101.180,
,-5012570.831,-101.180,
,-5012570.831,-101.181,
,-5012570.831,-101.182,
,-5012570.830,-101.183,
,-5012570.829,-101.185,
,-5012570.829,-101.187,
,-5012570.828,-101.189,
,-5012570.827,-101.192,
,-5012570.827,-101.193,
,-5012570.827,-101.193,
,-5012570.826,-101.196,
,-5012570.824,-101.198,
,-5012570.824,-101.198,
,-5012570.823,-101.198,
,-5012570.823,-101.199,
,-5012570.822,-101.200,
,-5012570.822,-101.200,
,-5012570.821,-101.201,
,-5012570.821,-101.200,
,-5012570.820,-101.200,
,-5012570.820,-101.199,
,-5012570.819,-101.198,
,-5012570.818,-101.198,
,-5012570.817,-101.197,
,-5012570.815,-101.195,
,-5012570.813,-101.193,
,-5012570.811,-101.191,
,-5012570.809,-101.189,
,-5012570.807,-101.189,
,-5012570.806,-101.190,
,-5012570.805,-101.192,
,-5012570.803,-101.194,
,-5012570.804,-101.195,
,-5012570.804,-101.196,
,-5012570.806,-101.198,
,-5012570.808,-101.199,
,-5012570.808,-101.201,
,-5012570.809,-101.202,
,-5012570.809,-101.203,
,-5012570.809,-101.203,
,-5012570.809,-101.204,
,-5012570.810,-101.205,
,-5012570.810,-101.206,
,-5012570.811,-101.208,
,-5012570.811,-101.211,
,-5012570.811,-101.213,
,-5012570.811,-101.215,
,-5012570.810,-101.217,
,-5012570.809,-101.219,
,-5012570.808,-101.221,
,-5012570.807,-101.221,
,-5012570.807,-101.221,
,-5012570.806,-101.221,
,-5012570.805,-101.222,
,-5012570.804,-101.222,
,-5012570.803,-101.222,
,-5012570.803,-101.223,
,-5012570.802,-101.223,
,-5012570.800,-101.224,
,-5012570.800,-101.224,
,-5012570.799,-101.225,
,-5012570.799,-101.226,
,-5012570.799,-101.226,
,-5012570.800,-101.227,
,-5012570.800,-101.228,
,-5012570.800,-101.229,
,-5012570.800,-101.230,
,-5012570.801,-101.231,
,-5012570.801,-101.232,
,-5012570.802,-101.233,
,-5012570.802,-101.235,
,-5012570.802,-101.236,
,-5012570.802,-101.236,
,-5012570.803,-101.237,
,-5012570.803,-101.238,
,-5012570.803,-101.239,
,-5012570.803,-101.240,
,-5012570.804,-101.241,
,-5012570.804,-101.241,
,-5012570.805,-101.244,
,-5012570.806,-101.246,
,-5012570.806,-101.247,
,-5012570.806,-101.248,
,-5012570.806,-101.249,
,-5012570.807,-101.250,
,-5012570.807,-101.251,
,-5012570.808,-101.251,
,-5012570.809,-101.251,
,-5012570.811,-101.250,
,-5012570.812,-101.250,
,-5012570.812,-101.250,
,-5012570.813,-101.250,
,-5012570.813,-101.250,
,-5012570.814,-101.250,
,-5012570.814,-101.250,
,-5012570.815,-101.251,
,-5012570.815,-101.255,
,-5012570.815,-101.259,
,-5012570.814,-101.260,
,-5012570.814,-101.264,
,-5012570.814,-101.268,
,-5012570.814,-101.269,
,-5012570.814,-101.270,
,-5012570.814,-101.271,
,-5012570.814,-101.273,
,-5012570.814,-101.273,
,-5012570.814,-101.275,
,-5012570.814,-101.277,
,-5012570.813,-101.278,
,-5012570.813,-101.279,
,-5012570.813,-101.281,
,-5012570.813,-101.283,
,-5012570.813,-101.285,
,-5012570.812,-101.285,
,-5012570.812,-101.286,
,-5012570.812,-101.287,
,-5012570.812,-101.288,
,-5012570.811,-101.288,
,-5012570.810,-101.291,
,-5012570.809,-101.295,
,-5012570.809,-101.295,
,-5012570.809,-101.296,
,-5012570.809,-101.299,
,-5012570.808,-101.302,
,-5012570.807,-101.303,
,-5012570.807,-101.303,
,-5012570.807,-101.304,
,-5012570.807,-101.305,
,-5012570.806,-101.306,
,-5012570.805,-101.307,
,-5012570.804,-101.310,
,-5012570.803,-101.314,
,-5012570.803,-101.316,
,-5012570.803,-101.318,
,-5012570.803,-101.320,
,-5012570.804,-101.321,
,-5012570.805,-101.323,
,-5012570.806,-101.324,
,-5012570.806,-101.324,
,-5012570.806,-101.324,
,-5012570.807,-101.325,
,-5012570.807,-101.325,
,-5012570.809,-101.326,
,-5012570.810,-101.327,
,-5012570.811,-101.328,
,-5012570.811,-101.329,
,-5012570.812,-101.329,
,-5012570.812,-101.330,
,-5012570.813,-101.331,
,-5012570.814,-101.333,
,-5012570.814,-101.334,
,-5012570.814,-101.335,
,-5012570.814,-101.347,
,-5012570.814,-101.358,
,-5012570.814,-101.359,
,-5012570.814,-101.359,
,-5012570.814,-101.366,
,-5012570.814,-101.372,
,-5012570.814,-101.372,
,-5012570.815,-101.373,
,-5012570.815,-101.373,
,-5012570.815,-101.373,
,-5012570.816,-101.375,
,-5012570.817,-101.377,
,-5012570.818,-101.378,
,-5012570.819,-101.379,
,-5012570.819,-101.379,
,-5012570.819,-101.380,
,-5012570.819,-101.381,
,-5012570.819,-101.381,
,-5012570.818,-101.383,
,-5012570.817,-101.384,
,-5012570.816,-101.384,
,-5012570.814,-101.384,
,-5012570.813,-101.385,
,-5012570.812,-101.386,
,-5012570.812,-101.393,
,-5012570.812,-101.401,
,-5012570.812,-101.402,
,-5012570.812,-101.402,
,-5012570.812,-101.404,
,-5012570.812,-101.406,
,-5012570.813,-101.407,
,-5012570.813,-101.408,
,-5012570.815,-101.409,
,-5012570.816,-101.410,
,-5012570.816,-101.411,
,-5012570.816,-101.411,
,-5012570.816,-101.412,
,-5012570.817,-101.413,
,-5012570.817,-101.414,
,-5012570.817,-101.416,
,-5012570.817,-101.416,
,-5012570.817,-101.420,
,-5012570.817,-101.424,
,-5012570.817,-101.424,
,-5012570.817,-101.426,
,-5012570.817,-101.428,
,-5012570.816,-101.429,
,-5012570.816,-101.429,
,-5012570.816,-101.430,
,-5012570.816,-101.431,
,-5012570.816,-101.431,
,-5012570.815,-101.431,
,-5012570.814,-101.430,
,-5012570.813,-101.429,
,-5012570.812,-101.428,
,-5012570.811,-101.428,
,-5012570.811,-101.428,
,-5012570.810,-101.427,
,-5012570.809,-101.426,
,-5012570.808,-101.426,
,-5012570.808,-101.426,
,-5012570.808,-101.426,
,-5012570.807,-101.426,
,-5012570.807,-101.427,
,-5012570.806,-101.427,
,-5012570.805,-101.427,
,-5012570.804,-101.427,
,-5012570.803,-101.428,
,-5012570.803,-101.428,
,-5012570.802,-101.428,
,-5012570.801,-101.429,
,-5012570.799,-101.431,
,-5012570.798,-101.431,
,-5012570.797,-101.431,
,-5012570.796,-101.430,
,-5012570.794,-101.428,
,-5012570.793,-101.427,
,-5012570.792,-101.425,
,-5012570.791,-101.425,
,-5012570.790,-101.424,
,-5012570.790,-101.423,
,-5012570.790,-101.423,
,-5012570.788,-101.421,
,-5012570.787,-101.420,
,-5012570.785,-101.417,
,-5012570.782,-101.413,
,-5012570.781,-101.413,
,-5012570.780,-101.412,
,-5012570.780,-101.411,
,-5012570.779,-101.411,
,-5012570.779,-101.411,
,-5012570.778,-101.411,
,-5012570.778,-101.410,
,-5012570.777,-101.409,
,-5012570.776,-101.409,
,-5012570.776,-101.408,
,-5012570.775,-101.407,
,-5012570.773,-101.405,
,-5012570.773,-101.405,
,-5012570.772,-101.405,
,-5012570.772,-101.404,
,-5012570.771,-101.404,
,-5012570.770,-101.403,
,-5012570.769,-101.403,
,-5012570.768,-101.402,
,-5012570.766,-101.402,
,-5012570.764,-101.402,
,-5012570.763,-101.403,
,-5012570.763,-101.403,
,-5012570.762,-101.403,
,-5012570.762,-101.403,
,-5012570.761,-101.404,
,-5012570.760,-101.406,
,-5012570.760,-101.407,
,-5012570.760,-101.407,
,-5012570.759,-101.409,
,-5012570.758,-101.410,
,-5012570.756,-101.415,
,-5012570.754,-101.420,
,-5012570.753,-101.423,
,-5012570.751,-101.426,
,-5012570.751,-101.427,
,-5012570.751,-101.429,
,-5012570.751,-101.430,
,-5012570.751,-101.430,
,-5012570.752,-101.434,
,-5012570.752,-101.437,
,-5012570.752,-101.438,
,-5012570.752,-101.439,
,-5012570.752,-101.440,
,-5012570.752,-101.442,
,-5012570.752,-101.442,
,-5012570.752,-101.443,
,-5012570.752,-101.444,
,-5012570.752,-101.445,
,-5012570.753,-101.447,
,-5012570.753,-101.449,
,-5012570.753,-101.449,
,-5012570.753,-101.450,
,-5012570.753,-101.455,
,-5012570.753,-101.459,
,-5012570.754,-101.460,
,-5012570.754,-101.463,
,-5012570.754,-101.465,
,-5012570.753,-101.466,
,-5012570.753,-101.466,
,-5012570.752,-101.466,
,-5012570.752,-101.467,
,-5012570.750,-101.467,
,-5012570.748,-101.467,
,-5012570.748,-101.467,
,-5012570.745,-101.467,
,-5012570.743,-101.467,
,-5012570.742,-101.468,
,-5012570.740,-101.468,
,-5012570.739,-101.468,
,-5012570.738,-101.468,
,-5012570.738,-101.468,
,-5012570.737,-101.468,
,-5012570.737,-101.468,
,-5012570.734,-101.468,
,-5012570.731,-101.468,
,-5012570.731,-101.469,
,-5012570.722,-101.469,
,-5012570.713,-101.469,
,-5012570.712,-101.470,
,-5012570.712,-101.470,
,-5012570.711,-101.469,
,-5012570.711,-101.469,
,-5012570.710,-101.469,
,-5012570.709,-101.470,
,-5012570.709,-101.470,
,-5012570.698,-101.470,
,-5012570.687,-101.471,
,-5012570.687,-101.471,
,-5012570.687,-101.471,
,-5012570.679,-101.471,
,-5012570.672,-101.472,
,-5012570.672,-101.472,
,-5012570.671,-101.472,
,-5012570.663,-101.472,
,-5012570.655,-101.473,
,-5012570.654,-101.473,
,-5012570.654,-101.473,
,-5012570.652,-101.473,
,-5012570.649,-101.473,
,-5012570.649,-101.473,
,-5012570.648,-101.473,
,-5012570.645,-101.473,
,-5012570.642,-101.473,
,-5012570.643,-101.483,
,-5012570.643,-101.494,
,-5012570.642,-101.495,
,-5012570.642,-101.496,
,-5012570.642,-101.500,
,-5012570.642,-101.504,
,-5012570.643,-101.505,
,-5012570.643,-101.507,
,-5012570.643,-101.510,
,-5012570.642,-101.511,
,-5012570.642,-101.512,
,-5012570.642,-101.513,
,-5012570.643,-101.513,
,-5012570.643,-101.521,
,-5012570.643,-101.528,
,-5012570.643,-101.528,
,-5012570.643,-101.529,
,-5012570.643,-101.536,
,-5012570.643,-101.544,
,-5012570.644,-101.544,
,-5012570.644,-101.545,
,-5012570.644,-101.548,
,-5012570.644,-101.551,
,-5012570.644,-101.551,
,-5012570.643,-101.552,
,-5012570.643,-101.553,
,-5012570.643,-101.554,
,-5012570.644,-101.554,
,-5012570.644,-101.555,
,-5012570.644,-101.557,
,-5012570.644,-101.559,
,-5012570.644,-101.560,
,-5012570.644,-101.561,
,-5012570.644,-101.565,
,-5012570.645,-101.569,
,-5012570.644,-101.570,
,-5012570.644,-101.571,
,-5012570.644,-101.573,
,-5012570.644,-101.575,
,-5012570.644,-101.576,
,-5012570.645,-101.576,
,-5012570.645,-101.579,
,-5012570.645,-101.581,
,-5012570.644,-101.581,
,-5012570.644,-101.582,
,-5012570.644,-101.583,
,-5012570.644,-101.584,
,-5012570.645,-101.584,
,-5012570.645,-101.590,
,-5012570.645,-101.596,
,-5012570.645,-101.596,
,-5012570.645,-101.597,
,-5012570.645,-101.601,
,-5012570.645,-101.606,
,-5012570.646,-101.606,
,-5012570.646,-101.619,
,-5012570.646,-101.631,
,-5012570.646,-101.632,
,-5012570.646,-101.633,
,-5012570.647,-101.648,
,-5012570.647,-101.664,
,-5012570.647,-101.664,
,-5012570.647,-101.665,
,-5012570.647,-101.668,
,-5012570.647,-101.671,
,-5012570.647,-101.672,
,-5012570.647,-101.674,
,-5012570.647,-101.675,
,-5012570.647,-101.676,
,-5012570.647,-101.679,
,-5012570.648,-101.682,
,-5012570.649,-101.684,
,-5012570.650,-101.685,
,-5012570.658,-101.695,
,-5012570.665,-101.705,
,-5012570.673,-101.713,
,-5012570.680,-101.721,
,-5012570.680,-101.723,
,-5012570.681,-101.724,
,-5012570.681,-101.725,
,-5012570.681,-101.726,
,-5012570.679,-101.732,
,-5012570.676,-101.737,
,-5012570.673,-101.744,
,-5012570.670,-101.752,
,-5012570.670,-101.754,
,-5012570.669,-101.756,
,-5012570.669,-101.759,
,-5012570.668,-101.762,
,-5012570.668,-101.764,
,-5012570.667,-101.765,
,-5012570.668,-101.769,
,-5012570.669,-101.773,
,-5012570.668,-101.775,
,-5012570.668,-101.777,
,-5012570.667,-101.780,
,-5012570.666,-101.782,
,-5012570.666,-101.785,
,-5012570.666,-101.789,
,-5012570.666,-101.790,
,-5012570.667,-101.792,
,-5012570.666,-101.795,
,-5012570.666,-101.798,
,-5012570.665,-101.799,
,-5012570.664,-101.800,
,-5012570.662,-101.804,
,-5012570.660,-101.807,
,-5012570.658,-101.811,
,-5012570.655,-101.814,
,-5012570.653,-101.818,
,-5012570.651,-101.821,
,-5012570.650,-101.823,
,-5012570.650,-101.825,
,-5012570.649,-101.828,
,-5012570.649,-101.831,
,-5012570.649,-101.837,
,-5012570.650,-101.843,
,-5012570.651,-101.845,
,-5012570.651,-101.847,
,-5012570.652,-101.850,
,-5012570.653,-101.853,
,-5012570.656,-101.858,
,-5012570.659,-101.863,
,-5012570.659,-101.864,
,-5012570.660,-101.866,
,-5012570.659,-101.871,
,-5012570.659,-101.876,
,-5012570.659,-101.877,
,-5012570.658,-101.878,
,-5012570.657,-101.880,
,-5012570.656,-101.881,
,-5012570.655,-101.881,
,-5012570.654,-101.881,
,-5012570.652,-101.881,
,-5012570.651,-101.880,
,-5012570.650,-101.880,
,-5012570.650,-101.880,
,-5012570.649,-101.881,
,-5012570.649,-101.882,
,-5012570.649,-101.883,
,-5012570.649,-101.884,
,-5012570.649,-101.887,
,-5012570.650,-101.889,
,-5012570.650,-101.890,
,-5012570.650,-101.891,
,-5012570.647,-101.894,
,-5012570.645,-101.897,
,-5012570.643,-101.903,
,-5012570.640,-101.908,
,-5012570.640,-101.912,
,-5012570.639,-101.915,
,-5012570.639,-101.916,
,-5012570.638,-101.916,
,-5012570.636,-101.916,
,-5012570.633,-101.916,
,-5012570.631,-101.914,
,-5012570.629,-101.913,
,-5012570.625,-101.912,
,-5012570.622,-101.911,
,-5012570.620,-101.911,
,-5012570.619,-101.911,
,-5012570.618,-101.912,
,-5012570.619,-101.913,
,-5012570.620,-101.915,
,-5012570.619,-101.915,
,-5012570.619,-101.916,
,-5012570.618,-101.917,
,-5012570.617,-101.919,
,-5012570.615,-101.919,
,-5012570.613,-101.919,
,-5012570.612,-101.919,
,-5012570.611,-101.920,
,-5012570.611,-101.922,
,-5012570.610,-101.925,
,-5012570.607,-101.933,
,-5012570.604,-101.941,
,-5012570.603,-101.944,
,-5012570.603,-101.947,
,-5012570.602,-101.950,
,-5012570.602,-101.952,
,-5012570.602,-101.955,
,-5012570.603,-101.959,
,-5012570.602,-101.962,
,-5012570.601,-101.964,
,-5012570.596,-101.970,
,-5012570.591,-101.975,
,-5012570.590,-101.977,
,-5012570.590,-101.978,
,-5012570.589,-101.986,
,-5012570.588,-101.993,
,-5012570.589,-101.999,
,-5012570.589,-102.005,
,-5012570.589,-102.007,
,-5012570.589,-102.010,
,-5012570.589,-102.012,
,-5012570.589,-102.014,
,-5012570.589,-102.016,
,-5012570.589,-102.018,
,-5012570.589,-102.031,
,-5012570.589,-102.045,
,-5012570.590,-102.048,
,-5012570.591,-102.052,
,-5012570.591,-102.054,
,-5012570.591,-102.056,
,-5012570.590,-102.057,
,-5012570.590,-102.059,
,-5012570.588,-102.061,
,-5012570.587,-102.063,
,-5012570.587,-102.065,
,-5012570.586,-102.067,
,-5012570.586,-102.069,
,-5012570.586,-102.072,
,-5012570.585,-102.073,
,-5012570.585,-102.075,
,-5012570.585,-102.075,
,-5012570.586,-102.076,
,-5012570.588,-102.076,
,-5012570.590,-102.076,
,-5012570.592,-102.077,
,-5012570.593,-102.078,
,-5012570.594,-102.079,
,-5012570.595,-102.081,
,-5012570.596,-102.084,
,-5012570.597,-102.088,
,-5012570.598,-102.097,
,-5012570.600,-102.105,
,-5012570.601,-102.109,
,-5012570.602,-102.113,
,-5012570.603,-102.113,
,-5012570.603,-102.113,
,-5012570.605,-102.113,
,-5012570.608,-102.113,
,-5012570.609,-102.114,
,-5012570.611,-102.114,
,-5012570.612,-102.115,
,-5012570.613,-102.117,
,-5012570.615,-102.118,
,-5012570.616,-102.120,
,-5012570.617,-102.121,
,-5012570.617,-102.122,
,-5012570.617,-102.124,
,-5012570.618,-102.126,
,-5012570.617,-102.130,
,-5012570.617,-102.133,
,-5012570.617,-102.136,
,-5012570.616,-102.139,
,-5012570.616,-102.142,
,-5012570.616,-102.145,
,-5012570.616,-102.146,
,-5012570.616,-102.148,
,-5012570.616,-102.153,
,-5012570.616,-102.158,
,-5012570.616,-102.161,
,-5012570.616,-102.164,
,-5012570.616,-102.168,
,-5012570.617,-102.172,
,-5012570.617,-102.173,
,-5012570.617,-102.175,
,-5012570.616,-102.180,
,-5012570.616,-102.184,
,-5012570.616,-102.189,
,-5012570.616,-102.193,
,-5012570.616,-102.194,
,-5012570.615,-102.194,
,-5012570.614,-102.195,
,-5012570.612,-102.195,
,-5012570.608,-102.196,
,-5012570.604,-102.196,
,-5012570.603,-102.197,
,-5012570.602,-102.197,
,-5012570.602,-102.198,
,-5012570.602,-102.200,
,-5012570.601,-102.206,
,-5012570.601,-102.213,
,-5012570.600,-102.216,
,-5012570.600,-102.219,
,-5012570.599,-102.221,
,-5012570.598,-102.222,
,-5012570.592,-102.227,
,-5012570.586,-102.232,
,-5012570.582,-102.237,
,-5012570.578,-102.242,
,-5012570.578,-102.244,
,-5012570.577,-102.245,
,-5012570.578,-102.247,
,-5012570.578,-102.248,
,-5012570.579,-102.251,
,-5012570.580,-102.254,
,-5012570.580,-102.260,
,-5012570.579,-102.265,
,-5012570.580,-102.266,
,-5012570.580,-102.267,
,-5012570.580,-102.268,
,-5012570.579,-102.269,
,-5012570.577,-102.268,
,-5012570.575,-102.268,
,-5012570.573,-102.268,
,-5012570.571,-102.268,
,-5012570.568,-102.269,
,-5012570.565,-102.270,
,-5012570.553,-102.270,
,-5012570.541,-102.271,
,-5012570.539,-102.270,
,-5012570.538,-102.270,
,-5012570.538,-102.271,
,-5012570.538,-102.272,
,-5012570.541,-102.277,
,-5012570.545,-102.283,
,-5012570.548,-102.291,
,-5012570.551,-102.298,
,-5012570.551,-102.302,
,-5012570.551,-102.305,
,-5012570.550,-102.314,
,-5012570.549,-102.324,
,-5012570.549,-102.327,
,-5012570.549,-102.331,
,-5012570.550,-102.335,
,-5012570.551,-102.339,
,-5012570.551,-102.342,
,-5012570.551,-102.344,
,-5012570.552,-102.349,
,-5012570.553,-102.353,
,-5012570.553,-102.357,
,-5012570.553,-102.360,
,-5012570.551,-102.363,
,-5012570.548,-102.366,
,-5012570.547,-102.367,
,-5012570.546,-102.368,
,-5012570.545,-102.370,
,-5012570.544,-102.372,
,-5012570.545,-102.374,
,-5012570.545,-102.375,
,-5012570.546,-102.378,
,-5012570.548,-102.382,
,-5012570.548,-102.383,
,-5012570.548,-102.384,
,-5012570.548,-102.384,
,-5012570.547,-102.385,
,-5012570.546,-102.386,
,-5012570.545,-102.386,
,-5012570.544,-102.387,
,-5012570.544,-102.387,
,-5012570.543,-102.389,
,-5012570.543,-102.390,
,-5012570.543,-102.394,
,-5012570.543,-102.398,
,-5012570.544,-102.399,
,-5012570.544,-102.400,
,-5012570.547,-102.402,
,-5012570.550,-102.404,
,-5012570.551,-102.405,
,-5012570.552,-102.406,
,-5012570.552,-102.407,
,-5012570.552,-102.409,
,-5012570.552,-102.410,
,-5012570.551,-102.412,
,-5012570.551,-102.414,
,-5012570.550,-102.416,
,-5012570.548,-102.417,
,-5012570.546,-102.418,
,-5012570.544,-102.419,
,-5012570.542,-102.420,
,-5012570.541,-102.420,
,-5012570.541,-102.422,
,-5012570.541,-102.423,
,-5012570.542,-102.426,
,-5012570.542,-102.429,
,-5012570.542,-102.432,
,-5012570.542,-102.436,
,-5012570.541,-102.438,
,-5012570.541,-102.441,
,-5012570.541,-102.442,
,-5012570.542,-102.443,
,-5012570.543,-102.443,
,-5012570.543,-102.443,
,-5012570.544,-102.444,
,-5012570.545,-102.445,
,-5012570.547,-102.450,
,-5012570.548,-102.456,
,-5012570.549,-102.459,
,-5012570.550,-102.462,
,-5012570.550,-102.465,
,-5012570.551,-102.468,
,-5012570.551,-102.470,
,-5012570.552,-102.472,
,-5012570.551,-102.473,
,-5012570.551,-102.475,
,-5012570.549,-102.478,
,-5012570.547,-102.480,
,-5012570.546,-102.483,
,-5012570.545,-102.485,
,-5012570.545,-102.486,
,-5012570.545,-102.486,
,-5012570.546,-102.488,
,-5012570.547,-102.490,
,-5012570.546,-102.491,
,-5012570.546,-102.491,
,-5012570.546,-102.492,
,-5012570.546,-102.493,
,-5012570.546,-102.494,
,-5012570.547,-102.496,
,-5012570.546,-102.496,
,-5012570.546,-102.497,
,-5012570.546,-102.498,
,-5012570.546,-102.499,
,-5012570.547,-102.501,
,-5012570.549,-102.503,
,-5012570.549,-102.503,
,-5012570.549,-102.504,
,-5012570.548,-102.504,
,-5012570.547,-102.505,
,-5012570.544,-102.505,
,-5012570.541,-102.504,
,-5012570.538,-102.504,
,-5012570.536,-102.505,
,-5012570.535,-102.505,
,-5012570.535,-102.505,
,-5012570.535,-102.507,
,-5012570.535,-102.510,
,-5012570.536,-102.515,
,-5012570.537,-102.520,
,-5012570.537,-102.521,
,-5012570.537,-102.522,
,-5012570.534,-102.526,
,-5012570.531,-102.530,
,-5012570.525,-102.533,
,-5012570.520,-102.537,
,-5012570.519,-102.538,
,-5012570.519,-102.540,
,-5012570.519,-102.544,
,-5012570.519,-102.548,
,-5012570.517,-102.553,
,-5012570.515,-102.558,
,-5012570.514,-102.559,
,-5012570.513,-102.561,
,-5012570.511,-102.562,
,-5012570.509,-102.563,
,-5012570.508,-102.563,
,-5012570.506,-102.563,
,-5012570.505,-102.564,
,-5012570.503,-102.565,
,-5012570.503,-102.566,
,-5012570.502,-102.567,
,-5012570.502,-102.568,
,-5012570.501,-102.570,
,-5012570.501,-102.574,
,-5012570.501,-102.578,
,-5012570.500,-102.583,
,-5012570.499,-102.589,
,-5012570.498,-102.598,
,-5012570.497,-102.607,
,-5012570.497,-102.608,
,-5012570.497,-102.609,
,-5012570.496,-102.611,
,-5012570.496,-102.612,
,-5012570.495,-102.613,
,-5012570.493,-102.613,
,-5012570.491,-102.613,
,-5012570.489,-102.613,
,-5012570.488,-102.614,
,-5012570.487,-102.615,
,-5012570.487,-102.616,
,-5012570.486,-102.617,
,-5012570.486,-102.619,
,-5012570.485,-102.621,
,-5012570.484,-102.632,
,-5012570.483,-102.642,
,-5012570.482,-102.648,
,-5012570.481,-102.653,
,-5012570.481,-102.655,
,-5012570.481,-102.657,
,-5012570.482,-102.659,
,-5012570.482,-102.661,
,-5012570.481,-102.663,
,-5012570.481,-102.665,
,-5012570.481,-102.667,
,-5012570.481,-102.669,
,-5012570.482,-102.670,
,-5012570.482,-102.672,
,-5012570.483,-102.674,
,-5012570.484,-102.677,
,-5012570.484,-102.679,
,-5012570.484,-102.681,
,-5012570.485,-102.683,
,-5012570.486,-102.686,
,-5012570.486,-102.688,
,-5012570.485,-102.690,
,-5012570.485,-102.691,
,-5012570.486,-102.692,
,-5012570.487,-102.692,
,-5012570.489,-102.692,
,-5012570.489,-102.694,
,-5012570.488,-102.696,
,-5012570.488,-102.697,
,-5012570.488,-102.697,
,-5012570.489,-102.699,
,-5012570.489,-102.702,
,-5012570.489,-102.703,
,-5012570.489,-102.704,
,-5012570.490,-102.705,
,-5012570.490,-102.706,
,-5012570.492,-102.706,
,-5012570.494,-102.706,
,-5012570.494,-102.706,
,-5012570.495,-102.707,
,-5012570.494,-102.708,
,-5012570.494,-102.709,
,-5012570.493,-102.710,
,-5012570.492,-102.711,
,-5012570.492,-102.712,
,-5012570.491,-102.712,
,-5012570.493,-102.716,
,-5012570.494,-102.719,
,-5012570.494,-102.723,
,-5012570.494,-102.727,
,-5012570.495,-102.730,
,-5012570.495,-102.733,
,-5012570.495,-102.736,
,-5012570.494,-102.739,
,-5012570.493,-102.743,
,-5012570.493,-102.746,
,-5012570.491,-102.757,
,-5012570.489,-102.768,
,-5012570.488,-102.771,
,-5012570.488,-102.775,
,-5012570.488,-102.778,
,-5012570.488,-102.781,
,-5012570.489,-102.784,
,-5012570.490,-102.788,
,-5012570.490,-102.788,
,-5012570.490,-102.789,
,-5012570.489,-102.791,
,-5012570.488,-102.793,
,-5012570.488,-102.796,
,-5012570.488,-102.799,
,-5012570.488,-102.801,
,-5012570.487,-102.802,
,-5012570.487,-102.809,
,-5012570.487,-102.815,
,-5012570.487,-102.817,
,-5012570.487,-102.819,
,-5012570.487,-102.825,
,-5012570.488,-102.831,
,-5012570.487,-102.833,
,-5012570.486,-102.834,
,-5012570.485,-102.836,
,-5012570.484,-102.837,
,-5012570.483,-102.838,
,-5012570.482,-102.838,
,-5012570.480,-102.838,
,-5012570.477,-102.838,
,-5012570.475,-102.835,
,-5012570.473,-102.833,
,-5012570.471,-102.833,
,-5012570.469,-102.834,
,-5012570.469,-102.834,
,-5012570.468,-102.835,
,-5012570.467,-102.838,
,-5012570.467,-102.842,
,-5012570.466,-102.857,
,-5012570.465,-102.873,
,-5012570.465,-102.874,
,-5012570.464,-102.874,
,-5012570.463,-102.875,
,-5012570.461,-102.876,
,-5012570.461,-102.877,
,-5012570.461,-102.877,
,-5012570.461,-102.882,
,-5012570.462,-102.887,
,-5012570.463,-102.888,
,-5012570.464,-102.890,
,-5012570.477,-102.883,
,-5012570.489,-102.877,
,-5012570.490,-102.878,
,-5012570.490,-102.880,
,-5012570.489,-102.887,
,-5012570.488,-102.895,
,-5012570.488,-102.897,
,-5012570.488,-102.898,
,-5012570.489,-102.903,
,-5012570.490,-102.907,
,-5012570.490,-102.910,
,-5012570.490,-102.913,
,-5012570.492,-102.926,
,-5012570.494,-102.939,
,-5012570.495,-102.943,
,-5012570.495,-102.947,
,-5012570.495,-102.951,
,-5012570.496,-102.955,
,-5012570.495,-102.956,
,-5012570.495,-102.957,
,-5012570.494,-102.977,
,-5012570.493,-102.998,
,-5012570.492,-103.015,
,-5012570.491,-103.032,
,-5012570.490,-103.038,
,-5012570.490,-103.045,
,-5012570.488,-103.055,
,-5012570.487,-103.065,
,-5012570.485,-103.072,
,-5012570.483,-103.079,
,-5012570.480,-103.093,
,-5012570.476,-103.108,
,-5012570.474,-103.115,
,-5012570.472,-103.122,
,-5012570.472,-103.123,
,-5012570.472,-103.124,
,-5012570.472,-103.126,
,-5012570.473,-103.127,
,-5012570.473,-103.128,
,-5012570.474,-103.129,
,-5012570.479,-103.132,
,-5012570.484,-103.135,
,-5012570.486,-103.136,
,-5012570.487,-103.137,
,-5012570.488,-103.138,
,-5012570.489,-103.139,
,-5012570.489,-103.140,
,-5012570.489,-103.142,
,-5012570.489,-103.143,
,-5012570.489,-103.144,
,-5012570.487,-103.146,
,-5012570.486,-103.148,
,-5012570.485,-103.151,
,-5012570.483,-103.154,
,-5012570.482,-103.159,
,-5012570.482,-103.163,
,-5012570.482,-103.165,
,-5012570.482,-103.166,
,-5012570.483,-103.167,
,-5012570.484,-103.168,
,-5012570.486,-103.168,
,-5012570.488,-103.169,
,-5012570.489,-103.170,
,-5012570.490,-103.170,
,-5012570.491,-103.173,
,-5012570.492,-103.175,
,-5012570.492,-103.178,
,-5012570.493,-103.180,
,-5012570.493,-103.183,
,-5012570.493,-103.185,
,-5012570.492,-103.191,
,-5012570.492,-103.197,
,-5012570.492,-103.202,
,-5012570.492,-103.206,
,-5012570.492,-103.208,
,-5012570.492,-103.211,
,-5012570.492,-103.215,
,-5012570.493,-103.218,
,-5012570.493,-103.220,
,-5012570.493,-103.222,
,-5012570.493,-103.224,
,-5012570.493,-103.226,
,-5012570.493,-103.232,
,-5012570.493,-103.238,
,-5012570.493,-103.240,
,-5012570.493,-103.241,
,-5012570.491,-103.242,
,-5012570.490,-103.243,
,-5012570.488,-103.244,
,-5012570.487,-103.244,
,-5012570.486,-103.245,
,-5012570.485,-103.247,
,-5012570.485,-103.249,
,-5012570.484,-103.251,
,-5012570.484,-103.254,
,-5012570.484,-103.257,
,-5012570.484,-103.259,
,-5012570.485,-103.261,
,-5012570.484,-103.266,
,-5012570.484,-103.272,
,-5012570.484,-103.274,
,-5012570.483,-103.276,
,-5012570.480,-103.281,
,-5012570.477,-103.286,
,-5012570.477,-103.288,
,-5012570.477,-103.289,
,-5012570.478,-103.294,
,-5012570.479,-103.298,
,-5012570.479,-103.299,
,-5012570.479,-103.301,
,-5012570.479,-103.304,
,-5012570.478,-103.307,
,-5012570.477,-103.311,
,-5012570.476,-103.315,
,-5012570.474,-103.320,
,-5012570.472,-103.325,
,-5012570.470,-103.329,
,-5012570.468,-103.333,
,-5012570.466,-103.335,
,-5012570.464,-103.337,
,-5012570.462,-103.341,
,-5012570.460,-103.345,
,-5012570.458,-103.347,
,-5012570.456,-103.349,
,-5012570.455,-103.353,
,-5012570.454,-103.357,
,-5012570.453,-103.358,
,-5012570.452,-103.360,
,-5012570.451,-103.362,
,-5012570.450,-103.364,
,-5012570.449,-103.371,
,-5012570.447,-103.377,
,-5012570.447,-103.378,
,-5012570.447,-103.379,
,-5012570.446,-103.382,
,-5012570.445,-103.385,
,-5012570.444,-103.388,
,-5012570.443,-103.391,
,-5012570.443,-103.394,
,-5012570.444,-103.397,
,-5012570.444,-103.400,
,-5012570.445,-103.403,
,-5012570.446,-103.406,
,-5012570.448,-103.410,
,-5012570.449,-103.412,
,-5012570.451,-103.414,
,-5012570.451,-103.417,
,-5012570.452,-103.419,
,-5012570.451,-103.420,
,-5012570.451,-103.422,
,-5012570.450,-103.425,
,-5012570.449,-103.427,
,-5012570.447,-103.430,
,-5012570.446,-103.433,
,-5012570.445,-103.435,
,-5012570.444,-103.438,
,-5012570.443,-103.443,
,-5012570.442,-103.448,
,-5012570.442,-103.451,
,-5012570.442,-103.454,
,-5012570.445,-103.463,
,-5012570.447,-103.472,
,-5012570.448,-103.476,
,-5012570.448,-103.479,
,-5012570.449,-103.482,
,-5012570.450,-103.484,
,-5012570.452,-103.487,
,-5012570.453,-103.490,
,-5012570.455,-103.492,
,-5012570.456,-103.494,
,-5012570.457,-103.497,
,-5012570.458,-103.499,
,-5012570.459,-103.504,
,-5012570.459,-103.509,
,-5012570.460,-103.515,
,-5012570.461,-103.521,
,-5012570.460,-103.527,
,-5012570.460,-103.533,
,-5012570.460,-103.534,
,-5012570.460,-103.535,
,-5012570.458,-103.541,
,-5012570.456,-103.547,
,-5012570.456,-103.548,
,-5012570.456,-103.549,
,-5012570.458,-103.555,
,-5012570.459,-103.560,
,-5012570.464,-103.568,
,-5012570.468,-103.576,
,-5012570.470,-103.580,
,-5012570.471,-103.583,
,-5012570.473,-103.587,
,-5012570.474,-103.590,
,-5012570.475,-103.592,
,-5012570.477,-103.595,
,-5012570.479,-103.598,
,-5012570.481,-103.602,
,-5012570.483,-103.606,
,-5012570.485,-103.610,
,-5012570.488,-103.615,
,-5012570.491,-103.619,
,-5012570.493,-103.623,
,-5012570.495,-103.626,
,-5012570.495,-103.629,
,-5012570.496,-103.631,
,-5012570.497,-103.635,
,-5012570.497,-103.638,
,-5012570.497,-103.643,
,-5012570.497,-103.648,
,-5012570.497,-103.649,
,-5012570.498,-103.652,
,-5012570.500,-103.656,
,-5012570.500,-103.657,
,-5012570.501,-103.657,
,-5012570.502,-103.659,
,-5012570.504,-103.662,
,-5012570.505,-103.664,
,-5012570.506,-103.667,
,-5012570.507,-103.669,
,-5012570.509,-103.672,
,-5012570.510,-103.675,
,-5012570.511,-103.677,
,-5012570.512,-103.678,
,-5012570.513,-103.680,
,-5012570.513,-103.681,
,-5012570.514,-103.682,
,-5012570.515,-103.685,
,-5012570.516,-103.689,
,-5012570.516,-103.690,
,-5012570.516,-103.690,
,-5012570.515,-103.691,
,-5012570.515,-103.692,
,-5012570.515,-103.698,
,-5012570.515,-103.705,
,-5012570.515,-103.705,
,-5012570.515,-103.706,
,-5012570.515,-103.710,
,-5012570.515,-103.713,
,-5012570.515,-103.714,
,-5012570.515,-103.715,
,-5012570.515,-103.716,
,-5012570.515,-103.716,
,-5012570.514,-103.717,
,-5012570.514,-103.717,
,-5012570.514,-103.718,
,-5012570.513,-103.719,
,-5012570.512,-103.720,
,-5012570.512,-103.720,
,-5012570.511,-103.720,
,-5012570.510,-103.721,
,-5012570.510,-103.722,
,-5012570.509,-103.722,
,-5012570.508,-103.723,
,-5012570.507,-103.723,
,-5012570.506,-103.723,
,-5012570.505,-103.724,
,-5012570.504,-103.725,
,-5012570.503,-103.725,
,-5012570.503,-103.725,
,-5012570.502,-103.726,
,-5012570.502,-103.726,
,-5012570.501,-103.726,
,-5012570.501,-103.726,
,-5012570.500,-103.727,
,-5012570.500,-103.728,
,-5012570.501,-103.729,
,-5012570.501,-103.730,
,-5012570.501,-103.731,
,-5012570.502,-103.732,
,-5012570.502,-103.733,
,-5012570.502,-103.734,
,-5012570.502,-103.734,
,-5012570.502,-103.735,
,-5012570.503,-103.736,
,-5012570.503,-103.737,
,-5012570.503,-103.739,
,-5012570.507,-103.762,
,-5012570.511,-103.785,
,-5012570.511,-103.785,
,-5012570.512,-103.786,
,-5012570.512,-103.787,
,-5012570.512,-103.787,
,-5012570.512,-103.788,
,-5012570.512,-103.789,
,-5012570.512,-103.790,
,-5012570.513,-103.791,
,-5012570.513,-103.792,
,-5012570.513,-103.792,
,-5012570.513,-103.793,
,-5012570.513,-103.794,
,-5012570.513,-103.795,
,-5012570.514,-103.795,
,-5012570.514,-103.797,
,-5012570.514,-103.800,
,-5012570.515,-103.800,
,-5012570.515,-103.801,
,-5012570.515,-103.802,
,-5012570.514,-103.803,
,-5012570.513,-103.804,
,-5012570.512,-103.805,
,-5012570.512,-103.805,
,-5012570.511,-103.805,
,-5012570.510,-103.805,
,-5012570.510,-103.806,
,-5012570.509,-103.806,
,-5012570.507,-103.806,
,-5012570.507,-103.806,
,-5012570.506,-103.807,
,-5012570.505,-103.807,
,-5012570.505,-103.807,
,-5012570.504,-103.807,
,-5012570.503,-103.808,
,-5012570.502,-103.808,
,-5012570.501,-103.809,
,-5012570.501,-103.809,
,-5012570.500,-103.809,
,-5012570.500,-103.810,
,-5012570.499,-103.811,
,-5012570.499,-103.812,
,-5012570.499,-103.813,
,-5012570.499,-103.813,
,-5012570.499,-103.814,
,-5012570.499,-103.818,
,-5012570.499,-103.821,
,-5012570.498,-103.822,
,-5012570.499,-103.824,
,-5012570.499,-103.825,
,-5012570.499,-103.826,
,-5012570.499,-103.826,
,-5012570.499,-103.828,
,-5012570.499,-103.829,
,-5012570.499,-103.830,
,-5012570.499,-103.831,
,-5012570.499,-103.831,
,-5012570.500,-103.832,
,-5012570.500,-103.833,
,-5012570.500,-103.835,
,-5012570.501,-103.836,
,-5012570.502,-103.838,
,-5012570.504,-103.840,
,-5012570.505,-103.840,
,-5012570.506,-103.841,
,-5012570.508,-103.843,
,-5012570.509,-103.844,
,-5012570.509,-103.845,
,-5012570.509,-103.846,
,-5012570.510,-103.846,
,-5012570.510,-103.847,
,-5012570.511,-103.847,
,-5012570.511,-103.847,
,-5012570.512,-103.848,
,-5012570.513,-103.848,
,-5012570.514,-103.848,
,-5012570.515,-103.848,
,-5012570.516,-103.849,
,-5012570.516,-103.850,
,-5012570.516,-103.850,
,-5012570.516,-103.851,
,-5012570.517,-103.852,
,-5012570.517,-103.853,
,-5012570.518,-103.855,
,-5012570.518,-103.857,
,-5012570.519,-103.859,
,-5012570.519,-103.859,
,-5012570.520,-103.860,
,-5012570.520,-103.861,
,-5012570.520,-103.862,
,-5012570.520,-103.862,
,-5012570.520,-103.863,
,-5012570.521,-103.864,
,-5012570.521,-103.865,
,-5012570.521,-103.866,
,-5012570.521,-103.866,
,-5012570.522,-103.868,
,-5012570.523,-103.869,
,-5012570.523,-103.869,
,-5012570.523,-103.870,
,-5012570.524,-103.871,
,-5012570.525,-103.873,
,-5012570.525,-103.873,
,-5012570.525,-103.874,
,-5012570.526,-103.877,
,-5012570.528,-103.879,
,-5012570.528,-103.881,
,-5012570.529,-103.882,
,-5012570.529,-103.890,
,-5012570.529,-103.897,
,-5012570.529,-103.898,
,-5012570.529,-103.898,
,-5012570.529,-103.899,
,-5012570.529,-103.900,
,-5012570.529,-103.900,
,-5012570.529,-103.901,
,-5012570.529,-103.902,
,-5012570.528,-103.902,
,-5012570.527,-103.902,
,-5012570.526,-103.903,
,-5012570.527,-103.906,
,-5012570.527,-103.909,
,-5012570.526,-103.910,
,-5012570.526,-103.911,
,-5012570.525,-103.910,
,-5012570.524,-103.909,
,-5012570.523,-103.909,
,-5012570.523,-103.909,
,-5012570.523,-103.910,
,-5012570.522,-103.910,
,-5012570.522,-103.912,
,-5012570.522,-103.914,
,-5012570.522,-103.914,
,-5012570.522,-103.915,
,-5012570.521,-103.916,
,-5012570.520,-103.917,
,-5012570.520,-103.918,
,-5012570.519,-103.918,
,-5012570.519,-103.919,
,-5012570.518,-103.921,
,-5012570.518,-103.923,
,-5012570.517,-103.924,
,-5012570.517,-103.925,
,-5012570.517,-103.926,
,-5012570.516,-103.928,
,-5012570.516,-103.932,
,-5012570.516,-103.936,
,-5012570.517,-103.936,
,-5012570.517,-103.937,
,-5012570.516,-103.938,
,-5012570.516,-103.939,
,-5012570.516,-103.939,
,-5012570.517,-103.940,
,-5012570.518,-103.955,
,-5012570.519,-103.971,
,-5012570.519,-103.972,
,-5012570.519,-103.973,
,-5012570.517,-103.977,
,-5012570.514,-103.980,
,-5012570.514,-103.981,
,-5012570.514,-103.982,
,-5012570.514,-103.983,
,-5012570.513,-103.983,
,-5012570.513,-103.984,
,-5012570.513,-103.985,
,-5012570.513,-103.987,
,-5012570.512,-103.988,
,-5012570.512,-103.989,
,-5012570.512,-103.990,
,-5012570.512,-103.991,
,-5012570.511,-103.992,
,-5012570.511,-103.995,
,-5012570.511,-103.997,
,-5012570.511,-103.998,
,-5012570.511,-103.999,
,-5012570.511,-103.999,
,-5012570.511,-104.000,
,-5012570.510,-104.001,
,-5012570.510,-104.003,
,-5012570.510,-104.005,
,-5012570.510,-104.006,
,-5012570.510,-104.007,
,-5012570.510,-104.008,
,-5012570.510,-104.009,
,-5012570.509,-104.009,
,-5012570.510,-104.015,
,-5012570.510,-104.021,
,-5012570.510,-104.022,
,-5012570.510,-104.022,
,-5012570.510,-104.023,
,-5012570.510,-104.024,
,-5012570.511,-104.025,
,-5012570.511,-104.026,
,-5012570.511,-104.027,
,-5012570.511,-104.027,
,-5012570.511,-104.029,
,-5012570.511,-104.031,
,-5012570.511,-104.032,
,-5012570.511,-104.033,
,-5012570.511,-104.034,
,-5012570.511,-104.034,
,-5012570.511,-104.035,
,-5012570.512,-104.036,
,-5012570.512,-104.037,
,-5012570.512,-104.039,
,-5012570.512,-104.039,
,-5012570.512,-104.041,
,-5012570.512,-104.042,
,-5012570.513,-104.043,
,-5012570.513,-104.046,
,-5012570.514,-104.049,
,-5012570.514,-104.051,
,-5012570.515,-104.053,
,-5012570.515,-104.054,
,-5012570.515,-104.055,
,-5012570.515,-104.056,
,-5012570.517,-104.061,
,-5012570.519,-104.066,
,-5012570.519,-104.067,
,-5012570.519,-104.067,
,-5012570.520,-104.069,
,-5012570.521,-104.070,
,-5012570.521,-104.071,
,-5012570.521,-104.072,
,-5012570.522,-104.072,
,-5012570.522,-104.076,
,-5012570.522,-104.080,
,-5012570.522,-104.080,
,-5012570.523,-104.083,
,-5012570.523,-104.085,
,-5012570.523,-104.086,
,-5012570.523,-104.087,
,-5012570.523,-104.087,
,-5012570.524,-104.089,
,-5012570.524,-104.092,
,-5012570.524,-104.094,
,-5012570.524,-104.097,
,-5012570.525,-104.097,
,-5012570.525,-104.100,
,-5012570.525,-104.104,
,-5012570.525,-104.104,
,-5012570.525,-104.105,
,-5012570.525,-104.106,
,-5012570.524,-104.107,
,-5012570.524,-104.108,
,-5012570.524,-104.109,
,-5012570.524,-104.110,
,-5012570.524,-104.112,
,-5012570.524,-104.113,
,-5012570.524,-104.114,
,-5012570.524,-104.116,
,-5012570.524,-104.118,
,-5012570.523,-104.119,
,-5012570.523,-104.123,
,-5012570.523,-104.127,
,-5012570.524,-104.129,
,-5012570.524,-104.131,
,-5012570.525,-104.132,
,-5012570.525,-104.133,
,-5012570.525,-104.134,
,-5012570.525,-104.135,
,-5012570.525,-104.135,
,-5012570.525,-104.137,
,-5012570.525,-104.138,
,-5012570.526,-104.139,
,-5012570.526,-104.141,
,-5012570.526,-104.143,
,-5012570.527,-104.144,
,-5012570.527,-104.145,
,-5012570.527,-104.147,
,-5012570.527,-104.147,
,-5012570.527,-104.148,
,-5012570.527,-104.149,
,-5012570.528,-104.150,
,-5012570.528,-104.151,
,-5012570.528,-104.152,
,-5012570.528,-104.154,
,-5012570.528,-104.154,
,-5012570.528,-104.156,
,-5012570.529,-104.159,
,-5012570.528,-104.159,
,-5012570.528,-104.160,
,-5012570.528,-104.162,
,-5012570.528,-104.164,
,-5012570.529,-104.165,
,-5012570.529,-104.166,
,-5012570.529,-104.167,
,-5012570.529,-104.167,
,-5012570.529,-104.171,
,-5012570.529,-104.174,
,-5012570.529,-104.175,
,-5012570.529,-104.184,
,-5012570.529,-104.192,
,-5012570.529,-104.193,
,-5012570.530,-104.194,
,-5012570.529,-104.194,
,-5012570.529,-104.195,
,-5012570.530,-104.223,
,-5012570.531,-104.252,
,-5012570.531,-104.252,
,-5012570.531,-104.254,
,-5012570.531,-104.256,
,-5012570.532,-104.257,
,-5012570.532,-104.258,
,-5012570.532,-104.259,
,-5012570.532,-104.260,
,-5012570.533,-104.260,
,-5012570.533,-104.261,
,-5012570.533,-104.262,
,-5012570.533,-104.262,
,-5012570.533,-104.263,
,-5012570.534,-104.264,
,-5012570.534,-104.265,
,-5012570.535,-104.267,
,-5012570.537,-104.269,
,-5012570.537,-104.270,
,-5012570.537,-104.271,
,-5012570.537,-104.271,
,-5012570.538,-104.272,
,-5012570.538,-104.273,
,-5012570.538,-104.274,
,-5012570.541,-104.279,
,-5012570.543,-104.283,
,-5012570.544,-104.284,
,-5012570.544,-104.284,
,-5012570.544,-104.285,
,-5012570.545,-104.286,
,-5012570.546,-104.287,
,-5012570.546,-104.288,
,-5012570.547,-104.289,
,-5012570.547,-104.290,
,-5012570.547,-104.291,
,-5012570.547,-104.291,
,-5012570.548,-104.292,
,-5012570.549,-104.293,
,-5012570.549,-104.294,
,-5012570.549,-104.295,
,-5012570.552,-104.298,
,-5012570.555,-104.302,
,-5012570.555,-104.302,
,-5012570.556,-104.302,
,-5012570.557,-104.302,
,-5012570.558,-104.302,
,-5012570.559,-104.301,
,-5012570.560,-104.300,
,-5012570.561,-104.300,
,-5012570.561,-104.300,
,-5012570.563,-104.299,
,-5012570.564,-104.297,
,-5012570.565,-104.298,
,-5012570.566,-104.298,
,-5012570.566,-104.299,
,-5012570.567,-104.300,
,-5012570.567,-104.301,
,-5012570.567,-104.301,
,-5012570.568,-104.303,
,-5012570.569,-104.304,
,-5012570.569,-104.304,
,-5012570.569,-104.305,
,-5012570.570,-104.306,
,-5012570.571,-104.307,
,-5012570.572,-104.308,
,-5012570.573,-104.308,
,-5012570.574,-104.309,
,-5012570.575,-104.311,
,-5012570.576,-104.311,
,-5012570.576,-104.311,
,-5012570.577,-104.312,
,-5012570.578,-104.313,
,-5012570.579,-104.314,
,-5012570.580,-104.315,
,-5012570.581,-104.316,
,-5012570.582,-104.318,
,-5012570.583,-104.318,
,-5012570.583,-104.319,
,-5012570.584,-104.320,
,-5012570.586,-104.322,
,-5012570.586,-104.322,
,-5012570.587,-104.323,
,-5012570.588,-104.324,
,-5012570.589,-104.325,
,-5012570.589,-104.326,
,-5012570.589,-104.327,
,-5012570.590,-104.328,
,-5012570.591,-104.329,
,-5012570.594,-104.331,
,-5012570.596,-104.333,
,-5012570.596,-104.334,
,-5012570.597,-104.334,
,-5012570.598,-104.335,
,-5012570.599,-104.337,
,-5012570.600,-104.337,
,-5012570.600,-104.337,
,-5012570.601,-104.337,
,-5012570.601,-104.338,
,-5012570.603,-104.339,
,-5012570.604,-104.339,
,-5012570.604,-104.340,
,-5012570.605,-104.340,
,-5012570.605,-104.340,
,-5012570.606,-104.341,
,-5012570.607,-104.341,
,-5012570.609,-104.342,
,-5012570.609,-104.342,
,-5012570.610,-104.342,
,-5012570.610,-104.343,
,-5012570.611,-104.343,
,-5012570.611,-104.343,
,-5012570.612,-104.344,
,-5012570.615,-104.343,
,-5012570.619,-104.343,
,-5012570.619,-104.343,
,-5012570.619,-104.342,
,-5012570.620,-104.342,
,-5012570.621,-104.342,
,-5012570.622,-104.341,
,-5012570.623,-104.341,
,-5012570.623,-104.341,
,-5012570.624,-104.341,
,-5012570.624,-104.339,
,-5012570.625,-104.338,
,-5012570.625,-104.338,
,-5012570.626,-104.338,
,-5012570.626,-104.337,
,-5012570.627,-104.336,
,-5012570.628,-104.336,
,-5012570.628,-104.336,
,-5012570.628,-104.335,
,-5012570.630,-104.335,
,-5012570.631,-104.334,
,-5012570.632,-104.333,
,-5012570.632,-104.333,
,-5012570.633,-104.333,
,-5012570.633,-104.333,
,-5012570.634,-104.333,
,-5012570.634,-104.332,
,-5012570.635,-104.332,
,-5012570.636,-104.332,
,-5012570.636,-104.331,
,-5012570.637,-104.331,
,-5012570.637,-104.331,
,-5012570.637,-104.330,
,-5012570.638,-104.330,
,-5012570.641,-104.330,
,-5012570.643,-104.330,
,-5012570.644,-104.330,
,-5012570.645,-104.331,
,-5012570.646,-104.331,
,-5012570.647,-104.330,
,-5012570.647,-104.330,
,-5012570.648,-104.330,
,-5012570.649,-104.330,
,-5012570.650,-104.329,
,-5012570.650,-104.328,
,-5012570.651,-104.328,
,-5012570.652,-104.328,
,-5012570.652,-104.328,
,-5012570.653,-104.328,
,-5012570.653,-104.327,
,-5012570.653,-104.327,
,-5012570.654,-104.327,
,-5012570.654,-104.326,
,-5012570.655,-104.325,
,-5012570.656,-104.324,
,-5012570.657,-104.324,
,-5012570.658,-104.323,
,-5012570.660,-104.323,
,-5012570.661,-104.322,
,-5012570.662,-104.321,
,-5012570.663,-104.321,
,-5012570.664,-104.321,
,-5012570.664,-104.320,
,-5012570.665,-104.320,
,-5012570.665,-104.320,
,-5012570.666,-104.321,
,-5012570.666,-104.321,
,-5012570.667,-104.321,
,-5012570.667,-104.322,
,-5012570.668,-104.323,
,-5012570.668,-104.323,
,-5012570.668,-104.324,
,-5012570.682,-104.343,
,-5012570.695,-104.361,
,-5012570.695,-104.362,
,-5012570.696,-104.363,
,-5012570.695,-104.365,
,-5012570.695,-104.366,
,-5012570.696,-104.367,
,-5012570.696,-104.368,
,-5012570.697,-104.369,
,-5012570.698,-104.369,
,-5012570.699,-104.369,
,-5012570.700,-104.370,
,-5012570.700,-104.370,
,-5012570.701,-104.372,
,-5012570.702,-104.374,
,-5012570.702,-104.376,
,-5012570.702,-104.378,
,-5012570.704,-104.381,
,-5012570.705,-104.384,
,-5012570.728,-104.451,
,-5012570.752,-104.518,
,-5012570.761,-104.524,
,-5012570.770,-104.530,
,-5012570.771,-104.531,
,-5012570.771,-104.532,
,-5012570.772,-104.532,
,-5012570.772,-104.532,
,-5012570.773,-104.533,
,-5012570.773,-104.533,
,-5012570.774,-104.533,
,-5012570.774,-104.534,
,-5012570.775,-104.533,
,-5012570.776,-104.533,
,-5012570.776,-104.534,
,-5012570.777,-104.535,
,-5012570.778,-104.536,
,-5012570.779,-104.537,
,-5012570.782,-104.541,
,-5012570.785,-104.545,
,-5012570.787,-104.546,
,-5012570.788,-104.547,
,-5012570.794,-104.554,
,-5012570.800,-104.561,
,-5012570.807,-104.582,
,-5012570.814,-104.604,
,-5012570.815,-104.604,
,-5012570.815,-104.605,
,-5012570.816,-104.607,
,-5012570.816,-104.608,
,-5012570.817,-104.609,
,-5012570.817,-104.610,
,-5012570.817,-104.611,
,-5012570.819,-104.613,
,-5012570.820,-104.616,
,-5012570.822,-104.617,
,-5012570.823,-104.617,
,-5012570.824,-104.617,
,-5012570.826,-104.617,
,-5012570.826,-104.618,
,-5012570.827,-104.618,
,-5012570.827,-104.618,
,-5012570.828,-104.619,
,-5012570.829,-104.620,
,-5012570.833,-104.628,
,-5012570.836,-104.635,
,-5012570.838,-104.637,
,-5012570.839,-104.639,
,-5012570.839,-104.641,
,-5012570.839,-104.642,
,-5012570.839,-104.643,
,-5012570.838,-104.645,
,-5012570.838,-104.647,
,-5012570.837,-104.648,
,-5012570.837,-104.649,
,-5012570.837,-104.650,
,-5012570.836,-104.651,
,-5012570.835,-104.652,
,-5012570.835,-104.654,
,-5012570.834,-104.655,
,-5012570.834,-104.656,
,-5012570.834,-104.658,
,-5012570.833,-104.660,
,-5012570.833,-104.661,
,-5012570.833,-104.661,
,-5012570.833,-104.662,
,-5012570.832,-104.663,
,-5012570.832,-104.665,
,-5012570.832,-104.666,
,-5012570.832,-104.667,
,-5012570.832,-104.668,
,-5012570.832,-104.668,
,-5012570.832,-104.669,
,-5012570.831,-104.672,
,-5012570.830,-104.676,
,-5012570.829,-104.678,
,-5012570.828,-104.680,
,-5012570.826,-104.682,
,-5012570.825,-104.684,
,-5012570.824,-104.686,
,-5012570.823,-104.687,
,-5012570.823,-104.688,
,-5012570.823,-104.689,
,-5012570.822,-104.690,
,-5012570.822,-104.691,
,-5012570.822,-104.691,
,-5012570.822,-104.692,
,-5012570.822,-104.696,
,-5012570.822,-104.701,
,-5012570.822,-104.701,
,-5012570.822,-104.702,
,-5012570.822,-104.704,
,-5012570.822,-104.706,
,-5012570.821,-104.707,
,-5012570.821,-104.710,
,-5012570.822,-104.712,
,-5012570.821,-104.713,
,-5012570.821,-104.714,
,-5012570.821,-104.716,
,-5012570.821,-104.716,
,-5012570.821,-104.717,
,-5012570.821,-104.718,
,-5012570.821,-104.724,
,-5012570.822,-104.730,
,-5012570.822,-104.731,
,-5012570.822,-104.732,
,-5012570.822,-104.733,
,-5012570.823,-104.735,
,-5012570.823,-104.737,
,-5012570.823,-104.738,
,-5012570.824,-104.738,
,-5012570.824,-104.739,
,-5012570.824,-104.740,
,-5012570.825,-104.742,
,-5012570.827,-104.744,
,-5012570.827,-104.746,
,-5012570.828,-104.748,
,-5012570.828,-104.749,
,-5012570.828,-104.750,
,-5012570.828,-104.751,
,-5012570.828,-104.752,
,-5012570.828,-104.752,
,-5012570.827,-104.753,
,-5012570.827,-104.754,
,-5012570.825,-104.755,
,-5012570.823,-104.757,
,-5012570.822,-104.757,
,-5012570.820,-104.757,
,-5012570.820,-104.756,
,-5012570.819,-104.757,
,-5012570.819,-104.757,
,-5012570.818,-104.756,
,-5012570.818,-104.756,
,-5012570.817,-104.756,
,-5012570.817,-104.755,
,-5012570.816,-104.755,
,-5012570.816,-104.755,
,-5012570.815,-104.755,
,-5012570.815,-104.754,
,-5012570.814,-104.753,
,-5012570.813,-104.752,
,-5012570.811,-104.752,
,-5012570.810,-104.750,
,-5012570.808,-104.748,
,-5012570.808,-104.747,
,-5012570.808,-104.746,
,-5012570.807,-104.746,
,-5012570.807,-104.746,
,-5012570.805,-104.744,
,-5012570.804,-104.741,
,-5012570.803,-104.742,
,-5012570.803,-104.742,
,-5012570.802,-104.740,
,-5012570.801,-104.739,
,-5012570.800,-104.738,
,-5012570.799,-104.738,
,-5012570.799,-104.737,
,-5012570.798,-104.736,
,-5012570.798,-104.735,
,-5012570.797,-104.734,
,-5012570.797,-104.734,
,-5012570.797,-104.733,
,-5012570.796,-104.730,
,-5012570.794,-104.728,
,-5012570.794,-104.727,
,-5012570.794,-104.726,
,-5012570.793,-104.724,
,-5012570.791,-104.722,
,-5012570.790,-104.722,
,-5012570.790,-104.721,
,-5012570.789,-104.721,
,-5012570.788,-104.721,
,-5012570.787,-104.721,
,-5012570.787,-104.721,
,-5012570.786,-104.722,
,-5012570.786,-104.722,
,-5012570.785,-104.723,
,-5012570.785,-104.724,
,-5012570.785,-104.725,
,-5012570.785,-104.725,
,-5012570.785,-104.726,
,-5012570.785,-104.727,
,-5012570.784,-104.727,
,-5012570.784,-104.729,
,-5012570.784,-104.731,
,-5012570.783,-104.732,
,-5012570.783,-104.733,
,-5012570.783,-104.734,
,-5012570.782,-104.736,
,-5012570.782,-104.737,
,-5012570.782,-104.738,
,-5012570.782,-104.739,
,-5012570.782,-104.740,
,-5012570.782,-104.741,
,-5012570.781,-104.741,
,-5012570.781,-104.742,
,-5012570.780,-104.745,
,-5012570.780,-104.747,
,-5012570.779,-104.750,
,-5012570.777,-104.752,
,-5012570.777,-104.753,
,-5012570.777,-104.755,
,-5012570.777,-104.755,
,-5012570.776,-104.756,
,-5012570.776,-104.758,
,-5012570.775,-104.760,
,-5012570.775,-104.762,
,-5012570.776,-104.764,
,-5012570.775,-104.765,
,-5012570.775,-104.765,
,-5012570.775,-104.766,
,-5012570.775,-104.767,
,-5012570.775,-104.768,
,-5012570.776,-104.768,
,-5012570.776,-104.769,
,-5012570.776,-104.770,
,-5012570.776,-104.770,
,-5012570.776,-104.773,
,-5012570.776,-104.775,
,-5012570.777,-104.776,
,-5012570.777,-104.777,
,-5012570.777,-104.781,
,-5012570.777,-104.784,
,-5012570.776,-104.788,
,-5012570.776,-104.791,
,-5012570.775,-104.792,
,-5012570.774,-104.793,
,-5012570.774,-104.794,
,-5012570.774,-104.795,
,-5012570.774,-104.796,
,-5012570.773,-104.797,
,-5012570.773,-104.798,
,-5012570.773,-104.798,
,-5012570.773,-104.800,
,-5012570.773,-104.801,
,-5012570.772,-104.801,
,-5012570.772,-104.805,
,-5012570.773,-104.808,
,-5012570.773,-104.808,
,-5012570.773,-104.809,
,-5012570.773,-104.810,
,-5012570.773,-104.811,
,-5012570.774,-104.811,
,-5012570.774,-104.813,
,-5012570.774,-104.815,
,-5012570.775,-104.817,
,-5012570.775,-104.818,
,-5012570.775,-104.819,
,-5012570.775,-104.820,
,-5012570.776,-104.821,
,-5012570.776,-104.822,
,-5012570.777,-104.824,
,-5012570.778,-104.827,
,-5012570.778,-104.827,
,-5012570.778,-104.828,
,-5012570.778,-104.829,
,-5012570.778,-104.831,
,-5012570.779,-104.834,
,-5012570.779,-104.835,
,-5012570.779,-104.836,
,-5012570.779,-104.837,
,-5012570.779,-104.839,
,-5012570.779,-104.840,
,-5012570.778,-104.841,
,-5012570.778,-104.842,
,-5012570.778,-104.843,
,-5012570.776,-104.843,
,-5012570.775,-104.842,
,-5012570.775,-104.842,
,-5012570.774,-104.842,
,-5012570.773,-104.843,
,-5012570.770,-104.843,
,-5012570.767,-104.843,
,-5012570.767,-104.843,
,-5012570.766,-104.843,
,-5012570.766,-104.843,
,-5012570.765,-104.843,
,-5012570.764,-104.842,
,-5012570.764,-104.841,
,-5012570.762,-104.841,
,-5012570.761,-104.841,
,-5012570.760,-104.840,
,-5012570.759,-104.840,
,-5012570.758,-104.840,
,-5012570.758,-104.840,
,-5012570.757,-104.841,
,-5012570.757,-104.841,
,-5012570.756,-104.841,
,-5012570.756,-104.841,
,-5012570.755,-104.842,
,-5012570.755,-104.843,
,-5012570.754,-104.843,
,-5012570.754,-104.844,
,-5012570.753,-104.844,
,-5012570.753,-104.846,
,-5012570.752,-104.847,
,-5012570.752,-104.849,
,-5012570.751,-104.850,
,-5012570.751,-104.851,
,-5012570.751,-104.851,
,-5012570.751,-104.853,
,-5012570.751,-104.855,
,-5012570.751,-104.855,
,-5012570.751,-104.856,
,-5012570.751,-104.857,
,-5012570.752,-104.858,
,-5012570.753,-104.859,
,-5012570.753,-104.859,
,-5012570.753,-104.860,
,-5012570.753,-104.861,
,-5012570.754,-104.862,
,-5012570.754,-104.863,
,-5012570.754,-104.864,
,-5012570.755,-104.865,
,-5012570.755,-104.866,
,-5012570.755,-104.866,
,-5012570.755,-104.867,
,-5012570.756,-104.868,
,-5012570.757,-104.870,
,-5012570.757,-104.871,
,-5012570.757,-104.871,
,-5012570.757,-104.872,
,-5012570.758,-104.873,
,-5012570.758,-104.874,
,-5012570.758,-104.875,
,-5012570.758,-104.875,
,-5012570.758,-104.876,
,-5012570.758,-104.880,
,-5012570.758,-104.883,
,-5012570.759,-104.884,
,-5012570.759,-104.885,
,-5012570.759,-104.888,
,-5012570.759,-104.891,
,-5012570.760,-104.892,
,-5012570.760,-104.892,
,-5012570.760,-104.893,
,-5012570.760,-104.894,
,-5012570.760,-104.895,
,-5012570.760,-104.897,
,-5012570.761,-104.897,
,-5012570.761,-104.898,
,-5012570.761,-104.899,
,-5012570.761,-104.899,
,-5012570.762,-104.900,
,-5012570.762,-104.901,
,-5012570.762,-104.902,
,-5012570.764,-104.906,
,-5012570.766,-104.910,
,-5012570.767,-104.912,
,-5012570.768,-104.915,
,-5012570.768,-104.915,
,-5012570.768,-104.916,
,-5012570.768,-104.917,
,-5012570.768,-104.921,
,-5012570.769,-104.924,
,-5012570.768,-104.926,
,-5012570.768,-104.927,
,-5012570.768,-104.928,
,-5012570.768,-104.929,
,-5012570.767,-104.930,
,-5012570.767,-104.930,
,-5012570.767,-104.931,
,-5012570.767,-104.932,
,-5012570.766,-104.934,
,-5012570.766,-104.935,
,-5012570.766,-104.936,
,-5012570.766,-104.937,
,-5012570.765,-104.939,
,-5012570.765,-104.941,
,-5012570.765,-104.942,
,-5012570.765,-104.943,
,-5012570.764,-104.944,
,-5012570.764,-104.946,
,-5012570.764,-104.949,
,-5012570.764,-104.952,
,-5012570.765,-104.953,
,-5012570.766,-104.955,
,-5012570.767,-104.955,
,-5012570.768,-104.954,
,-5012570.769,-104.955,
,-5012570.770,-104.956,
,-5012570.771,-104.957,
,-5012570.772,-104.958,
,-5012570.772,-104.958,
,-5012570.773,-104.958,
,-5012570.774,-104.961,
,-5012570.776,-104.963,
,-5012570.776,-104.964,
,-5012570.776,-104.964,
,-5012570.776,-104.966,
,-5012570.777,-104.967,
,-5012570.777,-104.968,
,-5012570.777,-104.969,
,-5012570.778,-104.970,
,-5012570.778,-104.971,
,-5012570.778,-104.971,
,-5012570.778,-104.972,
,-5012570.779,-104.973,
,-5012570.779,-104.974,
,-5012570.779,-104.976,
,-5012570.779,-104.976,
,-5012570.779,-104.979,
,-5012570.780,-104.981,
,-5012570.780,-104.982,
,-5012570.780,-104.983,
,-5012570.781,-104.984,
,-5012570.782,-104.985,
,-5012570.783,-104.988,
,-5012570.784,-104.990,
,-5012570.787,-104.995,
,-5012570.790,-105.000,
,-5012570.790,-105.000,
,-5012570.790,-105.001,
,-5012570.791,-105.002,
,-5012570.791,-105.004,
,-5012570.792,-105.006,
,-5012570.792,-105.006,
,-5012570.792,-105.008,
,-5012570.792,-105.010,
,-5012570.793,-105.011,
,-5012570.793,-105.011,
,-5012570.793,-105.012,
,-5012570.793,-105.013,
,-5012570.794,-105.014,
,-5012570.794,-105.015,
,-5012570.794,-105.016,
,-5012570.794,-105.017,
,-5012570.794,-105.018,
,-5012570.794,-105.019,
,-5012570.794,-105.021,
,-5012570.795,-105.021,
,-5012570.795,-105.021,
,-5012570.796,-105.021,
,-5012570.796,-105.022,
,-5012570.797,-105.022,
,-5012570.797,-105.022,
,-5012570.798,-105.022,
,-5012570.800,-105.022,
,-5012570.802,-105.022,
,-5012570.803,-105.021,
,-5012570.803,-105.021,
,-5012570.804,-105.021,
,-5012570.804,-105.020,
,-5012570.804,-105.020,
,-5012570.804,-105.018,
,-5012570.805,-105.017,
,-5012570.805,-105.016,
,-5012570.806,-105.015,
,-5012570.807,-105.011,
,-5012570.809,-105.008,
,-5012570.809,-105.007,
,-5012570.809,-105.006,
,-5012570.810,-105.006,
,-5012570.810,-105.006,
,-5012570.811,-105.005,
,-5012570.811,-105.004,
,-5012570.812,-105.003,
,-5012570.815,-105.003,
,-5012570.818,-105.003,
,-5012570.819,-105.003,
,-5012570.819,-105.003,
,-5012570.819,-105.003,
,-5012570.820,-105.002,
,-5012570.821,-105.002,
,-5012570.821,-105.002,
,-5012570.822,-105.002,
,-5012570.822,-105.002,
,-5012570.823,-105.000,
,-5012570.824,-104.999,
,-5012570.825,-104.999,
,-5012570.825,-104.999,
,-5012570.826,-104.998,
,-5012570.826,-104.998,
,-5012570.826,-104.997,
,-5012570.827,-104.996,
,-5012570.826,-104.993,
,-5012570.826,-104.990,
,-5012570.827,-104.990,
,-5012570.827,-104.988,
,-5012570.827,-104.985,
,-5012570.827,-104.985,
,-5012570.827,-104.984,
,-5012570.828,-104.983,
,-5012570.828,-104.982,
,-5012570.829,-104.982,
,-5012570.830,-104.981,
,-5012570.831,-104.979,
,-5012570.831,-104.978,
,-5012570.832,-104.976,
,-5012570.832,-104.975,
,-5012570.833,-104.973,
,-5012570.833,-104.972,
,-5012570.834,-104.971,
,-5012570.834,-104.970,
,-5012570.834,-104.969,
,-5012570.835,-104.968,
,-5012570.836,-104.968,
,-5012570.836,-104.967,
,-5012570.837,-104.967,
,-5012570.837,-104.966,
,-5012570.838,-104.966,
,-5012570.838,-104.966,
,-5012570.839,-104.965,
,-5012570.839,-104.965,
,-5012570.841,-104.965,
,-5012570.843,-104.964,
,-5012570.843,-104.965,
,-5012570.844,-104.965,
,-5012570.845,-104.965,
,-5012570.846,-104.966,
,-5012570.846,-104.966,
,-5012570.847,-104.966,
,-5012570.848,-104.967,
,-5012570.848,-104.968,
,-5012570.850,-104.969,
,-5012570.851,-104.970,
,-5012570.852,-104.971,
,-5012570.853,-104.972,
,-5012570.853,-104.973,
,-5012570.853,-104.974,
,-5012570.854,-104.975,
,-5012570.854,-104.977,
,-5012570.857,-104.981,
,-5012570.860,-104.985,
,-5012570.861,-104.988,
,-5012570.862,-104.991,
,-5012570.863,-104.991,
,-5012570.863,-104.991,
,-5012570.864,-104.992,
,-5012570.865,-104.993,
,-5012570.866,-104.993,
,-5012570.868,-104.993,
,-5012570.870,-104.993,
,-5012570.870,-104.992,
,-5012570.871,-104.992,
,-5012570.871,-104.992,
,-5012570.872,-104.991,
,-5012570.873,-104.990,
,-5012570.873,-104.990,
,-5012570.874,-104.990,
,-5012570.875,-104.987,
,-5012570.877,-104.984,
,-5012570.878,-104.984,
,-5012570.878,-104.984,
,-5012570.879,-104.982,
,-5012570.880,-104.980,
,-5012570.880,-104.979,
,-5012570.881,-104.978,
,-5012570.882,-104.977,
,-5012570.884,-104.975,
,-5012570.884,-104.975,
,-5012570.885,-104.975,
,-5012570.885,-104.974,
,-5012570.887,-104.973,
,-5012570.889,-104.972,
,-5012570.889,-104.971,
,-5012570.890,-104.970,
,-5012570.890,-104.970,
,-5012570.891,-104.970,
,-5012570.892,-104.968,
,-5012570.892,-104.967,
,-5012570.893,-104.967,
,-5012570.893,-104.967,
,-5012570.894,-104.966,
,-5012570.894,-104.965,
,-5012570.895,-104.965,
,-5012570.895,-104.965,
,-5012570.896,-104.964,
,-5012570.896,-104.963,
,-5012570.897,-104.963,
,-5012570.897,-104.963,
,-5012570.898,-104.962,
,-5012570.899,-104.961,
,-5012570.899,-104.961,
,-5012570.900,-104.961,
,-5012570.900,-104.960,
,-5012570.901,-104.959,
,-5012570.902,-104.959,
,-5012570.902,-104.959,
,-5012570.903,-104.959,
,-5012570.903,-104.958,
,-5012570.904,-104.958,
,-5012570.905,-104.958,
,-5012570.905,-104.957,
,-5012570.908,-104.957,
,-5012570.911,-104.956,
,-5012570.911,-104.956,
,-5012570.912,-104.956,
,-5012570.912,-104.956,
,-5012570.913,-104.955,
,-5012570.914,-104.955,
,-5012570.915,-104.955,
,-5012570.915,-104.954,
,-5012570.916,-104.954,
,-5012570.916,-104.954,
,-5012570.916,-104.954,
,-5012570.917,-104.954,
,-5012570.917,-104.954,
,-5012570.919,-104.956,
,-5012570.920,-104.958,
,-5012570.921,-104.959,
,-5012570.921,-104.959,
,-5012570.922,-104.960,
,-5012570.922,-104.962,
,-5012570.922,-104.963,
,-5012570.922,-104.964,
,-5012570.922,-104.965,
,-5012570.922,-104.967,
,-5012570.922,-104.968,
,-5012570.922,-104.969,
,-5012570.921,-104.970,
,-5012570.920,-104.972,
,-5012570.920,-104.974,
,-5012570.920,-104.975,
,-5012570.920,-104.976,
,-5012570.919,-104.978,
,-5012570.919,-104.980,
,-5012570.919,-104.981,
,-5012570.918,-104.984,
,-5012570.918,-104.988,
,-5012570.918,-104.989,
,-5012570.918,-104.991,
,-5012570.918,-104.991,
,-5012570.917,-104.992,
,-5012570.918,-104.997,
,-5012570.918,-105.002,
,-5012570.918,-105.003,
,-5012570.917,-105.003,
,-5012570.917,-105.004,
,-5012570.918,-105.005,
,-5012570.917,-105.006,
,-5012570.917,-105.006,
,-5012570.916,-105.007,
,-5012570.916,-105.008,
,-5012570.916,-105.008,
,-5012570.915,-105.009,
,-5012570.915,-105.010,
,-5012570.914,-105.011,
,-5012570.913,-105.012,
,-5012570.912,-105.012,
,-5012570.912,-105.013,
,-5012570.912,-105.014,
,-5012570.911,-105.014,
,-5012570.910,-105.014,
,-5012570.909,-105.013,
,-5012570.909,-105.013,
,-5012570.909,-105.011,
,-5012570.908,-105.009,
,-5012570.908,-105.008,
,-5012570.907,-105.006,
,-5012570.907,-105.006,
,-5012570.906,-105.006,
,-5012570.905,-105.006,
,-5012570.904,-105.007,
,-5012570.904,-105.008,
,-5012570.903,-105.008,
,-5012570.903,-105.008,
,-5012570.902,-105.009,
,-5012570.902,-105.011,
,-5012570.900,-105.012,
,-5012570.898,-105.014,
,-5012570.897,-105.015,
,-5012570.896,-105.015,
,-5012570.896,-105.015,
,-5012570.895,-105.015,
,-5012570.895,-105.016,
,-5012570.894,-105.016,
,-5012570.894,-105.016,
,-5012570.894,-105.017,
,-5012570.893,-105.017,
,-5012570.893,-105.017,
,-5012570.892,-105.018,
,-5012570.892,-105.018,
,-5012570.891,-105.018,
,-5012570.891,-105.019,
,-5012570.891,-105.021,
,-5012570.891,-105.022,
,-5012570.891,-105.022,
,-5012570.891,-105.023,
,-5012570.891,-105.024,
,-5012570.891,-105.025,
,-5012570.891,-105.026,
,-5012570.891,-105.027,
,-5012570.890,-105.028,
,-5012570.890,-105.030,
,-5012570.887,-105.034,
,-5012570.885,-105.038,
,-5012570.885,-105.039,
,-5012570.885,-105.039,
,-5012570.885,-105.040,
,-5012570.886,-105.041,
,-5012570.886,-105.041,
,-5012570.887,-105.041,
,-5012570.887,-105.041,
,-5012570.888,-105.041,
,-5012570.888,-105.042,
,-5012570.889,-105.042,
,-5012570.889,-105.043,
,-5012570.890,-105.044,
,-5012570.890,-105.046,
,-5012570.890,-105.047,
,-5012570.890,-105.048,
,-5012570.889,-105.049,
,-5012570.889,-105.051,
,-5012570.889,-105.052,
,-5012570.889,-105.052,
,-5012570.889,-105.053,
,-5012570.888,-105.054,
,-5012570.888,-105.055,
,-5012570.888,-105.056,
,-5012570.887,-105.057,
,-5012570.887,-105.058,
,-5012570.887,-105.058,
,-5012570.885,-105.061,
,-5012570.884,-105.064,
,-5012570.883,-105.064,
,-5012570.883,-105.064,
,-5012570.883,-105.064,
,-5012570.882,-105.064,
,-5012570.879,-105.065,
,-5012570.877,-105.065,
,-5012570.876,-105.065,
,-5012570.876,-105.066,
,-5012570.875,-105.066,
,-5012570.874,-105.066,
,-5012570.873,-105.065,
,-5012570.872,-105.065,
,-5012570.870,-105.063,
,-5012570.869,-105.062,
,-5012570.868,-105.061,
,-5012570.867,-105.059,
,-5012570.867,-105.059,
,-5012570.867,-105.058,
,-5012570.866,-105.057,
,-5012570.866,-105.056,
,-5012570.865,-105.054,
,-5012570.864,-105.051,
,-5012570.863,-105.051,
,-5012570.862,-105.051,
,-5012570.861,-105.054,
,-5012570.859,-105.057,
,-5012570.858,-105.058,
,-5012570.858,-105.060,
,-5012570.857,-105.060,
,-5012570.857,-105.060,
,-5012570.856,-105.059,
,-5012570.855,-105.059,
,-5012570.854,-105.059,
,-5012570.854,-105.059,
,-5012570.853,-105.059,
,-5012570.852,-105.059,
,-5012570.852,-105.059,
,-5012570.850,-105.061,
,-5012570.849,-105.063,
,-5012570.848,-105.063,
,-5012570.848,-105.063,
,-5012570.847,-105.063,
,-5012570.846,-105.062,
,-5012570.844,-105.061,
,-5012570.843,-105.059,
,-5012570.843,-105.060,
,-5012570.842,-105.060,
,-5012570.841,-105.059,
,-5012570.840,-105.059,
,-5012570.839,-105.060,
,-5012570.839,-105.061,
,-5012570.838,-105.062,
,-5012570.837,-105.065,
,-5012570.836,-105.069,
,-5012570.836,-105.070,
,-5012570.835,-105.071,
,-5012570.833,-105.071,
,-5012570.831,-105.071,
,-5012570.830,-105.072,
,-5012570.829,-105.072,
,-5012570.827,-105.073,
,-5012570.826,-105.074,
,-5012570.825,-105.074,
,-5012570.825,-105.074,
,-5012570.824,-105.075,
,-5012570.824,-105.076,
,-5012570.823,-105.076,
,-5012570.823,-105.076,
,-5012570.822,-105.076,
,-5012570.821,-105.077,
,-5012570.821,-105.077,
,-5012570.821,-105.077,
,-5012570.818,-105.079,
,-5012570.816,-105.081,
,-5012570.815,-105.081,
,-5012570.815,-105.081,
,-5012570.814,-105.082,
,-5012570.812,-105.082,
,-5012570.810,-105.083,
,-5012570.809,-105.084,
,-5012570.808,-105.086,
,-5012570.808,-105.087,
,-5012570.807,-105.088,
,-5012570.806,-105.088,
,-5012570.805,-105.088,
,-5012570.805,-105.088,
,-5012570.804,-105.087,
,-5012570.803,-105.086,
,-5012570.802,-105.084,
,-5012570.802,-105.083,
,-5012570.801,-105.083,
,-5012570.800,-105.083,
,-5012570.800,-105.083,
,-5012570.800,-105.082,
,-5012570.798,-105.082,
,-5012570.796,-105.082,
,-5012570.796,-105.083,
,-5012570.795,-105.083,
,-5012570.792,-105.084,
,-5012570.789,-105.084,
,-5012570.788,-105.084,
,-5012570.788,-105.083,
,-5012570.787,-105.084,
,-5012570.787,-105.085,
,-5012570.787,-105.086,
,-5012570.787,-105.087,
,-5012570.786,-105.088,
,-5012570.785,-105.089,
,-5012570.784,-105.089,
,-5012570.783,-105.089,
,-5012570.783,-105.088,
,-5012570.782,-105.086,
,-5012570.781,-105.083,
,-5012570.780,-105.083,
,-5012570.780,-105.082,
,-5012570.779,-105.082,
,-5012570.779,-105.082,
,-5012570.778,-105.081,
,-5012570.778,-105.081,
,-5012570.777,-105.081,
,-5012570.777,-105.081,
,-5012570.777,-105.081,
,-5012570.776,-105.081,
,-5012570.775,-105.081,
,-5012570.774,-105.082,
,-5012570.773,-105.084,
,-5012570.774,-105.086,
,-5012570.774,-105.089,
,-5012570.774,-105.090,
,-5012570.773,-105.090,
,-5012570.773,-105.090,
,-5012570.772,-105.090,
,-5012570.769,-105.088,
,-5012570.767,-105.086,
,-5012570.766,-105.086,
,-5012570.766,-105.086,
,-5012570.765,-105.085,
,-5012570.765,-105.085,
,-5012570.764,-105.085,
,-5012570.763,-105.087,
,-5012570.762,-105.089,
,-5012570.762,-105.089,
,-5012570.761,-105.089,
,-5012570.761,-105.088,
,-5012570.760,-105.088,
,-5012570.759,-105.087,
,-5012570.758,-105.086,
,-5012570.757,-105.085,
,-5012570.756,-105.083,
,-5012570.754,-105.082,
,-5012570.754,-105.081,
,-5012570.754,-105.081,
,-5012570.753,-105.080,
,-5012570.753,-105.079,
,-5012570.753,-105.079,
,-5012570.753,-105.078,
,-5012570.753,-105.077,
,-5012570.753,-105.076,
,-5012570.753,-105.075,
,-5012570.752,-105.074,
,-5012570.751,-105.074,
,-5012570.751,-105.074,
,-5012570.750,-105.074,
,-5012570.750,-105.073,
,-5012570.748,-105.073,
,-5012570.746,-105.074,
,-5012570.745,-105.074,
,-5012570.743,-105.075,
,-5012570.741,-105.075,
,-5012570.741,-105.074,
,-5012570.740,-105.074,
,-5012570.740,-105.074,
,-5012570.739,-105.074,
,-5012570.738,-105.073,
,-5012570.737,-105.073,
,-5012570.736,-105.073,
,-5012570.736,-105.074,
,-5012570.735,-105.075,
,-5012570.735,-105.075,
,-5012570.734,-105.076,
,-5012570.734,-105.077,
,-5012570.735,-105.078,
,-5012570.734,-105.078,
,-5012570.734,-105.079,
,-5012570.734,-105.080,
,-5012570.734,-105.082,
,-5012570.733,-105.083,
,-5012570.732,-105.083,
,-5012570.731,-105.083,
,-5012570.729,-105.082,
,-5012570.728,-105.080,
,-5012570.727,-105.079,
,-5012570.725,-105.077,
,-5012570.725,-105.077,
,-5012570.724,-105.076,
,-5012570.723,-105.076,
,-5012570.723,-105.076,
,-5012570.723,-105.076,
,-5012570.722,-105.075,
,-5012570.721,-105.075,
,-5012570.721,-105.075,
,-5012570.720,-105.074,
,-5012570.719,-105.073,
,-5012570.718,-105.071,
,-5012570.718,-105.068,
,-5012570.717,-105.069,
,-5012570.716,-105.069,
,-5012570.716,-105.071,
,-5012570.715,-105.072,
,-5012570.715,-105.073,
,-5012570.716,-105.074,
,-5012570.715,-105.075,
,-5012570.714,-105.077,
,-5012570.713,-105.079,
,-5012570.712,-105.081,
,-5012570.712,-105.081,
,-5012570.711,-105.081,
,-5012570.711,-105.081,
,-5012570.710,-105.080,
,-5012570.710,-105.078,
,-5012570.710,-105.076,
,-5012570.709,-105.076,
,-5012570.709,-105.075,
,-5012570.709,-105.074,
,-5012570.709,-105.073,
,-5012570.708,-105.073,
,-5012570.708,-105.073,
,-5012570.707,-105.074,
,-5012570.707,-105.074,
,-5012570.707,-105.075,
,-5012570.707,-105.076,
,-5012570.707,-105.077,
,-5012570.706,-105.077,
,-5012570.706,-105.078,
,-5012570.707,-105.079,
,-5012570.706,-105.080,
,-5012570.705,-105.080,
,-5012570.704,-105.080,
,-5012570.703,-105.078,
,-5012570.701,-105.076,
,-5012570.701,-105.076,
,-5012570.700,-105.076,
,-5012570.700,-105.077,
,-5012570.699,-105.078,
,-5012570.698,-105.079,
,-5012570.696,-105.080,
,-5012570.696,-105.080,
,-5012570.693,-105.081,
,-5012570.691,-105.081,
,-5012570.690,-105.082,
,-5012570.690,-105.082,
,-5012570.689,-105.082,
,-5012570.689,-105.083,
,-5012570.689,-105.085,
,-5012570.691,-105.087,
,-5012570.693,-105.089,
,-5012570.693,-105.089,
,-5012570.694,-105.089,
,-5012570.694,-105.090,
,-5012570.694,-105.091,
,-5012570.692,-105.092,
,-5012570.690,-105.093,
,-5012570.689,-105.095,
,-5012570.688,-105.097,
,-5012570.688,-105.098,
,-5012570.688,-105.098,
,-5012570.688,-105.099,
,-5012570.687,-105.099,
,-5012570.686,-105.099,
,-5012570.685,-105.098,
,-5012570.683,-105.097,
,-5012570.682,-105.096,
,-5012570.681,-105.096,
,-5012570.680,-105.096,
,-5012570.679,-105.096,
,-5012570.677,-105.097,
,-5012570.677,-105.097,
,-5012570.676,-105.097,
,-5012570.676,-105.097,
,-5012570.675,-105.098,
,-5012570.673,-105.095,
,-5012570.671,-105.092,
,-5012570.670,-105.089,
,-5012570.669,-105.086,
,-5012570.669,-105.085,
,-5012570.668,-105.085,
,-5012570.668,-105.084,
,-5012570.667,-105.084,
,-5012570.666,-105.082,
,-5012570.664,-105.081,
,-5012570.664,-105.080,
,-5012570.663,-105.080,
,-5012570.662,-105.079,
,-5012570.662,-105.079,
,-5012570.661,-105.078,
,-5012570.660,-105.077,
,-5012570.659,-105.076,
,-5012570.658,-105.075,
,-5012570.658,-105.074,
,-5012570.658,-105.073,
,-5012570.658,-105.073,
,-5012570.657,-105.072,
,-5012570.656,-105.072,
,-5012570.655,-105.071,
,-5012570.655,-105.071,
,-5012570.654,-105.069,
,-5012570.654,-105.067,
,-5012570.655,-105.066,
,-5012570.655,-105.065,
,-5012570.655,-105.065,
,-5012570.656,-105.064,
,-5012570.657,-105.062,
,-5012570.658,-105.060,
,-5012570.658,-105.060,
,-5012570.658,-105.059,
,-5012570.658,-105.057,
,-5012570.658,-105.055,
,-5012570.658,-105.055,
,-5012570.658,-105.054,
,-5012570.658,-105.053,
,-5012570.657,-105.052,
,-5012570.657,-105.051,
,-5012570.657,-105.051,
,-5012570.657,-105.050,
,-5012570.656,-105.049,
,-5012570.656,-105.048,
,-5012570.656,-105.048,
,-5012570.656,-105.047,
,-5012570.656,-105.046,
,-5012570.656,-105.046,
,-5012570.656,-105.045,
,-5012570.656,-105.044,
,-5012570.656,-105.044,
,-5012570.656,-105.042,
,-5012570.655,-105.041,
,-5012570.652,-105.039,
,-5012570.648,-105.036,
,-5012570.648,-105.036,
,-5012570.647,-105.036,
,-5012570.646,-105.035,
,-5012570.645,-105.034,
,-5012570.645,-105.033,
,-5012570.644,-105.032,
,-5012570.644,-105.031,
,-5012570.644,-105.030,
,-5012570.643,-105.030,
,-5012570.643,-105.028,
,-5012570.643,-105.027,
,-5012570.644,-105.026,
,-5012570.644,-105.025,
,-5012570.644,-105.025,
,-5012570.644,-105.024,
,-5012570.644,-105.023,
,-5012570.644,-105.022,
,-5012570.644,-105.021,
,-5012570.645,-105.020,
,-5012570.645,-105.018,
,-5012570.645,-105.016,
,-5012570.645,-105.015,
,-5012570.645,-105.014,
,-5012570.645,-105.013,
,-5012570.645,-105.012,
,-5012570.643,-105.011,
,-5012570.642,-105.010,
,-5012570.642,-105.010,
,-5012570.641,-105.010,
,-5012570.641,-105.009,
,-5012570.640,-105.009,
,-5012570.640,-105.009,
,-5012570.639,-105.009,
,-5012570.639,-105.010,
,-5012570.638,-105.012,
,-5012570.637,-105.011,
,-5012570.637,-105.011,
,-5012570.636,-105.010,
,-5012570.636,-105.010,
,-5012570.637,-105.009,
,-5012570.637,-105.008,
,-5012570.636,-105.007,
,-5012570.636,-105.008,
,-5012570.635,-105.009,
,-5012570.635,-105.009,
,-5012570.634,-105.010,
,-5012570.634,-105.010,
,-5012570.633,-105.010,
,-5012570.633,-105.009,
,-5012570.634,-105.007,
,-5012570.634,-105.005,
,-5012570.634,-105.005,
,-5012570.634,-105.004,
,-5012570.635,-105.004,
,-5012570.636,-105.003,
,-5012570.636,-105.002,
,-5012570.636,-105.002,
,-5012570.636,-105.001,
,-5012570.636,-105.000,
,-5012570.636,-104.999,
,-5012570.635,-104.998,
,-5012570.634,-104.998,
,-5012570.633,-104.997,
,-5012570.632,-104.997,
,-5012570.631,-104.997,
,-5012570.631,-104.998,
,-5012570.629,-104.998,
,-5012570.627,-104.999,
,-5012570.627,-105.000,
,-5012570.626,-105.000,
,-5012570.624,-105.001,
,-5012570.624,-105.000,
,-5012570.623,-104.999,
,-5012570.623,-104.997,
,-5012570.623,-104.995,
,-5012570.623,-104.994,
,-5012570.622,-104.994,
,-5012570.621,-104.993,
,-5012570.620,-104.993,
,-5012570.619,-104.993,
,-5012570.617,-104.991,
,-5012570.616,-104.989,
,-5012570.614,-104.988,
,-5012570.613,-104.987,
,-5012570.613,-104.987,
,-5012570.612,-104.987,
,-5012570.612,-104.988,
,-5012570.611,-104.988,
,-5012570.611,-104.989,
,-5012570.609,-104.989,
,-5012570.608,-104.990,
,-5012570.608,-104.991,
,-5012570.607,-104.991,
,-5012570.607,-104.992,
,-5012570.607,-104.992,
,-5012570.606,-104.992,
,-5012570.605,-104.993,
,-5012570.605,-104.994,
,-5012570.604,-104.994,
,-5012570.603,-104.995,
,-5012570.603,-104.995,
,-5012570.603,-104.996,
,-5012570.602,-104.996,
,-5012570.601,-104.997,
,-5012570.600,-104.998,
,-5012570.599,-104.999,
,-5012570.599,-105.000,
,-5012570.597,-105.002,
,-5012570.595,-105.003,
,-5012570.594,-105.005,
,-5012570.592,-105.006,
,-5012570.592,-105.007,
,-5012570.592,-105.007,
,-5012570.591,-105.006,
,-5012570.590,-105.006,
,-5012570.590,-105.005,
,-5012570.589,-105.005,
,-5012570.588,-105.004,
,-5012570.587,-105.004,
,-5012570.586,-105.005,
,-5012570.585,-105.006,
,-5012570.584,-105.007,
,-5012570.583,-105.009,
,-5012570.583,-105.010,
,-5012570.582,-105.011,
,-5012570.583,-105.015,
,-5012570.583,-105.020,
,-5012570.583,-105.020,
,-5012570.582,-105.021,
,-5012570.582,-105.022,
,-5012570.582,-105.022,
,-5012570.582,-105.024,
,-5012570.582,-105.025,
,-5012570.581,-105.025,
,-5012570.580,-105.026,
,-5012570.579,-105.024,
,-5012570.577,-105.022,
,-5012570.577,-105.021,
,-5012570.576,-105.021,
,-5012570.575,-105.021,
,-5012570.575,-105.021,
,-5012570.574,-105.021,
,-5012570.574,-105.022,
,-5012570.573,-105.024,
,-5012570.572,-105.026,
,-5012570.573,-105.027,
,-5012570.573,-105.028,
,-5012570.572,-105.028,
,-5012570.572,-105.029,
,-5012570.571,-105.029,
,-5012570.571,-105.029,
,-5012570.571,-105.028,
,-5012570.571,-105.027,
,-5012570.570,-105.025,
,-5012570.569,-105.023,
,-5012570.568,-105.022,
,-5012570.567,-105.021,
,-5012570.566,-105.021,
,-5012570.565,-105.021,
,-5012570.565,-105.021,
,-5012570.564,-105.021,
,-5012570.564,-105.021,
,-5012570.564,-105.021,
,-5012570.563,-105.020,
,-5012570.563,-105.020,
,-5012570.562,-105.020,
,-5012570.561,-105.019,
,-5012570.560,-105.019,
,-5012570.560,-105.019,
,-5012570.559,-105.019,
,-5012570.558,-105.018,
,-5012570.556,-105.016,
,-5012570.554,-105.018,
,-5012570.553,-105.019,
,-5012570.552,-105.019,
,-5012570.552,-105.019,
,-5012570.552,-105.019,
,-5012570.551,-105.020,
,-5012570.547,-105.020,
,-5012570.543,-105.020,
,-5012570.543,-105.021,
,-5012570.542,-105.021,
,-5012570.541,-105.021,
,-5012570.540,-105.021,
,-5012570.540,-105.022,
,-5012570.539,-105.022,
,-5012570.538,-105.022,
,-5012570.537,-105.022,
,-5012570.537,-105.022,
,-5012570.536,-105.022,
,-5012570.536,-105.022,
,-5012570.535,-105.019,
,-5012570.534,-105.017,
,-5012570.534,-105.016,
,-5012570.534,-105.014,
,-5012570.535,-105.013,
,-5012570.535,-105.012,
,-5012570.535,-105.011,
,-5012570.536,-105.010,
,-5012570.536,-105.008,
,-5012570.537,-105.007,
,-5012570.538,-105.006,
,-5012570.538,-105.004,
,-5012570.539,-105.004,
,-5012570.539,-105.003,
,-5012570.540,-105.001,
,-5012570.540,-105.000,
,-5012570.540,-104.999,
,-5012570.540,-104.998,
,-5012570.540,-104.998,
,-5012570.540,-104.997,
,-5012570.539,-104.996,
,-5012570.538,-104.996,
,-5012570.537,-104.996,
,-5012570.537,-104.996,
,-5012570.536,-104.997,
,-5012570.535,-104.998,
,-5012570.534,-104.999,
,-5012570.533,-104.999,
,-5012570.533,-105.000,
,-5012570.532,-105.001,
,-5012570.530,-105.003,
,-5012570.528,-105.005,
,-5012570.527,-105.005,
,-5012570.526,-105.006,
,-5012570.525,-105.004,
,-5012570.525,-105.002,
,-5012570.525,-105.001,
,-5012570.525,-105.001,
,-5012570.524,-105.000,
,-5012570.523,-104.999,
,-5012570.523,-104.998,
,-5012570.523,-104.997,
,-5012570.521,-104.995,
,-5012570.519,-104.993,
,-5012570.519,-104.992,
,-5012570.518,-104.992,
,-5012570.517,-104.991,
,-5012570.516,-104.992,
,-5012570.515,-104.992,
,-5012570.515,-104.993,
,-5012570.514,-104.994,
,-5012570.514,-104.994,
,-5012570.513,-104.994,
,-5012570.512,-104.997,
,-5012570.511,-105.001,
,-5012570.511,-105.002,
,-5012570.511,-105.003,
,-5012570.510,-105.005,
,-5012570.510,-105.008,
,-5012570.509,-105.009,
,-5012570.508,-105.009,
,-5012570.508,-105.009,
,-5012570.507,-105.009,
,-5012570.507,-105.010,
,-5012570.506,-105.010,
,-5012570.505,-105.010,
,-5012570.505,-105.010,
,-5012570.504,-105.009,
,-5012570.504,-105.009,
,-5012570.503,-105.009,
,-5012570.503,-105.009,
,-5012570.502,-105.008,
,-5012570.501,-105.009,
,-5012570.501,-105.009,
,-5012570.500,-105.010,
,-5012570.499,-105.011,
,-5012570.498,-105.011,
,-5012570.498,-105.011,
,-5012570.497,-105.012,
,-5012570.497,-105.013,
,-5012570.496,-105.013,
,-5012570.496,-105.013,
,-5012570.495,-105.015,
,-5012570.493,-105.016,
,-5012570.493,-105.016,
,-5012570.493,-105.016,
,-5012570.491,-105.015,
,-5012570.490,-105.015,
,-5012570.490,-105.014,
,-5012570.489,-105.013,
,-5012570.489,-105.012,
,-5012570.489,-105.010,
,-5012570.489,-105.008,
,-5012570.489,-105.007,
,-5012570.490,-105.005,
,-5012570.490,-105.003,
,-5012570.490,-105.002,
,-5012570.491,-105.001,
,-5012570.491,-105.000,
,-5012570.491,-105.000,
,-5012570.490,-104.999,
,-5012570.490,-104.998,
,-5012570.489,-104.997,
,-5012570.488,-104.995,
,-5012570.487,-104.996,
,-5012570.487,-104.996,
,-5012570.486,-104.996,
,-5012570.486,-104.996,
,-5012570.485,-104.996,
,-5012570.484,-104.997,
,-5012570.484,-104.997,
,-5012570.483,-104.997,
,-5012570.482,-104.997,
,-5012570.482,-104.997,
,-5012570.481,-104.997,
,-5012570.481,-104.996,
,-5012570.481,-104.995,
,-5012570.481,-104.995,
,-5012570.481,-104.994,
,-5012570.481,-104.992,
,-5012570.481,-104.991,
,-5012570.481,-104.990,
,-5012570.481,-104.988,
,-5012570.482,-104.987,
,-5012570.482,-104.987,
,-5012570.482,-104.986,
,-5012570.482,-104.985,
,-5012570.481,-104.984,
,-5012570.481,-104.982,
,-5012570.479,-104.982,
,-5012570.478,-104.981,
,-5012570.476,-104.980,
,-5012570.475,-104.980,
,-5012570.474,-104.982,
,-5012570.472,-104.985,
,-5012570.472,-104.985,
,-5012570.472,-104.986,
,-5012570.471,-104.988,
,-5012570.469,-104.989,
,-5012570.468,-104.989,
,-5012570.466,-104.990,
,-5012570.465,-104.989,
,-5012570.464,-104.989,
,-5012570.462,-104.989,
,-5012570.462,-104.990,
,-5012570.461,-104.991,
,-5012570.461,-104.992,
,-5012570.461,-104.993,
,-5012570.462,-104.994,
,-5012570.462,-104.995,
,-5012570.462,-104.996,
,-5012570.462,-104.996,
,-5012570.463,-104.997,
,-5012570.464,-104.998,
,-5012570.464,-105.000,
,-5012570.464,-105.002,
,-5012570.464,-105.003,
,-5012570.463,-105.004,
,-5012570.462,-105.004,
,-5012570.462,-105.004,
,-5012570.460,-105.002,
,-5012570.458,-105.000,
,-5012570.458,-104.999,
,-5012570.458,-104.998,
,-5012570.458,-104.998,
,-5012570.458,-104.997,
,-5012570.457,-104.996,
,-5012570.457,-104.994,
,-5012570.457,-104.992,
,-5012570.457,-104.991,
,-5012570.456,-104.991,
,-5012570.456,-104.990,
,-5012570.456,-104.989,
,-5012570.455,-104.988,
,-5012570.454,-104.986,
,-5012570.454,-104.986,
,-5012570.453,-104.986,
,-5012570.452,-104.984,
,-5012570.450,-104.982,
,-5012570.450,-104.982,
,-5012570.449,-104.982,
,-5012570.447,-104.980,
,-5012570.446,-104.979,
,-5012570.446,-104.977,
,-5012570.445,-104.976,
,-5012570.446,-104.975,
,-5012570.446,-104.974,
,-5012570.446,-104.973,
,-5012570.446,-104.971,
,-5012570.447,-104.970,
,-5012570.447,-104.968,
,-5012570.447,-104.966,
,-5012570.447,-104.965,
,-5012570.447,-104.964,
,-5012570.447,-104.963,
,-5012570.446,-104.962,
,-5012570.444,-104.960,
,-5012570.444,-104.960,
,-5012570.443,-104.959,
,-5012570.443,-104.959,
,-5012570.442,-104.959,
,-5012570.441,-104.960,
,-5012570.440,-104.961,
,-5012570.439,-104.963,
,-5012570.439,-104.964,
,-5012570.438,-104.965,
,-5012570.438,-104.965,
,-5012570.437,-104.965,
,-5012570.437,-104.965,
,-5012570.436,-104.966,
,-5012570.435,-104.966,
,-5012570.433,-104.966,
,-5012570.432,-104.965,
,-5012570.431,-104.964,
,-5012570.430,-104.963,
,-5012570.430,-104.962,
,-5012570.429,-104.960,
,-5012570.428,-104.957,
,-5012570.428,-104.956,
,-5012570.428,-104.956,
,-5012570.427,-104.953,
,-5012570.426,-104.951,
,-5012570.423,-104.948,
,-5012570.421,-104.944,
,-5012570.420,-104.944,
,-5012570.420,-104.944,
,-5012570.419,-104.944,
,-5012570.419,-104.944,
,-5012570.417,-104.944,
,-5012570.415,-104.944,
,-5012570.415,-104.944,
,-5012570.414,-104.945,
,-5012570.412,-104.947,
,-5012570.410,-104.949,
,-5012570.409,-104.951,
,-5012570.409,-104.953,
,-5012570.407,-104.956,
,-5012570.405,-104.959,
,-5012570.403,-104.959,
,-5012570.402,-104.960,
,-5012570.400,-104.959,
,-5012570.399,-104.958,
,-5012570.397,-104.958,
,-5012570.396,-104.959,
,-5012570.396,-104.959,
,-5012570.395,-104.960,
,-5012570.396,-104.963,
,-5012570.397,-104.965,
,-5012570.397,-104.966,
,-5012570.396,-104.967,
,-5012570.395,-104.969,
,-5012570.393,-104.971,
,-5012570.393,-104.972,
,-5012570.392,-104.972,
,-5012570.391,-104.973,
,-5012570.390,-104.973,
,-5012570.388,-104.972,
,-5012570.387,-104.971,
,-5012570.386,-104.971,
,-5012570.385,-104.971,
,-5012570.379,-104.971,
,-5012570.374,-104.972,
,-5012570.371,-104.972,
,-5012570.368,-104.971,
,-5012570.367,-104.970,
,-5012570.366,-104.969,
,-5012570.365,-104.969,
,-5012570.364,-104.969,
,-5012570.365,-104.972,
,-5012570.365,-104.975,
,-5012570.364,-104.975,
,-5012570.363,-104.975,
,-5012570.359,-104.977,
,-5012570.356,-104.978,
,-5012570.355,-104.979,
,-5012570.354,-104.981,
,-5012570.352,-104.983,
,-5012570.350,-104.986,
,-5012570.349,-104.986,
,-5012570.348,-104.987,
,-5012570.348,-104.986,
,-5012570.347,-104.986,
,-5012570.348,-104.984,
,-5012570.348,-104.982,
,-5012570.349,-104.980,
,-5012570.350,-104.978,
,-5012570.350,-104.977,
,-5012570.350,-104.975,
,-5012570.349,-104.974,
,-5012570.348,-104.973,
,-5012570.347,-104.975,
,-5012570.345,-104.976,
,-5012570.345,-104.979,
,-5012570.345,-104.981,
,-5012570.345,-104.983,
,-5012570.344,-104.984,
,-5012570.343,-104.984,
,-5012570.343,-104.984,
,-5012570.342,-104.984,
,-5012570.342,-104.983,
,-5012570.341,-104.980,
,-5012570.341,-104.978,
,-5012570.340,-104.977,
,-5012570.340,-104.976,
,-5012570.339,-104.976,
,-5012570.338,-104.976,
,-5012570.337,-104.976,
,-5012570.336,-104.976,
,-5012570.335,-104.977,
,-5012570.334,-104.977,
,-5012570.333,-104.980,
,-5012570.332,-104.983,
,-5012570.330,-104.986,
,-5012570.328,-104.989,
,-5012570.326,-104.990,
,-5012570.324,-104.992,
,-5012570.323,-104.993,
,-5012570.322,-104.994,
,-5012570.322,-104.998,
,-5012570.321,-105.001,
,-5012570.318,-105.003,
,-5012570.316,-105.005,
,-5012570.314,-105.009,
,-5012570.311,-105.012,
,-5012570.310,-105.015,
,-5012570.308,-105.017,
,-5012570.306,-105.018,
,-5012570.304,-105.018,
,-5012570.304,-105.017,
,-5012570.303,-105.016,
,-5012570.302,-105.014,
,-5012570.302,-105.011,
,-5012570.301,-105.010,
,-5012570.301,-105.010,
,-5012570.299,-105.011,
,-5012570.298,-105.011,
,-5012570.298,-105.014,
,-5012570.298,-105.018,
,-5012570.298,-105.019,
,-5012570.297,-105.020,
,-5012570.296,-105.020,
,-5012570.294,-105.020,
,-5012570.293,-105.021,
,-5012570.292,-105.022,
,-5012570.293,-105.025,
,-5012570.293,-105.027,
,-5012570.293,-105.029,
,-5012570.293,-105.030,
,-5012570.292,-105.031,
,-5012570.292,-105.031,
,-5012570.291,-105.031,
,-5012570.290,-105.031,
,-5012570.289,-105.031,
,-5012570.288,-105.031,
,-5012570.288,-105.031,
,-5012570.288,-105.032,
,-5012570.288,-105.033,
,-5012570.288,-105.035,
,-5012570.288,-105.038,
,-5012570.288,-105.040,
,-5012570.287,-105.043,
,-5012570.286,-105.046,
,-5012570.286,-105.048,
,-5012570.285,-105.050,
,-5012570.286,-105.052,
,-5012570.287,-105.053,
,-5012570.289,-105.055,
,-5012570.291,-105.056,
,-5012570.291,-105.058,
,-5012570.291,-105.059,
,-5012570.291,-105.061,
,-5012570.291,-105.062,
,-5012570.289,-105.064,
,-5012570.288,-105.065,
,-5012570.288,-105.065,
,-5012570.288,-105.066,
,-5012570.288,-105.068,
,-5012570.289,-105.069,
,-5012570.289,-105.069,
,-5012570.290,-105.070,
,-5012570.292,-105.069,
,-5012570.294,-105.069,
,-5012570.295,-105.069,
,-5012570.296,-105.070,
,-5012570.297,-105.071,
,-5012570.298,-105.072,
,-5012570.298,-105.074,
,-5012570.299,-105.076,
,-5012570.299,-105.077,
,-5012570.299,-105.078,
,-5012570.297,-105.079,
,-5012570.295,-105.080,
,-5012570.294,-105.080,
,-5012570.292,-105.079,
,-5012570.291,-105.080,
,-5012570.289,-105.080,
,-5012570.289,-105.081,
,-5012570.289,-105.082,
,-5012570.288,-105.082,
,-5012570.287,-105.083,
,-5012570.283,-105.083,
,-5012570.279,-105.083,
,-5012570.279,-105.084,
,-5012570.278,-105.084,
,-5012570.278,-105.085,
,-5012570.278,-105.086,
,-5012570.278,-105.088,
,-5012570.278,-105.090,
,-5012570.277,-105.090,
,-5012570.277,-105.091,
,-5012570.276,-105.092,
,-5012570.275,-105.093,
,-5012570.274,-105.093,
,-5012570.274,-105.094,
,-5012570.274,-105.096,
,-5012570.274,-105.097,
,-5012570.274,-105.098,
,-5012570.275,-105.099,
,-5012570.275,-105.100,
,-5012570.275,-105.101,
,-5012570.274,-105.103,
,-5012570.273,-105.105,
,-5012570.272,-105.106,
,-5012570.272,-105.106,
,-5012570.271,-105.106,
,-5012570.270,-105.107,
,-5012570.269,-105.108,
,-5012570.269,-105.109,
,-5012570.269,-105.111,
,-5012570.269,-105.113,
,-5012570.269,-105.114,
,-5012570.268,-105.114,
,-5012570.265,-105.115,
,-5012570.261,-105.116,
,-5012570.260,-105.118,
,-5012570.258,-105.119,
,-5012570.258,-105.120,
,-5012570.258,-105.122,
,-5012570.259,-105.123,
,-5012570.260,-105.124,
,-5012570.261,-105.125,
,-5012570.261,-105.126,
,-5012570.260,-105.127,
,-5012570.260,-105.128,
,-5012570.258,-105.131,
,-5012570.256,-105.135,
,-5012570.255,-105.136,
,-5012570.254,-105.138,
,-5012570.253,-105.138,
,-5012570.252,-105.139,
,-5012570.251,-105.139,
,-5012570.250,-105.138,
,-5012570.249,-105.137,
,-5012570.247,-105.136,
,-5012570.247,-105.137,
,-5012570.246,-105.138,
,-5012570.245,-105.139,
,-5012570.243,-105.140,
,-5012570.241,-105.140,
,-5012570.239,-105.139,
,-5012570.238,-105.137,
,-5012570.237,-105.134,
,-5012570.237,-105.134,
,-5012570.236,-105.133,
,-5012570.234,-105.135,
,-5012570.232,-105.137,
,-5012570.231,-105.137,
,-5012570.230,-105.137,
,-5012570.229,-105.136,
,-5012570.229,-105.136,
,-5012570.228,-105.135,
,-5012570.228,-105.135,
,-5012570.228,-105.134,
,-5012570.228,-105.133,
,-5012570.229,-105.131,
,-5012570.231,-105.128,
,-5012570.232,-105.127,
,-5012570.233,-105.126,
,-5012570.233,-105.126,
,-5012570.233,-105.125,
,-5012570.232,-105.124,
,-5012570.231,-105.123,
,-5012570.230,-105.124,
,-5012570.229,-105.125,
,-5012570.228,-105.127,
,-5012570.227,-105.129,
,-5012570.226,-105.133,
,-5012570.225,-105.136,
,-5012570.226,-105.139,
,-5012570.226,-105.141,
,-5012570.226,-105.143,
,-5012570.227,-105.145,
,-5012570.228,-105.147,
,-5012570.230,-105.150,
,-5012570.230,-105.153,
,-5012570.231,-105.156,
,-5012570.231,-105.157,
,-5012570.231,-105.158,
,-5012570.231,-105.159,
,-5012570.231,-105.161,
,-5012570.230,-105.162,
,-5012570.229,-105.163,
,-5012570.228,-105.163,
,-5012570.226,-105.163,
,-5012570.225,-105.164,
,-5012570.224,-105.164,
,-5012570.223,-105.165,
,-5012570.223,-105.166,
,-5012570.223,-105.166,
,-5012570.223,-105.167,
,-5012570.223,-105.169,
,-5012570.224,-105.171,
,-5012570.224,-105.173,
,-5012570.224,-105.176,
,-5012570.225,-105.177,
,-5012570.225,-105.179,
,-5012570.227,-105.183,
,-5012570.229,-105.186,
,-5012570.230,-105.188,
,-5012570.230,-105.191,
,-5012570.231,-105.193,
,-5012570.232,-105.194,
,-5012570.233,-105.196,
,-5012570.233,-105.199,
,-5012570.233,-105.200,
,-5012570.233,-105.202,
,-5012570.232,-105.203,
,-5012570.230,-105.205,
,-5012570.228,-105.205,
,-5012570.225,-105.206,
,-5012570.225,-105.207,
,-5012570.224,-105.207,
,-5012570.223,-105.209,
,-5012570.223,-105.210,
,-5012570.224,-105.216,
,-5012570.226,-105.221,
,-5012570.226,-105.222,
,-5012570.226,-105.222,
,-5012570.226,-105.223,
,-5012570.225,-105.223,
,-5012570.223,-105.224,
,-5012570.221,-105.224,
,-5012570.219,-105.224,
,-5012570.217,-105.224,
,-5012570.215,-105.223,
,-5012570.213,-105.222,
,-5012570.211,-105.223,
,-5012570.210,-105.225,
,-5012570.210,-105.227,
,-5012570.210,-105.229,
,-5012570.210,-105.230,
,-5012570.209,-105.231,
,-5012570.209,-105.231,
,-5012570.208,-105.231,
,-5012570.207,-105.230,
,-5012570.207,-105.229,
,-5012570.206,-105.229,
,-5012570.205,-105.230,
,-5012570.205,-105.230,
,-5012570.204,-105.230,
,-5012570.204,-105.232,
,-5012570.204,-105.233,
,-5012570.207,-105.237,
,-5012570.210,-105.240,
,-5012570.210,-105.242,
,-5012570.210,-105.244,
,-5012570.210,-105.247,
,-5012570.210,-105.250,
,-5012570.208,-105.253,
,-5012570.207,-105.256,
,-5012570.203,-105.257,
,-5012570.199,-105.258,
,-5012570.199,-105.259,
,-5012570.199,-105.259,
,-5012570.200,-105.263,
,-5012570.201,-105.266,
,-5012570.201,-105.267,
,-5012570.201,-105.268,
,-5012570.199,-105.269,
,-5012570.197,-105.270,
,-5012570.196,-105.271,
,-5012570.195,-105.272,
,-5012570.196,-105.274,
,-5012570.196,-105.276,
,-5012570.196,-105.278,
,-5012570.197,-105.280,
,-5012570.198,-105.281,
,-5012570.200,-105.282,
,-5012570.200,-105.284,
,-5012570.201,-105.286,
,-5012570.201,-105.287,
,-5012570.201,-105.289,
,-5012570.200,-105.291,
,-5012570.200,-105.293,
,-5012570.198,-105.294,
,-5012570.195,-105.295,
,-5012570.195,-105.297,
,-5012570.195,-105.299,
,-5012570.195,-105.301,
,-5012570.196,-105.303,
,-5012570.196,-105.305,
,-5012570.196,-105.306,
,-5012570.195,-105.310,
,-5012570.193,-105.315,
,-5012570.194,-105.316,
,-5012570.194,-105.317,
,-5012570.193,-105.319,
,-5012570.193,-105.321,
,-5012570.192,-105.322,
,-5012570.192,-105.322,
,-5012570.191,-105.321,
,-5012570.191,-105.319,
,-5012570.190,-105.317,
,-5012570.189,-105.316,
,-5012570.188,-105.316,
,-5012570.188,-105.316,
,-5012570.188,-105.317,
,-5012570.186,-105.317,
,-5012570.184,-105.317,
,-5012570.184,-105.318,
,-5012570.183,-105.318,
,-5012570.183,-105.320,
,-5012570.183,-105.322,
,-5012570.183,-105.326,
,-5012570.184,-105.329,
,-5012570.184,-105.332,
,-5012570.185,-105.335,
,-5012570.187,-105.337,
,-5012570.189,-105.340,
,-5012570.190,-105.345,
,-5012570.191,-105.349,
,-5012570.192,-105.353,
,-5012570.192,-105.356,
,-5012570.192,-105.358,
,-5012570.191,-105.360,
,-5012570.189,-105.365,
,-5012570.187,-105.371,
,-5012570.187,-105.374,
,-5012570.187,-105.377,
,-5012570.187,-105.380,
,-5012570.187,-105.382,
,-5012570.185,-105.388,
,-5012570.184,-105.394,
,-5012570.182,-105.399,
,-5012570.180,-105.403,
,-5012570.178,-105.411,
,-5012570.176,-105.418,
,-5012570.174,-105.420,
,-5012570.173,-105.422,
,-5012570.171,-105.422,
,-5012570.169,-105.423,
,-5012570.166,-105.425,
,-5012570.164,-105.427,
,-5012570.163,-105.427,
,-5012570.162,-105.428,
,-5012570.160,-105.427,
,-5012570.159,-105.426,
,-5012570.157,-105.425,
,-5012570.155,-105.423,
,-5012570.154,-105.420,
,-5012570.152,-105.417,
,-5012570.150,-105.416,
,-5012570.148,-105.415,
,-5012570.147,-105.415,
,-5012570.145,-105.415,
,-5012570.143,-105.416,
,-5012570.141,-105.417,
,-5012570.139,-105.419,
,-5012570.136,-105.422,
,-5012570.135,-105.422,
,-5012570.134,-105.422,
,-5012570.131,-105.420,
,-5012570.128,-105.419,
,-5012570.127,-105.419,
,-5012570.127,-105.419,
,-5012570.126,-105.420,
,-5012570.125,-105.421,
,-5012570.124,-105.423,
,-5012570.124,-105.424,
,-5012570.124,-105.427,
,-5012570.124,-105.429,
,-5012570.123,-105.435,
,-5012570.122,-105.440,
,-5012570.122,-105.441,
,-5012570.121,-105.443,
,-5012570.121,-105.443,
,-5012570.120,-105.443,
,-5012570.118,-105.442,
,-5012570.116,-105.441,
,-5012570.112,-105.438,
,-5012570.108,-105.435,
,-5012570.092,-105.424,
,-5012570.077,-105.413,
,-5012570.074,-105.410,
,-5012570.071,-105.407,
,-5012570.070,-105.406,
,-5012570.069,-105.405,
,-5012570.057,-105.394,
,-5012570.045,-105.383,
,-5012570.037,-105.375,
,-5012570.030,-105.367,
,-5012570.027,-105.365,
,-5012570.024,-105.363,
,-5012570.020,-105.359,
,-5012570.016,-105.354,
,-5012570.012,-105.351,
,-5012570.009,-105.348,
,-5012570.007,-105.346,
,-5012570.006,-105.343,
,-5012570.002,-105.335,
,-5012569.998,-105.327,
,-5012569.996,-105.324,
,-5012569.995,-105.322,
,-5012569.992,-105.320,
,-5012569.989,-105.318,
,-5012569.988,-105.317,
,-5012569.987,-105.315,
,-5012569.986,-105.315,
,-5012569.985,-105.314,
,-5012569.980,-105.313,
,-5012569.975,-105.312,
,-5012569.955,-105.292,
,-5012569.934,-105.271,
,-5012569.926,-105.263,
,-5012569.919,-105.255,
,-5012569.913,-105.248,
,-5012569.907,-105.240,
,-5012569.899,-105.232,
,-5012569.891,-105.223,
,-5012569.888,-105.218,
,-5012569.885,-105.214,
,-5012569.878,-105.204,
,-5012569.870,-105.194,
,-5012569.866,-105.186,
,-5012569.861,-105.177,
,-5012569.860,-105.172,
,-5012569.858,-105.168,
,-5012569.854,-105.164,
,-5012569.851,-105.161,
,-5012569.848,-105.158,
,-5012569.846,-105.156,
,-5012569.843,-105.148,
,-5012569.839,-105.140,
,-5012569.829,-105.115,
,-5012569.818,-105.091,
,-5012569.813,-105.075,
,-5012569.808,-105.059,
,-5012569.804,-105.045,
,-5012569.800,-105.030,
,-5012569.798,-105.022,
,-5012569.797,-105.015,
,-5012569.794,-105.004,
,-5012569.791,-104.993,
,-5012569.789,-104.986,
,-5012569.788,-104.979,
,-5012569.786,-104.959,
,-5012569.784,-104.939,
,-5012569.783,-104.923,
,-5012569.782,-104.908,
,-5012569.782,-104.907,
,-5012569.783,-104.906,
,-5012569.786,-104.904,
,-5012569.789,-104.902,
,-5012569.789,-104.899,
,-5012569.790,-104.897,
,-5012569.790,-104.896,
,-5012569.790,-104.895,
,-5012569.789,-104.894,
,-5012569.789,-104.893,
,-5012569.787,-104.890,
,-5012569.785,-104.888,
,-5012569.784,-104.886,
,-5012569.783,-104.883,
,-5012569.781,-104.880,
,-5012569.780,-104.877,
,-5012569.779,-104.875,
,-5012569.778,-104.873,
,-5012569.779,-104.872,
,-5012569.780,-104.870,
,-5012569.780,-104.869,
,-5012569.780,-104.868,
,-5012569.779,-104.865,
,-5012569.778,-104.862,
,-5012569.775,-104.858,
,-5012569.773,-104.854,
,-5012569.768,-104.848,
,-5012569.764,-104.841,
,-5012569.762,-104.837,
,-5012569.759,-104.833,
,-5012569.750,-104.816,
,-5012569.742,-104.800,
,-5012569.737,-104.792,
,-5012569.733,-104.784,
,-5012569.731,-104.780,
,-5012569.729,-104.776,
,-5012569.724,-104.768,
,-5012569.720,-104.760,
,-5012569.718,-104.757,
,-5012569.716,-104.753,
,-5012569.716,-104.749,
,-5012569.716,-104.745,
,-5012569.716,-104.743,
,-5012569.716,-104.741,
,-5012569.716,-104.740,
,-5012569.715,-104.740,
,-5012569.710,-104.736,
,-5012569.705,-104.733,
,-5012569.702,-104.728,
,-5012569.699,-104.723,
,-5012569.692,-104.711,
,-5012569.685,-104.700,
,-5012569.684,-104.698,
,-5012569.682,-104.697,
,-5012569.681,-104.696,
,-5012569.679,-104.695,
,-5012569.647,-104.694,
,-5012569.614,-104.693,
,-5012569.613,-104.666,
,-5012569.612,-104.640,
,-5012569.613,-104.638,
,-5012569.613,-104.635,
,-5012569.613,-104.631,
,-5012569.613,-104.627,
,-5012569.613,-104.620,
,-5012569.614,-104.614,
,-5012569.609,-104.615,
,-5012569.604,-104.615,
,-5012569.604,-104.604,
,-5012569.604,-104.594,
,-5012569.603,-104.572,
,-5012569.602,-104.551,
,-5012569.602,-104.543,
,-5012569.602,-104.536,
,-5012569.596,-104.536,
,-5012569.591,-104.536,
,-5012569.591,-104.530,
,-5012569.591,-104.524,
,-5012569.591,-104.522,
,-5012569.591,-104.520,
,-5012569.590,-104.520,
,-5012569.588,-104.519,
,-5012569.585,-104.518,
,-5012569.585,-104.518,
,-5012569.585,-104.517,
,-5012569.586,-104.512,
,-5012569.586,-104.507,
,-5012569.586,-104.506,
,-5012569.587,-104.505,
,-5012569.589,-104.502,
,-5012569.591,-104.498,
,-5012569.592,-104.495,
,-5012569.593,-104.491,
,-5012569.593,-104.488,
,-5012569.594,-104.484,
,-5012569.594,-104.483,
,-5012569.595,-104.482,
,-5012569.596,-104.481,
,-5012569.597,-104.479,
,-5012569.598,-104.477,
,-5012569.599,-104.474,
,-5012569.599,-104.471,
,-5012569.599,-104.468,
,-5012569.600,-104.467,
,-5012569.600,-104.467,
,-5012569.601,-104.467,
,-5012569.601,-104.467,
,-5012569.603,-104.468,
,-5012569.604,-104.470,
,-5012569.611,-104.473,
,-5012569.618,-104.477,
,-5012569.619,-104.476,
,-5012569.619,-104.475,
,-5012569.620,-104.473,
,-5012569.621,-104.470,
,-5012569.622,-104.468,
,-5012569.624,-104.466,
,-5012569.627,-104.465,
,-5012569.630,-104.463,
,-5012569.631,-104.463,
,-5012569.631,-104.462,
,-5012569.632,-104.457,
,-5012569.633,-104.452,
,-5012569.633,-104.451,
,-5012569.633,-104.450,
,-5012569.632,-104.449,
,-5012569.630,-104.448,
,-5012569.630,-104.446,
,-5012569.629,-104.445,
,-5012569.629,-104.442,
,-5012569.630,-104.440,
,-5012569.630,-104.436,
,-5012569.629,-104.432,
,-5012569.630,-104.431,
,-5012569.631,-104.430,
,-5012569.632,-104.427,
,-5012569.633,-104.425,
,-5012569.634,-104.421,
,-5012569.635,-104.418,
,-5012569.633,-104.417,
,-5012569.631,-104.417,
,-5012569.629,-104.417,
,-5012569.628,-104.417,
,-5012569.628,-104.416,
,-5012569.628,-104.415,
,-5012569.629,-104.412,
,-5012569.631,-104.408,
,-5012569.640,-104.407,
,-5012569.649,-104.405,
,-5012569.648,-104.401,
,-5012569.647,-104.397,
,-5012569.647,-104.395,
,-5012569.646,-104.394,
,-5012569.646,-104.394,
,-5012569.646,-104.393,
,-5012569.642,-104.394,
,-5012569.638,-104.394,
,-5012569.634,-104.395,
,-5012569.630,-104.395,
,-5012569.629,-104.395,
,-5012569.629,-104.395,
,-5012569.628,-104.393,
,-5012569.628,-104.391,
,-5012569.626,-104.388,
,-5012569.624,-104.385,
,-5012569.621,-104.377,
,-5012569.618,-104.370,
,-5012569.618,-104.369,
,-5012569.618,-104.369,
,-5012569.620,-104.364,
,-5012569.621,-104.359,
,-5012569.622,-104.358,
,-5012569.623,-104.356,
,-5012569.623,-104.356,
,-5012569.624,-104.356,
,-5012569.628,-104.361,
,-5012569.633,-104.367,
,-5012569.634,-104.367,
,-5012569.635,-104.368,
,-5012569.636,-104.368,
,-5012569.636,-104.368,
,-5012569.637,-104.367,
,-5012569.637,-104.365,
,-5012569.637,-104.363,
,-5012569.636,-104.362,
,-5012569.636,-104.360,
,-5012569.634,-104.358,
,-5012569.632,-104.357,
,-5012569.632,-104.356,
,-5012569.632,-104.355,
,-5012569.632,-104.353,
,-5012569.633,-104.352,
,-5012569.632,-104.351,
,-5012569.632,-104.349,
,-5012569.631,-104.348,
,-5012569.630,-104.346,
,-5012569.631,-104.344,
,-5012569.632,-104.341,
,-5012569.632,-104.338,
,-5012569.632,-104.336,
,-5012569.634,-104.329,
,-5012569.636,-104.322,
,-5012569.640,-104.310,
,-5012569.643,-104.299,
,-5012569.643,-104.298,
,-5012569.642,-104.296,
,-5012569.638,-104.282,
,-5012569.635,-104.267,
,-5012569.633,-104.262,
,-5012569.631,-104.257,
,-5012569.630,-104.255,
,-5012569.629,-104.253,
,-5012569.629,-104.251,
,-5012569.628,-104.249,
,-5012569.626,-104.247,
,-5012569.623,-104.245,
,-5012569.623,-104.244,
,-5012569.623,-104.243,
,-5012569.624,-104.238,
,-5012569.624,-104.233,
,-5012569.629,-104.226,
,-5012569.633,-104.219,
,-5012569.635,-104.215,
,-5012569.638,-104.212,
,-5012569.639,-104.210,
,-5012569.640,-104.208,
,-5012569.640,-104.207,
,-5012569.640,-104.206,
,-5012569.639,-104.201,
,-5012569.639,-104.196,
,-5012569.639,-104.195,
,-5012569.639,-104.193,
,-5012569.644,-104.180,
,-5012569.649,-104.168,
,-5012569.649,-104.163,
,-5012569.649,-104.158,
,-5012569.647,-104.152,
,-5012569.646,-104.145,
,-5012569.646,-104.140,
,-5012569.645,-104.135,
,-5012569.645,-104.131,
,-5012569.645,-104.126,
,-5012569.644,-104.122,
,-5012569.644,-104.117,
,-5012569.644,-104.112,
,-5012569.643,-104.107,
,-5012569.643,-104.106,
,-5012569.642,-104.105,
,-5012569.640,-104.103,
,-5012569.638,-104.101,
,-5012569.637,-104.101,
,-5012569.635,-104.101,
,-5012569.629,-104.102,
,-5012569.623,-104.103,
,-5012569.622,-104.103,
,-5012569.622,-104.102,
,-5012569.622,-104.101,
,-5012569.622,-104.100,
,-5012569.621,-104.097,
,-5012569.620,-104.094,
,-5012569.619,-104.091,
,-5012569.618,-104.088,
,-5012569.616,-104.083,
,-5012569.614,-104.077,
,-5012569.614,-104.076,
,-5012569.614,-104.075,
,-5012569.616,-104.073,
,-5012569.618,-104.072,
,-5012569.619,-104.072,
,-5012569.620,-104.072,
,-5012569.620,-104.073,
,-5012569.620,-104.074,
,-5012569.620,-104.076,
,-5012569.621,-104.078,
,-5012569.621,-104.080,
,-5012569.621,-104.082,
,-5012569.621,-104.084,
,-5012569.621,-104.085,
,-5012569.622,-104.086,
,-5012569.623,-104.088,
,-5012569.625,-104.090,
,-5012569.627,-104.090,
,-5012569.629,-104.090,
,-5012569.630,-104.091,
,-5012569.631,-104.093,
,-5012569.634,-104.094,
,-5012569.637,-104.095,
,-5012569.638,-104.095,
,-5012569.639,-104.095,
,-5012569.640,-104.094,
,-5012569.641,-104.092,
,-5012569.641,-104.091,
,-5012569.640,-104.089,
,-5012569.638,-104.086,
,-5012569.635,-104.084,
,-5012569.635,-104.083,
,-5012569.635,-104.082,
,-5012569.635,-104.080,
,-5012569.635,-104.079,
,-5012569.637,-104.076,
,-5012569.639,-104.074,
,-5012569.639,-104.072,
,-5012569.639,-104.070,
,-5012569.638,-104.068,
,-5012569.637,-104.066,
,-5012569.636,-104.064,
,-5012569.636,-104.063,
,-5012569.637,-104.061,
,-5012569.637,-104.059,
,-5012569.637,-104.058,
,-5012569.637,-104.057,
,-5012569.636,-104.056,
,-5012569.635,-104.055,
,-5012569.632,-104.055,
,-5012569.629,-104.055,
,-5012569.623,-104.056,
,-5012569.617,-104.057,
,-5012569.615,-104.057,
,-5012569.614,-104.058,
,-5012569.613,-104.060,
,-5012569.611,-104.062,
,-5012569.606,-104.065,
,-5012569.601,-104.067,
,-5012569.600,-104.067,
,-5012569.599,-104.066,
,-5012569.598,-104.068,
,-5012569.597,-104.070,
,-5012569.596,-104.070,
,-5012569.596,-104.070,
,-5012569.594,-104.068,
,-5012569.593,-104.066,
,-5012569.589,-104.063,
,-5012569.586,-104.060,
,-5012569.581,-104.057,
,-5012569.577,-104.055,
,-5012569.573,-104.053,
,-5012569.569,-104.051,
,-5012569.567,-104.051,
,-5012569.565,-104.050,
,-5012569.564,-104.050,
,-5012569.564,-104.050,
,-5012569.563,-104.047,
,-5012569.562,-104.044,
,-5012569.562,-104.044,
,-5012569.562,-104.043,
,-5012569.559,-104.043,
,-5012569.557,-104.043,
,-5012569.556,-104.042,
,-5012569.555,-104.041,
,-5012569.550,-104.039,
,-5012569.545,-104.037,
,-5012569.543,-104.035,
,-5012569.541,-104.034,
,-5012569.539,-104.035,
,-5012569.538,-104.036,
,-5012569.537,-104.038,
,-5012569.537,-104.040,
,-5012569.536,-104.042,
,-5012569.536,-104.043,
,-5012569.537,-104.046,
,-5012569.538,-104.048,
,-5012569.538,-104.049,
,-5012569.537,-104.050,
,-5012569.536,-104.049,
,-5012569.535,-104.048,
,-5012569.534,-104.048,
,-5012569.534,-104.048,
,-5012569.532,-104.049,
,-5012569.531,-104.049,
,-5012569.530,-104.048,
,-5012569.530,-104.047,
,-5012569.529,-104.047,
,-5012569.529,-104.047,
,-5012569.528,-104.048,
,-5012569.527,-104.050,
,-5012569.527,-104.054,
,-5012569.526,-104.058,
,-5012569.525,-104.061,
,-5012569.524,-104.064,
,-5012569.524,-104.064,
,-5012569.523,-104.065,
,-5012569.520,-104.063,
,-5012569.516,-104.061,
,-5012569.513,-104.057,
,-5012569.510,-104.054,
,-5012569.507,-104.049,
,-5012569.504,-104.043,
,-5012569.499,-104.036,
,-5012569.494,-104.029,
,-5012569.492,-104.030,
,-5012569.490,-104.030,
,-5012569.490,-104.030,
,-5012569.489,-104.030,
,-5012569.489,-104.027,
,-5012569.489,-104.025,
,-5012569.488,-104.025,
,-5012569.487,-104.025,
,-5012569.487,-104.024,
,-5012569.487,-104.023,
,-5012569.487,-104.022,
,-5012569.487,-104.021,
,-5012569.488,-104.020,
,-5012569.489,-104.019,
,-5012569.489,-104.018,
,-5012569.489,-104.017,
,-5012569.488,-104.016,
,-5012569.488,-104.015,
,-5012569.487,-104.014,
,-5012569.487,-104.014,
,-5012569.488,-104.011,
,-5012569.488,-104.009,
,-5012569.488,-104.008,
,-5012569.488,-104.006,
,-5012569.485,-104.000,
,-5012569.483,-103.993,
,-5012569.482,-103.992,
,-5012569.481,-103.991,
,-5012569.480,-103.990,
,-5012569.479,-103.989,
,-5012569.478,-103.990,
,-5012569.477,-103.991,
,-5012569.476,-103.997,
,-5012569.474,-104.004,
,-5012569.473,-104.007,
,-5012569.471,-104.010,
,-5012569.471,-104.011,
,-5012569.471,-104.011,
,-5012569.469,-104.010,
,-5012569.467,-104.009,
,-5012569.466,-104.009,
,-5012569.466,-104.009,
,-5012569.465,-104.014,
,-5012569.464,-104.019,
,-5012569.463,-104.023,
,-5012569.462,-104.027,
,-5012569.462,-104.028,
,-5012569.461,-104.028,
,-5012569.459,-104.028,
,-5012569.457,-104.028,
,-5012569.455,-104.027,
,-5012569.452,-104.026,
,-5012569.452,-104.026,
,-5012569.451,-104.026,
,-5012569.450,-104.025,
,-5012569.450,-104.025,
,-5012569.445,-104.015,
,-5012569.440,-104.006,
,-5012569.437,-103.999,
,-5012569.433,-103.993,
,-5012569.432,-103.988,
,-5012569.432,-103.984,
,-5012569.431,-103.982,
,-5012569.430,-103.979,
,-5012569.428,-103.975,
,-5012569.426,-103.971,
,-5012569.425,-103.971,
,-5012569.424,-103.970,
,-5012569.422,-103.970,
,-5012569.420,-103.971,
,-5012569.419,-103.970,
,-5012569.417,-103.970,
,-5012569.416,-103.969,
,-5012569.415,-103.968,
,-5012569.413,-103.962,
,-5012569.411,-103.957,
,-5012569.411,-103.954,
,-5012569.411,-103.952,
,-5012569.411,-103.949,
,-5012569.411,-103.947,
,-5012569.411,-103.943,
,-5012569.411,-103.940,
,-5012569.412,-103.937,
,-5012569.412,-103.933,
,-5012569.413,-103.931,
,-5012569.413,-103.928,
,-5012569.413,-103.926,
,-5012569.413,-103.924,
,-5012569.412,-103.924,
,-5012569.411,-103.923,
,-5012569.411,-103.922,
,-5012569.411,-103.922,
,-5012569.411,-103.921,
,-5012569.411,-103.920,
,-5012569.410,-103.917,
,-5012569.409,-103.914,
,-5012569.410,-103.914,
,-5012569.410,-103.913,
,-5012569.414,-103.913,
,-5012569.418,-103.912,
,-5012569.420,-103.913,
,-5012569.423,-103.913,
,-5012569.428,-103.916,
,-5012569.433,-103.919,
,-5012569.434,-103.918,
,-5012569.434,-103.918,
,-5012569.435,-103.918,
,-5012569.435,-103.917,
,-5012569.437,-103.910,
,-5012569.439,-103.903,
,-5012569.440,-103.900,
,-5012569.441,-103.896,
,-5012569.442,-103.891,
,-5012569.444,-103.886,
,-5012569.441,-103.882,
,-5012569.438,-103.877,
,-5012569.438,-103.875,
,-5012569.438,-103.873,
,-5012569.438,-103.870,
,-5012569.439,-103.866,
,-5012569.440,-103.863,
,-5012569.440,-103.861,
,-5012569.437,-103.858,
,-5012569.435,-103.856,
,-5012569.434,-103.855,
,-5012569.433,-103.854,
,-5012569.434,-103.852,
,-5012569.435,-103.849,
,-5012569.437,-103.851,
,-5012569.439,-103.852,
,-5012569.440,-103.852,
,-5012569.440,-103.852,
,-5012569.440,-103.850,
,-5012569.440,-103.847,
,-5012569.443,-103.844,
,-5012569.446,-103.840,
,-5012569.447,-103.838,
,-5012569.447,-103.836,
,-5012569.445,-103.835,
,-5012569.443,-103.833,
,-5012569.442,-103.833,
,-5012569.442,-103.832,
,-5012569.442,-103.831,
,-5012569.442,-103.830,
,-5012569.442,-103.829,
,-5012569.442,-103.828,
,-5012569.441,-103.827,
,-5012569.440,-103.826,
,-5012569.439,-103.825,
,-5012569.438,-103.824,
,-5012569.439,-103.823,
,-5012569.439,-103.821,
,-5012569.439,-103.820,
,-5012569.439,-103.818,
,-5012569.438,-103.818,
,-5012569.437,-103.817,
,-5012569.433,-103.814,
,-5012569.429,-103.812,
,-5012569.428,-103.811,
,-5012569.428,-103.810,
,-5012569.428,-103.809,
,-5012569.428,-103.808,
,-5012569.429,-103.805,
,-5012569.430,-103.801,
,-5012569.430,-103.800,
,-5012569.431,-103.800,
,-5012569.435,-103.803,
,-5012569.440,-103.806,
,-5012569.441,-103.807,
,-5012569.442,-103.807,
,-5012569.442,-103.804,
,-5012569.443,-103.802,
,-5012569.444,-103.798,
,-5012569.445,-103.794,
,-5012569.445,-103.793,
,-5012569.445,-103.791,
,-5012569.444,-103.791,
,-5012569.444,-103.790,
,-5012569.441,-103.788,
,-5012569.438,-103.785,
,-5012569.439,-103.780,
,-5012569.440,-103.776,
,-5012569.441,-103.773,
,-5012569.442,-103.770,
,-5012569.442,-103.768,
,-5012569.442,-103.765,
,-5012569.442,-103.764,
,-5012569.441,-103.762,
,-5012569.440,-103.760,
,-5012569.438,-103.759,
,-5012569.438,-103.757,
,-5012569.437,-103.756,
,-5012569.438,-103.753,
,-5012569.438,-103.750,
,-5012569.438,-103.748,
,-5012569.439,-103.747,
,-5012569.440,-103.746,
,-5012569.441,-103.746,
,-5012569.441,-103.745,
,-5012569.442,-103.744,
,-5012569.442,-103.742,
,-5012569.442,-103.739,
,-5012569.442,-103.736,
,-5012569.442,-103.734,
,-5012569.440,-103.732,
,-5012569.439,-103.729,
,-5012569.438,-103.727,
,-5012569.438,-103.725,
,-5012569.437,-103.722,
,-5012569.436,-103.720,
,-5012569.434,-103.719,
,-5012569.432,-103.717,
,-5012569.431,-103.717,
,-5012569.429,-103.717,
,-5012569.428,-103.717,
,-5012569.427,-103.716,
,-5012569.426,-103.715,
,-5012569.426,-103.715,
,-5012569.426,-103.713,
,-5012569.427,-103.712,
,-5012569.427,-103.711,
,-5012569.427,-103.710,
,-5012569.426,-103.704,
,-5012569.425,-103.699,
,-5012569.426,-103.699,
,-5012569.428,-103.698,
,-5012569.431,-103.697,
,-5012569.431,-103.696,
,-5012569.432,-103.694,
,-5012569.433,-103.692,
,-5012569.434,-103.690,
,-5012569.434,-103.689,
,-5012569.434,-103.688,
,-5012569.434,-103.687,
,-5012569.433,-103.686,
,-5012569.432,-103.683,
,-5012569.430,-103.681,
,-5012569.432,-103.679,
,-5012569.434,-103.676,
,-5012569.436,-103.674,
,-5012569.439,-103.673,
,-5012569.444,-103.668,
,-5012569.450,-103.663,
,-5012569.454,-103.662,
,-5012569.458,-103.660,
,-5012569.459,-103.657,
,-5012569.461,-103.654,
,-5012569.462,-103.654,
,-5012569.462,-103.654,
,-5012569.463,-103.654,
,-5012569.464,-103.655,
,-5012569.468,-103.660,
,-5012569.472,-103.666,
,-5012569.475,-103.663,
,-5012569.477,-103.661,
,-5012569.479,-103.657,
,-5012569.481,-103.654,
,-5012569.482,-103.653,
,-5012569.483,-103.652,
,-5012569.484,-103.652,
,-5012569.485,-103.652,
,-5012569.486,-103.653,
,-5012569.487,-103.653,
,-5012569.488,-103.652,
,-5012569.489,-103.651,
,-5012569.490,-103.651,
,-5012569.491,-103.650,
,-5012569.491,-103.648,
,-5012569.492,-103.646,
,-5012569.493,-103.644,
,-5012569.494,-103.642,
,-5012569.495,-103.641,
,-5012569.496,-103.640,
,-5012569.496,-103.638,
,-5012569.497,-103.637,
,-5012569.498,-103.636,
,-5012569.498,-103.636,
,-5012569.499,-103.633,
,-5012569.501,-103.631,
,-5012569.501,-103.629,
,-5012569.501,-103.627,
,-5012569.501,-103.626,
,-5012569.500,-103.625,
,-5012569.500,-103.624,
,-5012569.500,-103.623,
,-5012569.500,-103.621,
,-5012569.499,-103.620,
,-5012569.499,-103.619,
,-5012569.499,-103.618,
,-5012569.498,-103.617,
,-5012569.497,-103.616,
,-5012569.496,-103.615,
,-5012569.495,-103.615,
,-5012569.495,-103.615,
,-5012569.493,-103.614,
,-5012569.492,-103.613,
,-5012569.492,-103.613,
,-5012569.491,-103.613,
,-5012569.491,-103.613,
,-5012569.490,-103.612,
,-5012569.489,-103.611,
,-5012569.488,-103.611,
,-5012569.487,-103.610,
,-5012569.487,-103.609,
,-5012569.485,-103.609,
,-5012569.484,-103.609,
,-5012569.484,-103.608,
,-5012569.483,-103.607,
,-5012569.482,-103.607,
,-5012569.482,-103.607,
,-5012569.480,-103.606,
,-5012569.478,-103.604,
,-5012569.477,-103.603,
,-5012569.477,-103.603,
,-5012569.476,-103.603,
,-5012569.475,-103.603,
,-5012569.475,-103.602,
,-5012569.474,-103.601,
,-5012569.474,-103.601,
,-5012569.473,-103.601,
,-5012569.472,-103.601,
,-5012569.472,-103.600,
,-5012569.471,-103.600,
,-5012569.469,-103.599,
,-5012569.467,-103.598,
,-5012569.465,-103.596,
,-5012569.464,-103.596,
,-5012569.464,-103.595,
,-5012569.463,-103.595,
,-5012569.463,-103.594,
,-5012569.462,-103.593,
,-5012569.461,-103.593,
,-5012569.462,-103.591,
,-5012569.462,-103.590,
,-5012569.464,-103.585,
,-5012569.465,-103.580,
,-5012569.465,-103.579,
,-5012569.465,-103.578,
,-5012569.465,-103.578,
,-5012569.466,-103.577,
,-5012569.466,-103.577,
,-5012569.467,-103.577,
,-5012569.467,-103.578,
,-5012569.468,-103.579,
,-5012569.469,-103.579,
,-5012569.470,-103.580,
,-5012569.471,-103.580,
,-5012569.471,-103.581,
,-5012569.472,-103.581,
,-5012569.474,-103.581,
,-5012569.474,-103.580,
,-5012569.474,-103.580,
,-5012569.475,-103.580,
,-5012569.475,-103.580,
,-5012569.476,-103.579,
,-5012569.477,-103.578,
,-5012569.478,-103.578,
,-5012569.479,-103.578,
,-5012569.480,-103.576,
,-5012569.481,-103.575,
,-5012569.482,-103.575,
,-5012569.482,-103.575,
,-5012569.483,-103.575,
,-5012569.483,-103.576,
,-5012569.486,-103.579,
,-5012569.488,-103.583,
,-5012569.489,-103.583,
,-5012569.490,-103.583,
,-5012569.490,-103.584,
,-5012569.491,-103.585,
,-5012569.492,-103.586,
,-5012569.492,-103.587,
,-5012569.493,-103.587,
,-5012569.493,-103.587,
,-5012569.494,-103.585,
,-5012569.494,-103.583,
,-5012569.495,-103.583,
,-5012569.495,-103.582,
,-5012569.496,-103.584,
,-5012569.498,-103.585,
,-5012569.498,-103.585,
,-5012569.498,-103.585,
,-5012569.499,-103.586,
,-5012569.500,-103.586,
,-5012569.501,-103.586,
,-5012569.501,-103.586,
,-5012569.502,-103.586,
,-5012569.503,-103.585,
,-5012569.504,-103.585,
,-5012569.505,-103.585,
,-5012569.506,-103.584,
,-5012569.507,-103.583,
,-5012569.507,-103.582,
,-5012569.507,-103.581,
,-5012569.507,-103.580,
,-5012569.507,-103.579,
,-5012569.507,-103.579,
,-5012569.507,-103.578,
,-5012569.508,-103.577,
,-5012569.509,-103.577,
,-5012569.511,-103.578,
,-5012569.511,-103.578,
,-5012569.513,-103.578,
,-5012569.515,-103.578,
,-5012569.516,-103.579,
,-5012569.517,-103.580,
,-5012569.518,-103.581,
,-5012569.519,-103.581,
,-5012569.520,-103.583,
,-5012569.521,-103.585,
,-5012569.522,-103.586,
,-5012569.523,-103.586,
,-5012569.523,-103.587,
,-5012569.524,-103.589,
,-5012569.525,-103.589,
,-5012569.525,-103.590,
,-5012569.526,-103.589,
,-5012569.527,-103.588,
,-5012569.527,-103.587,
,-5012569.528,-103.585,
,-5012569.529,-103.585,
,-5012569.529,-103.584,
,-5012569.530,-103.582,
,-5012569.531,-103.580,
,-5012569.531,-103.579,
,-5012569.532,-103.578,
,-5012569.533,-103.578,
,-5012569.534,-103.578,
,-5012569.534,-103.578,
,-5012569.534,-103.579,
,-5012569.534,-103.581,
,-5012569.535,-103.582,
,-5012569.535,-103.583,
,-5012569.535,-103.583,
,-5012569.535,-103.584,
,-5012569.536,-103.585,
,-5012569.536,-103.586,
,-5012569.537,-103.586,
,-5012569.538,-103.586,
,-5012569.538,-103.587,
,-5012569.539,-103.588,
,-5012569.539,-103.588,
,-5012569.540,-103.588,
,-5012569.540,-103.589,
,-5012569.541,-103.590,
,-5012569.541,-103.590,
,-5012569.542,-103.590,
,-5012569.542,-103.590,
,-5012569.543,-103.590,
,-5012569.543,-103.590,
,-5012569.544,-103.589,
,-5012569.544,-103.589,
,-5012569.544,-103.588,
,-5012569.544,-103.586,
,-5012569.545,-103.586,
,-5012569.546,-103.586,
,-5012569.547,-103.587,
,-5012569.548,-103.586,
,-5012569.549,-103.585,
,-5012569.550,-103.585,
,-5012569.550,-103.585,
,-5012569.551,-103.584,
,-5012569.551,-103.583,
,-5012569.552,-103.582,
,-5012569.553,-103.582,
,-5012569.553,-103.581,
,-5012569.553,-103.580,
,-5012569.554,-103.580,
,-5012569.554,-103.580,
,-5012569.555,-103.578,
,-5012569.556,-103.576,
,-5012569.556,-103.576,
,-5012569.556,-103.575,
,-5012569.556,-103.574,
,-5012569.556,-103.573,
,-5012569.555,-103.571,
,-5012569.555,-103.569,
,-5012569.554,-103.568,
,-5012569.553,-103.567,
,-5012569.552,-103.567,
,-5012569.552,-103.566,
,-5012569.549,-103.564,
,-5012569.547,-103.561,
,-5012569.546,-103.561,
,-5012569.546,-103.561,
,-5012569.545,-103.561,
,-5012569.544,-103.560,
,-5012569.543,-103.560,
,-5012569.542,-103.560,
,-5012569.542,-103.560,
,-5012569.541,-103.560,
,-5012569.540,-103.559,
,-5012569.539,-103.559,
,-5012569.538,-103.558,
,-5012569.537,-103.557,
,-5012569.535,-103.556,
,-5012569.534,-103.555,
,-5012569.534,-103.553,
,-5012569.534,-103.553,
,-5012569.534,-103.552,
,-5012569.534,-103.550,
,-5012569.535,-103.549,
,-5012569.535,-103.548,
,-5012569.537,-103.544,
,-5012569.539,-103.541,
,-5012569.540,-103.540,
,-5012569.540,-103.538,
,-5012569.540,-103.538,
,-5012569.541,-103.538,
,-5012569.541,-103.538,
,-5012569.542,-103.538,
,-5012569.542,-103.538,
,-5012569.543,-103.537,
,-5012569.544,-103.537,
,-5012569.545,-103.537,
,-5012569.545,-103.536,
,-5012569.545,-103.536,
,-5012569.546,-103.535,
,-5012569.546,-103.534,
,-5012569.546,-103.533,
,-5012569.546,-103.532,
,-5012569.546,-103.531,
,-5012569.546,-103.531,
,-5012569.546,-103.530,
,-5012569.546,-103.530,
,-5012569.545,-103.530,
,-5012569.544,-103.530,
,-5012569.543,-103.531,
,-5012569.543,-103.532,
,-5012569.541,-103.532,
,-5012569.540,-103.533,
,-5012569.539,-103.532,
,-5012569.538,-103.532,
,-5012569.538,-103.530,
,-5012569.537,-103.529,
,-5012569.537,-103.528,
,-5012569.537,-103.528,
,-5012569.537,-103.526,
,-5012569.536,-103.525,
,-5012569.536,-103.525,
,-5012569.536,-103.524,
,-5012569.535,-103.521,
,-5012569.534,-103.518,
,-5012569.534,-103.517,
,-5012569.534,-103.516,
,-5012569.533,-103.515,
,-5012569.533,-103.514,
,-5012569.533,-103.513,
,-5012569.533,-103.512,
,-5012569.532,-103.511,
,-5012569.532,-103.508,
,-5012569.532,-103.506,
,-5012569.531,-103.505,
,-5012569.531,-103.504,
,-5012569.531,-103.503,
,-5012569.530,-103.503,
,-5012569.529,-103.503,
,-5012569.529,-103.504,
,-5012569.528,-103.505,
,-5012569.527,-103.505,
,-5012569.527,-103.505,
,-5012569.526,-103.506,
,-5012569.525,-103.506,
,-5012569.524,-103.506,
,-5012569.524,-103.505,
,-5012569.524,-103.504,
,-5012569.524,-103.504,
,-5012569.524,-103.503,
,-5012569.524,-103.502,
,-5012569.524,-103.498,
,-5012569.524,-103.495,
,-5012569.524,-103.494,
,-5012569.524,-103.490,
,-5012569.524,-103.487,
,-5012569.524,-103.486,
,-5012569.525,-103.486,
,-5012569.525,-103.486,
,-5012569.526,-103.486,
,-5012569.526,-103.486,
,-5012569.529,-103.486,
,-5012569.531,-103.486,
,-5012569.531,-103.486,
,-5012569.532,-103.486,
,-5012569.532,-103.485,
,-5012569.533,-103.485,
,-5012569.534,-103.485,
,-5012569.535,-103.484,
,-5012569.536,-103.484,
,-5012569.537,-103.483,
,-5012569.538,-103.481,
,-5012569.539,-103.480,
,-5012569.540,-103.478,
,-5012569.542,-103.476,
,-5012569.543,-103.475,
,-5012569.543,-103.474,
,-5012569.543,-103.474,
,-5012569.541,-103.471,
,-5012569.540,-103.467,
,-5012569.540,-103.467,
,-5012569.539,-103.466,
,-5012569.539,-103.465,
,-5012569.539,-103.464,
,-5012569.539,-103.464,
,-5012569.540,-103.463,
,-5012569.540,-103.462,
,-5012569.540,-103.461,
,-5012569.541,-103.461,
,-5012569.541,-103.461,
,-5012569.542,-103.461,
,-5012569.542,-103.461,
,-5012569.543,-103.460,
,-5012569.543,-103.459,
,-5012569.543,-103.458,
,-5012569.544,-103.458,
,-5012569.545,-103.456,
,-5012569.546,-103.454,
,-5012569.546,-103.453,
,-5012569.546,-103.452,
,-5012569.547,-103.451,
,-5012569.548,-103.449,
,-5012569.548,-103.447,
,-5012569.548,-103.446,
,-5012569.547,-103.444,
,-5012569.546,-103.443,
,-5012569.546,-103.442,
,-5012569.546,-103.441,
,-5012569.545,-103.441,
,-5012569.545,-103.441,
,-5012569.544,-103.440,
,-5012569.544,-103.438,
,-5012569.543,-103.438,
,-5012569.543,-103.437,
,-5012569.542,-103.436,
,-5012569.542,-103.435,
,-5012569.541,-103.435,
,-5012569.541,-103.435,
,-5012569.540,-103.435,
,-5012569.540,-103.436,
,-5012569.539,-103.438,
,-5012569.538,-103.440,
,-5012569.538,-103.440,
,-5012569.537,-103.440,
,-5012569.536,-103.439,
,-5012569.534,-103.438,
,-5012569.533,-103.437,
,-5012569.531,-103.436,
,-5012569.531,-103.436,
,-5012569.530,-103.436,
,-5012569.529,-103.435,
,-5012569.528,-103.434,
,-5012569.527,-103.434,
,-5012569.527,-103.434,
,-5012569.526,-103.433,
,-5012569.526,-103.432,
,-5012569.525,-103.432,
,-5012569.525,-103.432,
,-5012569.522,-103.430,
,-5012569.519,-103.428,
,-5012569.518,-103.428,
,-5012569.518,-103.428,
,-5012569.518,-103.428,
,-5012569.517,-103.427,
,-5012569.517,-103.426,
,-5012569.517,-103.425,
,-5012569.516,-103.425,
,-5012569.516,-103.424,
,-5012569.515,-103.422,
,-5012569.515,-103.420,
,-5012569.514,-103.418,
,-5012569.513,-103.415,
,-5012569.513,-103.415,
,-5012569.512,-103.414,
,-5012569.512,-103.413,
,-5012569.512,-103.413,
,-5012569.512,-103.412,
,-5012569.511,-103.411,
,-5012569.511,-103.410,
,-5012569.511,-103.409,
,-5012569.510,-103.408,
,-5012569.510,-103.408,
,-5012569.509,-103.407,
,-5012569.509,-103.406,
,-5012569.509,-103.405,
,-5012569.509,-103.405,
,-5012569.509,-103.404,
,-5012569.508,-103.403,
,-5012569.508,-103.403,
,-5012569.508,-103.402,
,-5012569.508,-103.401,
,-5012569.508,-103.400,
,-5012569.507,-103.400,
,-5012569.507,-103.395,
,-5012569.507,-103.391,
,-5012569.507,-103.389,
,-5012569.506,-103.388,
,-5012569.506,-103.386,
,-5012569.506,-103.384,
,-5012569.505,-103.383,
,-5012569.505,-103.382,
,-5012569.505,-103.381,
,-5012569.504,-103.380,
,-5012569.503,-103.378,
,-5012569.503,-103.376,
,-5012569.503,-103.374,
,-5012569.503,-103.372,
,-5012569.503,-103.372,
,-5012569.504,-103.371,
,-5012569.509,-103.371,
,-5012569.515,-103.371,
,-5012569.515,-103.371,
,-5012569.516,-103.371,
,-5012569.518,-103.371,
,-5012569.519,-103.371,
,-5012569.520,-103.371,
,-5012569.520,-103.370,
,-5012569.521,-103.370,
,-5012569.522,-103.370,
,-5012569.523,-103.370,
,-5012569.523,-103.369,
,-5012569.524,-103.369,
,-5012569.524,-103.369,
,-5012569.524,-103.369,
,-5012569.525,-103.368,
,-5012569.526,-103.367,
,-5012569.527,-103.367,
,-5012569.528,-103.366,
,-5012569.529,-103.365,
,-5012569.530,-103.365,
,-5012569.531,-103.365,
,-5012569.531,-103.364,
,-5012569.532,-103.364,
,-5012569.534,-103.364,
,-5012569.534,-103.364,
,-5012569.534,-103.364,
,-5012569.535,-103.363,
,-5012569.536,-103.363,
,-5012569.536,-103.363,
,-5012569.537,-103.363,
,-5012569.538,-103.363,
,-5012569.539,-103.363,
,-5012569.539,-103.362,
,-5012569.540,-103.361,
,-5012569.541,-103.361,
,-5012569.542,-103.360,
,-5012569.542,-103.359,
,-5012569.543,-103.359,
,-5012569.543,-103.359,
,-5012569.544,-103.358,
,-5012569.544,-103.357,
,-5012569.544,-103.356,
,-5012569.545,-103.355,
,-5012569.545,-103.353,
,-5012569.545,-103.352,
,-5012569.545,-103.351,
,-5012569.546,-103.350,
,-5012569.546,-103.349,
,-5012569.547,-103.344,
,-5012569.548,-103.340,
,-5012569.548,-103.338,
,-5012569.548,-103.336,
,-5012569.549,-103.335,
,-5012569.549,-103.334,
,-5012569.549,-103.333,
,-5012569.549,-103.332,
,-5012569.549,-103.331,
,-5012569.550,-103.330,
,-5012569.550,-103.329,
,-5012569.551,-103.327,
,-5012569.550,-103.324,
,-5012569.550,-103.322,
,-5012569.550,-103.322,
,-5012569.550,-103.320,
,-5012569.549,-103.319,
,-5012569.548,-103.317,
,-5012569.547,-103.314,
,-5012569.546,-103.313,
,-5012569.545,-103.312,
,-5012569.544,-103.311,
,-5012569.544,-103.310,
,-5012569.541,-103.307,
,-5012569.539,-103.304,
,-5012569.536,-103.301,
,-5012569.533,-103.298,
,-5012569.533,-103.298,
,-5012569.532,-103.297,
,-5012569.532,-103.297,
,-5012569.531,-103.297,
,-5012569.531,-103.296,
,-5012569.530,-103.294,
,-5012569.529,-103.294,
,-5012569.528,-103.294,
,-5012569.525,-103.297,
,-5012569.522,-103.299,
,-5012569.521,-103.299,
,-5012569.521,-103.299,
,-5012569.520,-103.300,
,-5012569.519,-103.300,
,-5012569.518,-103.300,
,-5012569.517,-103.301,
,-5012569.516,-103.302,
,-5012569.517,-103.303,
,-5012569.517,-103.304,
,-5012569.517,-103.305,
,-5012569.517,-103.306,
,-5012569.517,-103.307,
,-5012569.517,-103.307,
,-5012569.518,-103.308,
,-5012569.518,-103.310,
,-5012569.518,-103.311,
,-5012569.518,-103.312,
,-5012569.519,-103.313,
,-5012569.519,-103.315,
,-5012569.519,-103.315,
,-5012569.519,-103.317,
,-5012569.519,-103.319,
,-5012569.519,-103.320,
,-5012569.520,-103.320,
,-5012569.520,-103.323,
,-5012569.520,-103.326,
,-5012569.520,-103.327,
,-5012569.520,-103.329,
,-5012569.520,-103.331,
,-5012569.520,-103.332,
,-5012569.519,-103.334,
,-5012569.519,-103.334,
,-5012569.519,-103.335,
,-5012569.519,-103.336,
,-5012569.519,-103.336,
,-5012569.518,-103.336,
,-5012569.518,-103.337,
,-5012569.516,-103.337,
,-5012569.514,-103.337,
,-5012569.514,-103.337,
,-5012569.513,-103.336,
,-5012569.511,-103.336,
,-5012569.510,-103.336,
,-5012569.509,-103.336,
,-5012569.509,-103.336,
,-5012569.508,-103.336,
,-5012569.507,-103.336,
,-5012569.507,-103.337,
,-5012569.506,-103.337,
,-5012569.505,-103.337,
,-5012569.504,-103.337,
,-5012569.504,-103.338,
,-5012569.503,-103.339,
,-5012569.503,-103.339,
,-5012569.503,-103.339,
,-5012569.502,-103.339,
,-5012569.501,-103.340,
,-5012569.500,-103.341,
,-5012569.499,-103.341,
,-5012569.499,-103.341,
,-5012569.498,-103.341,
,-5012569.497,-103.340,
,-5012569.496,-103.339,
,-5012569.495,-103.337,
,-5012569.495,-103.336,
,-5012569.495,-103.335,
,-5012569.494,-103.334,
,-5012569.493,-103.333,
,-5012569.493,-103.332,
,-5012569.493,-103.331,
,-5012569.492,-103.330,
,-5012569.491,-103.331,
,-5012569.490,-103.331,
,-5012569.489,-103.330,
,-5012569.489,-103.330,
,-5012569.489,-103.329,
,-5012569.489,-103.328,
,-5012569.488,-103.326,
,-5012569.487,-103.325,
,-5012569.487,-103.324,
,-5012569.486,-103.323,
,-5012569.486,-103.322,
,-5012569.485,-103.320,
,-5012569.484,-103.318,
,-5012569.483,-103.316,
,-5012569.482,-103.315,
,-5012569.482,-103.313,
,-5012569.480,-103.311,
,-5012569.479,-103.308,
,-5012569.478,-103.309,
,-5012569.477,-103.310,
,-5012569.476,-103.312,
,-5012569.475,-103.313,
,-5012569.475,-103.314,
,-5012569.474,-103.314,
,-5012569.472,-103.320,
,-5012569.469,-103.325,
,-5012569.468,-103.326,
,-5012569.467,-103.327,
,-5012569.466,-103.328,
,-5012569.465,-103.329,
,-5012569.464,-103.331,
,-5012569.462,-103.333,
,-5012569.461,-103.334,
,-5012569.461,-103.334,
,-5012569.460,-103.335,
,-5012569.459,-103.336,
,-5012569.459,-103.336,
,-5012569.458,-103.336,
,-5012569.457,-103.337,
,-5012569.456,-103.337,
,-5012569.456,-103.337,
,-5012569.455,-103.337,
,-5012569.455,-103.338,
,-5012569.454,-103.339,
,-5012569.453,-103.339,
,-5012569.453,-103.339,
,-5012569.453,-103.339,
,-5012569.452,-103.340,
,-5012569.451,-103.340,
,-5012569.450,-103.340,
,-5012569.450,-103.341,
,-5012569.449,-103.341,
,-5012569.449,-103.341,
,-5012569.448,-103.341,
,-5012569.447,-103.342,
,-5012569.447,-103.342,
,-5012569.446,-103.342,
,-5012569.445,-103.342,
,-5012569.445,-103.342,
,-5012569.444,-103.341,
,-5012569.444,-103.340,
,-5012569.444,-103.339,
,-5012569.444,-103.338,
,-5012569.444,-103.336,
,-5012569.444,-103.334,
,-5012569.443,-103.333,
,-5012569.443,-103.330,
,-5012569.443,-103.328,
,-5012569.443,-103.326,
,-5012569.444,-103.325,
,-5012569.444,-103.324,
,-5012569.445,-103.323,
,-5012569.445,-103.323,
,-5012569.446,-103.323,
,-5012569.447,-103.321,
,-5012569.448,-103.319,
,-5012569.448,-103.317,
,-5012569.449,-103.315,
,-5012569.448,-103.313,
,-5012569.448,-103.311,
,-5012569.448,-103.309,
,-5012569.448,-103.308,
,-5012569.448,-103.307,
,-5012569.449,-103.305,
,-5012569.448,-103.304,
,-5012569.448,-103.303,
,-5012569.448,-103.302,
,-5012569.447,-103.300,
,-5012569.447,-103.298,
,-5012569.447,-103.295,
,-5012569.447,-103.295,
,-5012569.447,-103.293,
,-5012569.446,-103.291,
,-5012569.446,-103.290,
,-5012569.445,-103.289,
,-5012569.445,-103.288,
,-5012569.445,-103.287,
,-5012569.446,-103.287,
,-5012569.446,-103.286,
,-5012569.447,-103.286,
,-5012569.448,-103.286,
,-5012569.449,-103.285,
,-5012569.449,-103.284,
,-5012569.450,-103.284,
,-5012569.450,-103.284,
,-5012569.450,-103.282,
,-5012569.450,-103.280,
,-5012569.450,-103.279,
,-5012569.450,-103.278,
,-5012569.450,-103.275,
,-5012569.450,-103.272,
,-5012569.449,-103.271,
,-5012569.449,-103.270,
,-5012569.449,-103.267,
,-5012569.449,-103.263,
,-5012569.448,-103.263,
,-5012569.448,-103.262,
,-5012569.447,-103.262,
,-5012569.446,-103.262,
,-5012569.445,-103.263,
,-5012569.445,-103.263,
,-5012569.444,-103.262,
,-5012569.444,-103.258,
,-5012569.444,-103.253,
,-5012569.444,-103.252,
,-5012569.444,-103.251,
,-5012569.443,-103.244,
,-5012569.443,-103.237,
,-5012569.443,-103.236,
,-5012569.444,-103.235,
,-5012569.444,-103.235,
,-5012569.444,-103.234,
,-5012569.444,-103.232,
,-5012569.445,-103.230,
,-5012569.444,-103.229,
,-5012569.444,-103.228,
,-5012569.444,-103.227,
,-5012569.443,-103.226,
,-5012569.443,-103.225,
,-5012569.442,-103.224,
,-5012569.440,-103.224,
,-5012569.437,-103.225,
,-5012569.437,-103.224,
,-5012569.435,-103.224,
,-5012569.434,-103.224,
,-5012569.433,-103.224,
,-5012569.433,-103.223,
,-5012569.432,-103.223,
,-5012569.431,-103.223,
,-5012569.431,-103.223,
,-5012569.430,-103.223,
,-5012569.429,-103.223,
,-5012569.429,-103.223,
,-5012569.428,-103.222,
,-5012569.427,-103.222,
,-5012569.426,-103.222,
,-5012569.425,-103.222,
,-5012569.424,-103.223,
,-5012569.423,-103.225,
,-5012569.422,-103.225,
,-5012569.422,-103.225,
,-5012569.421,-103.226,
,-5012569.421,-103.226,
,-5012569.420,-103.227,
,-5012569.419,-103.228,
,-5012569.419,-103.229,
,-5012569.419,-103.229,
,-5012569.418,-103.229,
,-5012569.418,-103.229,
,-5012569.417,-103.229,
,-5012569.417,-103.229,
,-5012569.413,-103.229,
,-5012569.410,-103.229,
,-5012569.409,-103.228,
,-5012569.408,-103.228,
,-5012569.407,-103.226,
,-5012569.407,-103.225,
,-5012569.406,-103.224,
,-5012569.405,-103.223,
,-5012569.404,-103.223,
,-5012569.404,-103.223,
,-5012569.404,-103.222,
,-5012569.404,-103.221,
,-5012569.405,-103.220,
,-5012569.405,-103.219,
,-5012569.405,-103.218,
,-5012569.405,-103.216,
,-5012569.405,-103.215,
,-5012569.405,-103.215,
,-5012569.404,-103.214,
,-5012569.403,-103.213,
,-5012569.403,-103.213,
,-5012569.402,-103.213,
,-5012569.402,-103.212,
,-5012569.401,-103.210,
,-5012569.400,-103.210,
,-5012569.399,-103.209,
,-5012569.399,-103.208,
,-5012569.398,-103.208,
,-5012569.395,-103.208,
,-5012569.393,-103.208,
,-5012569.391,-103.207,
,-5012569.390,-103.207,
,-5012569.389,-103.204,
,-5012569.388,-103.202,
,-5012569.388,-103.202,
,-5012569.387,-103.202,
,-5012569.387,-103.202,
,-5012569.386,-103.202,
,-5012569.386,-103.202,
,-5012569.386,-103.203,
,-5012569.385,-103.203,
,-5012569.385,-103.203,
,-5012569.384,-103.202,
,-5012569.384,-103.201,
,-5012569.384,-103.200,
,-5012569.383,-103.197,
,-5012569.382,-103.195,
,-5012569.380,-103.193,
,-5012569.379,-103.190,
,-5012569.379,-103.189,
,-5012569.379,-103.188,
,-5012569.378,-103.186,
,-5012569.377,-103.185,
,-5012569.377,-103.184,
,-5012569.376,-103.183,
,-5012569.376,-103.182,
,-5012569.375,-103.180,
,-5012569.375,-103.180,
,-5012569.374,-103.179,
,-5012569.374,-103.177,
,-5012569.373,-103.175,
,-5012569.374,-103.174,
,-5012569.374,-103.173,
,-5012569.375,-103.171,
,-5012569.376,-103.169,
,-5012569.376,-103.168,
,-5012569.377,-103.168,
,-5012569.376,-103.167,
,-5012569.376,-103.166,
,-5012569.375,-103.165,
,-5012569.375,-103.163,
,-5012569.374,-103.163,
,-5012569.374,-103.162,
,-5012569.374,-103.161,
,-5012569.374,-103.161,
,-5012569.373,-103.160,
,-5012569.373,-103.159,
,-5012569.372,-103.158,
,-5012569.372,-103.157,
,-5012569.372,-103.156,
,-5012569.371,-103.156,
,-5012569.371,-103.154,
,-5012569.371,-103.153,
,-5012569.370,-103.153,
,-5012569.370,-103.152,
,-5012569.370,-103.151,
,-5012569.369,-103.149,
,-5012569.368,-103.147,
,-5012569.368,-103.146,
,-5012569.368,-103.145,
,-5012569.368,-103.144,
,-5012569.367,-103.142,
,-5012569.367,-103.142,
,-5012569.367,-103.141,
,-5012569.366,-103.140,
,-5012569.366,-103.139,
,-5012569.366,-103.138,
,-5012569.365,-103.137,
,-5012569.365,-103.135,
,-5012569.364,-103.133,
,-5012569.363,-103.132,
,-5012569.363,-103.132,
,-5012569.362,-103.130,
,-5012569.362,-103.128,
,-5012569.361,-103.127,
,-5012569.361,-103.127,
,-5012569.361,-103.126,
,-5012569.360,-103.125,
,-5012569.360,-103.124,
,-5012569.359,-103.124,
,-5012569.359,-103.124,
,-5012569.359,-103.124,
,-5012569.358,-103.123,
,-5012569.358,-103.122,
,-5012569.357,-103.122,
,-5012569.357,-103.122,
,-5012569.356,-103.122,
,-5012569.353,-103.122,
,-5012569.350,-103.122,
,-5012569.349,-103.122,
,-5012569.349,-103.121,
,-5012569.348,-103.121,
,-5012569.348,-103.121,
,-5012569.347,-103.121,
,-5012569.347,-103.121,
,-5012569.346,-103.119,
,-5012569.345,-103.118,
,-5012569.345,-103.116,
,-5012569.344,-103.114,
,-5012569.342,-103.110,
,-5012569.341,-103.106,
,-5012569.340,-103.105,
,-5012569.340,-103.103,
,-5012569.340,-103.102,
,-5012569.340,-103.101,
,-5012569.340,-103.100,
,-5012569.339,-103.099,
,-5012569.339,-103.098,
,-5012569.339,-103.098,
,-5012569.337,-103.092,
,-5012569.336,-103.087,
,-5012569.336,-103.085,
,-5012569.336,-103.082,
,-5012569.336,-103.079,
,-5012569.337,-103.076,
,-5012569.337,-103.075,
,-5012569.337,-103.074,
,-5012569.337,-103.073,
,-5012569.336,-103.073,
,-5012569.336,-103.070,
,-5012569.336,-103.068,
,-5012569.336,-103.067,
,-5012569.336,-103.066,
,-5012569.336,-103.065,
,-5012569.336,-103.065,
,-5012569.335,-103.063,
,-5012569.335,-103.062,
,-5012569.333,-103.065,
,-5012569.331,-103.069,
,-5012569.330,-103.069,
,-5012569.330,-103.069,
,-5012569.329,-103.069,
,-5012569.329,-103.069,
,-5012569.328,-103.068,
,-5012569.327,-103.067,
,-5012569.327,-103.067,
,-5012569.326,-103.067,
,-5012569.325,-103.066,
,-5012569.324,-103.065,
,-5012569.323,-103.065,
,-5012569.323,-103.065,
,-5012569.322,-103.064,
,-5012569.321,-103.063,
,-5012569.320,-103.061,
,-5012569.318,-103.060,
,-5012569.318,-103.059,
,-5012569.317,-103.058,
,-5012569.317,-103.058,
,-5012569.316,-103.058,
,-5012569.315,-103.057,
,-5012569.314,-103.055,
,-5012569.313,-103.054,
,-5012569.313,-103.053,
,-5012569.312,-103.052,
,-5012569.312,-103.051,
,-5012569.311,-103.050,
,-5012569.310,-103.048,
,-5012569.308,-103.047,
,-5012569.307,-103.046,
,-5012569.307,-103.046,
,-5012569.306,-103.046,
,-5012569.304,-103.049,
,-5012569.302,-103.052,
,-5012569.302,-103.053,
,-5012569.302,-103.054,
,-5012569.302,-103.054,
,-5012569.301,-103.054,
,-5012569.301,-103.055,
,-5012569.301,-103.056,
,-5012569.300,-103.057,
,-5012569.299,-103.058,
,-5012569.299,-103.058,
,-5012569.298,-103.058,
,-5012569.298,-103.059,
,-5012569.297,-103.059,
,-5012569.296,-103.059,
,-5012569.296,-103.059,
,-5012569.295,-103.060,
,-5012569.294,-103.061,
,-5012569.294,-103.061,
,-5012569.293,-103.061,
,-5012569.292,-103.063,
,-5012569.292,-103.064,
,-5012569.291,-103.065,
,-5012569.291,-103.066,
,-5012569.291,-103.066,
,-5012569.290,-103.066,
,-5012569.290,-103.066,
,-5012569.290,-103.067,
,-5012569.290,-103.068,
,-5012569.290,-103.069,
,-5012569.289,-103.069,
,-5012569.289,-103.070,
,-5012569.289,-103.072,
,-5012569.289,-103.074,
,-5012569.289,-103.076,
,-5012569.289,-103.077,
,-5012569.289,-103.078,
,-5012569.287,-103.078,
,-5012569.285,-103.078,
,-5012569.285,-103.077,
,-5012569.284,-103.077,
,-5012569.282,-103.077,
,-5012569.280,-103.077,
,-5012569.280,-103.077,
,-5012569.279,-103.076,
,-5012569.279,-103.074,
,-5012569.279,-103.072,
,-5012569.278,-103.071,
,-5012569.278,-103.071,
,-5012569.278,-103.070,
,-5012569.278,-103.069,
,-5012569.278,-103.068,
,-5012569.278,-103.066,
,-5012569.277,-103.066,
,-5012569.277,-103.064,
,-5012569.277,-103.063,
,-5012569.277,-103.062,
,-5012569.277,-103.061,
,-5012569.277,-103.060,
,-5012569.276,-103.059,
,-5012569.276,-103.058,
,-5012569.276,-103.058,
,-5012569.276,-103.057,
,-5012569.276,-103.056,
,-5012569.276,-103.055,
,-5012569.274,-103.054,
,-5012569.273,-103.053,
,-5012569.271,-103.053,
,-5012569.270,-103.053,
,-5012569.270,-103.052,
,-5012569.269,-103.052,
,-5012569.268,-103.052,
,-5012569.268,-103.051,
,-5012569.267,-103.051,
,-5012569.267,-103.051,
,-5012569.267,-103.051,
,-5012569.266,-103.051,
,-5012569.266,-103.051,
,-5012569.263,-103.049,
,-5012569.260,-103.047,
,-5012569.260,-103.047,
,-5012569.260,-103.047,
,-5012569.259,-103.046,
,-5012569.259,-103.045,
,-5012569.258,-103.045,
,-5012569.258,-103.045,
,-5012569.257,-103.045,
,-5012569.257,-103.045,
,-5012569.256,-103.045,
,-5012569.256,-103.044,
,-5012569.255,-103.044,
,-5012569.255,-103.044,
,-5012569.254,-103.043,
,-5012569.254,-103.043,
,-5012569.254,-103.043,
,-5012569.253,-103.043,
,-5012569.253,-103.043,
,-5012569.252,-103.043,
,-5012569.251,-103.043,
,-5012569.250,-103.042,
,-5012569.250,-103.042,
,-5012569.249,-103.042,
,-5012569.249,-103.041,
,-5012569.248,-103.041,
,-5012569.247,-103.041,
,-5012569.247,-103.042,
,-5012569.247,-103.042,
,-5012569.247,-103.043,
,-5012569.248,-103.044,
,-5012569.249,-103.046,
,-5012569.249,-103.048,
,-5012569.249,-103.049,
,-5012569.249,-103.049,
,-5012569.249,-103.051,
,-5012569.248,-103.052,
,-5012569.248,-103.053,
,-5012569.248,-103.054,
,-5012569.248,-103.055,
,-5012569.248,-103.055,
,-5012569.246,-103.054,
,-5012569.244,-103.052,
,-5012569.243,-103.052,
,-5012569.241,-103.051,
,-5012569.241,-103.051,
,-5012569.240,-103.051,
,-5012569.239,-103.051,
,-5012569.239,-103.050,
,-5012569.238,-103.049,
,-5012569.237,-103.049,
,-5012569.237,-103.049,
,-5012569.236,-103.049,
,-5012569.236,-103.049,
,-5012569.235,-103.049,
,-5012569.235,-103.049,
,-5012569.234,-103.048,
,-5012569.233,-103.047,
,-5012569.233,-103.047,
,-5012569.232,-103.047,
,-5012569.232,-103.048,
,-5012569.231,-103.051,
,-5012569.231,-103.053,
,-5012569.230,-103.053,
,-5012569.229,-103.053,
,-5012569.229,-103.053,
,-5012569.228,-103.052,
,-5012569.227,-103.051,
,-5012569.225,-103.049,
,-5012569.225,-103.049,
,-5012569.224,-103.049,
,-5012569.223,-103.049,
,-5012569.222,-103.048,
,-5012569.222,-103.048,
,-5012569.221,-103.048,
,-5012569.221,-103.048,
,-5012569.221,-103.047,
,-5012569.219,-103.048,
,-5012569.218,-103.048,
,-5012569.217,-103.049,
,-5012569.216,-103.050,
,-5012569.216,-103.050,
,-5012569.216,-103.050,
,-5012569.215,-103.051,
,-5012569.214,-103.052,
,-5012569.214,-103.054,
,-5012569.214,-103.056,
,-5012569.213,-103.058,
,-5012569.213,-103.061,
,-5012569.212,-103.062,
,-5012569.212,-103.064,
,-5012569.211,-103.065,
,-5012569.211,-103.067,
,-5012569.210,-103.069,
,-5012569.210,-103.070,
,-5012569.210,-103.071,
,-5012569.210,-103.071,
,-5012569.209,-103.071,
,-5012569.208,-103.073,
,-5012569.207,-103.075,
,-5012569.206,-103.076,
,-5012569.205,-103.077,
,-5012569.205,-103.077,
,-5012569.204,-103.077,
,-5012569.203,-103.078,
,-5012569.202,-103.078,
,-5012569.201,-103.078,
,-5012569.201,-103.079,
,-5012569.200,-103.079,
,-5012569.200,-103.079,
,-5012569.199,-103.080,
,-5012569.198,-103.082,
,-5012569.198,-103.083,
,-5012569.198,-103.085,
,-5012569.197,-103.086,
,-5012569.195,-103.086,
,-5012569.193,-103.086,
,-5012569.193,-103.086,
,-5012569.192,-103.086,
,-5012569.192,-103.085,
,-5012569.192,-103.084,
,-5012569.191,-103.082,
,-5012569.190,-103.079,
,-5012569.190,-103.078,
,-5012569.190,-103.078,
,-5012569.190,-103.077,
,-5012569.189,-103.075,
,-5012569.189,-103.075,
,-5012569.189,-103.074,
,-5012569.188,-103.072,
,-5012569.187,-103.070,
,-5012569.186,-103.067,
,-5012569.184,-103.064,
,-5012569.184,-103.064,
,-5012569.183,-103.064,
,-5012569.183,-103.063,
,-5012569.179,-103.063,
,-5012569.176,-103.064,
,-5012569.176,-103.063,
,-5012569.173,-103.063,
,-5012569.170,-103.063,
,-5012569.169,-103.064,
,-5012569.168,-103.064,
,-5012569.166,-103.064,
,-5012569.166,-103.064,
,-5012569.165,-103.064,
,-5012569.165,-103.063,
,-5012569.163,-103.064,
,-5012569.162,-103.064,
,-5012569.162,-103.063,
,-5012569.162,-103.062,
,-5012569.162,-103.061,
,-5012569.162,-103.059,
,-5012569.162,-103.056,
,-5012569.162,-103.050,
,-5012569.162,-103.044,
,-5012569.161,-103.044,
,-5012569.160,-103.044,
,-5012569.159,-103.044,
,-5012569.158,-103.043,
,-5012569.157,-103.043,
,-5012569.156,-103.043,
,-5012569.156,-103.044,
,-5012569.155,-103.044,
,-5012569.155,-103.045,
,-5012569.154,-103.046,
,-5012569.154,-103.047,
,-5012569.153,-103.049,
,-5012569.153,-103.050,
,-5012569.152,-103.051,
,-5012569.152,-103.052,
,-5012569.152,-103.052,
,-5012569.151,-103.053,
,-5012569.150,-103.054,
,-5012569.150,-103.054,
,-5012569.149,-103.054,
,-5012569.149,-103.053,
,-5012569.148,-103.053,
,-5012569.148,-103.053,
,-5012569.147,-103.053,
,-5012569.146,-103.052,
,-5012569.145,-103.052,
,-5012569.143,-103.052,
,-5012569.142,-103.052,
,-5012569.142,-103.053,
,-5012569.141,-103.053,
,-5012569.140,-103.054,
,-5012569.140,-103.055,
,-5012569.140,-103.056,
,-5012569.140,-103.057,
,-5012569.140,-103.057,
,-5012569.139,-103.058,
,-5012569.139,-103.059,
,-5012569.139,-103.060,
,-5012569.138,-103.059,
,-5012569.137,-103.058,
,-5012569.136,-103.056,
,-5012569.135,-103.055,
,-5012569.135,-103.054,
,-5012569.134,-103.054,
,-5012569.132,-103.054,
,-5012569.131,-103.054,
,-5012569.131,-103.053,
,-5012569.130,-103.053,
,-5012569.130,-103.054,
,-5012569.129,-103.053,
,-5012569.129,-103.053,
,-5012569.128,-103.053,
,-5012569.128,-103.052,
,-5012569.127,-103.051,
,-5012569.126,-103.050,
,-5012569.124,-103.048,
,-5012569.124,-103.048,
,-5012569.123,-103.048,
,-5012569.123,-103.050,
,-5012569.123,-103.052,
,-5012569.122,-103.054,
,-5012569.121,-103.055,
,-5012569.121,-103.055,
,-5012569.120,-103.056,
,-5012569.118,-103.054,
,-5012569.117,-103.053,
,-5012569.115,-103.050,
,-5012569.113,-103.046,
,-5012569.112,-103.046,
,-5012569.112,-103.046,
,-5012569.110,-103.048,
,-5012569.109,-103.049,
,-5012569.109,-103.048,
,-5012569.108,-103.047,
,-5012569.108,-103.047,
,-5012569.107,-103.047,
,-5012569.107,-103.046,
,-5012569.107,-103.045,
,-5012569.108,-103.044,
,-5012569.109,-103.043,
,-5012569.109,-103.042,
,-5012569.110,-103.041,
,-5012569.109,-103.040,
,-5012569.108,-103.039,
,-5012569.108,-103.038,
,-5012569.108,-103.038,
,-5012569.108,-103.037,
,-5012569.108,-103.036,
,-5012569.107,-103.037,
,-5012569.106,-103.037,
,-5012569.105,-103.039,
,-5012569.104,-103.041,
,-5012569.104,-103.042,
,-5012569.103,-103.044,
,-5012569.103,-103.045,
,-5012569.102,-103.045,
,-5012569.102,-103.047,
,-5012569.101,-103.049,
,-5012569.100,-103.050,
,-5012569.100,-103.051,
,-5012569.099,-103.051,
,-5012569.097,-103.052,
,-5012569.097,-103.052,
,-5012569.096,-103.052,
,-5012569.095,-103.052,
,-5012569.094,-103.052,
,-5012569.094,-103.052,
,-5012569.093,-103.052,
,-5012569.092,-103.052,
,-5012569.091,-103.051,
,-5012569.091,-103.051,
,-5012569.090,-103.051,
,-5012569.089,-103.051,
,-5012569.087,-103.050,
,-5012569.087,-103.049,
,-5012569.087,-103.048,
,-5012569.088,-103.047,
,-5012569.088,-103.046,
,-5012569.089,-103.045,
,-5012569.090,-103.043,
,-5012569.091,-103.042,
,-5012569.092,-103.041,
,-5012569.093,-103.040,
,-5012569.094,-103.038,
,-5012569.093,-103.038,
,-5012569.093,-103.037,
,-5012569.093,-103.036,
,-5012569.093,-103.035,
,-5012569.093,-103.034,
,-5012569.093,-103.033,
,-5012569.093,-103.033,
,-5012569.093,-103.032,
,-5012569.094,-103.031,
,-5012569.094,-103.030,
,-5012569.094,-103.030,
,-5012569.093,-103.028,
,-5012569.091,-103.026,
,-5012569.091,-103.024,
,-5012569.090,-103.023,
,-5012569.090,-103.022,
,-5012569.090,-103.022,
,-5012569.091,-103.021,
,-5012569.091,-103.021,
,-5012569.092,-103.020,
,-5012569.092,-103.019,
,-5012569.092,-103.018,
,-5012569.092,-103.018,
,-5012569.091,-103.017,
,-5012569.091,-103.016,
,-5012569.090,-103.015,
,-5012569.089,-103.014,
,-5012569.088,-103.013,
,-5012569.087,-103.012,
,-5012569.087,-103.012,
,-5012569.087,-103.011,
,-5012569.086,-103.011,
,-5012569.085,-103.011,
,-5012569.084,-103.012,
,-5012569.083,-103.013,
,-5012569.083,-103.014,
,-5012569.082,-103.015,
,-5012569.082,-103.016,
,-5012569.082,-103.018,
,-5012569.082,-103.018,
,-5012569.081,-103.019,
,-5012569.081,-103.019,
,-5012569.080,-103.019,
,-5012569.080,-103.019,
,-5012569.079,-103.018,
,-5012569.078,-103.017,
,-5012569.077,-103.016,
,-5012569.077,-103.015,
,-5012569.076,-103.015,
,-5012569.076,-103.015,
,-5012569.076,-103.015,
,-5012569.075,-103.015,
,-5012569.075,-103.014,
,-5012569.074,-103.015,
,-5012569.074,-103.015,
,-5012569.073,-103.015,
,-5012569.072,-103.015,
,-5012569.072,-103.014,
,-5012569.071,-103.014,
,-5012569.069,-103.015,
,-5012569.069,-103.014,
,-5012569.068,-103.014,
,-5012569.066,-103.014,
,-5012569.065,-103.013,
,-5012569.064,-103.013,
,-5012569.064,-103.012,
,-5012569.064,-103.011,
,-5012569.062,-103.009,
,-5012569.060,-103.008,
,-5012569.058,-103.007,
,-5012569.057,-103.006,
,-5012569.057,-103.005,
,-5012569.056,-103.004,
,-5012569.055,-103.004,
,-5012569.055,-103.003,
,-5012569.054,-103.002,
,-5012569.053,-103.001,
,-5012569.052,-103.001,
,-5012569.052,-103.001,
,-5012569.051,-103.000,
,-5012569.050,-102.998,
,-5012569.050,-102.998,
,-5012569.049,-102.997,
,-5012569.048,-102.997,
,-5012569.047,-102.996,
,-5012569.046,-102.998,
,-5012569.045,-102.999,
,-5012569.044,-103.000,
,-5012569.042,-103.000,
,-5012569.041,-102.998,
,-5012569.040,-102.997,
,-5012569.040,-102.996,
,-5012569.040,-102.995,
,-5012569.040,-102.994,
,-5012569.039,-102.992,
,-5012569.038,-102.994,
,-5012569.037,-102.995,
,-5012569.037,-102.994,
,-5012569.036,-102.994,
,-5012569.036,-102.993,
,-5012569.036,-102.993,
,-5012569.036,-102.991,
,-5012569.036,-102.990,
,-5012569.035,-102.990,
,-5012569.035,-102.990,
,-5012569.034,-102.990,
,-5012569.034,-102.990,
,-5012569.033,-102.990,
,-5012569.033,-102.991,
,-5012569.032,-102.992,
,-5012569.031,-102.993,
,-5012569.029,-102.994,
,-5012569.028,-102.995,
,-5012569.027,-102.995,
,-5012569.026,-102.996,
,-5012569.025,-102.996,
,-5012569.023,-102.996,
,-5012569.022,-102.997,
,-5012569.022,-102.997,
,-5012569.021,-102.997,
,-5012569.021,-102.997,
,-5012569.020,-102.997,
,-5012569.020,-102.996,
,-5012569.014,-102.997,
,-5012569.008,-102.997,
,-5012569.007,-102.996,
,-5012569.007,-102.996,
,-5012569.007,-102.995,
,-5012569.008,-102.993,
,-5012569.008,-102.991,
,-5012569.008,-102.990,
,-5012569.008,-102.988,
,-5012569.008,-102.987,
,-5012569.008,-102.987,
,-5012569.008,-102.986,
,-5012569.009,-102.985,
,-5012569.009,-102.984,
,-5012569.009,-102.984,
,-5012569.009,-102.983,
,-5012569.008,-102.982,
,-5012569.007,-102.981,
,-5012569.006,-102.981,
,-5012569.006,-102.981,
,-5012569.006,-102.981,
,-5012569.004,-102.980,
,-5012569.003,-102.979,
,-5012569.002,-102.979,
,-5012569.001,-102.979,
,-5012569.000,-102.979,
,-5012568.999,-102.978,
,-5012568.999,-102.978,
,-5012568.999,-102.978,
,-5012568.998,-102.977,
,-5012568.997,-102.977,
,-5012568.996,-102.976,
,-5012568.995,-102.975,
,-5012568.994,-102.975,
,-5012568.994,-102.975,
,-5012568.993,-102.975,
,-5012568.993,-102.974,
,-5012568.993,-102.973,
,-5012568.994,-102.972,
,-5012568.994,-102.971,
,-5012568.994,-102.970,
,-5012568.994,-102.969,
,-5012568.994,-102.969,
,-5012568.994,-102.968,
,-5012568.995,-102.967,
,-5012568.995,-102.966,
,-5012568.995,-102.965,
,-5012568.995,-102.964,
,-5012568.995,-102.962,
,-5012568.995,-102.961,
,-5012568.993,-102.960,
,-5012568.992,-102.960,
,-5012568.992,-102.959,
,-5012568.991,-102.959,
,-5012568.990,-102.959,
,-5012568.990,-102.959,
,-5012568.989,-102.959,
,-5012568.989,-102.958,
,-5012568.988,-102.958,
,-5012568.988,-102.957,
,-5012568.987,-102.957,
,-5012568.987,-102.957,
,-5012568.986,-102.957,
,-5012568.985,-102.956,
,-5012568.984,-102.956,
,-5012568.983,-102.955,
,-5012568.982,-102.954,
,-5012568.982,-102.955,
,-5012568.982,-102.955,
,-5012568.981,-102.954,
,-5012568.980,-102.953,
,-5012568.981,-102.952,
,-5012568.981,-102.951,
,-5012568.981,-102.950,
,-5012568.981,-102.949,
,-5012568.981,-102.948,
,-5012568.980,-102.946,
,-5012568.980,-102.943,
,-5012568.980,-102.941,
,-5012568.981,-102.940,
,-5012568.981,-102.939,
,-5012568.982,-102.937,
,-5012568.982,-102.936,
,-5012568.983,-102.935,
,-5012568.982,-102.934,
,-5012568.982,-102.933,
,-5012568.982,-102.932,
,-5012568.981,-102.930,
,-5012568.981,-102.929,
,-5012568.980,-102.928,
,-5012568.979,-102.926,
,-5012568.979,-102.925,
,-5012568.979,-102.923,
,-5012568.979,-102.922,
,-5012568.979,-102.920,
,-5012568.979,-102.918,
,-5012568.979,-102.917,
,-5012568.980,-102.916,
,-5012568.980,-102.915,
,-5012568.980,-102.915,
,-5012568.980,-102.914,
,-5012568.980,-102.913,
,-5012568.980,-102.912,
,-5012568.981,-102.912,
,-5012568.981,-102.908,
,-5012568.982,-102.904,
,-5012568.982,-102.903,
,-5012568.983,-102.903,
,-5012568.985,-102.903,
,-5012568.986,-102.903,
,-5012568.987,-102.904,
,-5012568.987,-102.904,
,-5012568.988,-102.904,
,-5012568.989,-102.904,
,-5012568.990,-102.904,
,-5012568.990,-102.903,
,-5012568.991,-102.902,
,-5012568.991,-102.899,
,-5012568.991,-102.897,
,-5012568.992,-102.896,
,-5012568.992,-102.895,
,-5012568.992,-102.893,
,-5012568.992,-102.891,
,-5012568.993,-102.889,
,-5012568.993,-102.886,
,-5012568.993,-102.883,
,-5012568.993,-102.882,
,-5012568.993,-102.881,
,-5012568.993,-102.876,
,-5012568.993,-102.872,
,-5012568.993,-102.871,
,-5012568.993,-102.870,
,-5012568.992,-102.869,
,-5012568.993,-102.869,
,-5012568.993,-102.868,
,-5012568.993,-102.867,
,-5012568.993,-102.866,
,-5012568.993,-102.865,
,-5012568.993,-102.864,
,-5012568.993,-102.863,
,-5012568.993,-102.863,
,-5012568.993,-102.862,
,-5012568.994,-102.861,
,-5012568.994,-102.859,
,-5012568.993,-102.857,
,-5012568.993,-102.856,
,-5012568.993,-102.855,
,-5012568.992,-102.853,
,-5012568.991,-102.851,
,-5012568.990,-102.850,
,-5012568.990,-102.849,
,-5012568.990,-102.848,
,-5012568.989,-102.847,
,-5012568.989,-102.847,
,-5012568.989,-102.846,
,-5012568.989,-102.845,
,-5012568.989,-102.844,
,-5012568.988,-102.843,
,-5012568.987,-102.841,
,-5012568.987,-102.841,
,-5012568.987,-102.840,
,-5012568.986,-102.839,
,-5012568.986,-102.838,
,-5012568.985,-102.835,
,-5012568.984,-102.833,
,-5012568.983,-102.832,
,-5012568.983,-102.831,
,-5012568.983,-102.831,
,-5012568.983,-102.830,
,-5012568.984,-102.829,
,-5012568.984,-102.829,
,-5012568.984,-102.826,
,-5012568.984,-102.824,
,-5012568.984,-102.823,
,-5012568.984,-102.822,
,-5012568.984,-102.822,
,-5012568.984,-102.821,
,-5012568.984,-102.820,
,-5012568.984,-102.819,
,-5012568.984,-102.818,
,-5012568.984,-102.817,
,-5012568.986,-102.817,
,-5012568.988,-102.817,
,-5012568.989,-102.817,
,-5012568.989,-102.816,
,-5012568.990,-102.816,
,-5012568.991,-102.816,
,-5012568.991,-102.815,
,-5012568.992,-102.815,
,-5012568.992,-102.814,
,-5012568.991,-102.813,
,-5012568.991,-102.809,
,-5012568.991,-102.805,
,-5012568.991,-102.804,
,-5012568.992,-102.803,
,-5012568.992,-102.802,
,-5012568.992,-102.800,
,-5012568.992,-102.800,
,-5012568.992,-102.798,
,-5012568.992,-102.797,
,-5012568.991,-102.796,
,-5012568.991,-102.796,
,-5012568.990,-102.796,
,-5012568.989,-102.795,
,-5012568.987,-102.795,
,-5012568.985,-102.796,
,-5012568.985,-102.796,
,-5012568.984,-102.796,
,-5012568.984,-102.796,
,-5012568.983,-102.796,
,-5012568.983,-102.795,
,-5012568.983,-102.794,
,-5012568.984,-102.793,
,-5012568.984,-102.793,
,-5012568.984,-102.792,
,-5012568.984,-102.791,
,-5012568.984,-102.790,
,-5012568.984,-102.790,
,-5012568.984,-102.789,
,-5012568.983,-102.788,
,-5012568.983,-102.787,
,-5012568.983,-102.787,
,-5012568.981,-102.786,
,-5012568.980,-102.785,
,-5012568.979,-102.785,
,-5012568.978,-102.785,
,-5012568.978,-102.784,
,-5012568.977,-102.783,
,-5012568.976,-102.783,
,-5012568.975,-102.776,
,-5012568.975,-102.770,
,-5012568.975,-102.769,
,-5012568.975,-102.769,
,-5012568.975,-102.767,
,-5012568.975,-102.766,
,-5012568.974,-102.765,
,-5012568.974,-102.764,
,-5012568.974,-102.763,
,-5012568.974,-102.762,
,-5012568.974,-102.761,
,-5012568.974,-102.760,
,-5012568.974,-102.758,
,-5012568.973,-102.757,
,-5012568.973,-102.753,
,-5012568.973,-102.748,
,-5012568.973,-102.747,
,-5012568.973,-102.745,
,-5012568.973,-102.743,
,-5012568.973,-102.742,
,-5012568.973,-102.742,
,-5012568.974,-102.742,
,-5012568.974,-102.742,
,-5012568.975,-102.743,
,-5012568.976,-102.744,
,-5012568.977,-102.745,
,-5012568.978,-102.746,
,-5012568.979,-102.747,
,-5012568.979,-102.748,
,-5012568.980,-102.748,
,-5012568.980,-102.749,
,-5012568.981,-102.749,
,-5012568.982,-102.750,
,-5012568.982,-102.750,
,-5012568.983,-102.750,
,-5012568.984,-102.750,
,-5012568.984,-102.750,
,-5012568.984,-102.749,
,-5012568.984,-102.747,
,-5012568.984,-102.745,
,-5012568.984,-102.744,
,-5012568.984,-102.744,
,-5012568.984,-102.743,
,-5012568.984,-102.742,
,-5012568.983,-102.741,
,-5012568.983,-102.740,
,-5012568.982,-102.739,
,-5012568.982,-102.738,
,-5012568.982,-102.737,
,-5012568.981,-102.736,
,-5012568.981,-102.734,
,-5012568.981,-102.733,
,-5012568.980,-102.732,
,-5012568.980,-102.731,
,-5012568.981,-102.730,
,-5012568.980,-102.729,
,-5012568.980,-102.728,
,-5012568.980,-102.727,
,-5012568.981,-102.727,
,-5012568.981,-102.726,
,-5012568.981,-102.725,
,-5012568.981,-102.723,
,-5012568.982,-102.720,
,-5012568.982,-102.719,
,-5012568.983,-102.718,
,-5012568.984,-102.718,
,-5012568.985,-102.718,
,-5012568.985,-102.717,
,-5012568.985,-102.716,
,-5012568.984,-102.715,
,-5012568.984,-102.715,
,-5012568.984,-102.714,
,-5012568.984,-102.713,
,-5012568.984,-102.712,
,-5012568.984,-102.712,
,-5012568.984,-102.711,
,-5012568.985,-102.710,
,-5012568.986,-102.709,
,-5012568.986,-102.708,
,-5012568.987,-102.708,
,-5012568.988,-102.707,
,-5012568.988,-102.706,
,-5012568.988,-102.706,
,-5012568.988,-102.705,
,-5012568.988,-102.700,
,-5012568.988,-102.695,
,-5012568.988,-102.694,
,-5012568.987,-102.694,
,-5012568.987,-102.692,
,-5012568.987,-102.690,
,-5012568.987,-102.689,
,-5012568.987,-102.689,
,-5012568.987,-102.688,
,-5012568.987,-102.687,
,-5012568.987,-102.684,
,-5012568.987,-102.681,
,-5012568.988,-102.680,
,-5012568.988,-102.679,
,-5012568.988,-102.678,
,-5012568.988,-102.678,
,-5012568.989,-102.678,
,-5012568.989,-102.677,
,-5012568.990,-102.678,
,-5012568.992,-102.679,
,-5012568.993,-102.680,
,-5012568.994,-102.682,
,-5012568.994,-102.682,
,-5012568.995,-102.682,
,-5012568.996,-102.683,
,-5012568.997,-102.684,
,-5012568.998,-102.684,
,-5012568.999,-102.684,
,-5012568.999,-102.684,
,-5012569.000,-102.683,
,-5012568.999,-102.681,
,-5012568.999,-102.679,
,-5012568.998,-102.678,
,-5012568.998,-102.678,
,-5012568.997,-102.676,
,-5012568.997,-102.674,
,-5012568.998,-102.673,
,-5012568.998,-102.672,
,-5012568.998,-102.671,
,-5012568.998,-102.670,
,-5012568.999,-102.669,
,-5012568.999,-102.667,
,-5012569.000,-102.665,
,-5012569.000,-102.658,
,-5012568.999,-102.651,
,-5012568.999,-102.649,
,-5012568.998,-102.648,
,-5012568.998,-102.647,
,-5012568.998,-102.647,
,-5012568.998,-102.646,
,-5012568.998,-102.644,
,-5012568.998,-102.643,
,-5012568.999,-102.641,
,-5012568.999,-102.639,
,-5012568.999,-102.638,
,-5012568.999,-102.638,
,-5012569.000,-102.636,
,-5012569.001,-102.635,
,-5012569.001,-102.634,
,-5012569.001,-102.633,
,-5012569.001,-102.632,
,-5012569.002,-102.631,
,-5012569.002,-102.631,
,-5012569.003,-102.631,
,-5012569.003,-102.631,
,-5012569.004,-102.632,
,-5012569.005,-102.634,
,-5012569.005,-102.635,
,-5012569.007,-102.637,
,-5012569.008,-102.639,
,-5012569.008,-102.639,
,-5012569.009,-102.639,
,-5012569.009,-102.638,
,-5012569.010,-102.638,
,-5012569.010,-102.636,
,-5012569.010,-102.635,
,-5012569.010,-102.634,
,-5012569.010,-102.632,
,-5012569.010,-102.630,
,-5012569.011,-102.630,
,-5012569.010,-102.629,
,-5012569.010,-102.627,
,-5012569.010,-102.624,
,-5012569.010,-102.624,
,-5012569.010,-102.623,
,-5012569.011,-102.621,
,-5012569.012,-102.620,
,-5012569.013,-102.618,
,-5012569.014,-102.615,
,-5012569.014,-102.614,
,-5012569.014,-102.612,
,-5012569.013,-102.611,
,-5012569.013,-102.610,
,-5012569.011,-102.608,
,-5012569.010,-102.607,
,-5012569.010,-102.607,
,-5012569.010,-102.606,
,-5012569.010,-102.605,
,-5012569.011,-102.604,
,-5012569.012,-102.601,
,-5012569.014,-102.598,
,-5012569.013,-102.597,
,-5012569.013,-102.596,
,-5012569.012,-102.595,
,-5012569.011,-102.595,
,-5012569.011,-102.594,
,-5012569.010,-102.593,
,-5012569.009,-102.592,
,-5012569.008,-102.591,
,-5012569.007,-102.589,
,-5012569.006,-102.588,
,-5012569.006,-102.587,
,-5012569.005,-102.587,
,-5012569.004,-102.585,
,-5012569.003,-102.584,
,-5012569.003,-102.584,
,-5012569.002,-102.584,
,-5012569.001,-102.582,
,-5012569.000,-102.580,
,-5012568.998,-102.578,
,-5012568.996,-102.577,
,-5012568.995,-102.575,
,-5012568.994,-102.573,
,-5012568.994,-102.571,
,-5012568.994,-102.570,
,-5012568.995,-102.569,
,-5012568.995,-102.568,
,-5012568.996,-102.568,
,-5012568.997,-102.567,
,-5012568.997,-102.566,
,-5012568.998,-102.566,
,-5012568.999,-102.566,
,-5012569.002,-102.569,
,-5012569.005,-102.571,
,-5012569.005,-102.571,
,-5012569.005,-102.571,
,-5012569.006,-102.572,
,-5012569.006,-102.572,
,-5012569.007,-102.572,
,-5012569.007,-102.573,
,-5012569.008,-102.573,
,-5012569.009,-102.573,
,-5012569.009,-102.572,
,-5012569.010,-102.571,
,-5012569.011,-102.569,
,-5012569.011,-102.567,
,-5012569.012,-102.566,
,-5012569.012,-102.565,
,-5012569.012,-102.563,
,-5012569.011,-102.561,
,-5012569.010,-102.558,
,-5012569.008,-102.556,
,-5012569.008,-102.555,
,-5012569.007,-102.555,
,-5012569.006,-102.554,
,-5012569.006,-102.553,
,-5012569.005,-102.552,
,-5012569.004,-102.552,
,-5012569.003,-102.550,
,-5012569.002,-102.548,
,-5012569.002,-102.544,
,-5012569.002,-102.540,
,-5012569.002,-102.539,
,-5012569.002,-102.538,
,-5012569.002,-102.537,
,-5012569.002,-102.535,
,-5012569.001,-102.534,
,-5012569.001,-102.534,
,-5012569.001,-102.533,
,-5012569.000,-102.531,
,-5012568.999,-102.530,
,-5012569.000,-102.529,
,-5012569.000,-102.528,
,-5012569.000,-102.528,
,-5012569.001,-102.527,
,-5012569.001,-102.526,
,-5012569.001,-102.525,
,-5012569.001,-102.524,
,-5012569.001,-102.523,
,-5012569.003,-102.523,
,-5012569.004,-102.522,
,-5012569.005,-102.521,
,-5012569.006,-102.520,
,-5012569.006,-102.519,
,-5012569.006,-102.519,
,-5012569.006,-102.518,
,-5012569.006,-102.517,
,-5012569.006,-102.516,
,-5012569.007,-102.516,
,-5012569.007,-102.514,
,-5012569.008,-102.513,
,-5012569.008,-102.511,
,-5012569.009,-102.510,
,-5012569.009,-102.509,
,-5012569.009,-102.508,
,-5012569.008,-102.506,
,-5012569.007,-102.503,
,-5012569.007,-102.502,
,-5012569.006,-102.502,
,-5012569.006,-102.501,
,-5012569.006,-102.500,
,-5012569.006,-102.499,
,-5012569.006,-102.497,
,-5012569.007,-102.496,
,-5012569.007,-102.494,
,-5012569.008,-102.493,
,-5012569.008,-102.491,
,-5012569.008,-102.490,
,-5012569.008,-102.483,
,-5012569.008,-102.476,
,-5012569.008,-102.475,
,-5012569.009,-102.475,
,-5012569.008,-102.470,
,-5012569.008,-102.464,
,-5012569.009,-102.464,
,-5012569.009,-102.463,
,-5012569.009,-102.462,
,-5012569.009,-102.461,
,-5012569.009,-102.461,
,-5012569.009,-102.460,
,-5012569.008,-102.459,
,-5012569.008,-102.458,
,-5012569.008,-102.458,
,-5012569.008,-102.457,
,-5012569.008,-102.456,
,-5012569.008,-102.455,
,-5012569.007,-102.454,
,-5012569.007,-102.452,
,-5012569.007,-102.450,
,-5012569.007,-102.449,
,-5012569.006,-102.445,
,-5012569.005,-102.441,
,-5012569.005,-102.440,
,-5012569.005,-102.439,
,-5012569.005,-102.439,
,-5012569.005,-102.436,
,-5012569.005,-102.433,
,-5012569.005,-102.433,
,-5012569.006,-102.433,
,-5012569.006,-102.433,
,-5012569.007,-102.432,
,-5012569.007,-102.432,
,-5012569.007,-102.430,
,-5012569.007,-102.428,
,-5012569.007,-102.425,
,-5012569.007,-102.421,
,-5012569.008,-102.421,
,-5012569.008,-102.419,
,-5012569.008,-102.418,
,-5012569.008,-102.417,
,-5012569.008,-102.413,
,-5012569.008,-102.409,
,-5012569.008,-102.408,
,-5012569.008,-102.407,
,-5012569.008,-102.406,
,-5012569.009,-102.405,
,-5012569.009,-102.404,
,-5012569.009,-102.404,
,-5012569.009,-102.403,
,-5012569.009,-102.402,
,-5012569.009,-102.401,
,-5012569.009,-102.401,
,-5012569.009,-102.400,
,-5012569.010,-102.399,
,-5012569.010,-102.398,
,-5012569.010,-102.396,
,-5012569.010,-102.395,
,-5012569.010,-102.389,
,-5012569.010,-102.383,
,-5012569.010,-102.380,
,-5012569.011,-102.378,
,-5012569.011,-102.377,
,-5012569.011,-102.375,
,-5012569.010,-102.375,
,-5012569.010,-102.374,
,-5012569.009,-102.373,
,-5012569.008,-102.372,
,-5012569.008,-102.372,
,-5012569.007,-102.371,
,-5012569.007,-102.370,
,-5012569.007,-102.369,
,-5012569.007,-102.369,
,-5012569.007,-102.368,
,-5012569.007,-102.367,
,-5012569.007,-102.366,
,-5012569.008,-102.366,
,-5012569.008,-102.365,
,-5012569.009,-102.365,
,-5012569.009,-102.365,
,-5012569.010,-102.364,
,-5012569.011,-102.363,
,-5012569.011,-102.363,
,-5012569.012,-102.363,
,-5012569.013,-102.363,
,-5012569.013,-102.362,
,-5012569.014,-102.362,
,-5012569.015,-102.362,
,-5012569.017,-102.359,
,-5012569.020,-102.357,
,-5012569.020,-102.357,
,-5012569.021,-102.357,
,-5012569.021,-102.356,
,-5012569.022,-102.356,
,-5012569.022,-102.356,
,-5012569.023,-102.355,
,-5012569.024,-102.355,
,-5012569.024,-102.355,
,-5012569.025,-102.355,
,-5012569.026,-102.354,
,-5012569.026,-102.352,
,-5012569.027,-102.352,
,-5012569.028,-102.352,
,-5012569.028,-102.352,
,-5012569.028,-102.350,
,-5012569.027,-102.348,
,-5012569.026,-102.348,
,-5012569.026,-102.347,
,-5012569.025,-102.347,
,-5012569.025,-102.347,
,-5012569.024,-102.347,
,-5012569.024,-102.346,
,-5012569.023,-102.345,
,-5012569.022,-102.345,
,-5012569.021,-102.343,
,-5012569.019,-102.341,
,-5012569.019,-102.339,
,-5012569.018,-102.337,
,-5012569.018,-102.336,
,-5012569.018,-102.335,
,-5012569.018,-102.334,
,-5012569.017,-102.333,
,-5012569.017,-102.331,
,-5012569.017,-102.329,
,-5012569.017,-102.328,
,-5012569.017,-102.327,
,-5012569.016,-102.326,
,-5012569.015,-102.324,
,-5012569.014,-102.322,
,-5012569.014,-102.322,
,-5012569.014,-102.321,
,-5012569.014,-102.320,
,-5012569.013,-102.318,
,-5012569.013,-102.317,
,-5012569.013,-102.314,
,-5012569.013,-102.311,
,-5012569.014,-102.309,
,-5012569.015,-102.308,
,-5012569.016,-102.307,
,-5012569.017,-102.306,
,-5012569.016,-102.304,
,-5012569.015,-102.302,
,-5012569.017,-102.302,
,-5012569.018,-102.302,
,-5012569.019,-102.301,
,-5012569.019,-102.300,
,-5012569.019,-102.299,
,-5012569.019,-102.299,
,-5012569.020,-102.297,
,-5012569.020,-102.296,
,-5012569.023,-102.294,
,-5012569.026,-102.292,
,-5012569.026,-102.292,
,-5012569.027,-102.292,
,-5012569.028,-102.292,
,-5012569.029,-102.292,
,-5012569.029,-102.293,
,-5012569.030,-102.293,
,-5012569.032,-102.293,
,-5012569.032,-102.292,
,-5012569.033,-102.292,
,-5012569.034,-102.292,
,-5012569.034,-102.291,
,-5012569.035,-102.291,
,-5012569.036,-102.291,
,-5012569.037,-102.290,
,-5012569.038,-102.290,
,-5012569.038,-102.290,
,-5012569.039,-102.290,
,-5012569.039,-102.289,
,-5012569.040,-102.289,
,-5012569.041,-102.289,
,-5012569.042,-102.289,
,-5012569.042,-102.288,
,-5012569.043,-102.288,
,-5012569.044,-102.288,
,-5012569.045,-102.288,
,-5012569.045,-102.287,
,-5012569.047,-102.286,
,-5012569.049,-102.285,
,-5012569.051,-102.285,
,-5012569.054,-102.285,
,-5012569.054,-102.284,
,-5012569.054,-102.284,
,-5012569.056,-102.284,
,-5012569.057,-102.284,
,-5012569.057,-102.283,
,-5012569.058,-102.283,
,-5012569.059,-102.283,
,-5012569.059,-102.283,
,-5012569.059,-102.282,
,-5012569.060,-102.282,
,-5012569.060,-102.281,
,-5012569.060,-102.279,
,-5012569.060,-102.278,
,-5012569.060,-102.277,
,-5012569.060,-102.276,
,-5012569.060,-102.271,
,-5012569.060,-102.266,
,-5012569.061,-102.265,
,-5012569.061,-102.264,
,-5012569.061,-102.264,
,-5012569.061,-102.263,
,-5012569.062,-102.263,
,-5012569.063,-102.263,
,-5012569.064,-102.263,
,-5012569.064,-102.263,
,-5012569.065,-102.264,
,-5012569.065,-102.264,
,-5012569.066,-102.264,
,-5012569.067,-102.264,
,-5012569.068,-102.264,
,-5012569.069,-102.264,
,-5012569.069,-102.265,
,-5012569.070,-102.265,
,-5012569.071,-102.265,
,-5012569.072,-102.265,
,-5012569.072,-102.266,
,-5012569.073,-102.266,
,-5012569.074,-102.266,
,-5012569.075,-102.266,
,-5012569.076,-102.266,
,-5012569.077,-102.266,
,-5012569.079,-102.267,
,-5012569.079,-102.268,
,-5012569.081,-102.267,
,-5012569.083,-102.267,
,-5012569.084,-102.268,
,-5012569.085,-102.268,
,-5012569.087,-102.269,
,-5012569.087,-102.269,
,-5012569.088,-102.269,
,-5012569.090,-102.269,
,-5012569.090,-102.270,
,-5012569.091,-102.270,
,-5012569.091,-102.270,
,-5012569.092,-102.271,
,-5012569.093,-102.271,
,-5012569.094,-102.271,
,-5012569.094,-102.271,
,-5012569.095,-102.271,
,-5012569.096,-102.271,
,-5012569.097,-102.271,
,-5012569.097,-102.272,
,-5012569.099,-102.272,
,-5012569.100,-102.272,
,-5012569.101,-102.272,
,-5012569.101,-102.273,
,-5012569.102,-102.273,
,-5012569.103,-102.273,
,-5012569.103,-102.273,
,-5012569.103,-102.273,
,-5012569.104,-102.273,
,-5012569.104,-102.274,
,-5012569.107,-102.274,
,-5012569.109,-102.274,
,-5012569.109,-102.274,
,-5012569.110,-102.275,
,-5012569.111,-102.275,
,-5012569.111,-102.275,
,-5012569.112,-102.275,
,-5012569.112,-102.275,
,-5012569.113,-102.275,
,-5012569.113,-102.276,
,-5012569.114,-102.276,
,-5012569.115,-102.276,
,-5012569.115,-102.276,
,-5012569.117,-102.276,
,-5012569.118,-102.277,
,-5012569.118,-102.277,
,-5012569.119,-102.277,
,-5012569.120,-102.277,
,-5012569.120,-102.278,
,-5012569.121,-102.278,
,-5012569.122,-102.278,
,-5012569.122,-102.283,
,-5012569.122,-102.288,
,-5012569.122,-102.289,
,-5012569.122,-102.290,
,-5012569.122,-102.290,
,-5012569.122,-102.291,
,-5012569.122,-102.301,
,-5012569.122,-102.311,
,-5012569.122,-102.312,
,-5012569.122,-102.315,
,-5012569.122,-102.318,
,-5012569.123,-102.318,
,-5012569.123,-102.319,
,-5012569.125,-102.319,
,-5012569.126,-102.319,
,-5012569.127,-102.320,
,-5012569.128,-102.320,
,-5012569.128,-102.320,
,-5012569.129,-102.320,
,-5012569.129,-102.320,
,-5012569.132,-102.320,
,-5012569.134,-102.320,
,-5012569.135,-102.321,
,-5012569.136,-102.321,
,-5012569.137,-102.321,
,-5012569.138,-102.322,
,-5012569.139,-102.322,
,-5012569.140,-102.322,
,-5012569.140,-102.321,
,-5012569.141,-102.321,
,-5012569.141,-102.321,
,-5012569.142,-102.321,
,-5012569.142,-102.322,
,-5012569.142,-102.323,
,-5012569.142,-102.325,
,-5012569.142,-102.327,
,-5012569.142,-102.328,
,-5012569.142,-102.329,
,-5012569.142,-102.331,
,-5012569.142,-102.333,
,-5012569.142,-102.334,
,-5012569.143,-102.335,
,-5012569.143,-102.336,
,-5012569.143,-102.337,
,-5012569.143,-102.338,
,-5012569.143,-102.338,
,-5012569.143,-102.340,
,-5012569.143,-102.341,
,-5012569.144,-102.342,
,-5012569.144,-102.344,
,-5012569.144,-102.344,
,-5012569.144,-102.345,
,-5012569.145,-102.346,
,-5012569.146,-102.348,
,-5012569.147,-102.349,
,-5012569.148,-102.349,
,-5012569.148,-102.350,
,-5012569.149,-102.350,
,-5012569.149,-102.350,
,-5012569.150,-102.350,
,-5012569.151,-102.352,
,-5012569.152,-102.354,
,-5012569.152,-102.355,
,-5012569.152,-102.356,
,-5012569.153,-102.357,
,-5012569.154,-102.358,
,-5012569.155,-102.358,
,-5012569.156,-102.359,
,-5012569.157,-102.358,
,-5012569.156,-102.357,
,-5012569.156,-102.356,
,-5012569.156,-102.354,
,-5012569.157,-102.354,
,-5012569.157,-102.354,
,-5012569.158,-102.355,
,-5012569.159,-102.356,
,-5012569.160,-102.356,
,-5012569.162,-102.356,
,-5012569.162,-102.356,
,-5012569.163,-102.355,
,-5012569.163,-102.355,
,-5012569.164,-102.355,
,-5012569.164,-102.355,
,-5012569.165,-102.354,
,-5012569.166,-102.352,
,-5012569.166,-102.352,
,-5012569.167,-102.352,
,-5012569.168,-102.354,
,-5012569.168,-102.355,
,-5012569.168,-102.357,
,-5012569.168,-102.358,
,-5012569.168,-102.359,
,-5012569.169,-102.360,
,-5012569.169,-102.360,
,-5012569.169,-102.361,
,-5012569.169,-102.362,
,-5012569.169,-102.363,
,-5012569.169,-102.363,
,-5012569.170,-102.364,
,-5012569.170,-102.366,
,-5012569.170,-102.367,
,-5012569.170,-102.368,
,-5012569.170,-102.368,
,-5012569.170,-102.369,
,-5012569.170,-102.370,
,-5012569.171,-102.371,
,-5012569.171,-102.371,
,-5012569.171,-102.372,
,-5012569.171,-102.373,
,-5012569.171,-102.375,
,-5012569.171,-102.377,
,-5012569.172,-102.377,
,-5012569.172,-102.378,
,-5012569.172,-102.380,
,-5012569.172,-102.380,
,-5012569.172,-102.383,
,-5012569.173,-102.385,
,-5012569.173,-102.386,
,-5012569.173,-102.388,
,-5012569.173,-102.389,
,-5012569.174,-102.390,
,-5012569.174,-102.391,
,-5012569.174,-102.390,
,-5012569.175,-102.390,
,-5012569.175,-102.390,
,-5012569.176,-102.390,
,-5012569.176,-102.389,
,-5012569.177,-102.389,
,-5012569.178,-102.389,
,-5012569.179,-102.388,
,-5012569.180,-102.387,
,-5012569.180,-102.387,
,-5012569.181,-102.387,
,-5012569.181,-102.387,
,-5012569.182,-102.386,
,-5012569.182,-102.386,
,-5012569.183,-102.386,
,-5012569.183,-102.385,
,-5012569.184,-102.385,
,-5012569.185,-102.385,
,-5012569.185,-102.384,
,-5012569.186,-102.383,
,-5012569.186,-102.383,
,-5012569.187,-102.383,
,-5012569.187,-102.383,
,-5012569.188,-102.382,
,-5012569.189,-102.382,
,-5012569.189,-102.382,
,-5012569.190,-102.381,
,-5012569.191,-102.380,
,-5012569.191,-102.380,
,-5012569.192,-102.380,
,-5012569.192,-102.380,
,-5012569.193,-102.379,
,-5012569.194,-102.379,
,-5012569.196,-102.379,
,-5012569.197,-102.379,
,-5012569.197,-102.378,
,-5012569.197,-102.377,
,-5012569.198,-102.376,
,-5012569.198,-102.376,
,-5012569.199,-102.375,
,-5012569.199,-102.373,
,-5012569.199,-102.370,
,-5012569.199,-102.370,
,-5012569.199,-102.369,
,-5012569.201,-102.367,
,-5012569.202,-102.364,
,-5012569.202,-102.364,
,-5012569.202,-102.363,
,-5012569.203,-102.362,
,-5012569.203,-102.361,
,-5012569.203,-102.360,
,-5012569.204,-102.358,
,-5012569.205,-102.356,
,-5012569.206,-102.355,
,-5012569.206,-102.353,
,-5012569.206,-102.351,
,-5012569.205,-102.350,
,-5012569.205,-102.349,
,-5012569.205,-102.348,
,-5012569.205,-102.347,
,-5012569.205,-102.345,
,-5012569.205,-102.342,
,-5012569.205,-102.341,
,-5012569.206,-102.340,
,-5012569.207,-102.339,
,-5012569.208,-102.338,
,-5012569.208,-102.337,
,-5012569.209,-102.336,
,-5012569.210,-102.336,
,-5012569.210,-102.335,
,-5012569.211,-102.334,
,-5012569.212,-102.333,
,-5012569.212,-102.333,
,-5012569.213,-102.333,
,-5012569.214,-102.331,
,-5012569.214,-102.330,
,-5012569.216,-102.328,
,-5012569.217,-102.327,
,-5012569.218,-102.327,
,-5012569.218,-102.327,
,-5012569.220,-102.328,
,-5012569.223,-102.329,
,-5012569.224,-102.329,
,-5012569.225,-102.329,
,-5012569.225,-102.329,
,-5012569.226,-102.330,
,-5012569.226,-102.329,
,-5012569.227,-102.329,
,-5012569.229,-102.328,
,-5012569.230,-102.327,
,-5012569.230,-102.326,
,-5012569.231,-102.326,
,-5012569.230,-102.325,
,-5012569.230,-102.324,
,-5012569.230,-102.323,
,-5012569.230,-102.322,
,-5012569.230,-102.321,
,-5012569.229,-102.320,
,-5012569.229,-102.319,
,-5012569.229,-102.318,
,-5012569.230,-102.316,
,-5012569.231,-102.315,
,-5012569.231,-102.314,
,-5012569.231,-102.313,
,-5012569.229,-102.310,
,-5012569.227,-102.307,
,-5012569.227,-102.306,
,-5012569.227,-102.304,
,-5012569.228,-102.304,
,-5012569.228,-102.304,
,-5012569.229,-102.304,
,-5012569.229,-102.302,
,-5012569.230,-102.301,
,-5012569.231,-102.301,
,-5012569.232,-102.301,
,-5012569.233,-102.299,
,-5012569.234,-102.297,
,-5012569.235,-102.297,
,-5012569.236,-102.296,
,-5012569.236,-102.294,
,-5012569.236,-102.293,
,-5012569.236,-102.292,
,-5012569.236,-102.291,
,-5012569.236,-102.291,
,-5012569.236,-102.290,
,-5012569.237,-102.289,
,-5012569.238,-102.288,
,-5012569.239,-102.288,
,-5012569.240,-102.288,
,-5012569.241,-102.289,
,-5012569.242,-102.290,
,-5012569.243,-102.290,
,-5012569.244,-102.290,
,-5012569.245,-102.289,
,-5012569.246,-102.288,
,-5012569.247,-102.287,
,-5012569.248,-102.285,
,-5012569.250,-102.285,
,-5012569.252,-102.285,
,-5012569.253,-102.286,
,-5012569.254,-102.286,
,-5012569.254,-102.286,
,-5012569.255,-102.286,
,-5012569.255,-102.286,
,-5012569.256,-102.285,
,-5012569.256,-102.283,
,-5012569.256,-102.281,
,-5012569.257,-102.280,
,-5012569.257,-102.280,
,-5012569.257,-102.279,
,-5012569.257,-102.278,
,-5012569.258,-102.276,
,-5012569.259,-102.274,
,-5012569.259,-102.274,
,-5012569.259,-102.273,
,-5012569.259,-102.271,
,-5012569.260,-102.270,
,-5012569.260,-102.269,
,-5012569.260,-102.269,
,-5012569.261,-102.267,
,-5012569.261,-102.266,
,-5012569.262,-102.265,
,-5012569.262,-102.264,
,-5012569.263,-102.262,
,-5012569.264,-102.260,
,-5012569.264,-102.260,
,-5012569.264,-102.259,
,-5012569.264,-102.258,
,-5012569.264,-102.257,
,-5012569.266,-102.257,
,-5012569.267,-102.257,
,-5012569.267,-102.256,
,-5012569.268,-102.255,
,-5012569.267,-102.254,
,-5012569.267,-102.254,
,-5012569.267,-102.253,
,-5012569.267,-102.252,
,-5012569.267,-102.249,
,-5012569.267,-102.246,
,-5012569.267,-102.245,
,-5012569.268,-102.245,
,-5012569.267,-102.239,
,-5012569.267,-102.233,
,-5012569.268,-102.232,
,-5012569.268,-102.231,
,-5012569.267,-102.231,
,-5012569.267,-102.229,
,-5012569.267,-102.227,
,-5012569.267,-102.226,
,-5012569.267,-102.226,
,-5012569.267,-102.223,
,-5012569.267,-102.220,
,-5012569.266,-102.219,
,-5012569.266,-102.218,
,-5012569.267,-102.217,
,-5012569.268,-102.216,
,-5012569.268,-102.215,
,-5012569.268,-102.214,
,-5012569.268,-102.213,
,-5012569.268,-102.212,
,-5012569.268,-102.211,
,-5012569.268,-102.210,
,-5012569.269,-102.209,
,-5012569.269,-102.206,
,-5012569.269,-102.203,
,-5012569.268,-102.200,
,-5012569.267,-102.198,
,-5012569.267,-102.197,
,-5012569.267,-102.195,
,-5012569.267,-102.195,
,-5012569.267,-102.194,
,-5012569.268,-102.193,
,-5012569.269,-102.192,
,-5012569.270,-102.192,
,-5012569.271,-102.192,
,-5012569.271,-102.191,
,-5012569.273,-102.191,
,-5012569.274,-102.191,
,-5012569.274,-102.190,
,-5012569.275,-102.189,
,-5012569.276,-102.189,
,-5012569.276,-102.188,
,-5012569.277,-102.188,
,-5012569.277,-102.188,
,-5012569.278,-102.188,
,-5012569.278,-102.188,
,-5012569.279,-102.187,
,-5012569.280,-102.187,
,-5012569.281,-102.188,
,-5012569.281,-102.189,
,-5012569.281,-102.190,
,-5012569.281,-102.191,
,-5012569.282,-102.191,
,-5012569.283,-102.191,
,-5012569.283,-102.191,
,-5012569.284,-102.190,
,-5012569.284,-102.190,
,-5012569.285,-102.190,
,-5012569.285,-102.190,
,-5012569.287,-102.189,
,-5012569.288,-102.189,
,-5012569.290,-102.188,
,-5012569.292,-102.187,
,-5012569.293,-102.187,
,-5012569.294,-102.187,
,-5012569.295,-102.186,
,-5012569.296,-102.186,
,-5012569.297,-102.185,
,-5012569.298,-102.185,
,-5012569.299,-102.184,
,-5012569.300,-102.183,
,-5012569.300,-102.182,
,-5012569.301,-102.182,
,-5012569.301,-102.181,
,-5012569.301,-102.180,
,-5012569.300,-102.179,
,-5012569.300,-102.176,
,-5012569.300,-102.172,
,-5012569.301,-102.169,
,-5012569.302,-102.167,
,-5012569.302,-102.165,
,-5012569.302,-102.163,
,-5012569.301,-102.162,
,-5012569.301,-102.161,
,-5012569.301,-102.160,
,-5012569.301,-102.159,
,-5012569.300,-102.158,
,-5012569.300,-102.157,
,-5012569.300,-102.156,
,-5012569.301,-102.155,
,-5012569.306,-102.155,
,-5012569.312,-102.155,
,-5012569.313,-102.153,
,-5012569.314,-102.152,
,-5012569.314,-102.151,
,-5012569.314,-102.150,
,-5012569.314,-102.150,
,-5012569.314,-102.148,
,-5012569.314,-102.147,
,-5012569.314,-102.146,
,-5012569.315,-102.146,
,-5012569.315,-102.146,
,-5012569.316,-102.145,
,-5012569.317,-102.145,
,-5012569.318,-102.145,
,-5012569.319,-102.144,
,-5012569.320,-102.144,
,-5012569.322,-102.143,
,-5012569.322,-102.143,
,-5012569.323,-102.143,
,-5012569.324,-102.143,
,-5012569.325,-102.143,
,-5012569.325,-102.142,
,-5012569.327,-102.142,
,-5012569.329,-102.142,
,-5012569.330,-102.141,
,-5012569.330,-102.141,
,-5012569.331,-102.141,
,-5012569.333,-102.141,
,-5012569.333,-102.140,
,-5012569.334,-102.140,
,-5012569.335,-102.140,
,-5012569.336,-102.140,
,-5012569.336,-102.141,
,-5012569.337,-102.141,
,-5012569.339,-102.144,
,-5012569.340,-102.147,
,-5012569.339,-102.149,
,-5012569.338,-102.152,
,-5012569.338,-102.155,
,-5012569.337,-102.158,
,-5012569.337,-102.159,
,-5012569.337,-102.161,
,-5012569.336,-102.161,
,-5012569.336,-102.162,
,-5012569.336,-102.163,
,-5012569.336,-102.164,
,-5012569.336,-102.166,
,-5012569.335,-102.168,
,-5012569.335,-102.169,
,-5012569.335,-102.171,
,-5012569.335,-102.172,
,-5012569.335,-102.173,
,-5012569.335,-102.174,
,-5012569.334,-102.175,
,-5012569.334,-102.176,
,-5012569.334,-102.177,
,-5012569.334,-102.178,
,-5012569.333,-102.180,
,-5012569.332,-102.182,
,-5012569.332,-102.183,
,-5012569.332,-102.184,
,-5012569.332,-102.184,
,-5012569.332,-102.185,
,-5012569.331,-102.187,
,-5012569.331,-102.189,
,-5012569.331,-102.190,
,-5012569.330,-102.191,
,-5012569.330,-102.192,
,-5012569.330,-102.193,
,-5012569.330,-102.194,
,-5012569.330,-102.195,
,-5012569.331,-102.195,
,-5012569.331,-102.196,
,-5012569.332,-102.196,
,-5012569.333,-102.196,
,-5012569.334,-102.197,
,-5012569.334,-102.197,
,-5012569.334,-102.198,
,-5012569.334,-102.199,
,-5012569.335,-102.200,
,-5012569.335,-102.200,
,-5012569.335,-102.200,
,-5012569.336,-102.200,
,-5012569.336,-102.200,
,-5012569.337,-102.200,
,-5012569.337,-102.200,
,-5012569.338,-102.200,
,-5012569.339,-102.202,
,-5012569.340,-102.204,
,-5012569.340,-102.204,
,-5012569.340,-102.205,
,-5012569.342,-102.206,
,-5012569.343,-102.208,
,-5012569.343,-102.209,
,-5012569.344,-102.209,
,-5012569.345,-102.211,
,-5012569.346,-102.213,
,-5012569.347,-102.213,
,-5012569.347,-102.213,
,-5012569.348,-102.212,
,-5012569.348,-102.212,
,-5012569.348,-102.211,
,-5012569.348,-102.210,
,-5012569.349,-102.209,
,-5012569.349,-102.209,
,-5012569.352,-102.209,
,-5012569.354,-102.209,
,-5012569.354,-102.209,
,-5012569.355,-102.209,
,-5012569.357,-102.209,
,-5012569.358,-102.209,
,-5012569.359,-102.209,
,-5012569.359,-102.208,
,-5012569.361,-102.208,
,-5012569.363,-102.208,
,-5012569.364,-102.208,
,-5012569.364,-102.207,
,-5012569.366,-102.207,
,-5012569.368,-102.207,
,-5012569.369,-102.207,
,-5012569.369,-102.206,
,-5012569.370,-102.205,
,-5012569.370,-102.204,
,-5012569.371,-102.204,
,-5012569.372,-102.204,
,-5012569.373,-102.205,
,-5012569.373,-102.205,
,-5012569.374,-102.205,
,-5012569.374,-102.205,
,-5012569.375,-102.206,
,-5012569.376,-102.206,
,-5012569.379,-102.206,
,-5012569.381,-102.206,
,-5012569.382,-102.206,
,-5012569.382,-102.205,
,-5012569.383,-102.205,
,-5012569.383,-102.205,
,-5012569.385,-102.206,
,-5012569.386,-102.206,
,-5012569.386,-102.207,
,-5012569.386,-102.208,
,-5012569.387,-102.209,
,-5012569.387,-102.213,
,-5012569.387,-102.217,
,-5012569.387,-102.218,
,-5012569.386,-102.219,
,-5012569.386,-102.220,
,-5012569.386,-102.221,
,-5012569.386,-102.223,
,-5012569.386,-102.224,
,-5012569.386,-102.225,
,-5012569.387,-102.227,
,-5012569.387,-102.228,
,-5012569.387,-102.229,
,-5012569.387,-102.232,
,-5012569.387,-102.235,
,-5012569.387,-102.235,
,-5012569.387,-102.236,
,-5012569.386,-102.237,
,-5012569.386,-102.238,
,-5012569.384,-102.240,
,-5012569.383,-102.241,
,-5012569.383,-102.241,
,-5012569.382,-102.242,
,-5012569.382,-102.243,
,-5012569.382,-102.244,
,-5012569.383,-102.245,
,-5012569.383,-102.246,
,-5012569.384,-102.247,
,-5012569.384,-102.249,
,-5012569.385,-102.250,
,-5012569.386,-102.252,
,-5012569.387,-102.252,
,-5012569.388,-102.252,
,-5012569.388,-102.252,
,-5012569.389,-102.252,
,-5012569.390,-102.252,
,-5012569.390,-102.253,
,-5012569.391,-102.253,
,-5012569.391,-102.252,
,-5012569.392,-102.252,
,-5012569.393,-102.252,
,-5012569.393,-102.252,
,-5012569.394,-102.253,
,-5012569.394,-102.255,
,-5012569.394,-102.256,
,-5012569.395,-102.260,
,-5012569.395,-102.264,
,-5012569.394,-102.265,
,-5012569.394,-102.265,
,-5012569.394,-102.267,
,-5012569.394,-102.269,
,-5012569.395,-102.270,
,-5012569.395,-102.270,
,-5012569.395,-102.271,
,-5012569.395,-102.272,
,-5012569.395,-102.273,
,-5012569.396,-102.273,
,-5012569.397,-102.274,
,-5012569.398,-102.274,
,-5012569.399,-102.275,
,-5012569.399,-102.275,
,-5012569.400,-102.275,
,-5012569.401,-102.275,
,-5012569.401,-102.276,
,-5012569.402,-102.277,
,-5012569.403,-102.277,
,-5012569.403,-102.277,
,-5012569.405,-102.278,
,-5012569.406,-102.279,
,-5012569.408,-102.278,
,-5012569.410,-102.278,
,-5012569.411,-102.277,
,-5012569.411,-102.277,
,-5012569.412,-102.277,
,-5012569.414,-102.275,
,-5012569.416,-102.273,
,-5012569.416,-102.273,
,-5012569.417,-102.273,
,-5012569.417,-102.273,
,-5012569.418,-102.272,
,-5012569.419,-102.272,
,-5012569.419,-102.272,
,-5012569.420,-102.271,
,-5012569.420,-102.271,
,-5012569.421,-102.271,
,-5012569.421,-102.270,
,-5012569.422,-102.270,
,-5012569.423,-102.270,
,-5012569.424,-102.269,
,-5012569.424,-102.268,
,-5012569.424,-102.267,
,-5012569.424,-102.266,
,-5012569.424,-102.266,
,-5012569.425,-102.266,
,-5012569.427,-102.266,
,-5012569.427,-102.265,
,-5012569.428,-102.265,
,-5012569.428,-102.265,
,-5012569.429,-102.265,
,-5012569.430,-102.263,
,-5012569.431,-102.261,
,-5012569.432,-102.259,
,-5012569.433,-102.257,
,-5012569.433,-102.256,
,-5012569.434,-102.255,
,-5012569.435,-102.255,
,-5012569.437,-102.255,
,-5012569.437,-102.256,
,-5012569.438,-102.256,
,-5012569.439,-102.256,
,-5012569.439,-102.256,
,-5012569.439,-102.256,
,-5012569.441,-102.256,
,-5012569.443,-102.256,
,-5012569.443,-102.254,
,-5012569.444,-102.253,
,-5012569.446,-102.250,
,-5012569.447,-102.248,
,-5012569.448,-102.247,
,-5012569.449,-102.245,
,-5012569.449,-102.245,
,-5012569.449,-102.244,
,-5012569.450,-102.243,
,-5012569.450,-102.242,
,-5012569.451,-102.242,
,-5012569.451,-102.241,
,-5012569.451,-102.241,
,-5012569.451,-102.240,
,-5012569.453,-102.238,
,-5012569.454,-102.236,
,-5012569.456,-102.234,
,-5012569.457,-102.233,
,-5012569.458,-102.233,
,-5012569.458,-102.233,
,-5012569.459,-102.232,
,-5012569.460,-102.231,
,-5012569.460,-102.231,
,-5012569.461,-102.231,
,-5012569.461,-102.230,
,-5012569.462,-102.229,
,-5012569.463,-102.228,
,-5012569.464,-102.229,
,-5012569.464,-102.229,
,-5012569.466,-102.229,
,-5012569.467,-102.229,
,-5012569.468,-102.228,
,-5012569.468,-102.227,
,-5012569.469,-102.227,
,-5012569.469,-102.227,
,-5012569.470,-102.226,
,-5012569.470,-102.225,
,-5012569.471,-102.225,
,-5012569.471,-102.225,
,-5012569.472,-102.225,
,-5012569.472,-102.224,
,-5012569.473,-102.224,
,-5012569.473,-102.223,
,-5012569.473,-102.223,
,-5012569.474,-102.223,
,-5012569.475,-102.222,
,-5012569.476,-102.221,
,-5012569.476,-102.220,
,-5012569.477,-102.219,
,-5012569.477,-102.217,
,-5012569.477,-102.214,
,-5012569.476,-102.213,
,-5012569.476,-102.213,
,-5012569.476,-102.211,
,-5012569.476,-102.210,
,-5012569.476,-102.209,
,-5012569.476,-102.208,
,-5012569.477,-102.207,
,-5012569.477,-102.207,
,-5012569.479,-102.207,
,-5012569.481,-102.206,
,-5012569.481,-102.206,
,-5012569.482,-102.206,
,-5012569.482,-102.206,
,-5012569.483,-102.206,
,-5012569.483,-102.206,
,-5012569.484,-102.207,
,-5012569.484,-102.208,
,-5012569.485,-102.209,
,-5012569.485,-102.210,
,-5012569.485,-102.211,
,-5012569.486,-102.211,
,-5012569.486,-102.213,
,-5012569.486,-102.214,
,-5012569.487,-102.216,
,-5012569.488,-102.218,
,-5012569.489,-102.219,
,-5012569.490,-102.220,
,-5012569.490,-102.222,
,-5012569.490,-102.223,
,-5012569.492,-102.225,
,-5012569.493,-102.227,
,-5012569.493,-102.228,
,-5012569.493,-102.230,
,-5012569.495,-102.232,
,-5012569.496,-102.235,
,-5012569.498,-102.237,
,-5012569.501,-102.239,
,-5012569.501,-102.240,
,-5012569.502,-102.240,
,-5012569.502,-102.241,
,-5012569.503,-102.241,
,-5012569.504,-102.242,
,-5012569.505,-102.243,
,-5012569.505,-102.243,
,-5012569.505,-102.243,
,-5012569.507,-102.244,
,-5012569.508,-102.245,
,-5012569.508,-102.245,
,-5012569.509,-102.245,
,-5012569.509,-102.245,
,-5012569.510,-102.246,
,-5012569.513,-102.251,
,-5012569.517,-102.257,
,-5012569.518,-102.259,
,-5012569.519,-102.262,
,-5012569.520,-102.263,
,-5012569.521,-102.265,
,-5012569.521,-102.265,
,-5012569.521,-102.266,
,-5012569.523,-102.268,
,-5012569.525,-102.270,
,-5012569.525,-102.271,
,-5012569.525,-102.272,
,-5012569.526,-102.273,
,-5012569.526,-102.274,
,-5012569.527,-102.274,
,-5012569.527,-102.275,
,-5012569.528,-102.277,
,-5012569.529,-102.277,
,-5012569.530,-102.278,
,-5012569.531,-102.279,
,-5012569.533,-102.280,
,-5012569.534,-102.280,
,-5012569.534,-102.280,
,-5012569.536,-102.281,
,-5012569.537,-102.282,
,-5012569.538,-102.282,
,-5012569.539,-102.281,
,-5012569.540,-102.282,
,-5012569.540,-102.282,
,-5012569.541,-102.282,
,-5012569.541,-102.281,
,-5012569.542,-102.281,
,-5012569.542,-102.281,
,-5012569.543,-102.281,
,-5012569.543,-102.280,
,-5012569.544,-102.280,
,-5012569.545,-102.279,
,-5012569.545,-102.278,
,-5012569.546,-102.278,
,-5012569.547,-102.277,
,-5012569.547,-102.276,
,-5012569.548,-102.275,
,-5012569.548,-102.275,
,-5012569.549,-102.275,
,-5012569.550,-102.271,
,-5012569.552,-102.268,
,-5012569.553,-102.267,
,-5012569.554,-102.266,
,-5012569.554,-102.265,
,-5012569.554,-102.264,
,-5012569.555,-102.263,
,-5012569.556,-102.263,
,-5012569.557,-102.261,
,-5012569.558,-102.260,
,-5012569.559,-102.258,
,-5012569.561,-102.255,
,-5012569.561,-102.254,
,-5012569.561,-102.254,
,-5012569.564,-102.250,
,-5012569.566,-102.246,
,-5012569.566,-102.245,
,-5012569.567,-102.245,
,-5012569.567,-102.243,
,-5012569.568,-102.242,
,-5012569.569,-102.241,
,-5012569.569,-102.239,
,-5012569.569,-102.238,
,-5012569.570,-102.236,
,-5012569.571,-102.234,
,-5012569.572,-102.233,
,-5012569.572,-102.231,
,-5012569.573,-102.230,
,-5012569.573,-102.229,
,-5012569.574,-102.228,
,-5012569.575,-102.226,
,-5012569.575,-102.225,
,-5012569.576,-102.223,
,-5012569.577,-102.221,
,-5012569.579,-102.222,
,-5012569.581,-102.224,
,-5012569.582,-102.224,
,-5012569.582,-102.224,
,-5012569.583,-102.224,
,-5012569.584,-102.224,
,-5012569.584,-102.224,
,-5012569.585,-102.223,
,-5012569.585,-102.223,
,-5012569.586,-102.223,
,-5012569.586,-102.222,
,-5012569.586,-102.222,
,-5012569.587,-102.222,
,-5012569.588,-102.221,
,-5012569.589,-102.220,
,-5012569.589,-102.220,
,-5012569.589,-102.219,
,-5012569.588,-102.218,
,-5012569.587,-102.216,
,-5012569.585,-102.213,
,-5012569.584,-102.210,
,-5012569.583,-102.209,
,-5012569.583,-102.209,
,-5012569.582,-102.208,
,-5012569.582,-102.207,
,-5012569.580,-102.206,
,-5012569.579,-102.205,
,-5012569.578,-102.205,
,-5012569.578,-102.204,
,-5012569.578,-102.204,
,-5012569.577,-102.204,
,-5012569.576,-102.202,
,-5012569.575,-102.200,
,-5012569.574,-102.199,
,-5012569.572,-102.198,
,-5012569.572,-102.198,
,-5012569.571,-102.198,
,-5012569.570,-102.197,
,-5012569.569,-102.195,
,-5012569.569,-102.195,
,-5012569.568,-102.195,
,-5012569.567,-102.194,
,-5012569.565,-102.193,
,-5012569.565,-102.192,
,-5012569.564,-102.191,
,-5012569.563,-102.190,
,-5012569.562,-102.189,
,-5012569.561,-102.188,
,-5012569.560,-102.186,
,-5012569.559,-102.186,
,-5012569.558,-102.185,
,-5012569.558,-102.184,
,-5012569.557,-102.183,
,-5012569.557,-102.183,
,-5012569.556,-102.183,
,-5012569.555,-102.181,
,-5012569.553,-102.180,
,-5012569.553,-102.179,
,-5012569.552,-102.178,
,-5012569.551,-102.177,
,-5012569.549,-102.176,
,-5012569.549,-102.175,
,-5012569.548,-102.174,
,-5012569.547,-102.173,
,-5012569.546,-102.173,
,-5012569.544,-102.170,
,-5012569.542,-102.167,
,-5012569.542,-102.167,
,-5012569.541,-102.167,
,-5012569.541,-102.166,
,-5012569.540,-102.166,
,-5012569.539,-102.165,
,-5012569.538,-102.164,
,-5012569.537,-102.162,
,-5012569.536,-102.161,
,-5012569.536,-102.161,
,-5012569.535,-102.161,
,-5012569.534,-102.160,
,-5012569.533,-102.159,
,-5012569.533,-102.159,
,-5012569.532,-102.159,
,-5012569.532,-102.158,
,-5012569.531,-102.157,
,-5012569.531,-102.156,
,-5012569.530,-102.156,
,-5012569.530,-102.155,
,-5012569.530,-102.154,
,-5012569.530,-102.154,
,-5012569.531,-102.154,
,-5012569.531,-102.153,
,-5012569.533,-102.153,
,-5012569.534,-102.153,
,-5012569.535,-102.153,
,-5012569.535,-102.153,
,-5012569.536,-102.153,
,-5012569.536,-102.153,
,-5012569.536,-102.152,
,-5012569.537,-102.152,
,-5012569.538,-102.152,
,-5012569.539,-102.151,
,-5012569.540,-102.150,
,-5012569.540,-102.150,
,-5012569.541,-102.150,
,-5012569.541,-102.150,
,-5012569.541,-102.149,
,-5012569.542,-102.149,
,-5012569.543,-102.149,
,-5012569.543,-102.149,
,-5012569.544,-102.149,
,-5012569.545,-102.149,
,-5012569.546,-102.149,
,-5012569.546,-102.148,
,-5012569.546,-102.148,
,-5012569.547,-102.148,
,-5012569.547,-102.147,
,-5012569.548,-102.147,
,-5012569.549,-102.147,
,-5012569.552,-102.146,
,-5012569.554,-102.145,
,-5012569.556,-102.145,
,-5012569.557,-102.145,
,-5012569.558,-102.144,
,-5012569.559,-102.143,
,-5012569.559,-102.142,
,-5012569.558,-102.141,
,-5012569.556,-102.137,
,-5012569.554,-102.133,
,-5012569.553,-102.131,
,-5012569.552,-102.129,
,-5012569.552,-102.128,
,-5012569.551,-102.127,
,-5012569.551,-102.126,
,-5012569.551,-102.126,
,-5012569.551,-102.125,
,-5012569.551,-102.123,
,-5012569.551,-102.121,
,-5012569.550,-102.121,
,-5012569.550,-102.117,
,-5012569.549,-102.113,
,-5012569.548,-102.112,
,-5012569.547,-102.111,
,-5012569.546,-102.111,
,-5012569.545,-102.110,
,-5012569.544,-102.110,
,-5012569.544,-102.110,
,-5012569.539,-102.106,
,-5012569.535,-102.103,
,-5012569.534,-102.103,
,-5012569.534,-102.103,
,-5012569.534,-102.102,
,-5012569.533,-102.102,
,-5012569.533,-102.102,
,-5012569.532,-102.101,
,-5012569.532,-102.101,
,-5012569.531,-102.101,
,-5012569.530,-102.101,
,-5012569.529,-102.100,
,-5012569.528,-102.100,
,-5012569.528,-102.100,
,-5012569.527,-102.099,
,-5012569.526,-102.099,
,-5012569.525,-102.099,
,-5012569.524,-102.099,
,-5012569.523,-102.099,
,-5012569.522,-102.098,
,-5012569.522,-102.098,
,-5012569.521,-102.097,
,-5012569.520,-102.096,
,-5012569.519,-102.095,
,-5012569.518,-102.093,
,-5012569.516,-102.092,
,-5012569.515,-102.092,
,-5012569.514,-102.092,
,-5012569.514,-102.091,
,-5012569.513,-102.091,
,-5012569.512,-102.091,
,-5012569.512,-102.090,
,-5012569.511,-102.090,
,-5012569.510,-102.090,
,-5012569.509,-102.090,
,-5012569.509,-102.089,
,-5012569.509,-102.089,
,-5012569.508,-102.089,
,-5012569.508,-102.089,
,-5012569.506,-102.087,
,-5012569.505,-102.085,
,-5012569.504,-102.085,
,-5012569.503,-102.084,

